migration_id,table_name,table_size_mb,table_size_gb,row_count,query_frequency,query_type,migration_type,workload_intensity,estimated_lock_duration,actual_lock_duration,migration_success,lock_risk
MIG-10000,order_payments,52756.48,51.52,12682696,1400,MIXED_OLTP,ADD_COLUMN_DEFAULT,MEDIUM,0.79,1.6,1,0
MIG-10001,order_items,456826.88,446.12,71697143,396,MIXED_OLTP,ADD_INDEX_CONCURRENTLY,LOW,1.47,1.88,1,0
MIG-10002,order_shipments,82042.88,80.12,21364208,706,WRITE_HEAVY,ADD_INDEX_CONCURRENTLY,MEDIUM,0.47,0.7,1,0
MIG-10003,order_payments,46592.0,45.5,11199120,2993,WRITE_HEAVY,ADD_INDEX_LOCKING,HIGH,9.17,112.54,0,1
MIG-10004,orders,58849.28,57.47,7184173,1492,WRITE_HEAVY,ADD_COLUMN_DEFAULT,MEDIUM,0.75,1.63,1,0
MIG-10005,customer_sessions,42690.56,41.69,9530058,116,WRITE_HEAVY,ADD_INDEX_LOCKING,LOW,8.45,7.36,1,0
MIG-10006,order_payments,119357.44,116.56,28691893,525,READ_HEAVY,ADD_COLUMN_DEFAULT,MEDIUM,1.47,1.87,1,0
MIG-10007,order_payments,104591.36,102.14,25142459,3612,ANALYTICAL_BATCH,ADD_INDEX_LOCKING,CRITICAL,12.84,393.83,0,1
MIG-10008,orders,204400.64,199.61,24950806,1293,WRITE_HEAVY,ADD_INDEX_LOCKING,MEDIUM,27.76,30.43,0,1
MIG-10009,order_items,322590.72,315.03,50629986,1097,WRITE_HEAVY,ADD_INDEX_LOCKING,MEDIUM,32.99,46.65,0,1
MIG-10010,order_items,235939.84,230.41,37030589,305,MIXED_OLTP,ADD_COLUMN_DEFAULT,LOW,1.86,2.13,1,0
MIG-10011,customer_sessions,48640.0,47.5,10857615,915,READ_HEAVY,TABLE_REWRITE,MEDIUM,44.27,78.5,0,1
MIG-10012,order_items,220160.0,215.0,34553621,2219,WRITE_HEAVY,ADD_COLUMN_DEFAULT,HIGH,2.17,9.79,1,0
MIG-10013,order_shipments,78663.68,76.82,20486539,2456,WRITE_HEAVY,ADD_INDEX_LOCKING,HIGH,10.0,199.13,0,1
MIG-10014,order_items,216340.48,211.27,33954282,563,ANALYTICAL_BATCH,ADD_COLUMN_DEFAULT,MEDIUM,1.73,2.35,1,0
MIG-10015,orders,113571.84,110.91,13864108,4466,WRITE_HEAVY,ADD_INDEX_CONCURRENTLY,CRITICAL,0.47,5.01,1,0
MIG-10016,order_items,376115.2,367.3,59030127,720,READ_HEAVY,DROP_COLUMN,MEDIUM,1.93,3.05,1,0
MIG-10017,orders,156805.12,153.13,19141168,4969,MIXED_OLTP,ADD_COLUMN_DEFAULT,CRITICAL,1.78,16.86,1,0
MIG-10018,order_shipments,68270.08,66.67,17778346,178,WRITE_HEAVY,ADD_INDEX_CONCURRENTLY,LOW,0.33,0.47,1,0
MIG-10019,order_items,340449.28,332.47,53433012,570,MIXED_OLTP,ADD_COLUMN_DEFAULT,MEDIUM,2.66,4.25,1,0
MIG-10020,order_payments,136785.92,133.58,32880831,4086,WRITE_HEAVY,ADD_INDEX_CONCURRENTLY,CRITICAL,0.67,5.08,1,0
MIG-10021,order_items,548177.92,535.33,86034661,4101,WRITE_HEAVY,TABLE_REWRITE,CRITICAL,242.51,3045.31,0,1
MIG-10022,customer_sessions,71045.12,69.38,15859233,2277,WRITE_HEAVY,DROP_COLUMN,HIGH,0.63,1.94,1,0
MIG-10023,order_shipments,70645.76,68.99,18397557,2790,ANALYTICAL_BATCH,ADD_INDEX_CONCURRENTLY,HIGH,0.33,1.92,1,0
MIG-10024,order_payments,102707.2,100.3,24688227,2549,WRITE_HEAVY,ADD_INDEX_LOCKING,HIGH,14.93,119.33,0,1
MIG-10025,orders,183900.16,179.59,22448364,2044,WRITE_HEAVY,DROP_COLUMN,HIGH,1.22,5.54,1,0
MIG-10026,order_items,339128.32,331.18,53225616,1226,ANALYTICAL_BATCH,ADD_INDEX_LOCKING,MEDIUM,31.31,62.0,0,1
MIG-10027,orders,120391.68,117.57,14696862,1003,WRITE_HEAVY,DROP_COLUMN,MEDIUM,0.88,1.69,1,0
MIG-10028,orders,180090.88,175.87,21984077,1835,MIXED_OLTP,ADD_INDEX_CONCURRENTLY,HIGH,0.72,2.49,1,0
MIG-10029,order_payments,29685.76,28.99,7135316,521,MIXED_OLTP,ADD_INDEX_CONCURRENTLY,MEDIUM,0.23,0.29,1,0
MIG-10030,order_payments,27514.88,26.87,6614745,3009,READ_HEAVY,ADD_INDEX_LOCKING,CRITICAL,4.77,56.1,0,1
MIG-10031,customer_sessions,69273.6,67.65,15463642,724,MIXED_OLTP,ADD_INDEX_LOCKING,MEDIUM,12.58,16.48,1,0
MIG-10032,order_items,138649.6,135.4,21760347,427,MIXED_OLTP,ADD_INDEX_LOCKING,LOW,16.91,24.35,1,0
MIG-10033,order_items,385536.0,376.5,60508407,963,WRITE_HEAVY,ADD_INDEX_CONCURRENTLY,MEDIUM,1.35,1.92,1,0
MIG-10034,order_items,432076.8,421.95,67814008,2177,ANALYTICAL_BATCH,ADD_INDEX_LOCKING,HIGH,38.55,365.63,0,1
MIG-10035,orders,92979.2,90.8,11350623,259,ANALYTICAL_BATCH,ADD_COLUMN_DEFAULT,LOW,1.28,1.67,1,0
MIG-10036,orders,247275.52,241.48,30184732,3639,MIXED_OLTP,DROP_COLUMN,CRITICAL,1.63,12.26,1,0
MIG-10037,order_items,212797.44,207.81,33397757,385,READ_HEAVY,ADD_INDEX_CONCURRENTLY,LOW,0.75,0.7,1,0
MIG-10038,orders,244797.44,239.06,29881904,512,READ_HEAVY,ADD_INDEX_LOCKING,MEDIUM,28.96,37.32,0,1
MIG-10039,order_payments,118036.48,115.27,28374119,2417,READ_HEAVY,TABLE_REWRITE,HIGH,68.52,527.51,0,1
MIG-10040,order_items,238929.92,233.33,37500179,1436,WRITE_HEAVY,ADD_INDEX_CONCURRENTLY,MEDIUM,1.03,1.77,1,0
MIG-10041,order_shipments,30935.04,30.21,8056073,2820,READ_HEAVY,ADD_INDEX_LOCKING,HIGH,5.71,46.85,0,1
MIG-10042,order_payments,64512.0,63.0,15507502,247,READ_HEAVY,DROP_COLUMN,LOW,0.55,0.71,1,0
MIG-10043,order_items,320071.68,312.57,50233995,1354,MIXED_OLTP,ADD_INDEX_CONCURRENTLY,MEDIUM,1.34,1.91,1,0
MIG-10044,order_shipments,38819.84,37.91,10108949,737,WRITE_HEAVY,ADD_INDEX_CONCURRENTLY,MEDIUM,0.31,0.36,1,0
MIG-10045,order_shipments,101283.84,98.91,26376057,3603,READ_HEAVY,ADD_INDEX_LOCKING,CRITICAL,15.83,284.74,0,1
MIG-10046,order_items,233205.76,227.74,36601839,237,READ_HEAVY,ADD_INDEX_CONCURRENTLY,LOW,1.01,1.02,1,0
MIG-10047,orders,232878.08,227.42,28427140,517,READ_HEAVY,ADD_INDEX_CONCURRENTLY,MEDIUM,0.84,1.17,1,0
MIG-10048,order_payments,45690.88,44.62,10982591,1898,ANALYTICAL_BATCH,ALTER_COLUMN_TYPE,HIGH,17.85,185.61,0,1
MIG-10049,orders,265963.52,259.73,32466604,5136,MIXED_OLTP,DROP_COLUMN,CRITICAL,1.46,14.9,1,0
MIG-10050,orders,99031.04,96.71,12089133,2643,WRITE_HEAVY,ADD_INDEX_LOCKING,HIGH,12.49,94.06,0,1
MIG-10051,orders,142417.92,139.08,17385590,1993,WRITE_HEAVY,DROP_COLUMN,HIGH,1.15,2.9,1,0
MIG-10052,order_payments,93542.4,91.35,22486645,812,MIXED_OLTP,ADD_COLUMN_DEFAULT,MEDIUM,0.98,2.12,1,0
MIG-10053,order_payments,41031.68,40.07,9864228,847,READ_HEAVY,ADD_INDEX_LOCKING,MEDIUM,7.4,9.13,1,0
MIG-10054,order_payments,124487.68,121.57,29924417,3297,MIXED_OLTP,ADD_INDEX_CONCURRENTLY,CRITICAL,0.65,4.2,1,0
MIG-10055,order_payments,59535.36,58.14,14310943,3395,WRITE_HEAVY,ADD_COLUMN_DEFAULT,CRITICAL,0.76,5.04,1,0
MIG-10056,order_items,398161.92,388.83,62490862,2989,WRITE_HEAVY,DROP_COLUMN,HIGH,1.9,11.19,1,0
MIG-10057,order_items,398356.48,389.02,62520338,2539,READ_HEAVY,TABLE_REWRITE,HIGH,168.46,1384.28,0,1
MIG-10058,orders,182446.08,178.17,22271297,4693,MIXED_OLTP,ADD_COLUMN_DEFAULT,CRITICAL,1.79,19.55,1,0
MIG-10059,orders,61419.52,59.98,7498121,212,ANALYTICAL_BATCH,TABLE_REWRITE,LOW,52.1,37.83,1,0
MIG-10060,order_payments,46827.52,45.73,11256220,1355,MIXED_OLTP,ADD_INDEX_LOCKING,MEDIUM,9.93,18.1,1,0
MIG-10061,order_items,197877.76,193.24,31056571,3441,READ_HEAVY,ADD_COLUMN_DEFAULT,CRITICAL,1.7,10.99,1,0
MIG-10062,order_items,270571.52,264.23,42466152,1468,MIXED_OLTP,ADD_COLUMN_DEFAULT,MEDIUM,2.94,2.83,1,0
MIG-10063,order_payments,43980.8,42.95,10573527,301,WRITE_HEAVY,ADD_INDEX_CONCURRENTLY,LOW,0.32,0.38,1,0
MIG-10064,order_items,590489.6,576.65,92675626,830,READ_HEAVY,DROP_COLUMN,MEDIUM,3.25,3.09,1,0
MIG-10065,order_items,379422.72,370.53,59549310,2625,ANALYTICAL_BATCH,ADD_INDEX_CONCURRENTLY,HIGH,1.41,3.4,1,0
MIG-10066,order_items,436510.72,426.28,68509586,2125,READ_HEAVY,ADD_COLUMN_DEFAULT,HIGH,3.5,9.93,1,0
MIG-10067,order_items,299182.08,292.17,46956542,1904,ANALYTICAL_BATCH,ADD_INDEX_CONCURRENTLY,HIGH,1.14,4.5,1,0
MIG-10068,orders,110254.08,107.67,13458645,373,WRITE_HEAVY,TABLE_REWRITE,LOW,76.01,80.85,0,1
MIG-10069,order_items,374374.4,365.6,58757350,1222,WRITE_HEAVY,ADD_COLUMN_DEFAULT,MEDIUM,3.19,6.68,1,0
MIG-10070,orders,114247.68,111.57,13946720,341,READ_HEAVY,ADD_COLUMN_DEFAULT,LOW,1.28,1.36,1,0
MIG-10071,order_items,292044.8,285.2,45835319,4154,ANALYTICAL_BATCH,ADD_COLUMN_DEFAULT,CRITICAL,2.32,28.96,1,0
MIG-10072,order_shipments,55982.08,54.67,14579418,231,WRITE_HEAVY,ADD_INDEX_CONCURRENTLY,LOW,0.37,0.5,1,0
MIG-10073,orders,161013.76,157.24,19654809,2105,MIXED_OLTP,ADD_COLUMN_DEFAULT,HIGH,1.61,4.84,1,0
MIG-10074,orders,266864.64,260.61,32576478,1374,WRITE_HEAVY,ADD_INDEX_LOCKING,MEDIUM,27.14,65.06,0,1
MIG-10075,orders,98549.76,96.24,12029709,2039,MIXED_OLTP,DROP_COLUMN,HIGH,0.87,2.11,1,0
MIG-10076,orders,157081.6,153.4,19175356,1467,READ_HEAVY,ADD_COLUMN_DEFAULT,MEDIUM,1.78,4.04,1,0
MIG-10077,order_payments,44533.76,43.49,10705938,1718,WRITE_HEAVY,ALTER_COLUMN_TYPE,HIGH,19.66,122.0,0,1
MIG-10078,order_items,295321.6,288.4,46349937,1744,MIXED_OLTP,ADD_INDEX_CONCURRENTLY,HIGH,1.19,3.22,1,0
MIG-10079,order_payments,112568.32,109.93,27058548,233,MIXED_OLTP,ALTER_COLUMN_TYPE,LOW,37.77,35.07,0,1
MIG-10080,order_payments,47523.84,46.41,11424509,502,READ_HEAVY,ADD_INDEX_CONCURRENTLY,MEDIUM,0.36,0.43,1,0
MIG-10081,order_items,414720.0,405.0,65089455,1379,WRITE_HEAVY,ALTER_COLUMN_TYPE,MEDIUM,85.63,210.56,0,1
MIG-10082,order_shipments,52992.0,51.75,13800742,840,WRITE_HEAVY,TABLE_REWRITE,MEDIUM,34.09,49.46,0,1
MIG-10083,orders,60559.36,59.14,7392647,1653,ANALYTICAL_BATCH,ADD_INDEX_LOCKING,HIGH,10.01,117.08,0,1
MIG-10084,orders,255528.96,249.54,31193031,1118,MIXED_OLTP,ADD_INDEX_CONCURRENTLY,MEDIUM,1.11,1.07,1,0
MIG-10085,orders,140636.16,137.34,17167284,2937,MIXED_OLTP,ADD_COLUMN_DEFAULT,HIGH,1.81,4.25,1,0
MIG-10086,order_payments,120545.28,117.72,28977084,497,MIXED_OLTP,ALTER_COLUMN_TYPE,LOW,37.45,52.18,0,1
MIG-10087,order_items,329543.68,321.82,51721392,1661,MIXED_OLTP,ADD_COLUMN_DEFAULT,HIGH,2.48,9.22,1,0
MIG-10088,orders,256481.28,250.47,31308728,417,WRITE_HEAVY,ADD_COLUMN_DEFAULT,LOW,2.5,2.38,1,0
MIG-10089,order_items,264601.6,258.4,41528097,862,READ_HEAVY,ADD_COLUMN_DEFAULT,MEDIUM,2.15,3.66,1,0
MIG-10090,orders,140328.96,137.04,17130227,1336,MIXED_OLTP,ADD_INDEX_CONCURRENTLY,MEDIUM,0.75,1.47,1,0
MIG-10091,order_payments,117544.96,114.79,28255290,2409,WRITE_HEAVY,ADD_COLUMN_DEFAULT,HIGH,1.58,5.64,1,0
MIG-10092,order_items,292055.04,285.21,45837052,1231,WRITE_HEAVY,ADD_INDEX_CONCURRENTLY,MEDIUM,1.14,2.11,1,0
MIG-10093,order_items,302735.36,295.64,47512922,2756,READ_HEAVY,DROP_COLUMN,HIGH,1.67,5.54,1,0
MIG-10094,order_items,628111.36,613.39,98580677,1395,MIXED_OLTP,ADD_COLUMN_DEFAULT,MEDIUM,4.85,8.1,1,0
MIG-10095,order_items,401438.72,392.03,63004776,3358,MIXED_OLTP,ADD_INDEX_CONCURRENTLY,CRITICAL,1.23,10.1,1,0
MIG-10096,order_items,470476.8,459.45,73839816,2585,WRITE_HEAVY,ADD_INDEX_CONCURRENTLY,HIGH,1.8,7.14,1,0
MIG-10097,orders,191477.76,186.99,23373480,1711,ANALYTICAL_BATCH,TABLE_REWRITE,HIGH,110.63,840.19,0,1
MIG-10098,orders,232273.92,226.83,28353951,2915,WRITE_HEAVY,DROP_COLUMN,HIGH,1.61,5.01,1,0
MIG-10099,customer_sessions,69928.96,68.29,15610281,1128,WRITE_HEAVY,DROP_COLUMN,MEDIUM,0.7,1.19,1,0
MIG-10100,order_shipments,65146.88,63.62,16966332,1788,ANALYTICAL_BATCH,ADD_INDEX_LOCKING,HIGH,11.14,98.36,0,1
MIG-10101,order_payments,61911.04,60.46,14883214,792,MIXED_OLTP,DROP_COLUMN,MEDIUM,0.48,1.19,1,0
MIG-10102,orders,54190.08,52.92,6615606,2843,ANALYTICAL_BATCH,ADD_COLUMN_DEFAULT,HIGH,0.9,2.99,1,0
MIG-10103,customer_sessions,53975.04,52.71,12047406,357,MIXED_OLTP,DROP_COLUMN,LOW,0.63,0.69,1,0
MIG-10104,order_payments,125521.92,122.58,30173502,729,MIXED_OLTP,ADD_INDEX_CONCURRENTLY,MEDIUM,0.68,0.76,1,0
MIG-10105,order_payments,80599.04,78.71,19375546,2730,WRITE_HEAVY,DROP_COLUMN,HIGH,0.8,3.82,1,0
MIG-10106,order_items,199690.24,195.01,31341197,1218,WRITE_HEAVY,ADD_INDEX_CONCURRENTLY,MEDIUM,0.79,1.87,1,0
MIG-10107,orders,112875.52,110.23,13778215,576,ANALYTICAL_BATCH,ALTER_COLUMN_TYPE,MEDIUM,45.49,60.57,0,1
MIG-10108,orders,161955.84,158.16,19769701,783,MIXED_OLTP,ADD_COLUMN_DEFAULT,MEDIUM,1.8,2.77,1,0
MIG-10109,order_shipments,87828.48,85.77,22872314,2766,READ_HEAVY,ADD_INDEX_CONCURRENTLY,HIGH,0.55,1.98,1,0
MIG-10110,order_items,203325.44,198.56,31912004,850,READ_HEAVY,DROP_COLUMN,MEDIUM,1.31,3.33,1,0
MIG-10111,orders,184545.28,180.22,22528046,537,WRITE_HEAVY,ADD_INDEX_CONCURRENTLY,MEDIUM,0.9,0.7,1,0
MIG-10112,order_items,503500.8,491.7,79022857,4509,WRITE_HEAVY,ADD_COLUMN_DEFAULT,CRITICAL,3.56,35.96,0,1
MIG-10113,order_items,597780.48,583.77,93819849,5247,MIXED_OLTP,ALTER_COLUMN_TYPE,CRITICAL,110.65,3091.04,0,1
MIG-10114,orders,74967.04,73.21,9150999,322,WRITE_HEAVY,ADD_INDEX_LOCKING,LOW,11.52,11.9,1,0
MIG-10115,order_shipments,95272.96,93.04,24810059,1475,READ_HEAVY,ADD_INDEX_LOCKING,MEDIUM,12.06,17.79,1,0
MIG-10116,order_payments,98682.88,96.37,23722265,145,ANALYTICAL_BATCH,ADD_COLUMN_DEFAULT,LOW,1.09,1.65,1,0
MIG-10117,order_payments,118476.8,115.7,28481005,4668,READ_HEAVY,ADD_COLUMN_DEFAULT,CRITICAL,1.64,7.54,1,0
MIG-10118,order_items,142438.4,139.1,22355751,1149,READ_HEAVY,ADD_INDEX_CONCURRENTLY,MEDIUM,0.74,0.77,1,0
MIG-10119,order_items,375910.4,367.1,58998000,1484,WRITE_HEAVY,DROP_COLUMN,MEDIUM,1.95,4.35,1,0
MIG-10120,order_items,436029.44,425.81,68433003,1021,WRITE_HEAVY,DROP_COLUMN,MEDIUM,2.59,5.13,1,0
MIG-10121,order_items,273039.36,266.64,42853541,1321,WRITE_HEAVY,ADD_INDEX_CONCURRENTLY,MEDIUM,1.08,2.13,1,0
MIG-10122,orders,144629.76,141.24,17654555,158,WRITE_HEAVY,ADD_INDEX_CONCURRENTLY,LOW,0.69,0.79,1,0
MIG-10123,order_items,400762.88,391.37,62898148,1566,WRITE_HEAVY,ADD_INDEX_CONCURRENTLY,HIGH,1.21,3.61,1,0
MIG-10124,orders,171366.4,167.35,20918794,1216,WRITE_HEAVY,ADD_INDEX_CONCURRENTLY,MEDIUM,0.61,1.93,1,0
MIG-10125,order_items,136294.4,133.1,21390783,503,WRITE_HEAVY,ADD_INDEX_CONCURRENTLY,MEDIUM,0.56,0.61,1,0
MIG-10126,order_items,341504.0,333.5,53598023,2812,WRITE_HEAVY,ADD_COLUMN_DEFAULT,HIGH,3.33,14.13,1,0
MIG-10127,orders,96440.32,94.18,11773090,108,ANALYTICAL_BATCH,ADD_COLUMN_DEFAULT,LOW,1.05,1.6,1,0
MIG-10128,orders,251914.24,246.01,30750767,375,WRITE_HEAVY,ADD_COLUMN_DEFAULT,LOW,2.68,2.25,1,0
MIG-10129,order_items,618700.8,604.2,97102979,951,READ_HEAVY,ADD_INDEX_CONCURRENTLY,MEDIUM,2.02,3.17,1,0
MIG-10130,orders,115425.28,112.72,14090466,2468,MIXED_OLTP,ADD_COLUMN_DEFAULT,HIGH,1.45,4.53,1,0
MIG-10131,customer_sessions,25640.96,25.04,5722669,349,WRITE_HEAVY,ADD_INDEX_LOCKING,LOW,6.11,6.68,1,0
MIG-10132,order_items,227973.12,222.63,35779836,2166,READ_HEAVY,ADD_INDEX_CONCURRENTLY,HIGH,0.81,2.75,1,0
MIG-10133,order_items,361256.96,352.79,56697932,981,MIXED_OLTP,ADD_COLUMN_DEFAULT,MEDIUM,3.06,3.48,1,0
MIG-10134,order_items,566016.0,552.75,88834953,1003,READ_HEAVY,ADD_COLUMN_DEFAULT,MEDIUM,4.14,6.55,1,0
MIG-10135,orders,159754.24,156.01,19500977,1177,WRITE_HEAVY,ADD_INDEX_CONCURRENTLY,MEDIUM,0.73,0.79,1,0
MIG-10136,customer_sessions,17909.76,17.49,3997645,384,MIXED_OLTP,ADD_COLUMN_DEFAULT,LOW,0.43,0.36,1,0
MIG-10137,order_items,135270.4,132.1,21230733,949,MIXED_OLTP,ADD_COLUMN_DEFAULT,MEDIUM,1.31,2.84,1,0
MIG-10138,order_payments,53862.4,52.6,12948859,2028,READ_HEAVY,ADD_COLUMN_DEFAULT,HIGH,0.86,2.14,1,0
MIG-10139,orders,235560.96,230.04,28754824,542,WRITE_HEAVY,ADD_INDEX_LOCKING,MEDIUM,27.61,24.58,1,0
MIG-10140,order_items,435435.52,425.23,68339925,1279,WRITE_HEAVY,ALTER_COLUMN_TYPE,MEDIUM,100.54,236.22,0,1
MIG-10141,order_items,405227.52,395.73,63599586,3565,MIXED_OLTP,ADD_COLUMN_DEFAULT,CRITICAL,3.39,27.25,0,1
MIG-10142,customer_sessions,34918.4,34.1,7793162,273,WRITE_HEAVY,ADD_COLUMN_DEFAULT,LOW,0.58,0.77,1,0
MIG-10143,order_items,594360.32,580.43,93283457,1492,WRITE_HEAVY,TABLE_REWRITE,MEDIUM,214.6,406.68,0,1
MIG-10144,order_items,285603.84,278.91,44825437,1284,READ_HEAVY,ADD_COLUMN_DEFAULT,MEDIUM,2.35,4.8,1,0
MIG-10145,orders,233830.4,228.35,28543499,238,ANALYTICAL_BATCH,TABLE_REWRITE,LOW,110.93,153.89,0,1
MIG-10146,order_items,577064.96,563.54,90568184,4187,WRITE_HEAVY,ADD_INDEX_LOCKING,CRITICAL,41.09,777.37,0,1
MIG-10147,order_items,364134.4,355.6,57150136,3811,WRITE_HEAVY,ADD_INDEX_CONCURRENTLY,CRITICAL,1.22,7.63,1,0
MIG-10148,order_items,576225.28,562.72,90437430,1126,READ_HEAVY,ADD_INDEX_CONCURRENTLY,MEDIUM,1.85,3.07,1,0
MIG-10149,orders,110376.96,107.79,13473688,3381,MIXED_OLTP,ADD_INDEX_CONCURRENTLY,CRITICAL,0.63,2.63,1,0
MIG-10150,order_shipments,73041.92,71.33,19022162,481,READ_HEAVY,ADD_INDEX_LOCKING,LOW,13.6,15.17,1,0
MIG-10151,order_shipments,25733.12,25.13,6700016,5467,MIXED_OLTP,ADD_COLUMN_DEFAULT,CRITICAL,0.44,4.06,1,0
MIG-10152,orders,153978.88,150.37,18796223,1947,WRITE_HEAVY,DROP_COLUMN,HIGH,0.93,2.73,1,0
MIG-10153,order_items,226856.96,221.54,35603875,730,WRITE_HEAVY,ADD_COLUMN_DEFAULT,MEDIUM,2.53,2.43,1,0
MIG-10154,orders,63037.44,61.56,7694608,1039,READ_HEAVY,ALTER_COLUMN_TYPE,MEDIUM,30.07,31.44,0,1
MIG-10155,order_payments,27074.56,26.44,6507294,2470,WRITE_HEAVY,ADD_INDEX_LOCKING,HIGH,5.66,89.32,0,1
MIG-10156,orders,120985.6,118.15,14768307,1143,READ_HEAVY,ADD_INDEX_CONCURRENTLY,MEDIUM,0.63,0.75,1,0
MIG-10157,order_payments,97259.52,94.98,23378481,542,MIXED_OLTP,ADD_COLUMN_DEFAULT,MEDIUM,1.04,1.39,1,0
MIG-10158,order_payments,81162.24,79.26,19510634,2566,WRITE_HEAVY,ADD_COLUMN_DEFAULT,HIGH,1.19,4.75,1,0
MIG-10159,order_payments,62781.44,61.31,15090955,126,MIXED_OLTP,ADD_INDEX_LOCKING,LOW,12.43,10.13,1,0
MIG-10160,orders,268390.4,262.1,32762400,236,WRITE_HEAVY,ADD_INDEX_LOCKING,LOW,33.72,31.76,0,1
MIG-10161,order_shipments,96358.4,94.1,25093740,1216,READ_HEAVY,ADD_COLUMN_DEFAULT,MEDIUM,1.32,1.78,1,0
MIG-10162,orders,76943.36,75.14,9392639,2830,READ_HEAVY,ADD_INDEX_LOCKING,HIGH,13.55,132.42,0,1
MIG-10163,orders,140963.84,137.66,17207900,1135,READ_HEAVY,ADD_COLUMN_DEFAULT,MEDIUM,1.6,2.73,1,0
MIG-10164,order_items,449556.48,439.02,70556601,659,WRITE_HEAVY,ADD_INDEX_CONCURRENTLY,MEDIUM,1.58,2.03,1,0
MIG-10165,order_items,493240.32,481.68,77412754,372,ANALYTICAL_BATCH,ALTER_COLUMN_TYPE,LOW,92.11,143.85,0,1
MIG-10166,order_shipments,48824.32,47.68,12713638,114,ANALYTICAL_BATCH,ADD_COLUMN_DEFAULT,LOW,0.82,0.59,1,0
MIG-10167,order_shipments,80332.8,78.45,20919687,1846,MIXED_OLTP,ADD_INDEX_LOCKING,HIGH,13.01,66.43,0,1
MIG-10168,order_items,178759.68,174.57,28056151,149,MIXED_OLTP,ADD_COLUMN_DEFAULT,LOW,1.71,1.86,1,0
MIG-10169,customer_sessions,35737.6,34.9,7978101,2977,WRITE_HEAVY,DROP_COLUMN,HIGH,0.46,2.13,1,0
MIG-10170,orders,207616.0,202.75,25343695,868,READ_HEAVY,ADD_COLUMN_DEFAULT,MEDIUM,1.98,3.38,1,0
MIG-10171,order_items,437596.16,427.34,68680306,2337,WRITE_HEAVY,ADD_COLUMN_DEFAULT,HIGH,3.62,11.51,1,0
MIG-10172,orders,234332.16,228.84,28604675,1290,MIXED_OLTP,ADD_INDEX_CONCURRENTLY,MEDIUM,0.93,2.12,1,0
MIG-10173,customer_sessions,17356.8,16.95,3874741,2954,WRITE_HEAVY,ADD_INDEX_LOCKING,HIGH,4.49,60.71,0,1
MIG-10174,orders,87726.08,85.67,10708576,498,WRITE_HEAVY,ADD_INDEX_CONCURRENTLY,LOW,0.46,0.49,1,0
MIG-10175,orders,59873.28,58.47,7309353,3410,MIXED_OLTP,ADD_COLUMN_DEFAULT,CRITICAL,1.0,4.46,1,0
MIG-10176,order_items,213841.92,208.83,33561252,893,WRITE_HEAVY,ADD_COLUMN_DEFAULT,MEDIUM,1.77,3.19,1,0
MIG-10177,customer_sessions,14612.48,14.27,3261672,262,MIXED_OLTP,ADD_COLUMN_DEFAULT,LOW,0.35,0.39,1,0
MIG-10178,order_shipments,60252.16,58.84,15690942,1296,WRITE_HEAVY,DROP_COLUMN,MEDIUM,0.59,1.4,1,0
MIG-10179,order_payments,89917.44,87.81,21615454,835,MIXED_OLTP,DROP_COLUMN,MEDIUM,0.67,1.05,1,0
MIG-10180,order_shipments,73000.96,71.29,19010462,731,MIXED_OLTP,DROP_COLUMN,MEDIUM,0.65,0.95,1,0
MIG-10181,order_shipments,50360.32,49.18,13114108,2632,READ_HEAVY,ADD_COLUMN_DEFAULT,HIGH,0.77,2.79,1,0
MIG-10182,order_items,116346.88,113.62,18259822,2242,WRITE_HEAVY,ADD_COLUMN_DEFAULT,HIGH,1.45,6.95,1,0
MIG-10183,order_items,462479.36,451.64,72585183,2621,WRITE_HEAVY,ADD_INDEX_CONCURRENTLY,HIGH,1.54,4.83,1,0
MIG-10184,order_payments,33126.4,32.35,7963583,3949,WRITE_HEAVY,ADD_COLUMN_DEFAULT,CRITICAL,0.59,5.3,1,0
MIG-10185,order_payments,130396.16,127.34,31345708,986,WRITE_HEAVY,ALTER_COLUMN_TYPE,MEDIUM,47.05,82.19,0,1
MIG-10186,order_items,126382.08,123.42,19834973,103,READ_HEAVY,ADD_COLUMN_DEFAULT,LOW,1.51,1.72,1,0
MIG-10187,orders,166481.92,162.58,20322828,1524,WRITE_HEAVY,TABLE_REWRITE,HIGH,84.25,1021.82,0,1
MIG-10188,order_payments,133847.04,130.71,32173635,500,WRITE_HEAVY,ADD_INDEX_CONCURRENTLY,MEDIUM,0.6,0.81,1,0
MIG-10189,orders,175779.84,171.66,21457218,170,WRITE_HEAVY,ADD_INDEX_LOCKING,LOW,19.79,19.43,1,0
MIG-10190,customer_sessions,53585.92,52.33,11961201,239,ANALYTICAL_BATCH,ADD_INDEX_LOCKING,LOW,9.42,13.22,1,0
MIG-10191,orders,199915.52,195.23,24403492,550,WRITE_HEAVY,DROP_COLUMN,MEDIUM,1.45,1.86,1,0
MIG-10192,orders,76226.56,74.44,9305038,660,WRITE_HEAVY,DROP_COLUMN,MEDIUM,0.75,0.88,1,0
MIG-10193,order_shipments,74414.08,72.67,19378425,1347,READ_HEAVY,ADD_INDEX_CONCURRENTLY,MEDIUM,0.35,0.49,1,0
MIG-10194,orders,243875.84,238.16,29769581,1354,WRITE_HEAVY,ADD_INDEX_LOCKING,MEDIUM,22.29,60.17,0,1
MIG-10195,orders,264632.32,258.43,32303962,1934,ANALYTICAL_BATCH,ADD_COLUMN_DEFAULT,HIGH,2.69,6.92,1,0
MIG-10196,order_items,343347.2,335.3,53887211,5366,WRITE_HEAVY,ADD_COLUMN_DEFAULT,CRITICAL,3.37,41.11,0,1
MIG-10197,order_shipments,47001.6,45.9,12241304,147,MIXED_OLTP,ADD_INDEX_CONCURRENTLY,LOW,0.26,0.31,1,0
MIG-10198,orders,215767.04,210.71,26339359,112,READ_HEAVY,ADD_INDEX_CONCURRENTLY,LOW,0.8,1.36,1,0
MIG-10199,order_items,394864.64,385.61,61972817,854,MIXED_OLTP,ALTER_COLUMN_TYPE,MEDIUM,95.48,134.94,0,1
MIG-10200,order_payments,57446.4,56.1,13810374,205,MIXED_OLTP,ADD_COLUMN_DEFAULT,LOW,0.73,0.72,1,0
MIG-10201,customer_sessions,25446.4,24.85,5679073,577,MIXED_OLTP,ADD_COLUMN_DEFAULT,MEDIUM,0.42,0.64,1,0
MIG-10202,order_items,202547.2,197.8,31788654,2771,READ_HEAVY,ADD_INDEX_CONCURRENTLY,HIGH,0.78,2.46,1,0
MIG-10203,orders,150712.32,147.18,18397779,2968,READ_HEAVY,DROP_COLUMN,HIGH,1.07,2.29,1,0
MIG-10204,orders,86784.0,84.75,10593358,770,MIXED_OLTP,ADD_INDEX_LOCKING,MEDIUM,12.44,22.52,1,0
MIG-10205,orders,53514.24,52.26,6532411,1972,READ_HEAVY,TABLE_REWRITE,HIGH,37.47,252.82,0,1
MIG-10206,orders,60672.0,59.25,7406396,2577,READ_HEAVY,DROP_COLUMN,HIGH,0.48,1.72,1,0
MIG-10207,order_payments,138035.2,134.8,33180674,5332,WRITE_HEAVY,ADD_INDEX_CONCURRENTLY,CRITICAL,0.7,4.69,1,0
MIG-10208,orders,65290.24,63.76,7969956,786,WRITE_HEAVY,ADD_INDEX_CONCURRENTLY,MEDIUM,0.39,0.6,1,0
MIG-10209,order_items,152453.12,148.88,23927635,2524,READ_HEAVY,ADD_INDEX_CONCURRENTLY,HIGH,0.67,1.9,1,0
MIG-10210,order_payments,80680.96,78.79,19394227,1534,WRITE_HEAVY,DROP_COLUMN,HIGH,0.8,2.74,1,0
MIG-10211,order_items,241182.72,235.53,37853122,1066,READ_HEAVY,TABLE_REWRITE,MEDIUM,105.31,169.19,0,1
MIG-10212,orders,262082.56,255.94,31992734,2980,WRITE_HEAVY,ADD_INDEX_CONCURRENTLY,HIGH,0.86,3.06,1,0
MIG-10213,order_shipments,93992.96,91.79,24477294,2213,READ_HEAVY,ADD_COLUMN_DEFAULT,HIGH,1.01,2.74,1,0
MIG-10214,order_payments,75110.4,73.35,18056605,1141,MIXED_OLTP,DROP_COLUMN,MEDIUM,0.61,1.18,1,0
MIG-10215,order_payments,80384.0,78.5,19323467,1187,READ_HEAVY,DROP_COLUMN,MEDIUM,0.66,0.97,1,0
MIG-10216,orders,132116.48,129.02,16128068,1132,MIXED_OLTP,DROP_COLUMN,MEDIUM,0.85,1.27,1,0
MIG-10217,orders,57528.32,56.18,7022385,2529,WRITE_HEAVY,ADD_COLUMN_DEFAULT,HIGH,0.75,3.18,1,0
MIG-10218,customer_sessions,33228.8,32.45,7416994,454,WRITE_HEAVY,ADD_INDEX_CONCURRENTLY,LOW,0.22,0.24,1,0
MIG-10219,order_items,178001.92,173.83,27936551,510,MIXED_OLTP,ADD_COLUMN_DEFAULT,MEDIUM,1.63,2.48,1,0
MIG-10220,order_items,167516.16,163.59,26291996,453,MIXED_OLTP,ADD_COLUMN_DEFAULT,LOW,2.08,2.18,1,0
MIG-10221,order_items,404142.08,394.67,63429787,2861,MIXED_OLTP,ADD_INDEX_LOCKING,HIGH,41.44,483.52,0,1
MIG-10222,order_payments,38461.44,37.56,9244427,2856,MIXED_OLTP,ADD_INDEX_CONCURRENTLY,HIGH,0.28,0.99,1,0
MIG-10223,customer_sessions,20971.52,20.48,4682211,867,MIXED_OLTP,ADD_COLUMN_DEFAULT,MEDIUM,0.48,0.71,1,0
MIG-10224,orders,155432.96,151.79,18973870,1082,MIXED_OLTP,TABLE_REWRITE,MEDIUM,83.52,125.6,0,1
MIG-10225,customer_sessions,42864.64,41.86,9568866,853,MIXED_OLTP,ADD_COLUMN_DEFAULT,MEDIUM,0.79,0.74,1,0
MIG-10226,orders,79595.52,77.73,9716139,1340,MIXED_OLTP,ADD_INDEX_CONCURRENTLY,MEDIUM,0.52,0.76,1,0
MIG-10227,order_items,116981.76,114.24,18360371,2109,WRITE_HEAVY,TABLE_REWRITE,HIGH,74.4,680.01,0,1
MIG-10228,order_items,214282.24,209.26,33630929,225,WRITE_HEAVY,ADD_INDEX_CONCURRENTLY,LOW,0.89,0.91,1,0
MIG-10229,orders,101324.8,98.95,12369090,2527,READ_HEAVY,ADD_INDEX_LOCKING,HIGH,12.01,185.0,0,1
MIG-10230,orders,226150.4,220.85,27606707,1574,READ_HEAVY,ADD_INDEX_CONCURRENTLY,HIGH,0.96,1.85,1,0
MIG-10231,order_items,587141.12,573.38,92150506,3940,MIXED_OLTP,ALTER_COLUMN_TYPE,CRITICAL,115.04,2131.92,0,1
MIG-10232,customer_sessions,40519.68,39.57,9045599,706,WRITE_HEAVY,ADD_INDEX_CONCURRENTLY,MEDIUM,0.29,0.4,1,0
MIG-10233,order_items,323717.12,316.13,50807164,873,WRITE_HEAVY,ADD_COLUMN_DEFAULT,MEDIUM,3.02,4.68,1,0
MIG-10234,customer_sessions,60303.36,58.89,13459730,279,MIXED_OLTP,TABLE_REWRITE,LOW,51.26,44.34,0,1
MIG-10235,order_shipments,70430.72,68.78,18341515,3158,WRITE_HEAVY,DROP_COLUMN,CRITICAL,0.62,5.11,1,0
MIG-10236,order_items,209725.44,204.81,32915355,2796,MIXED_OLTP,ADD_INDEX_CONCURRENTLY,HIGH,0.84,3.57,1,0
MIG-10237,order_payments,39526.4,38.6,9501446,2124,WRITE_HEAVY,ADD_INDEX_CONCURRENTLY,HIGH,0.28,0.74,1,0
MIG-10238,orders,145940.48,142.52,17815521,2038,READ_HEAVY,ADD_INDEX_CONCURRENTLY,HIGH,0.63,1.62,1,0
MIG-10239,orders,174080.0,170.0,21250365,649,READ_HEAVY,ADD_INDEX_CONCURRENTLY,MEDIUM,0.86,1.13,1,0
MIG-10240,order_shipments,29941.76,29.24,7796084,2993,WRITE_HEAVY,ADD_COLUMN_DEFAULT,HIGH,0.44,2.29,1,0
MIG-10241,order_payments,61757.44,60.31,14846276,2783,WRITE_HEAVY,ADD_COLUMN_DEFAULT,HIGH,0.93,3.16,1,0
MIG-10242,orders,116817.92,114.08,14260460,292,WRITE_HEAVY,TABLE_REWRITE,LOW,69.09,74.11,0,1
MIG-10243,order_items,249538.56,243.69,39165154,3836,WRITE_HEAVY,ADD_INDEX_LOCKING,CRITICAL,23.71,490.63,0,1
MIG-10244,order_items,352481.28,344.22,55321662,4168,WRITE_HEAVY,TABLE_REWRITE,CRITICAL,148.87,4379.49,0,1
MIG-10245,order_shipments,72601.6,70.9,18906173,5402,MIXED_OLTP,ADD_COLUMN_DEFAULT,CRITICAL,1.13,8.5,1,0
MIG-10246,order_items,377579.52,368.73,59260580,1832,WRITE_HEAVY,ADD_COLUMN_DEFAULT,HIGH,2.72,6.86,1,0
MIG-10247,order_items,218654.72,213.53,34317981,1184,READ_HEAVY,DROP_COLUMN,MEDIUM,1.66,3.09,1,0
MIG-10248,order_items,167813.12,163.88,26338062,1403,WRITE_HEAVY,ADD_COLUMN_DEFAULT,MEDIUM,1.55,2.47,1,0
MIG-10249,order_items,538849.28,526.22,84571507,402,ANALYTICAL_BATCH,ADD_INDEX_CONCURRENTLY,LOW,1.58,2.17,1,0
MIG-10250,order_payments,84049.92,82.08,20203974,2805,MIXED_OLTP,ALTER_COLUMN_TYPE,HIGH,34.6,400.58,0,1
MIG-10251,order_shipments,23582.72,23.03,6142206,479,ANALYTICAL_BATCH,DROP_COLUMN,LOW,0.32,0.42,1,0
MIG-10252,order_items,247900.16,242.09,38907841,3149,ANALYTICAL_BATCH,ADD_COLUMN_DEFAULT,CRITICAL,2.12,18.85,1,0
MIG-10253,orders,226990.08,221.67,27708912,738,WRITE_HEAVY,ADD_COLUMN_DEFAULT,MEDIUM,2.53,3.59,1,0
MIG-10254,orders,215418.88,210.37,26296610,157,MIXED_OLTP,ADD_INDEX_CONCURRENTLY,LOW,0.84,0.78,1,0
MIG-10255,order_payments,131553.28,128.47,31623519,326,WRITE_HEAVY,DROP_COLUMN,LOW,0.96,1.05,1,0
MIG-10256,order_shipments,68372.48,66.77,17805097,2111,MIXED_OLTP,ADD_COLUMN_DEFAULT,HIGH,0.81,3.42,1,0
MIG-10257,orders,142694.4,139.35,17418460,116,READ_HEAVY,ALTER_COLUMN_TYPE,LOW,49.89,31.16,0,1
MIG-10258,orders,143513.6,140.15,17519144,323,READ_HEAVY,ADD_COLUMN_DEFAULT,LOW,1.43,1.51,1,0
MIG-10259,order_items,214814.72,209.78,33714003,140,ANALYTICAL_BATCH,ADD_COLUMN_DEFAULT,LOW,2.27,1.96,1,0
MIG-10260,orders,193095.68,188.57,23571571,907,MIXED_OLTP,ADD_INDEX_LOCKING,MEDIUM,22.54,40.1,0,1
MIG-10261,order_shipments,66959.36,65.39,17437485,3916,ANALYTICAL_BATCH,ALTER_COLUMN_TYPE,CRITICAL,22.61,1007.02,0,1
MIG-10262,order_items,194611.2,190.05,30544017,1393,WRITE_HEAVY,ADD_INDEX_LOCKING,MEDIUM,26.38,56.42,0,1
MIG-10263,orders,245043.2,239.3,29912898,1182,WRITE_HEAVY,ADD_COLUMN_DEFAULT,MEDIUM,2.65,4.3,1,0
MIG-10264,customer_sessions,38103.04,37.21,8505942,349,WRITE_HEAVY,ADD_COLUMN_DEFAULT,LOW,0.75,0.58,1,0
MIG-10265,orders,60149.76,58.74,7342946,432,READ_HEAVY,DROP_COLUMN,LOW,0.6,0.52,1,0
MIG-10266,orders,121671.68,118.82,14852784,680,READ_HEAVY,ADD_INDEX_LOCKING,MEDIUM,14.33,20.56,1,0
MIG-10267,orders,241551.36,235.89,29486131,202,WRITE_HEAVY,TABLE_REWRITE,LOW,110.43,114.91,0,1
MIG-10268,orders,251965.44,246.06,30757827,400,MIXED_OLTP,ADD_COLUMN_DEFAULT,LOW,2.0,2.09,1,0
MIG-10269,orders,157624.32,153.93,19240757,399,WRITE_HEAVY,DROP_COLUMN,LOW,1.34,1.11,1,0
MIG-10270,orders,260679.68,254.57,31821178,521,MIXED_OLTP,ADD_INDEX_CONCURRENTLY,MEDIUM,1.06,1.43,1,0
MIG-10271,orders,242739.2,237.05,29631528,1836,MIXED_OLTP,ADD_INDEX_CONCURRENTLY,HIGH,0.98,3.18,1,0
MIG-10272,orders,231680.0,226.25,28281229,190,READ_HEAVY,ADD_INDEX_CONCURRENTLY,LOW,0.93,0.88,1,0
MIG-10273,order_items,558376.96,545.29,87636515,1509,READ_HEAVY,ADD_INDEX_CONCURRENTLY,HIGH,1.7,2.29,1,0
MIG-10274,order_payments,72376.32,70.68,17398011,2491,WRITE_HEAVY,ADD_COLUMN_DEFAULT,HIGH,0.9,4.12,1,0
MIG-10275,order_items,505098.24,493.26,79273984,3136,WRITE_HEAVY,ADD_COLUMN_DEFAULT,CRITICAL,4.02,17.6,1,0
MIG-10276,order_items,412651.52,402.98,64764459,436,MIXED_OLTP,DROP_COLUMN,LOW,2.16,1.88,1,0
MIG-10277,order_items,486113.28,474.72,76294404,2378,READ_HEAVY,DROP_COLUMN,HIGH,2.45,7.07,1,0
MIG-10278,order_shipments,33177.6,32.4,8640179,4904,WRITE_HEAVY,ADD_INDEX_CONCURRENTLY,CRITICAL,0.22,3.01,1,0
MIG-10279,order_shipments,79093.76,77.24,20598108,4242,ANALYTICAL_BATCH,DROP_COLUMN,CRITICAL,0.82,7.74,1,0
MIG-10280,orders,260956.16,254.84,31854995,2955,MIXED_OLTP,ADD_INDEX_CONCURRENTLY,HIGH,1.09,4.39,1,0
MIG-10281,orders,116101.12,113.38,14171909,208,MIXED_OLTP,ADD_INDEX_CONCURRENTLY,LOW,0.51,0.58,1,0
MIG-10282,orders,267274.24,261.01,32626355,4394,READ_HEAVY,TABLE_REWRITE,CRITICAL,103.23,1593.25,0,1
MIG-10283,orders,132843.52,129.73,16216152,1509,ANALYTICAL_BATCH,ADD_INDEX_CONCURRENTLY,HIGH,0.64,2.15,1,0
MIG-10284,order_items,217763.84,212.66,34177603,1332,WRITE_HEAVY,ADD_COLUMN_DEFAULT,MEDIUM,1.88,3.99,1,0
MIG-10285,order_items,172636.16,168.59,27095184,327,WRITE_HEAVY,DROP_COLUMN,LOW,0.99,1.49,1,0
MIG-10286,orders,222771.2,217.55,27193971,3439,MIXED_OLTP,ADD_COLUMN_DEFAULT,CRITICAL,1.98,18.2,1,0
MIG-10287,order_items,401029.12,391.63,62940857,427,MIXED_OLTP,ADD_COLUMN_DEFAULT,LOW,2.73,3.6,1,0
MIG-10288,order_items,273192.96,266.79,42877634,2983,READ_HEAVY,ADD_INDEX_LOCKING,HIGH,26.4,389.73,0,1
MIG-10289,orders,183736.32,179.43,22428159,568,WRITE_HEAVY,DROP_COLUMN,MEDIUM,1.26,1.73,1,0
MIG-10290,order_shipments,45977.6,44.9,11973385,2768,WRITE_HEAVY,ADD_COLUMN_DEFAULT,HIGH,0.75,3.61,1,0
MIG-10291,orders,148326.4,144.85,18105659,394,MIXED_OLTP,ALTER_COLUMN_TYPE,LOW,53.39,57.07,0,1
MIG-10292,customer_sessions,69990.4,68.35,15622363,2031,MIXED_OLTP,ADD_INDEX_CONCURRENTLY,HIGH,0.39,1.23,1,0
MIG-10293,orders,196935.68,192.32,24040494,1134,WRITE_HEAVY,ADD_COLUMN_DEFAULT,MEDIUM,2.15,2.17,1,0
MIG-10294,order_shipments,81664.0,79.75,21267879,4963,WRITE_HEAVY,ADD_INDEX_CONCURRENTLY,CRITICAL,0.39,4.7,1,0
MIG-10295,order_shipments,66826.24,65.26,17403460,291,MIXED_OLTP,ADD_INDEX_CONCURRENTLY,LOW,0.36,0.41,1,0
MIG-10296,customer_sessions,78295.04,76.46,17476131,366,MIXED_OLTP,TABLE_REWRITE,LOW,58.76,61.98,0,1
MIG-10297,order_shipments,38451.2,37.55,10014457,119,READ_HEAVY,ADD_INDEX_LOCKING,LOW,6.71,7.21,1,0
MIG-10298,order_payments,58050.56,56.69,13953985,470,READ_HEAVY,ADD_INDEX_CONCURRENTLY,LOW,0.39,0.39,1,0
MIG-10299,order_items,162457.6,158.65,25497274,5308,ANALYTICAL_BATCH,ADD_COLUMN_DEFAULT,CRITICAL,1.62,19.9,1,0
MIG-10300,order_payments,92999.68,90.82,22355761,184,WRITE_HEAVY,ADD_INDEX_CONCURRENTLY,LOW,0.4,0.45,1,0
MIG-10301,orders,184821.76,180.49,22560699,977,READ_HEAVY,DROP_COLUMN,MEDIUM,1.4,2.08,1,0
MIG-10302,order_items,489349.12,477.88,76802887,1858,READ_HEAVY,ADD_COLUMN_DEFAULT,HIGH,3.85,14.4,1,0
MIG-10303,order_items,287805.44,281.06,45171120,899,READ_HEAVY,ALTER_COLUMN_TYPE,MEDIUM,76.67,81.87,0,1
MIG-10304,order_shipments,19445.76,18.99,5064746,775,MIXED_OLTP,ADD_INDEX_CONCURRENTLY,MEDIUM,0.16,0.19,1,0
MIG-10305,order_items,440975.36,430.64,69210592,2792,READ_HEAVY,ADD_COLUMN_DEFAULT,HIGH,2.9,12.79,1,0
MIG-10306,order_items,630108.16,615.34,98894334,1194,READ_HEAVY,TABLE_REWRITE,MEDIUM,255.37,335.2,0,1
MIG-10307,order_items,266700.8,260.45,41858497,2768,WRITE_HEAVY,ALTER_COLUMN_TYPE,HIGH,83.73,566.2,0,1
MIG-10308,orders,89835.52,87.73,10966230,2689,MIXED_OLTP,ADD_INDEX_CONCURRENTLY,HIGH,0.4,1.62,1,0
MIG-10309,orders,111472.64,108.86,13607707,1227,WRITE_HEAVY,ADD_COLUMN_DEFAULT,MEDIUM,1.55,2.65,1,0
MIG-10310,order_items,334243.84,326.41,52458653,666,WRITE_HEAVY,ALTER_COLUMN_TYPE,MEDIUM,86.15,172.34,0,1
MIG-10311,order_items,244183.04,238.46,38323947,5073,READ_HEAVY,DROP_COLUMN,CRITICAL,1.52,14.87,1,0
MIG-10312,orders,125890.56,122.94,15367920,1283,READ_HEAVY,DROP_COLUMN,MEDIUM,0.87,1.7,1,0
MIG-10313,order_items,444067.84,433.66,69694745,1686,ANALYTICAL_BATCH,DROP_COLUMN,HIGH,2.24,10.0,1,0
MIG-10314,order_items,292751.36,285.89,45947266,587,MIXED_OLTP,TABLE_REWRITE,MEDIUM,141.64,167.52,0,1
MIG-10315,order_items,319088.64,311.61,50080774,1260,MIXED_OLTP,ADD_COLUMN_DEFAULT,MEDIUM,2.27,4.38,1,0
MIG-10316,order_items,135352.32,132.18,21242532,2085,WRITE_HEAVY,ADD_INDEX_CONCURRENTLY,HIGH,0.68,2.35,1,0
MIG-10317,order_payments,136601.6,133.4,32836744,231,READ_HEAVY,ADD_COLUMN_DEFAULT,LOW,1.34,1.09,1,0
MIG-10318,orders,139151.36,135.89,16985920,896,ANALYTICAL_BATCH,ADD_INDEX_LOCKING,MEDIUM,19.35,32.53,1,0
MIG-10319,customer_sessions,35502.08,34.67,7925266,446,READ_HEAVY,ADD_COLUMN_DEFAULT,LOW,0.55,0.59,1,0
MIG-10320,order_shipments,25610.24,25.01,6668058,2045,MIXED_OLTP,ADD_COLUMN_DEFAULT,HIGH,0.46,1.89,1,0
MIG-10321,order_items,441989.12,431.63,69368840,2055,READ_HEAVY,DROP_COLUMN,HIGH,2.36,7.24,1,0
MIG-10322,order_items,560506.88,547.37,87969820,899,WRITE_HEAVY,ADD_COLUMN_DEFAULT,MEDIUM,4.6,6.16,1,0
MIG-10323,order_items,135925.76,132.74,21333409,121,READ_HEAVY,TABLE_REWRITE,LOW,85.62,55.99,0,1
MIG-10324,order_shipments,30484.48,29.77,7937885,3093,WRITE_HEAVY,ADD_COLUMN_DEFAULT,CRITICAL,0.58,4.01,1,0
MIG-10325,order_payments,44165.12,43.13,10616027,914,WRITE_HEAVY,ADD_INDEX_LOCKING,MEDIUM,9.34,14.18,1,0
MIG-10326,order_shipments,68382.72,66.78,17809136,516,WRITE_HEAVY,DROP_COLUMN,MEDIUM,0.57,0.74,1,0
MIG-10327,order_items,590131.2,576.3,92619670,402,WRITE_HEAVY,ADD_INDEX_CONCURRENTLY,LOW,2.1,2.06,1,0
MIG-10328,order_items,340623.36,332.64,53459237,924,READ_HEAVY,ADD_COLUMN_DEFAULT,MEDIUM,2.92,5.11,1,0
MIG-10329,orders,125194.24,122.26,15282774,1000,MIXED_OLTP,ADD_INDEX_CONCURRENTLY,MEDIUM,0.64,0.89,1,0
MIG-10330,order_payments,118374.4,115.6,28456211,2004,READ_HEAVY,ADD_INDEX_LOCKING,HIGH,15.12,140.34,0,1
MIG-10331,orders,213391.36,208.39,26049364,2645,MIXED_OLTP,ADD_INDEX_LOCKING,HIGH,28.96,436.35,0,1
MIG-10332,order_payments,56186.88,54.87,13506576,271,READ_HEAVY,ADD_INDEX_CONCURRENTLY,LOW,0.32,0.41,1,0
MIG-10333,order_shipments,31774.72,31.03,8273849,535,WRITE_HEAVY,ADD_COLUMN_DEFAULT,MEDIUM,0.54,0.6,1,0
MIG-10334,orders,128296.96,125.29,15660870,988,WRITE_HEAVY,TABLE_REWRITE,MEDIUM,78.13,177.44,0,1
MIG-10335,order_items,514969.6,502.9,80823874,170,ANALYTICAL_BATCH,ADD_INDEX_CONCURRENTLY,LOW,1.87,1.45,1,0
MIG-10336,orders,202885.12,198.13,24766711,2392,READ_HEAVY,ALTER_COLUMN_TYPE,HIGH,65.16,313.31,0,1
MIG-10337,order_payments,106393.6,103.9,25576586,1063,ANALYTICAL_BATCH,ADD_INDEX_CONCURRENTLY,MEDIUM,0.58,0.85,1,0
MIG-10338,orders,232611.84,227.16,28394571,4186,WRITE_HEAVY,ADD_INDEX_CONCURRENTLY,CRITICAL,0.79,8.67,1,0
MIG-10339,customer_sessions,32215.04,31.46,7190676,885,MIXED_OLTP,ADD_COLUMN_DEFAULT,MEDIUM,0.65,0.73,1,0
MIG-10340,orders,124282.88,121.37,15171460,1095,MIXED_OLTP,ADD_INDEX_CONCURRENTLY,MEDIUM,0.58,1.08,1,0
MIG-10341,customer_sessions,17070.08,16.67,3809688,4700,ANALYTICAL_BATCH,ALTER_COLUMN_TYPE,CRITICAL,10.63,321.79,0,1
MIG-10342,order_shipments,90490.88,88.37,23564908,1378,WRITE_HEAVY,DROP_COLUMN,MEDIUM,0.87,1.37,1,0
MIG-10343,order_items,415272.96,405.54,65176808,485,ANALYTICAL_BATCH,DROP_COLUMN,LOW,2.03,2.71,1,0
MIG-10344,order_payments,62341.12,60.88,14985922,583,READ_HEAVY,DROP_COLUMN,MEDIUM,0.7,1.04,1,0
MIG-10345,order_payments,34938.88,34.12,8399196,4649,MIXED_OLTP,DROP_COLUMN,CRITICAL,0.41,3.04,1,0
MIG-10346,customer_sessions,60999.68,59.57,13617096,584,READ_HEAVY,ADD_INDEX_LOCKING,MEDIUM,8.75,12.5,1,0
MIG-10347,orders,214763.52,209.73,26215913,917,READ_HEAVY,DROP_COLUMN,MEDIUM,1.47,2.02,1,0
MIG-10348,order_items,458496.0,447.75,71960470,1241,READ_HEAVY,ALTER_COLUMN_TYPE,MEDIUM,112.91,154.2,0,1
MIG-10349,orders,94228.48,92.02,11502086,1042,MIXED_OLTP,DROP_COLUMN,MEDIUM,0.7,1.24,1,0
MIG-10350,order_items,585994.24,572.26,91970500,423,WRITE_HEAVY,ADD_COLUMN_DEFAULT,LOW,3.56,5.12,1,0
MIG-10351,orders,215736.32,210.68,26335266,1412,READ_HEAVY,ADD_COLUMN_DEFAULT,MEDIUM,2.38,3.27,1,0
MIG-10352,order_items,454154.24,443.51,71278262,5434,READ_HEAVY,ADD_COLUMN_DEFAULT,CRITICAL,3.19,19.52,1,0
MIG-10353,order_items,450641.92,440.08,70726457,2509,MIXED_OLTP,ADD_COLUMN_DEFAULT,HIGH,4.11,8.86,1,0
MIG-10354,order_items,581427.2,567.8,91252973,369,READ_HEAVY,ADD_COLUMN_DEFAULT,LOW,3.72,4.58,1,0
MIG-10355,order_items,593786.88,579.87,93192877,1303,MIXED_OLTP,ADD_COLUMN_DEFAULT,MEDIUM,3.88,9.98,1,0
MIG-10356,order_payments,97986.56,95.69,23554357,193,READ_HEAVY,ADD_INDEX_CONCURRENTLY,LOW,0.6,0.49,1,0
MIG-10357,order_payments,76544.0,74.75,18400079,801,MIXED_OLTP,ALTER_COLUMN_TYPE,MEDIUM,32.79,45.65,0,1
MIG-10358,order_items,302407.68,295.32,47462452,2011,MIXED_OLTP,ADD_INDEX_LOCKING,HIGH,31.89,215.76,0,1
MIG-10359,order_items,537415.68,524.82,84345386,1244,MIXED_OLTP,ADD_COLUMN_DEFAULT,MEDIUM,3.61,9.01,1,0
MIG-10360,customer_sessions,55920.64,54.61,12482316,2026,MIXED_OLTP,TABLE_REWRITE,HIGH,43.43,324.86,0,1
MIG-10361,orders,66242.56,64.69,8086182,639,READ_HEAVY,TABLE_REWRITE,MEDIUM,50.4,51.81,0,1
MIG-10362,orders,80599.04,78.71,9839022,2697,WRITE_HEAVY,ALTER_COLUMN_TYPE,HIGH,30.63,506.98,0,1
MIG-10363,orders,248258.56,242.44,30305019,4874,MIXED_OLTP,ADD_INDEX_CONCURRENTLY,CRITICAL,1.15,10.81,1,0
MIG-10364,order_payments,132597.76,129.49,31873546,2391,WRITE_HEAVY,ADD_COLUMN_DEFAULT,HIGH,1.5,5.24,1,0
MIG-10365,order_items,605921.28,591.72,95098428,5203,WRITE_HEAVY,ADD_COLUMN_DEFAULT,CRITICAL,3.92,51.91,0,1
MIG-10366,order_payments,77885.44,76.06,18722107,2687,MIXED_OLTP,ADD_INDEX_LOCKING,HIGH,11.22,152.91,0,1
MIG-10367,order_payments,120565.76,117.74,28980954,1400,READ_HEAVY,DROP_COLUMN,MEDIUM,0.95,1.48,1,0
MIG-10368,order_items,542136.32,529.43,85086227,759,READ_HEAVY,DROP_COLUMN,MEDIUM,3.18,3.16,1,0
MIG-10369,order_shipments,44615.68,43.57,11619053,616,ANALYTICAL_BATCH,ADD_INDEX_LOCKING,MEDIUM,6.7,12.8,1,0
MIG-10370,order_payments,44032.0,43.0,10585726,3853,WRITE_HEAVY,TABLE_REWRITE,CRITICAL,35.51,720.16,0,1
MIG-10371,orders,269680.64,263.36,32919711,431,WRITE_HEAVY,DROP_COLUMN,LOW,1.44,1.57,1,0
MIG-10372,order_items,130283.52,127.23,20447755,5311,WRITE_HEAVY,ALTER_COLUMN_TYPE,CRITICAL,50.66,1038.26,0,1
MIG-10373,order_items,422973.44,413.06,66384209,609,WRITE_HEAVY,ADD_INDEX_LOCKING,MEDIUM,33.18,73.58,0,1
MIG-10374,orders,192972.8,188.45,23555731,2783,MIXED_OLTP,ADD_COLUMN_DEFAULT,HIGH,1.62,5.79,1,0
MIG-10375,orders,199956.48,195.27,24408312,978,MIXED_OLTP,ADD_INDEX_LOCKING,MEDIUM,24.29,39.1,0,1
MIG-10376,customer_sessions,30822.4,30.1,6881039,5044,READ_HEAVY,ADD_INDEX_CONCURRENTLY,CRITICAL,0.24,1.75,1,0
MIG-10377,order_items,487096.32,475.68,76447918,373,WRITE_HEAVY,ADD_INDEX_CONCURRENTLY,LOW,1.76,2.0,1,0
MIG-10378,order_items,226375.68,221.07,35528364,560,READ_HEAVY,TABLE_REWRITE,MEDIUM,118.74,131.86,0,1
MIG-10379,order_payments,125952.0,123.0,30276301,4210,WRITE_HEAVY,ADD_COLUMN_DEFAULT,CRITICAL,1.6,14.41,1,0
MIG-10380,order_items,227768.32,222.43,35748450,588,MIXED_OLTP,ADD_COLUMN_DEFAULT,MEDIUM,1.85,3.03,1,0
MIG-10381,customer_sessions,59279.36,57.89,13232566,839,READ_HEAVY,TABLE_REWRITE,MEDIUM,43.63,53.13,0,1
MIG-10382,order_payments,120483.84,117.66,28962308,4893,WRITE_HEAVY,ADD_COLUMN_DEFAULT,CRITICAL,1.33,16.02,1,0
MIG-10383,order_items,212203.52,207.23,33304605,2525,MIXED_OLTP,ADD_INDEX_CONCURRENTLY,HIGH,0.81,2.92,1,0
MIG-10384,order_items,237516.8,231.95,37276905,381,MIXED_OLTP,ADD_INDEX_CONCURRENTLY,LOW,1.04,1.07,1,0
MIG-10385,customer_sessions,64593.92,63.08,14419093,1160,WRITE_HEAVY,ADD_COLUMN_DEFAULT,MEDIUM,0.83,1.36,1,0
MIG-10386,order_payments,36925.44,36.06,8876770,514,READ_HEAVY,ADD_INDEX_CONCURRENTLY,MEDIUM,0.3,0.3,1,0
MIG-10387,customer_sessions,26644.48,26.02,5946957,1082,READ_HEAVY,ADD_INDEX_CONCURRENTLY,MEDIUM,0.21,0.39,1,0
MIG-10388,orders,149903.36,146.39,18299334,2227,WRITE_HEAVY,ADD_INDEX_LOCKING,HIGH,16.81,215.32,0,1
MIG-10389,order_shipments,95580.16,93.34,24891929,311,WRITE_HEAVY,ADD_COLUMN_DEFAULT,LOW,1.31,1.27,1,0
MIG-10390,order_items,404674.56,395.19,63512104,712,MIXED_OLTP,DROP_COLUMN,MEDIUM,2.1,3.51,1,0
MIG-10391,orders,134901.76,131.74,16467301,1205,ANALYTICAL_BATCH,ADD_INDEX_CONCURRENTLY,MEDIUM,0.52,1.15,1,0
MIG-10392,order_items,619622.4,605.1,97247988,4518,READ_HEAVY,ADD_COLUMN_DEFAULT,CRITICAL,4.75,31.47,0,1
MIG-10393,order_payments,82176.0,80.25,19754885,903,READ_HEAVY,DROP_COLUMN,MEDIUM,0.71,1.31,1,0
MIG-10394,orders,145090.56,141.69,17710844,556,READ_HEAVY,ADD_COLUMN_DEFAULT,MEDIUM,1.36,2.72,1,0
MIG-10395,order_items,327137.28,319.47,51343189,3171,READ_HEAVY,ADD_COLUMN_DEFAULT,CRITICAL,2.46,17.72,1,0
MIG-10396,order_shipments,44328.96,43.29,11543089,2038,WRITE_HEAVY,ADD_COLUMN_DEFAULT,HIGH,0.66,1.58,1,0
MIG-10397,orders,121190.4,118.35,14793759,1037,READ_HEAVY,ADD_INDEX_CONCURRENTLY,MEDIUM,0.58,0.83,1,0
MIG-10398,order_items,469678.08,458.67,73714801,5492,ANALYTICAL_BATCH,ADD_INDEX_CONCURRENTLY,CRITICAL,1.52,18.92,1,0
MIG-10399,order_items,135761.92,132.58,21307683,1223,MIXED_OLTP,ADD_COLUMN_DEFAULT,MEDIUM,1.33,3.27,1,0
MIG-10400,order_items,466575.36,455.64,73227154,985,ANALYTICAL_BATCH,ADD_INDEX_CONCURRENTLY,MEDIUM,1.23,2.83,1,0
MIG-10401,order_shipments,35123.2,34.3,9146017,799,WRITE_HEAVY,ADD_INDEX_CONCURRENTLY,MEDIUM,0.26,0.38,1,0
MIG-10402,order_payments,72652.8,70.95,17465190,167,READ_HEAVY,ADD_INDEX_CONCURRENTLY,LOW,0.38,0.46,1,0
MIG-10403,orders,81561.6,79.65,9956552,1711,READ_HEAVY,ADD_INDEX_LOCKING,HIGH,11.15,113.32,0,1
MIG-10404,customer_sessions,49991.68,48.82,11159615,571,WRITE_HEAVY,ADD_COLUMN_DEFAULT,MEDIUM,0.78,1.34,1,0
MIG-10405,order_shipments,78929.92,77.08,20553969,5279,WRITE_HEAVY,DROP_COLUMN,CRITICAL,0.8,6.63,1,0
MIG-10406,orders,127600.64,124.61,15575700,515,MIXED_OLTP,DROP_COLUMN,MEDIUM,0.86,1.09,1,0
MIG-10407,order_shipments,31989.76,31.24,8329798,445,MIXED_OLTP,ADD_COLUMN_DEFAULT,LOW,0.61,0.7,1,0
MIG-10408,orders,99256.32,96.93,12115650,1083,READ_HEAVY,ADD_INDEX_CONCURRENTLY,MEDIUM,0.54,1.02,1,0
MIG-10409,customer_sessions,67112.96,65.54,14980826,347,WRITE_HEAVY,ADD_COLUMN_DEFAULT,LOW,0.88,0.96,1,0
MIG-10410,order_payments,58685.44,57.31,14108283,5396,READ_HEAVY,ADD_COLUMN_DEFAULT,CRITICAL,0.77,4.25,1,0
MIG-10411,order_payments,119439.36,116.64,28711434,2679,WRITE_HEAVY,ADD_COLUMN_DEFAULT,HIGH,1.35,4.34,1,0
MIG-10412,orders,122408.96,119.54,14942383,1720,WRITE_HEAVY,ADD_INDEX_CONCURRENTLY,HIGH,0.67,2.16,1,0
MIG-10413,order_shipments,34088.96,33.29,8876623,2953,READ_HEAVY,ALTER_COLUMN_TYPE,HIGH,18.48,162.37,0,1
MIG-10414,orders,210022.4,205.1,25637331,676,WRITE_HEAVY,ADD_INDEX_LOCKING,MEDIUM,20.64,28.8,0,1
MIG-10415,orders,152791.04,149.21,18650715,327,ANALYTICAL_BATCH,ADD_INDEX_CONCURRENTLY,LOW,0.74,0.75,1,0
MIG-10416,orders,56074.24,54.76,6844485,1140,READ_HEAVY,ALTER_COLUMN_TYPE,MEDIUM,27.8,33.92,0,1
MIG-10417,order_payments,141629.44,138.31,34046341,1866,WRITE_HEAVY,ADD_INDEX_CONCURRENTLY,HIGH,0.7,2.85,1,0
MIG-10418,orders,81827.84,79.91,9989343,1130,WRITE_HEAVY,ADD_INDEX_CONCURRENTLY,MEDIUM,0.49,0.73,1,0
MIG-10419,order_shipments,47749.12,46.63,12433590,355,MIXED_OLTP,ADD_INDEX_CONCURRENTLY,LOW,0.26,0.29,1,0
MIG-10420,order_payments,72724.48,71.02,17482085,2969,WRITE_HEAVY,TABLE_REWRITE,HIGH,52.6,587.35,0,1
MIG-10421,orders,157409.28,153.72,19214607,1414,WRITE_HEAVY,ADD_INDEX_CONCURRENTLY,MEDIUM,0.64,1.51,1,0
MIG-10422,orders,222883.84,217.66,27206988,899,READ_HEAVY,ADD_INDEX_LOCKING,MEDIUM,24.48,34.87,0,1
MIG-10423,orders,50503.68,49.32,6164437,376,WRITE_HEAVY,DROP_COLUMN,LOW,0.47,0.56,1,0
MIG-10424,order_items,595937.28,581.97,93530236,1320,READ_HEAVY,ADD_COLUMN_DEFAULT,MEDIUM,4.99,4.43,1,0
MIG-10425,order_shipments,72017.92,70.33,18753372,526,READ_HEAVY,ADD_COLUMN_DEFAULT,MEDIUM,1.09,1.01,1,0
MIG-10426,orders,259420.16,253.34,31667519,4712,WRITE_HEAVY,ADD_INDEX_CONCURRENTLY,CRITICAL,1.01,6.78,1,0
MIG-10427,order_shipments,86231.04,84.21,22455614,2875,MIXED_OLTP,ADD_INDEX_LOCKING,HIGH,13.33,101.6,0,1
MIG-10428,orders,254371.84,248.41,31051631,148,READ_HEAVY,ADD_COLUMN_DEFAULT,LOW,2.56,2.61,1,0
MIG-10429,order_shipments,68280.32,66.68,17781611,2630,READ_HEAVY,ADD_COLUMN_DEFAULT,HIGH,0.98,2.7,1,0
MIG-10430,customer_sessions,37386.24,36.51,8345249,1590,WRITE_HEAVY,ADD_INDEX_CONCURRENTLY,HIGH,0.3,0.44,1,0
MIG-10431,order_payments,79687.68,77.82,19155925,2102,READ_HEAVY,ADD_INDEX_LOCKING,HIGH,10.79,96.13,0,1
MIG-10432,order_payments,105461.76,102.99,25351330,5048,WRITE_HEAVY,DROP_COLUMN,CRITICAL,0.75,13.72,1,0
MIG-10433,order_shipments,53841.92,52.58,14021728,2981,READ_HEAVY,ADD_COLUMN_DEFAULT,HIGH,0.93,2.07,1,0
MIG-10434,orders,210984.96,206.04,25755165,1227,WRITE_HEAVY,ADD_COLUMN_DEFAULT,MEDIUM,1.86,2.92,1,0
MIG-10435,orders,69468.16,67.84,8479896,1221,ANALYTICAL_BATCH,ADD_COLUMN_DEFAULT,MEDIUM,0.98,1.53,1,0
MIG-10436,orders,232734.72,227.28,28409639,759,WRITE_HEAVY,ADD_COLUMN_DEFAULT,MEDIUM,2.65,4.05,1,0
MIG-10437,order_items,220067.84,214.91,34539279,1325,ANALYTICAL_BATCH,ADD_INDEX_CONCURRENTLY,MEDIUM,0.91,2.46,1,0
MIG-10438,order_payments,139714.56,136.44,33585691,4647,ANALYTICAL_BATCH,DROP_COLUMN,CRITICAL,0.89,7.6,1,0
MIG-10439,order_items,194969.6,190.4,30599209,2914,READ_HEAVY,ADD_INDEX_CONCURRENTLY,HIGH,0.81,4.42,1,0
MIG-10440,order_shipments,29143.04,28.46,7589946,1102,WRITE_HEAVY,ADD_INDEX_CONCURRENTLY,MEDIUM,0.21,0.43,1,0
MIG-10441,orders,228730.88,223.37,27920654,3098,READ_HEAVY,ADD_INDEX_CONCURRENTLY,CRITICAL,1.06,4.3,1,0
MIG-10442,order_payments,124712.96,121.79,29978612,2266,ANALYTICAL_BATCH,ADD_INDEX_CONCURRENTLY,HIGH,0.66,2.53,1,0
MIG-10443,orders,212551.68,207.57,25946504,1274,READ_HEAVY,DROP_COLUMN,MEDIUM,1.28,2.75,1,0
MIG-10444,orders,261601.28,255.47,31934322,4969,READ_HEAVY,DROP_COLUMN,CRITICAL,1.68,10.29,1,0
MIG-10445,order_payments,59033.6,57.65,14191541,886,WRITE_HEAVY,ADD_COLUMN_DEFAULT,MEDIUM,0.78,1.66,1,0
MIG-10446,customer_sessions,67665.92,66.08,15103741,671,MIXED_OLTP,ADD_COLUMN_DEFAULT,MEDIUM,0.85,1.29,1,0
MIG-10447,order_items,296376.32,289.43,46515282,1369,WRITE_HEAVY,DROP_COLUMN,MEDIUM,1.61,2.39,1,0
MIG-10448,orders,168017.92,164.08,20509762,5057,WRITE_HEAVY,DROP_COLUMN,CRITICAL,1.09,13.76,1,0
MIG-10449,order_items,344657.92,336.58,54093602,1378,WRITE_HEAVY,ALTER_COLUMN_TYPE,MEDIUM,77.6,218.2,0,1
MIG-10450,orders,50442.24,49.26,6157950,1170,READ_HEAVY,ADD_INDEX_LOCKING,MEDIUM,7.82,15.17,1,0
MIG-10451,order_shipments,66078.72,64.53,17208383,2742,MIXED_OLTP,ALTER_COLUMN_TYPE,HIGH,28.34,194.45,0,1
MIG-10452,order_payments,116183.04,113.46,27928169,4006,MIXED_OLTP,ALTER_COLUMN_TYPE,CRITICAL,38.74,675.09,0,1
MIG-10453,orders,87756.8,85.7,10712914,411,WRITE_HEAVY,ALTER_COLUMN_TYPE,LOW,27.79,42.42,0,1
MIG-10454,orders,255221.76,249.24,31154708,988,READ_HEAVY,DROP_COLUMN,MEDIUM,1.64,1.6,1,0
MIG-10455,orders,166471.68,162.57,20320787,4985,MIXED_OLTP,DROP_COLUMN,CRITICAL,1.02,7.41,1,0
MIG-10456,customer_sessions,25835.52,25.23,5766742,1719,READ_HEAVY,ADD_INDEX_LOCKING,HIGH,5.58,23.88,1,0
MIG-10457,order_items,448061.44,437.56,70321753,796,WRITE_HEAVY,ADD_INDEX_CONCURRENTLY,MEDIUM,1.64,2.92,1,0
MIG-10458,order_payments,49612.8,48.45,11927374,714,READ_HEAVY,ADD_COLUMN_DEFAULT,MEDIUM,0.7,1.06,1,0
MIG-10459,order_items,147476.48,144.02,23146201,906,READ_HEAVY,ALTER_COLUMN_TYPE,MEDIUM,48.79,59.64,0,1
MIG-10460,order_items,468377.6,457.4,73510534,2721,ANALYTICAL_BATCH,ADD_COLUMN_DEFAULT,HIGH,3.35,20.01,1,0
MIG-10461,orders,73635.84,71.91,8988761,615,MIXED_OLTP,ADD_INDEX_CONCURRENTLY,MEDIUM,0.39,0.7,1,0
MIG-10462,customer_sessions,21186.56,20.69,4729531,2595,WRITE_HEAVY,ADD_COLUMN_DEFAULT,HIGH,0.44,2.22,1,0
MIG-10463,order_items,496568.32,484.93,77935428,432,MIXED_OLTP,ADD_INDEX_CONCURRENTLY,LOW,1.59,2.61,1,0
MIG-10464,order_items,143175.68,139.82,22471380,2506,WRITE_HEAVY,ADD_COLUMN_DEFAULT,HIGH,1.33,5.68,1,0
MIG-10465,order_payments,123637.76,120.74,29721352,358,MIXED_OLTP,ADD_COLUMN_DEFAULT,LOW,1.2,1.35,1,0
MIG-10466,order_items,525578.24,513.26,82488049,3346,READ_HEAVY,ADD_COLUMN_DEFAULT,CRITICAL,4.21,21.4,1,0
MIG-10467,customer_sessions,23459.84,22.91,5236065,345,WRITE_HEAVY,ADD_COLUMN_DEFAULT,LOW,0.38,0.65,1,0
MIG-10468,orders,163809.28,159.97,19996277,190,READ_HEAVY,ADD_INDEX_CONCURRENTLY,LOW,0.63,0.76,1,0
MIG-10469,order_items,164556.8,160.7,25826664,198,WRITE_HEAVY,ADD_COLUMN_DEFAULT,LOW,1.91,1.12,1,0
MIG-10470,order_items,441159.68,430.82,69238268,1361,WRITE_HEAVY,ADD_INDEX_CONCURRENTLY,MEDIUM,1.22,2.43,1,0
MIG-10471,order_items,147169.28,143.72,23097331,1115,READ_HEAVY,ADD_COLUMN_DEFAULT,MEDIUM,1.46,3.34,1,0
MIG-10472,orders,258058.24,252.01,31500983,2990,MIXED_OLTP,DROP_COLUMN,HIGH,1.9,4.63,1,0
MIG-10473,orders,95098.88,92.87,11608729,4136,MIXED_OLTP,ADD_INDEX_CONCURRENTLY,CRITICAL,0.52,4.11,1,0
MIG-10474,orders,200202.24,195.51,24438155,857,READ_HEAVY,ALTER_COLUMN_TYPE,MEDIUM,58.98,88.81,0,1
MIG-10475,order_items,180899.84,176.66,28391605,1495,WRITE_HEAVY,DROP_COLUMN,MEDIUM,1.23,2.64,1,0
MIG-10476,order_items,222863.36,217.64,34977312,1122,READ_HEAVY,ADD_INDEX_CONCURRENTLY,MEDIUM,1.07,1.62,1,0
MIG-10477,order_items,347422.72,339.28,54526921,2794,READ_HEAVY,ADD_COLUMN_DEFAULT,HIGH,3.48,12.07,1,0
MIG-10478,order_items,410460.16,400.84,64420787,117,WRITE_HEAVY,ADD_INDEX_CONCURRENTLY,LOW,1.65,1.21,1,0
MIG-10479,order_items,630200.32,615.43,98907922,1025,MIXED_OLTP,ADD_INDEX_CONCURRENTLY,MEDIUM,1.54,2.45,1,0
MIG-10480,order_items,128071.68,125.07,20100024,426,ANALYTICAL_BATCH,ALTER_COLUMN_TYPE,LOW,38.82,54.15,0,1
MIG-10481,orders,49223.68,48.07,6008489,1308,WRITE_HEAVY,DROP_COLUMN,MEDIUM,0.42,0.94,1,0
MIG-10482,order_items,295516.16,288.59,46379734,1215,MIXED_OLTP,ADD_INDEX_LOCKING,MEDIUM,28.39,57.83,0,1
MIG-10483,order_items,303656.96,296.54,47658665,165,READ_HEAVY,DROP_COLUMN,LOW,2.06,1.88,1,0
MIG-10484,orders,244643.84,238.91,29863605,318,WRITE_HEAVY,ALTER_COLUMN_TYPE,LOW,63.12,61.56,0,1
MIG-10485,order_items,585666.56,571.94,91919186,1652,READ_HEAVY,ALTER_COLUMN_TYPE,HIGH,141.33,481.87,0,1
MIG-10486,order_items,569118.72,555.78,89322523,420,WRITE_HEAVY,ADD_INDEX_CONCURRENTLY,LOW,2.07,1.57,1,0
MIG-10487,orders,80824.32,78.93,9865826,2445,WRITE_HEAVY,ADD_INDEX_CONCURRENTLY,HIGH,0.39,2.48,1,0
MIG-10488,order_items,327372.8,319.7,51380491,693,ANALYTICAL_BATCH,ADD_COLUMN_DEFAULT,MEDIUM,2.44,3.69,1,0
MIG-10489,order_items,499640.32,487.93,78416698,4816,READ_HEAVY,ADD_COLUMN_DEFAULT,CRITICAL,4.47,27.69,0,1
MIG-10490,order_payments,64081.92,62.58,15403198,2578,WRITE_HEAVY,ADD_COLUMN_DEFAULT,HIGH,0.97,2.86,1,0
MIG-10491,order_items,456980.48,446.27,71722280,121,READ_HEAVY,ADD_INDEX_CONCURRENTLY,LOW,1.53,1.71,1,0
MIG-10492,order_payments,55040.0,53.75,13229714,3223,ANALYTICAL_BATCH,ADD_INDEX_LOCKING,CRITICAL,11.21,123.42,0,1
MIG-10493,order_items,281600.0,275.0,44196959,700,READ_HEAVY,ADD_INDEX_CONCURRENTLY,MEDIUM,1.17,1.03,1,0
MIG-10494,order_payments,129710.08,126.67,31180373,570,ANALYTICAL_BATCH,ADD_INDEX_LOCKING,MEDIUM,15.27,27.39,1,0
MIG-10495,order_items,243978.24,238.26,38291231,2305,MIXED_OLTP,ADD_COLUMN_DEFAULT,HIGH,2.48,10.04,1,0
MIG-10496,order_items,612372.48,598.02,96110251,2819,WRITE_HEAVY,ADD_INDEX_CONCURRENTLY,HIGH,2.11,6.19,1,0
MIG-10497,order_items,272742.4,266.35,42807024,562,MIXED_OLTP,ALTER_COLUMN_TYPE,MEDIUM,72.6,85.81,0,1
MIG-10498,order_items,126832.64,123.86,19905776,1114,MIXED_OLTP,ADD_COLUMN_DEFAULT,MEDIUM,1.54,2.2,1,0
MIG-10499,order_items,246241.28,240.47,38646973,269,MIXED_OLTP,ADD_INDEX_LOCKING,LOW,26.4,26.53,0,1
MIG-10500,order_payments,47134.72,46.03,11330702,1336,READ_HEAVY,ALTER_COLUMN_TYPE,MEDIUM,24.58,34.59,0,1
MIG-10501,order_shipments,60467.2,59.05,15747462,4205,WRITE_HEAVY,ADD_INDEX_CONCURRENTLY,CRITICAL,0.3,3.9,1,0
MIG-10502,customer_sessions,21606.4,21.1,4823111,1168,WRITE_HEAVY,ADD_INDEX_CONCURRENTLY,MEDIUM,0.18,0.32,1,0
MIG-10503,order_items,437790.72,427.53,68709959,5304,READ_HEAVY,ADD_INDEX_CONCURRENTLY,CRITICAL,1.39,11.56,1,0
MIG-10504,order_items,566220.8,552.95,88866824,154,MIXED_OLTP,ADD_INDEX_CONCURRENTLY,LOW,1.64,1.25,1,0
MIG-10505,order_payments,70051.84,68.41,16840543,1973,MIXED_OLTP,TABLE_REWRITE,HIGH,49.51,293.03,0,1
MIG-10506,order_items,201646.08,196.92,31647910,3674,READ_HEAVY,ADD_INDEX_LOCKING,CRITICAL,23.46,344.73,0,1
MIG-10507,order_shipments,51609.6,50.4,13440539,1753,WRITE_HEAVY,ADD_COLUMN_DEFAULT,HIGH,0.69,2.44,1,0
MIG-10508,order_items,520325.12,508.13,81663312,359,WRITE_HEAVY,DROP_COLUMN,LOW,2.85,2.35,1,0
MIG-10509,orders,179978.24,175.76,21970167,507,MIXED_OLTP,ALTER_COLUMN_TYPE,MEDIUM,59.36,92.56,0,1
MIG-10510,orders,71526.4,69.85,8730866,254,READ_HEAVY,ADD_INDEX_CONCURRENTLY,LOW,0.42,0.32,1,0
MIG-10511,order_shipments,62986.24,61.51,16403242,1682,MIXED_OLTP,ADD_INDEX_CONCURRENTLY,HIGH,0.38,1.01,1,0
MIG-10512,orders,152688.64,149.11,18638305,4538,WRITE_HEAVY,ALTER_COLUMN_TYPE,CRITICAL,51.92,1735.15,0,1
MIG-10513,orders,121507.84,118.66,14832030,1250,READ_HEAVY,ADD_INDEX_LOCKING,MEDIUM,17.37,23.73,1,0
MIG-10514,order_items,171540.48,167.52,26923008,286,ANALYTICAL_BATCH,ADD_INDEX_CONCURRENTLY,LOW,0.72,1.08,1,0
MIG-10515,orders,266158.08,259.92,32490022,944,WRITE_HEAVY,ADD_COLUMN_DEFAULT,MEDIUM,2.37,3.89,1,0
MIG-10516,order_items,205547.52,200.73,32259508,949,WRITE_HEAVY,ADD_INDEX_CONCURRENTLY,MEDIUM,0.93,1.76,1,0
MIG-10517,order_payments,49715.2,48.55,11950995,698,MIXED_OLTP,DROP_COLUMN,MEDIUM,0.44,0.68,1,0
MIG-10518,orders,81356.8,79.45,9930732,875,READ_HEAVY,DROP_COLUMN,MEDIUM,0.75,0.99,1,0
MIG-10519,order_shipments,65730.56,64.19,17116169,2899,ANALYTICAL_BATCH,ADD_INDEX_CONCURRENTLY,HIGH,0.42,1.14,1,0
MIG-10520,order_shipments,55234.56,53.94,14383262,116,ANALYTICAL_BATCH,ADD_INDEX_LOCKING,LOW,10.8,8.72,1,0
MIG-10521,order_items,243486.72,237.78,38214131,2681,MIXED_OLTP,ADD_COLUMN_DEFAULT,HIGH,2.41,10.77,1,0
MIG-10522,orders,144138.24,140.76,17594431,664,WRITE_HEAVY,ADD_INDEX_LOCKING,MEDIUM,17.3,34.44,0,1
MIG-10523,order_items,462295.04,451.46,72555269,145,READ_HEAVY,DROP_COLUMN,LOW,2.75,2.17,1,0
MIG-10524,orders,111462.4,108.85,13605914,1928,MIXED_OLTP,ADD_COLUMN_DEFAULT,HIGH,1.11,2.31,1,0
MIG-10525,order_items,587038.72,573.28,92134907,1903,READ_HEAVY,ADD_INDEX_CONCURRENTLY,HIGH,1.56,3.66,1,0
MIG-10526,customer_sessions,34099.2,33.3,7611385,816,ANALYTICAL_BATCH,ADD_INDEX_CONCURRENTLY,MEDIUM,0.22,0.35,1,0
MIG-10527,customer_sessions,27125.76,26.49,6053778,2774,MIXED_OLTP,ADD_INDEX_LOCKING,HIGH,4.8,41.78,0,1
MIG-10528,order_payments,140984.32,137.68,33891553,1404,WRITE_HEAVY,DROP_COLUMN,MEDIUM,1.02,1.79,1,0
MIG-10529,order_items,533012.48,520.52,83655409,1192,READ_HEAVY,ADD_INDEX_CONCURRENTLY,MEDIUM,1.51,2.71,1,0
MIG-10530,order_payments,67737.6,66.15,16282363,3365,MIXED_OLTP,TABLE_REWRITE,CRITICAL,41.82,876.21,0,1
MIG-10531,order_payments,127436.8,124.45,30633237,5363,WRITE_HEAVY,ADD_INDEX_LOCKING,CRITICAL,18.32,705.09,0,1
MIG-10532,order_items,382443.52,373.48,60023954,438,WRITE_HEAVY,ADD_INDEX_CONCURRENTLY,LOW,1.53,1.77,1,0
MIG-10533,order_items,293642.24,286.76,46086952,3190,MIXED_OLTP,ADD_INDEX_CONCURRENTLY,CRITICAL,0.94,7.87,1,0
MIG-10534,orders,234864.64,229.36,28669512,2080,WRITE_HEAVY,ADD_COLUMN_DEFAULT,HIGH,2.44,6.48,1,0
MIG-10535,orders,215521.28,210.47,26308456,410,WRITE_HEAVY,ADD_INDEX_CONCURRENTLY,LOW,0.98,1.16,1,0
MIG-10536,order_items,268421.12,262.13,42127862,589,MIXED_OLTP,TABLE_REWRITE,MEDIUM,107.09,150.36,0,1
MIG-10537,orders,183336.96,179.04,22380319,130,MIXED_OLTP,DROP_COLUMN,LOW,1.27,1.13,1,0
MIG-10538,orders,130856.96,127.79,15973536,1105,READ_HEAVY,ADD_INDEX_CONCURRENTLY,MEDIUM,0.61,0.8,1,0
MIG-10539,order_shipments,18524.16,18.09,4822722,3841,ANALYTICAL_BATCH,ADD_COLUMN_DEFAULT,CRITICAL,0.44,2.88,1,0
MIG-10540,customer_sessions,76380.16,74.59,17050146,941,ANALYTICAL_BATCH,ADD_INDEX_CONCURRENTLY,MEDIUM,0.37,0.75,1,0
MIG-10541,order_items,398346.24,389.01,62519955,1250,READ_HEAVY,ADD_COLUMN_DEFAULT,MEDIUM,3.59,5.02,1,0
MIG-10542,order_shipments,68065.28,66.47,17726144,1044,WRITE_HEAVY,ADD_INDEX_CONCURRENTLY,MEDIUM,0.45,0.65,1,0
MIG-10543,customer_sessions,53032.96,51.79,11838436,1211,MIXED_OLTP,ALTER_COLUMN_TYPE,MEDIUM,26.99,36.58,0,1
MIG-10544,orders,170946.56,166.94,20867319,1689,WRITE_HEAVY,ADD_INDEX_LOCKING,HIGH,24.2,133.67,0,1
MIG-10545,order_items,264376.32,258.18,41493875,502,MIXED_OLTP,ALTER_COLUMN_TYPE,MEDIUM,62.49,74.41,0,1
MIG-10546,order_items,616110.08,601.67,96697666,751,READ_HEAVY,ADD_INDEX_CONCURRENTLY,MEDIUM,1.91,1.89,1,0
MIG-10547,orders,186654.72,182.28,22785047,701,READ_HEAVY,ADD_COLUMN_DEFAULT,MEDIUM,1.96,3.32,1,0
MIG-10548,order_payments,107008.0,104.5,25722535,1986,READ_HEAVY,ADD_INDEX_LOCKING,HIGH,14.61,62.44,0,1
MIG-10549,order_items,349409.28,341.22,54838213,2667,READ_HEAVY,ADD_COLUMN_DEFAULT,HIGH,2.94,11.05,1,0
MIG-10550,order_items,263249.92,257.08,41316773,1727,ANALYTICAL_BATCH,ADD_COLUMN_DEFAULT,HIGH,2.47,7.3,1,0
MIG-10551,orders,63385.6,61.9,7737422,626,WRITE_HEAVY,TABLE_REWRITE,MEDIUM,53.06,71.81,0,1
MIG-10552,orders,126617.6,123.65,15456215,700,ANALYTICAL_BATCH,ADD_INDEX_LOCKING,MEDIUM,17.69,20.34,1,0
MIG-10553,order_shipments,33034.24,32.26,8603704,1989,WRITE_HEAVY,ALTER_COLUMN_TYPE,HIGH,18.87,161.41,0,1
MIG-10554,orders,195594.24,191.01,23876383,1795,MIXED_OLTP,ADD_COLUMN_DEFAULT,HIGH,1.77,4.87,1,0
MIG-10555,orders,243568.64,237.86,29733104,683,ANALYTICAL_BATCH,DROP_COLUMN,MEDIUM,1.29,2.34,1,0
MIG-10556,orders,116121.6,113.4,14174381,4448,READ_HEAVY,ADD_COLUMN_DEFAULT,CRITICAL,1.57,10.56,1,0
MIG-10557,order_items,286484.48,279.77,44963492,611,WRITE_HEAVY,ADD_COLUMN_DEFAULT,MEDIUM,2.78,4.24,1,0
MIG-10558,order_items,460656.64,449.86,72299524,161,MIXED_OLTP,ADD_INDEX_CONCURRENTLY,LOW,1.4,1.1,1,0
MIG-10559,order_items,191723.52,187.23,30090986,5091,MIXED_OLTP,ALTER_COLUMN_TYPE,CRITICAL,48.37,991.88,0,1
MIG-10560,orders,254730.24,248.76,31094810,107,WRITE_HEAVY,ADD_COLUMN_DEFAULT,LOW,2.27,1.86,1,0
MIG-10561,orders,129628.16,126.59,15823863,3153,READ_HEAVY,DROP_COLUMN,CRITICAL,0.84,5.18,1,0
MIG-10562,order_shipments,26828.8,26.2,6985908,1604,MIXED_OLTP,ALTER_COLUMN_TYPE,HIGH,12.73,92.2,0,1
MIG-10563,order_items,204840.96,200.04,32149404,4340,WRITE_HEAVY,ADD_INDEX_LOCKING,CRITICAL,25.18,506.49,0,1
MIG-10564,order_items,596070.4,582.1,93552432,1194,READ_HEAVY,ADD_INDEX_CONCURRENTLY,MEDIUM,1.6,2.85,1,0
MIG-10565,order_payments,56227.84,54.91,13517035,2539,READ_HEAVY,DROP_COLUMN,HIGH,0.5,1.64,1,0
MIG-10566,order_payments,105973.76,103.49,25473341,2535,WRITE_HEAVY,ADD_COLUMN_DEFAULT,HIGH,1.35,5.19,1,0
MIG-10567,orders,83691.52,81.73,10216461,557,MIXED_OLTP,ADD_INDEX_CONCURRENTLY,MEDIUM,0.51,0.66,1,0
MIG-10568,order_items,214865.92,209.83,33722237,844,WRITE_HEAVY,ADD_INDEX_CONCURRENTLY,MEDIUM,0.79,1.47,1,0
MIG-10569,order_items,568463.36,555.14,89218295,353,ANALYTICAL_BATCH,DROP_COLUMN,LOW,3.0,3.54,1,0
MIG-10570,order_items,191088.64,186.61,29990690,1182,READ_HEAVY,ADD_INDEX_LOCKING,MEDIUM,22.25,22.27,1,0
MIG-10571,order_shipments,19988.48,19.52,5205012,3835,READ_HEAVY,TABLE_REWRITE,CRITICAL,19.84,325.43,0,1
MIG-10572,order_items,373370.88,364.62,58599888,1346,READ_HEAVY,ADD_COLUMN_DEFAULT,MEDIUM,3.2,5.4,1,0
MIG-10573,order_payments,129986.56,126.94,31246532,2750,READ_HEAVY,ADD_COLUMN_DEFAULT,HIGH,1.39,4.73,1,0
MIG-10574,order_shipments,45475.84,44.41,11841406,1265,MIXED_OLTP,ADD_INDEX_CONCURRENTLY,MEDIUM,0.31,0.48,1,0
MIG-10575,order_items,180828.16,176.59,28381143,1297,MIXED_OLTP,TABLE_REWRITE,MEDIUM,92.08,195.26,0,1
MIG-10576,order_shipments,99901.44,97.56,26016185,5437,MIXED_OLTP,ALTER_COLUMN_TYPE,CRITICAL,34.38,799.87,0,1
MIG-10577,order_items,463953.92,453.08,72815828,417,READ_HEAVY,TABLE_REWRITE,LOW,178.19,203.11,0,1
MIG-10578,order_shipments,88995.84,86.91,23174917,1085,WRITE_HEAVY,ADD_COLUMN_DEFAULT,MEDIUM,1.3,1.48,1,0
MIG-10579,order_items,502865.92,491.08,78923200,898,WRITE_HEAVY,ADD_INDEX_CONCURRENTLY,MEDIUM,1.63,2.54,1,0
MIG-10580,order_items,475043.84,463.91,74557624,244,MIXED_OLTP,DROP_COLUMN,LOW,2.08,3.81,1,0
MIG-10581,order_items,313159.68,305.82,49149689,1322,READ_HEAVY,ADD_COLUMN_DEFAULT,MEDIUM,2.99,4.4,1,0
MIG-10582,orders,120893.44,118.06,14757179,1943,READ_HEAVY,ADD_COLUMN_DEFAULT,HIGH,1.66,3.31,1,0
MIG-10583,order_items,484710.4,473.35,76073646,351,READ_HEAVY,ADD_INDEX_CONCURRENTLY,LOW,1.76,1.32,1,0
MIG-10584,order_shipments,77875.2,76.05,20281000,2254,READ_HEAVY,ADD_INDEX_CONCURRENTLY,HIGH,0.41,1.69,1,0
MIG-10585,order_items,605286.4,591.1,94997659,2068,MIXED_OLTP,ADD_COLUMN_DEFAULT,HIGH,4.17,13.33,1,0
MIG-10586,orders,174929.92,170.83,21353815,280,READ_HEAVY,TABLE_REWRITE,LOW,102.45,101.26,0,1
MIG-10587,order_items,266741.76,260.49,41864309,580,ANALYTICAL_BATCH,ADD_INDEX_LOCKING,MEDIUM,32.41,34.72,1,0
MIG-10588,orders,157429.76,153.74,19217277,383,WRITE_HEAVY,ADD_INDEX_LOCKING,LOW,20.68,29.1,0,1
MIG-10589,orders,184893.44,180.56,22570273,1600,READ_HEAVY,ADD_INDEX_CONCURRENTLY,HIGH,0.83,1.39,1,0
MIG-10590,customer_sessions,41861.12,40.88,9344909,573,WRITE_HEAVY,ADD_INDEX_LOCKING,MEDIUM,8.53,8.91,1,0
MIG-10591,order_items,522987.52,510.73,82081782,200,MIXED_OLTP,ADD_COLUMN_DEFAULT,LOW,3.54,4.94,1,0
MIG-10592,order_items,416409.6,406.65,65353670,1031,READ_HEAVY,ADD_INDEX_CONCURRENTLY,MEDIUM,1.17,1.94,1,0
MIG-10593,order_items,119562.24,116.76,18764293,799,READ_HEAVY,ADD_COLUMN_DEFAULT,MEDIUM,1.49,1.77,1,0
MIG-10594,orders,175196.16,171.09,21385676,2820,MIXED_OLTP,ADD_INDEX_CONCURRENTLY,HIGH,0.72,2.54,1,0
MIG-10595,orders,189296.64,184.86,23107302,471,READ_HEAVY,ALTER_COLUMN_TYPE,LOW,65.11,75.11,0,1
MIG-10596,order_payments,136284.16,133.09,32759524,257,WRITE_HEAVY,ALTER_COLUMN_TYPE,LOW,44.18,50.75,0,1
MIG-10597,order_items,328212.48,320.52,51511455,1499,READ_HEAVY,ADD_INDEX_CONCURRENTLY,MEDIUM,1.17,2.2,1,0
MIG-10598,customer_sessions,51394.56,50.19,11472334,1633,WRITE_HEAVY,DROP_COLUMN,HIGH,0.42,1.43,1,0
MIG-10599,order_items,359833.6,351.4,56474793,1715,MIXED_OLTP,ADD_COLUMN_DEFAULT,HIGH,2.97,11.12,1,0
MIG-10600,order_items,389068.8,379.95,61064170,847,MIXED_OLTP,ADD_INDEX_CONCURRENTLY,MEDIUM,1.42,1.36,1,0
MIG-10601,order_payments,34682.88,33.87,8338357,1442,MIXED_OLTP,DROP_COLUMN,MEDIUM,0.37,0.51,1,0
MIG-10602,order_shipments,92856.32,90.68,24181327,2255,MIXED_OLTP,ADD_INDEX_LOCKING,HIGH,11.42,111.82,0,1
MIG-10603,order_payments,135700.48,132.52,32619875,382,MIXED_OLTP,ADD_INDEX_LOCKING,LOW,14.77,19.02,1,0
MIG-10604,customer_sessions,49694.72,48.53,11092058,1152,READ_HEAVY,ADD_INDEX_CONCURRENTLY,MEDIUM,0.35,0.6,1,0
MIG-10605,order_payments,93306.88,91.12,22428798,998,WRITE_HEAVY,ADD_COLUMN_DEFAULT,MEDIUM,1.33,1.38,1,0
MIG-10606,order_shipments,23203.84,22.66,6043210,1431,READ_HEAVY,ADD_INDEX_CONCURRENTLY,MEDIUM,0.16,0.34,1,0
MIG-10607,orders,181411.84,177.16,22144663,1454,ANALYTICAL_BATCH,ADD_INDEX_CONCURRENTLY,MEDIUM,0.73,1.12,1,0
MIG-10608,order_payments,78039.04,76.21,18759571,948,ANALYTICAL_BATCH,ADD_INDEX_CONCURRENTLY,MEDIUM,0.51,0.98,1,0
MIG-10609,order_items,480624.64,469.36,75432534,1213,MIXED_OLTP,ADD_INDEX_CONCURRENTLY,MEDIUM,1.38,2.71,1,0
MIG-10610,order_items,139008.0,135.75,21817118,349,WRITE_HEAVY,ADD_COLUMN_DEFAULT,LOW,1.79,1.73,1,0
MIG-10611,order_payments,111790.08,109.17,26873565,1093,WRITE_HEAVY,ADD_COLUMN_DEFAULT,MEDIUM,1.55,2.74,1,0
MIG-10612,customer_sessions,32839.68,32.07,7331271,601,MIXED_OLTP,DROP_COLUMN,MEDIUM,0.42,0.44,1,0
MIG-10613,customer_sessions,56381.44,55.06,12584556,183,WRITE_HEAVY,ADD_COLUMN_DEFAULT,LOW,0.75,0.81,1,0
MIG-10614,orders,187863.04,183.46,22932401,2985,READ_HEAVY,ADD_INDEX_CONCURRENTLY,HIGH,0.69,2.07,1,0
MIG-10615,order_payments,53800.96,52.54,12933034,1866,READ_HEAVY,TABLE_REWRITE,HIGH,34.87,256.88,0,1
MIG-10616,order_payments,79390.72,77.53,19085027,4629,WRITE_HEAVY,ALTER_COLUMN_TYPE,CRITICAL,28.19,909.88,0,1
MIG-10617,order_items,545955.84,533.16,85686293,1411,MIXED_OLTP,ADD_INDEX_CONCURRENTLY,MEDIUM,2.0,2.54,1,0
MIG-10618,orders,183101.44,178.81,22350974,1102,ANALYTICAL_BATCH,ADD_COLUMN_DEFAULT,MEDIUM,1.8,4.3,1,0
MIG-10619,orders,64358.4,62.85,7855934,715,MIXED_OLTP,ADD_INDEX_CONCURRENTLY,MEDIUM,0.44,0.64,1,0
MIG-10620,order_payments,79687.68,77.82,19155774,5149,READ_HEAVY,TABLE_REWRITE,CRITICAL,55.05,2206.43,0,1
MIG-10621,order_items,275589.12,269.13,43253488,532,READ_HEAVY,ADD_COLUMN_DEFAULT,MEDIUM,2.5,3.63,1,0
MIG-10622,customer_sessions,55726.08,54.42,12439697,1223,ANALYTICAL_BATCH,ADD_INDEX_CONCURRENTLY,MEDIUM,0.41,0.57,1,0
MIG-10623,order_items,431861.76,421.74,67779679,1899,READ_HEAVY,ADD_INDEX_LOCKING,HIGH,33.45,564.7,0,1
MIG-10624,customer_sessions,15011.84,14.66,3349732,356,READ_HEAVY,ADD_INDEX_LOCKING,LOW,3.54,5.52,1,0
MIG-10625,order_items,428318.72,418.28,67223336,980,MIXED_OLTP,ADD_INDEX_CONCURRENTLY,MEDIUM,1.22,2.37,1,0
MIG-10626,order_payments,114667.52,111.98,27563670,1069,WRITE_HEAVY,ADD_COLUMN_DEFAULT,MEDIUM,1.49,2.01,1,0
MIG-10627,orders,219187.2,214.05,26755710,2072,WRITE_HEAVY,ADD_COLUMN_DEFAULT,HIGH,2.15,6.56,1,0
MIG-10628,order_items,145121.28,141.72,22777037,2293,MIXED_OLTP,ADD_INDEX_CONCURRENTLY,HIGH,0.6,1.48,1,0
MIG-10629,order_shipments,43622.4,42.6,11359021,1435,READ_HEAVY,ADD_INDEX_CONCURRENTLY,MEDIUM,0.34,0.54,1,0
MIG-10630,customer_sessions,41512.96,40.54,9266339,2739,WRITE_HEAVY,ADD_INDEX_LOCKING,HIGH,9.15,114.32,0,1
MIG-10631,order_shipments,33341.44,32.56,8683068,918,WRITE_HEAVY,ADD_INDEX_LOCKING,MEDIUM,5.49,10.06,1,0
MIG-10632,orders,142213.12,138.88,17359814,476,ANALYTICAL_BATCH,DROP_COLUMN,LOW,0.86,1.55,1,0
MIG-10633,order_items,151398.4,147.85,23761492,5222,READ_HEAVY,DROP_COLUMN,CRITICAL,1.07,10.16,1,0
MIG-10634,orders,74188.8,72.45,9056866,2440,READ_HEAVY,ADD_COLUMN_DEFAULT,HIGH,0.97,2.25,1,0
MIG-10635,orders,197058.56,192.44,24054758,4486,WRITE_HEAVY,ADD_COLUMN_DEFAULT,CRITICAL,2.14,14.72,1,0
MIG-10636,order_payments,58081.28,56.72,13962086,1553,ANALYTICAL_BATCH,ADD_INDEX_LOCKING,HIGH,8.97,70.52,0,1
MIG-10637,order_payments,111851.52,109.23,26888488,1024,MIXED_OLTP,ADD_INDEX_CONCURRENTLY,MEDIUM,0.65,0.87,1,0
MIG-10638,order_payments,32389.12,31.63,7785525,712,READ_HEAVY,ADD_INDEX_CONCURRENTLY,MEDIUM,0.25,0.23,1,0
MIG-10639,order_shipments,65105.92,63.58,16954385,660,WRITE_HEAVY,ADD_INDEX_CONCURRENTLY,MEDIUM,0.36,0.43,1,0
MIG-10640,order_payments,73523.2,71.8,17673721,443,MIXED_OLTP,ADD_INDEX_LOCKING,LOW,9.65,11.59,1,0
MIG-10641,order_shipments,84531.2,82.55,22014582,771,MIXED_OLTP,DROP_COLUMN,MEDIUM,0.7,0.78,1,0
MIG-10642,orders,222545.92,217.33,27166692,1115,MIXED_OLTP,ADD_COLUMN_DEFAULT,MEDIUM,2.14,3.67,1,0
MIG-10643,orders,132218.88,129.12,16140110,446,ANALYTICAL_BATCH,ADD_COLUMN_DEFAULT,LOW,1.52,2.15,1,0
MIG-10644,order_items,436070.4,425.85,68439835,2396,READ_HEAVY,ALTER_COLUMN_TYPE,HIGH,99.46,813.66,0,1
MIG-10645,order_shipments,37304.32,36.43,9715055,411,WRITE_HEAVY,ADD_INDEX_CONCURRENTLY,LOW,0.25,0.2,1,0
MIG-10646,orders,177530.88,173.37,21670984,1275,READ_HEAVY,ADD_COLUMN_DEFAULT,MEDIUM,1.72,2.35,1,0
MIG-10647,order_items,156631.04,152.96,24582440,2171,MIXED_OLTP,ADD_INDEX_LOCKING,HIGH,18.14,179.59,0,1
MIG-10648,order_payments,78694.4,76.85,18916603,2882,WRITE_HEAVY,DROP_COLUMN,HIGH,0.59,2.99,1,0
MIG-10649,orders,89569.28,87.47,10933647,463,WRITE_HEAVY,ADD_COLUMN_DEFAULT,LOW,1.1,1.38,1,0
MIG-10650,order_items,570593.28,557.22,89553875,2006,MIXED_OLTP,ADD_INDEX_CONCURRENTLY,HIGH,1.77,5.58,1,0
MIG-10651,order_shipments,55336.96,54.04,14409857,2728,READ_HEAVY,TABLE_REWRITE,HIGH,36.35,430.07,0,1
MIG-10652,order_payments,97402.88,95.12,23414283,3457,MIXED_OLTP,ADD_COLUMN_DEFAULT,CRITICAL,1.2,8.01,1,0
MIG-10653,orders,128860.16,125.84,15730310,612,WRITE_HEAVY,ALTER_COLUMN_TYPE,MEDIUM,39.92,55.36,0,1
MIG-10654,order_shipments,42383.36,41.39,11036806,312,WRITE_HEAVY,ADD_INDEX_LOCKING,LOW,9.1,6.98,1,0
MIG-10655,order_items,219412.48,214.27,34436502,2408,WRITE_HEAVY,ALTER_COLUMN_TYPE,HIGH,63.62,571.96,0,1
MIG-10656,order_shipments,94064.64,91.86,24496426,1083,MIXED_OLTP,ADD_INDEX_CONCURRENTLY,MEDIUM,0.55,0.53,1,0
MIG-10657,orders,225976.32,220.68,27585576,2698,MIXED_OLTP,ADD_COLUMN_DEFAULT,HIGH,2.37,10.93,1,0
MIG-10658,order_items,183459.84,179.16,28794152,2086,READ_HEAVY,ADD_INDEX_CONCURRENTLY,HIGH,0.65,2.33,1,0
MIG-10659,order_items,500070.4,488.35,78484714,2712,READ_HEAVY,ADD_INDEX_CONCURRENTLY,HIGH,1.32,5.44,1,0
MIG-10660,orders,141721.6,138.4,17300330,5255,WRITE_HEAVY,ADD_INDEX_CONCURRENTLY,CRITICAL,0.57,6.0,1,0
MIG-10661,order_shipments,19712.0,19.25,5132567,591,MIXED_OLTP,ADD_COLUMN_DEFAULT,MEDIUM,0.34,0.48,1,0
MIG-10662,orders,166021.12,162.13,20265917,4123,ANALYTICAL_BATCH,ADD_COLUMN_DEFAULT,CRITICAL,1.66,12.34,1,0
MIG-10663,orders,77916.16,76.09,9511253,1836,MIXED_OLTP,DROP_COLUMN,HIGH,0.71,1.61,1,0
MIG-10664,order_items,223037.44,217.81,35004679,362,WRITE_HEAVY,ADD_COLUMN_DEFAULT,LOW,2.07,2.96,1,0
MIG-10665,order_payments,110018.56,107.44,26445979,2119,READ_HEAVY,ADD_INDEX_CONCURRENTLY,HIGH,0.48,1.02,1,0
MIG-10666,order_shipments,39761.92,38.83,10354268,1922,WRITE_HEAVY,ADD_COLUMN_DEFAULT,HIGH,0.61,2.93,1,0
MIG-10667,customer_sessions,71874.56,70.19,16043190,3629,WRITE_HEAVY,DROP_COLUMN,CRITICAL,0.7,6.24,1,0
MIG-10668,orders,194508.8,189.95,23743583,854,WRITE_HEAVY,ADD_INDEX_CONCURRENTLY,MEDIUM,0.69,1.38,1,0
MIG-10669,order_items,544225.28,531.47,85414962,608,WRITE_HEAVY,ADD_INDEX_LOCKING,MEDIUM,54.33,54.37,0,1
MIG-10670,orders,185221.12,180.88,22610117,1656,WRITE_HEAVY,ADD_COLUMN_DEFAULT,HIGH,2.02,6.17,1,0
MIG-10671,order_items,563097.6,549.9,88376816,351,MIXED_OLTP,DROP_COLUMN,LOW,2.81,3.43,1,0
MIG-10672,customer_sessions,37672.96,36.79,8408259,2914,WRITE_HEAVY,ADD_INDEX_LOCKING,HIGH,7.9,86.58,0,1
MIG-10673,order_payments,92416.0,90.25,22215248,1007,MIXED_OLTP,ADD_COLUMN_DEFAULT,MEDIUM,1.13,1.79,1,0
MIG-10674,order_items,380938.24,372.01,59787122,470,ANALYTICAL_BATCH,DROP_COLUMN,LOW,1.75,2.7,1,0
MIG-10675,order_items,581130.24,567.51,91207047,161,READ_HEAVY,ALTER_COLUMN_TYPE,LOW,128.35,106.88,0,1
MIG-10676,order_shipments,32112.64,31.36,8362172,2959,READ_HEAVY,ADD_INDEX_CONCURRENTLY,HIGH,0.2,0.8,1,0
MIG-10677,order_items,413020.16,403.34,64822921,334,MIXED_OLTP,ADD_COLUMN_DEFAULT,LOW,3.73,4.07,1,0
MIG-10678,orders,216023.04,210.96,26369642,2615,WRITE_HEAVY,TABLE_REWRITE,HIGH,113.69,975.86,0,1
MIG-10679,order_items,305674.24,298.51,47974030,1593,READ_HEAVY,ALTER_COLUMN_TYPE,HIGH,70.77,336.03,0,1
MIG-10680,orders,241049.6,235.4,29424701,2406,READ_HEAVY,DROP_COLUMN,HIGH,1.74,3.47,1,0
MIG-10681,orders,131655.68,128.57,16071398,883,MIXED_OLTP,ADD_INDEX_CONCURRENTLY,MEDIUM,0.51,0.86,1,0
MIG-10682,orders,87480.32,85.43,10679336,459,MIXED_OLTP,ADD_COLUMN_DEFAULT,LOW,1.02,1.35,1,0
MIG-10683,order_items,416112.64,406.36,65307916,2688,MIXED_OLTP,ALTER_COLUMN_TYPE,HIGH,104.5,715.51,0,1
MIG-10684,order_items,331745.28,323.97,52066008,445,MIXED_OLTP,DROP_COLUMN,LOW,2.2,1.94,1,0
MIG-10685,order_items,122531.84,119.66,19230398,1390,READ_HEAVY,ADD_INDEX_CONCURRENTLY,MEDIUM,0.63,1.04,1,0
MIG-10686,order_items,150732.8,147.2,23656925,4801,MIXED_OLTP,ADD_INDEX_CONCURRENTLY,CRITICAL,0.64,4.77,1,0
MIG-10687,customer_sessions,26931.2,26.3,6011991,745,MIXED_OLTP,ADD_INDEX_LOCKING,MEDIUM,6.74,8.58,1,0
MIG-10688,order_payments,118794.24,116.01,28556702,782,READ_HEAVY,DROP_COLUMN,MEDIUM,0.81,1.3,1,0
MIG-10689,order_items,575068.16,561.59,90255200,5148,ANALYTICAL_BATCH,TABLE_REWRITE,CRITICAL,225.29,2715.92,0,1
MIG-10690,orders,169840.64,165.86,20732303,340,MIXED_OLTP,ADD_COLUMN_DEFAULT,LOW,1.68,1.65,1,0
MIG-10691,order_shipments,27187.2,26.55,7080213,456,READ_HEAVY,ADD_COLUMN_DEFAULT,LOW,0.48,0.55,1,0
MIG-10692,orders,167352.32,163.43,20429311,1295,WRITE_HEAVY,ADD_INDEX_CONCURRENTLY,MEDIUM,0.74,1.27,1,0
MIG-10693,order_items,556267.52,543.23,87304042,2410,WRITE_HEAVY,ADD_COLUMN_DEFAULT,HIGH,4.29,16.33,1,0
MIG-10694,order_shipments,80599.04,78.71,20988716,3381,MIXED_OLTP,ADD_COLUMN_DEFAULT,CRITICAL,1.14,4.88,1,0
MIG-10695,order_items,264919.04,258.71,41578951,2973,WRITE_HEAVY,ADD_INDEX_CONCURRENTLY,HIGH,0.84,3.66,1,0
MIG-10696,order_payments,41472.0,40.5,9968049,3607,READ_HEAVY,ADD_COLUMN_DEFAULT,CRITICAL,0.66,4.26,1,0
MIG-10697,order_items,579522.56,565.94,90955217,198,READ_HEAVY,ADD_INDEX_CONCURRENTLY,LOW,1.74,1.91,1,0
MIG-10698,order_payments,128952.32,125.93,30997755,1719,MIXED_OLTP,ADD_INDEX_LOCKING,HIGH,14.79,100.77,0,1
MIG-10699,orders,61030.4,59.6,7450314,127,MIXED_OLTP,ADD_INDEX_CONCURRENTLY,LOW,0.42,0.28,1,0
MIG-10700,orders,231331.84,225.91,28239211,3937,MIXED_OLTP,ADD_COLUMN_DEFAULT,CRITICAL,2.49,21.23,1,0
MIG-10701,order_items,164864.0,161.0,25874223,5108,READ_HEAVY,DROP_COLUMN,CRITICAL,1.31,5.89,1,0
MIG-10702,orders,63150.08,61.67,7708658,1365,WRITE_HEAVY,ADD_INDEX_CONCURRENTLY,MEDIUM,0.32,0.81,1,0
MIG-10703,order_shipments,81356.8,79.45,21185779,2236,MIXED_OLTP,ADD_COLUMN_DEFAULT,HIGH,1.23,3.38,1,0
MIG-10704,orders,167772.16,163.84,20480386,1971,WRITE_HEAVY,ALTER_COLUMN_TYPE,HIGH,61.6,439.43,0,1
MIG-10705,order_items,328632.32,320.93,51578389,238,READ_HEAVY,DROP_COLUMN,LOW,2.12,1.23,1,0
MIG-10706,order_payments,134912.0,131.75,32431231,2878,ANALYTICAL_BATCH,ADD_COLUMN_DEFAULT,HIGH,1.69,8.31,1,0
MIG-10707,order_payments,127180.8,124.2,30571942,3138,READ_HEAVY,ALTER_COLUMN_TYPE,CRITICAL,44.03,669.05,0,1
MIG-10708,order_items,144424.96,141.04,22667501,557,READ_HEAVY,TABLE_REWRITE,MEDIUM,92.82,110.34,0,1
MIG-10709,order_items,432650.24,422.51,67903066,125,MIXED_OLTP,ALTER_COLUMN_TYPE,LOW,93.52,123.89,0,1
MIG-10710,customer_sessions,64153.6,62.65,14320650,5219,MIXED_OLTP,ADD_COLUMN_DEFAULT,CRITICAL,1.02,8.25,1,0
MIG-10711,order_payments,92579.84,90.41,22254128,590,READ_HEAVY,DROP_COLUMN,MEDIUM,0.81,1.3,1,0
MIG-10712,order_shipments,99962.88,97.62,26032918,1441,READ_HEAVY,ADD_COLUMN_DEFAULT,MEDIUM,1.21,2.2,1,0
MIG-10713,order_shipments,75335.68,73.57,19618626,1775,WRITE_HEAVY,ADD_COLUMN_DEFAULT,HIGH,0.96,3.08,1,0
MIG-10714,order_payments,39096.32,38.18,9399318,2322,READ_HEAVY,ADD_COLUMN_DEFAULT,HIGH,0.61,2.9,1,0
MIG-10715,orders,93009.92,90.83,11354046,1470,WRITE_HEAVY,ALTER_COLUMN_TYPE,MEDIUM,33.11,75.1,0,1
MIG-10716,order_items,541112.32,528.43,84925895,146,READ_HEAVY,ADD_COLUMN_DEFAULT,LOW,3.97,5.7,1,0
MIG-10717,orders,269619.2,263.3,32912430,1922,MIXED_OLTP,ALTER_COLUMN_TYPE,HIGH,70.78,687.18,0,1
MIG-10718,order_payments,38410.24,37.51,9232170,1227,WRITE_HEAVY,TABLE_REWRITE,MEDIUM,27.16,55.49,0,1
MIG-10719,customer_sessions,20807.68,20.32,4644742,2725,READ_HEAVY,ADD_COLUMN_DEFAULT,HIGH,0.49,1.45,1,0
MIG-10720,order_items,508672.0,496.75,79834351,5268,WRITE_HEAVY,ADD_INDEX_CONCURRENTLY,CRITICAL,1.68,17.98,1,0
MIG-10721,order_items,147896.32,144.43,23212696,107,WRITE_HEAVY,TABLE_REWRITE,LOW,75.13,106.87,0,1
MIG-10722,orders,64317.44,62.81,7851123,4942,WRITE_HEAVY,ADD_INDEX_CONCURRENTLY,CRITICAL,0.37,4.98,1,0
MIG-10723,customer_sessions,71680.0,70.0,15998957,1982,WRITE_HEAVY,ADD_INDEX_LOCKING,HIGH,12.81,91.0,0,1
MIG-10724,orders,226201.6,220.9,27612144,4394,ANALYTICAL_BATCH,ADD_INDEX_CONCURRENTLY,CRITICAL,0.84,9.91,1,0
MIG-10725,orders,244142.08,238.42,29802206,1406,ANALYTICAL_BATCH,ADD_INDEX_CONCURRENTLY,MEDIUM,1.14,1.39,1,0
MIG-10726,orders,193034.24,188.51,23563861,1402,MIXED_OLTP,ADD_INDEX_CONCURRENTLY,MEDIUM,0.79,1.44,1,0
MIG-10727,orders,120494.08,117.67,14708483,1777,READ_HEAVY,ADD_INDEX_CONCURRENTLY,HIGH,0.51,1.65,1,0
MIG-10728,order_items,582430.72,568.78,91411368,4176,MIXED_OLTP,ALTER_COLUMN_TYPE,CRITICAL,106.84,2070.38,0,1
MIG-10729,order_items,268861.44,262.56,42196605,3710,MIXED_OLTP,ADD_INDEX_CONCURRENTLY,CRITICAL,0.86,8.82,1,0
MIG-10730,order_items,256880.64,250.86,40316377,1114,READ_HEAVY,ADD_INDEX_CONCURRENTLY,MEDIUM,0.97,2.44,1,0
MIG-10731,orders,245207.04,239.46,29932811,1326,WRITE_HEAVY,DROP_COLUMN,MEDIUM,1.39,3.61,1,0
MIG-10732,orders,199741.44,195.06,24382209,227,MIXED_OLTP,TABLE_REWRITE,LOW,118.18,123.14,0,1
MIG-10733,order_items,576942.08,563.42,90549438,1682,ANALYTICAL_BATCH,ADD_COLUMN_DEFAULT,HIGH,4.92,10.47,1,0
MIG-10734,orders,83630.08,81.67,10209334,1596,WRITE_HEAVY,ADD_INDEX_LOCKING,HIGH,14.63,170.39,0,1
MIG-10735,order_payments,140718.08,137.42,33826147,1579,READ_HEAVY,ADD_INDEX_CONCURRENTLY,HIGH,0.68,1.59,1,0
MIG-10736,orders,184678.4,180.35,22544038,866,READ_HEAVY,ALTER_COLUMN_TYPE,MEDIUM,60.9,51.55,0,1
MIG-10737,order_items,459458.56,448.69,72110838,5414,READ_HEAVY,ADD_INDEX_LOCKING,CRITICAL,46.8,975.76,0,1
MIG-10738,order_items,586434.56,572.69,92038907,200,MIXED_OLTP,ALTER_COLUMN_TYPE,LOW,102.04,132.3,0,1
MIG-10739,order_items,311193.6,303.9,48840990,904,READ_HEAVY,DROP_COLUMN,MEDIUM,1.58,2.11,1,0
MIG-10740,orders,208312.32,203.43,25428524,1174,ANALYTICAL_BATCH,TABLE_REWRITE,MEDIUM,110.99,183.77,0,1
MIG-10741,orders,190781.44,186.31,23289196,1157,MIXED_OLTP,ADD_COLUMN_DEFAULT,MEDIUM,1.98,4.16,1,0
MIG-10742,order_shipments,83773.44,81.81,21815458,1905,WRITE_HEAVY,ADD_INDEX_LOCKING,HIGH,14.83,82.59,0,1
MIG-10743,orders,247541.76,241.74,30217455,1690,MIXED_OLTP,ADD_INDEX_LOCKING,HIGH,23.67,149.24,0,1
MIG-10744,order_items,465664.0,454.75,73084929,162,MIXED_OLTP,ADD_INDEX_CONCURRENTLY,LOW,1.26,1.64,1,0
MIG-10745,order_items,149596.16,146.09,23478803,188,READ_HEAVY,TABLE_REWRITE,LOW,96.75,94.91,0,1
MIG-10746,order_items,209203.2,204.3,32834368,586,READ_HEAVY,ADD_INDEX_LOCKING,MEDIUM,26.31,29.98,0,1
MIG-10747,order_items,607037.44,592.81,95272232,2189,MIXED_OLTP,ALTER_COLUMN_TYPE,HIGH,133.63,1820.19,0,1
MIG-10748,order_payments,142673.92,139.33,34297133,1145,READ_HEAVY,ADD_COLUMN_DEFAULT,MEDIUM,1.72,1.89,1,0
MIG-10749,order_shipments,98672.64,96.36,25696127,1175,WRITE_HEAVY,ALTER_COLUMN_TYPE,MEDIUM,34.51,65.58,0,1
MIG-10750,orders,57292.8,55.95,6993583,463,WRITE_HEAVY,ADD_COLUMN_DEFAULT,LOW,0.76,1.25,1,0
MIG-10751,order_items,312064.0,304.75,48978301,1939,WRITE_HEAVY,TABLE_REWRITE,HIGH,135.12,1142.6,0,1
MIG-10752,orders,217180.16,212.09,26511163,1154,MIXED_OLTP,ADD_INDEX_CONCURRENTLY,MEDIUM,1.02,1.44,1,0
MIG-10753,order_items,503244.8,491.45,78983750,1384,WRITE_HEAVY,DROP_COLUMN,MEDIUM,2.71,3.05,1,0
MIG-10754,order_payments,36915.2,36.05,8874176,528,READ_HEAVY,ADD_INDEX_CONCURRENTLY,MEDIUM,0.29,0.33,1,0
MIG-10755,orders,183961.6,179.65,22456199,1281,READ_HEAVY,ADD_INDEX_LOCKING,MEDIUM,19.63,44.37,0,1
MIG-10756,order_items,188426.24,184.01,29572439,588,MIXED_OLTP,ADD_COLUMN_DEFAULT,MEDIUM,2.21,1.78,1,0
MIG-10757,customer_sessions,46151.68,45.07,10302214,320,READ_HEAVY,ALTER_COLUMN_TYPE,LOW,20.19,15.76,1,0
MIG-10758,orders,102164.48,99.77,12471513,2746,ANALYTICAL_BATCH,ALTER_COLUMN_TYPE,HIGH,36.67,551.72,0,1
MIG-10759,order_items,142120.96,138.79,22306054,959,ANALYTICAL_BATCH,ADD_COLUMN_DEFAULT,MEDIUM,1.39,3.25,1,0
MIG-10760,order_payments,36208.64,35.36,8704559,1059,WRITE_HEAVY,ADD_INDEX_LOCKING,MEDIUM,7.19,10.11,1,0
MIG-10761,orders,250624.0,244.75,30594109,4548,MIXED_OLTP,DROP_COLUMN,CRITICAL,1.7,12.32,1,0
MIG-10762,orders,213852.16,208.84,26105441,1077,WRITE_HEAVY,ADD_COLUMN_DEFAULT,MEDIUM,1.93,2.77,1,0
MIG-10763,orders,255252.48,249.27,31159247,1231,MIXED_OLTP,ADD_COLUMN_DEFAULT,MEDIUM,2.74,3.05,1,0
MIG-10764,order_shipments,57415.68,56.07,14951782,1359,READ_HEAVY,ADD_INDEX_CONCURRENTLY,MEDIUM,0.34,0.72,1,0
MIG-10765,orders,140564.48,137.27,17158897,634,WRITE_HEAVY,ADD_INDEX_CONCURRENTLY,MEDIUM,0.74,0.8,1,0
MIG-10766,orders,128430.08,125.42,15676996,266,WRITE_HEAVY,ADD_COLUMN_DEFAULT,LOW,1.37,1.61,1,0
MIG-10767,orders,185466.88,181.12,22640291,5131,READ_HEAVY,ADD_COLUMN_DEFAULT,CRITICAL,2.01,16.55,1,0
MIG-10768,orders,126914.56,123.94,15492103,881,MIXED_OLTP,ADD_COLUMN_DEFAULT,MEDIUM,1.21,2.91,1,0
MIG-10769,order_items,499834.88,488.12,78448131,2234,MIXED_OLTP,TABLE_REWRITE,HIGH,191.71,1465.88,0,1
MIG-10770,orders,226385.92,221.08,27635567,4855,WRITE_HEAVY,ADD_INDEX_CONCURRENTLY,CRITICAL,0.78,10.15,1,0
MIG-10771,order_items,566712.32,553.43,88943412,474,WRITE_HEAVY,ALTER_COLUMN_TYPE,LOW,122.74,161.08,0,1
MIG-10772,order_items,239994.88,234.37,37666875,1877,READ_HEAVY,ADD_INDEX_LOCKING,HIGH,21.65,264.59,0,1
MIG-10773,order_shipments,62146.56,60.69,16183676,482,READ_HEAVY,ADD_INDEX_LOCKING,LOW,12.04,10.62,1,0
MIG-10774,orders,98570.24,96.26,12033004,1209,WRITE_HEAVY,ADD_COLUMN_DEFAULT,MEDIUM,1.38,1.51,1,0
MIG-10775,order_shipments,21544.96,21.04,5611205,1546,WRITE_HEAVY,ADD_INDEX_CONCURRENTLY,HIGH,0.18,0.61,1,0
MIG-10776,order_items,479989.76,468.74,75333849,444,MIXED_OLTP,ALTER_COLUMN_TYPE,LOW,94.66,91.35,0,1
MIG-10777,orders,170577.92,166.58,20822494,3961,READ_HEAVY,ADD_INDEX_LOCKING,CRITICAL,24.18,228.16,0,1
MIG-10778,order_payments,113356.8,110.7,27249105,782,MIXED_OLTP,ALTER_COLUMN_TYPE,MEDIUM,39.13,42.82,0,1
MIG-10779,order_shipments,25702.4,25.1,6692654,1026,READ_HEAVY,ADD_INDEX_CONCURRENTLY,MEDIUM,0.23,0.26,1,0
MIG-10780,orders,269342.72,263.03,32879206,330,READ_HEAVY,DROP_COLUMN,LOW,1.46,1.77,1,0
MIG-10781,order_shipments,100904.96,98.54,26277929,1039,READ_HEAVY,ADD_COLUMN_DEFAULT,MEDIUM,1.39,1.86,1,0
MIG-10782,order_items,354672.64,346.36,55664985,555,WRITE_HEAVY,DROP_COLUMN,MEDIUM,1.65,1.64,1,0
MIG-10783,order_items,561653.76,548.49,88150755,1322,WRITE_HEAVY,ADD_INDEX_LOCKING,MEDIUM,39.8,104.14,0,1
MIG-10784,customer_sessions,30044.16,29.34,6707387,841,ANALYTICAL_BATCH,ADD_INDEX_CONCURRENTLY,MEDIUM,0.23,0.46,1,0
MIG-10785,order_items,495339.52,483.73,77742859,156,MIXED_OLTP,ADD_INDEX_CONCURRENTLY,LOW,1.55,1.69,1,0
MIG-10786,order_shipments,91361.28,89.22,23791278,4414,MIXED_OLTP,ADD_INDEX_CONCURRENTLY,CRITICAL,0.44,3.0,1,0
MIG-10787,order_items,535132.16,522.59,83987967,1122,WRITE_HEAVY,ADD_INDEX_CONCURRENTLY,MEDIUM,1.53,2.63,1,0
MIG-10788,order_payments,123883.52,120.98,29779093,603,WRITE_HEAVY,ADD_INDEX_CONCURRENTLY,MEDIUM,0.64,0.5,1,0
MIG-10789,order_items,353658.88,345.37,55505157,2913,WRITE_HEAVY,ADD_INDEX_CONCURRENTLY,HIGH,1.42,5.42,1,0
MIG-10790,orders,230522.88,225.12,28139728,2400,ANALYTICAL_BATCH,ADD_COLUMN_DEFAULT,HIGH,2.22,10.06,1,0
MIG-10791,order_items,471162.88,460.12,73947089,5491,MIXED_OLTP,DROP_COLUMN,CRITICAL,2.53,21.35,1,0
MIG-10792,order_items,183050.24,178.76,28728563,4676,READ_HEAVY,ADD_INDEX_LOCKING,CRITICAL,21.87,572.05,0,1
MIG-10793,orders,74403.84,72.66,9082978,104,ANALYTICAL_BATCH,ADD_COLUMN_DEFAULT,LOW,0.93,1.18,1,0
MIG-10794,orders,219893.76,214.74,26841897,708,WRITE_HEAVY,ADD_INDEX_CONCURRENTLY,MEDIUM,0.78,1.5,1,0
MIG-10795,order_items,437483.52,427.23,68662591,2958,READ_HEAVY,ADD_INDEX_LOCKING,HIGH,38.15,509.24,0,1
MIG-10796,orders,164034.56,160.19,20023155,323,WRITE_HEAVY,ADD_COLUMN_DEFAULT,LOW,1.48,2.37,1,0
MIG-10797,orders,249825.28,243.97,30496068,1683,WRITE_HEAVY,ADD_INDEX_CONCURRENTLY,HIGH,0.91,2.78,1,0
MIG-10798,order_payments,105646.08,103.17,25396202,129,ANALYTICAL_BATCH,ADD_COLUMN_DEFAULT,LOW,1.09,1.62,1,0
MIG-10799,order_payments,74086.4,72.35,17809026,4342,MIXED_OLTP,TABLE_REWRITE,CRITICAL,57.12,1428.94,0,1
MIG-10800,order_payments,76216.32,74.43,18321236,2391,WRITE_HEAVY,ADD_COLUMN_DEFAULT,HIGH,1.18,4.97,1,0
MIG-10801,order_items,427048.96,417.04,67024793,746,WRITE_HEAVY,TABLE_REWRITE,MEDIUM,203.62,260.04,0,1
MIG-10802,order_shipments,81489.92,79.58,21221946,694,READ_HEAVY,ADD_INDEX_CONCURRENTLY,MEDIUM,0.51,0.52,1,0
MIG-10803,order_items,405944.32,396.43,63712617,4515,WRITE_HEAVY,ADD_INDEX_CONCURRENTLY,CRITICAL,1.62,10.06,1,0
MIG-10804,orders,161679.36,157.89,19736543,2153,READ_HEAVY,ADD_INDEX_CONCURRENTLY,HIGH,0.68,1.46,1,0
MIG-10805,orders,209930.24,205.01,25626318,1555,READ_HEAVY,ADD_INDEX_LOCKING,HIGH,26.25,134.05,0,1
MIG-10806,order_payments,111124.48,108.52,26711619,1586,WRITE_HEAVY,ADD_COLUMN_DEFAULT,HIGH,1.43,4.12,1,0
MIG-10807,orders,232806.4,227.35,28419364,195,WRITE_HEAVY,DROP_COLUMN,LOW,1.28,1.32,1,0
MIG-10808,order_items,146974.72,143.53,23066694,325,WRITE_HEAVY,TABLE_REWRITE,LOW,71.14,86.26,0,1
MIG-10809,customer_sessions,63037.44,61.56,14071310,220,ANALYTICAL_BATCH,ADD_COLUMN_DEFAULT,LOW,0.86,1.19,1,0
MIG-10810,orders,162785.28,158.97,19871532,1522,READ_HEAVY,ADD_INDEX_CONCURRENTLY,HIGH,0.61,2.27,1,0
MIG-10811,orders,65669.12,64.13,8016714,2873,READ_HEAVY,ADD_INDEX_LOCKING,HIGH,8.76,84.25,0,1
MIG-10812,customer_sessions,58142.72,56.78,12977744,1193,WRITE_HEAVY,ADD_INDEX_CONCURRENTLY,MEDIUM,0.3,0.56,1,0
MIG-10813,order_items,484495.36,473.14,76039755,4459,MIXED_OLTP,DROP_COLUMN,CRITICAL,2.35,20.77,1,0
MIG-10814,orders,164966.4,161.1,20137933,197,WRITE_HEAVY,ALTER_COLUMN_TYPE,LOW,42.52,61.54,0,1
MIG-10815,order_shipments,84275.2,82.3,21946057,2562,WRITE_HEAVY,ADD_COLUMN_DEFAULT,HIGH,1.09,4.31,1,0
MIG-10816,order_shipments,43335.68,42.32,11285359,1446,MIXED_OLTP,ADD_COLUMN_DEFAULT,MEDIUM,0.78,1.89,1,0
MIG-10817,order_items,218890.24,213.76,34354484,1176,MIXED_OLTP,DROP_COLUMN,MEDIUM,1.52,2.54,1,0
MIG-10818,order_items,295700.48,288.77,46409450,218,WRITE_HEAVY,ADD_INDEX_CONCURRENTLY,LOW,1.23,0.75,1,0
MIG-10819,orders,139847.68,136.57,17071363,2088,READ_HEAVY,ADD_COLUMN_DEFAULT,HIGH,1.3,5.75,1,0
MIG-10820,orders,203079.68,198.32,24790207,2893,ANALYTICAL_BATCH,ADD_COLUMN_DEFAULT,HIGH,2.26,9.35,1,0
MIG-10821,order_items,551055.36,538.14,86487114,514,WRITE_HEAVY,ADD_INDEX_CONCURRENTLY,MEDIUM,1.8,2.94,1,0
MIG-10822,orders,208609.28,203.72,25464791,721,WRITE_HEAVY,ADD_INDEX_CONCURRENTLY,MEDIUM,0.95,0.97,1,0
MIG-10823,order_payments,47472.64,46.36,11410841,1660,READ_HEAVY,DROP_COLUMN,HIGH,0.58,0.83,1,0
MIG-10824,order_shipments,48803.84,47.66,12710289,1141,WRITE_HEAVY,ADD_COLUMN_DEFAULT,MEDIUM,0.86,1.12,1,0
MIG-10825,orders,84193.28,82.22,10277170,2188,READ_HEAVY,ADD_COLUMN_DEFAULT,HIGH,1.28,2.42,1,0
MIG-10826,order_items,469104.64,458.11,73624660,633,MIXED_OLTP,TABLE_REWRITE,MEDIUM,211.28,297.41,0,1
MIG-10827,orders,104048.64,101.61,12700640,5353,READ_HEAVY,ADD_INDEX_CONCURRENTLY,CRITICAL,0.5,5.47,1,0
MIG-10828,order_shipments,62013.44,60.56,16148357,2327,READ_HEAVY,ADD_INDEX_CONCURRENTLY,HIGH,0.33,1.18,1,0
MIG-10829,orders,224296.96,219.04,27379405,199,READ_HEAVY,ALTER_COLUMN_TYPE,LOW,63.76,69.29,0,1
MIG-10830,order_items,460953.6,450.15,72346081,2918,MIXED_OLTP,ADD_INDEX_CONCURRENTLY,HIGH,1.42,3.79,1,0
MIG-10831,order_items,268677.12,262.38,42168293,1198,WRITE_HEAVY,ALTER_COLUMN_TYPE,MEDIUM,77.0,113.37,0,1
MIG-10832,order_items,286474.24,279.76,44962206,3324,WRITE_HEAVY,DROP_COLUMN,CRITICAL,1.87,10.89,1,0
MIG-10833,order_payments,104898.56,102.44,25216891,2739,MIXED_OLTP,ADD_COLUMN_DEFAULT,HIGH,1.36,3.27,1,0
MIG-10834,order_payments,92456.96,90.29,22224671,123,WRITE_HEAVY,ADD_INDEX_CONCURRENTLY,LOW,0.41,0.49,1,0
MIG-10835,order_items,164433.92,160.58,25807872,2860,WRITE_HEAVY,ADD_COLUMN_DEFAULT,HIGH,1.48,8.3,1,0
MIG-10836,order_payments,131338.24,128.26,31570957,257,WRITE_HEAVY,ALTER_COLUMN_TYPE,LOW,35.94,56.11,0,1
MIG-10837,customer_sessions,47400.96,46.29,10581630,3733,MIXED_OLTP,ADD_INDEX_CONCURRENTLY,CRITICAL,0.28,2.4,1,0
MIG-10838,order_items,358983.68,350.57,56342242,3133,WRITE_HEAVY,ADD_INDEX_LOCKING,CRITICAL,39.74,417.89,0,1
MIG-10839,order_items,217098.24,212.01,34073586,2896,MIXED_OLTP,ALTER_COLUMN_TYPE,HIGH,64.63,431.78,0,1
MIG-10840,orders,132536.32,129.43,16178833,1059,MIXED_OLTP,ADD_INDEX_LOCKING,MEDIUM,20.75,27.95,0,1
MIG-10841,order_payments,66498.56,64.94,15985356,2411,READ_HEAVY,ADD_INDEX_CONCURRENTLY,HIGH,0.32,0.9,1,0
MIG-10842,order_items,254412.8,248.45,39929590,1350,WRITE_HEAVY,ADD_INDEX_LOCKING,MEDIUM,24.17,49.08,0,1
MIG-10843,order_items,407521.28,397.97,63959932,303,MIXED_OLTP,ADD_INDEX_LOCKING,LOW,31.72,36.75,0,1
MIG-10844,orders,151398.4,147.85,18481434,3724,WRITE_HEAVY,ADD_INDEX_CONCURRENTLY,CRITICAL,0.62,7.27,1,0
MIG-10845,order_shipments,92190.72,90.03,24006670,1278,ANALYTICAL_BATCH,ALTER_COLUMN_TYPE,MEDIUM,28.66,81.51,0,1
MIG-10846,order_items,600514.56,586.44,94248862,1030,MIXED_OLTP,ADD_INDEX_CONCURRENTLY,MEDIUM,1.8,3.23,1,0
MIG-10847,order_payments,52920.32,51.68,12720834,195,WRITE_HEAVY,TABLE_REWRITE,LOW,35.37,34.1,0,1
MIG-10848,orders,71290.88,69.62,8702846,5111,MIXED_OLTP,ADD_INDEX_CONCURRENTLY,CRITICAL,0.48,4.31,1,0
MIG-10849,customer_sessions,65003.52,63.48,14508860,5031,READ_HEAVY,ADD_INDEX_CONCURRENTLY,CRITICAL,0.34,2.51,1,0
MIG-10850,orders,269199.36,262.89,32861257,747,READ_HEAVY,DROP_COLUMN,MEDIUM,1.61,2.58,1,0
MIG-10851,orders,240168.96,234.54,29317201,1149,READ_HEAVY,ADD_INDEX_CONCURRENTLY,MEDIUM,1.08,1.41,1,0
MIG-10852,order_shipments,20398.08,19.92,5311863,2881,READ_HEAVY,ADD_INDEX_CONCURRENTLY,HIGH,0.15,0.7,1,0
MIG-10853,order_shipments,39270.4,38.35,10227292,1299,MIXED_OLTP,ADD_INDEX_CONCURRENTLY,MEDIUM,0.28,0.34,1,0
MIG-10854,orders,58736.64,57.36,7170241,3496,MIXED_OLTP,ALTER_COLUMN_TYPE,CRITICAL,27.15,639.68,0,1
MIG-10855,order_items,538286.08,525.67,84483129,5139,WRITE_HEAVY,ADD_INDEX_CONCURRENTLY,CRITICAL,1.42,13.3,1,0
MIG-10856,order_payments,96276.48,94.02,23144520,1584,READ_HEAVY,DROP_COLUMN,HIGH,0.66,2.73,1,0
MIG-10857,order_shipments,61040.64,59.61,15896320,346,MIXED_OLTP,DROP_COLUMN,LOW,0.55,0.58,1,0
MIG-10858,order_items,400834.56,391.44,62910440,2267,MIXED_OLTP,ADD_COLUMN_DEFAULT,HIGH,3.13,11.66,1,0
MIG-10859,order_items,244981.76,239.24,38448551,3091,READ_HEAVY,ADD_COLUMN_DEFAULT,CRITICAL,2.47,10.49,1,0
MIG-10860,order_payments,98703.36,96.39,23727185,1226,READ_HEAVY,ADD_INDEX_CONCURRENTLY,MEDIUM,0.51,0.78,1,0
MIG-10861,order_payments,30300.16,29.59,7283208,3744,MIXED_OLTP,TABLE_REWRITE,CRITICAL,24.83,358.28,0,1
MIG-10862,order_payments,104017.92,101.58,25005137,1352,WRITE_HEAVY,ADD_INDEX_LOCKING,MEDIUM,12.98,27.1,0,1
MIG-10863,order_items,493721.6,482.15,77489140,5195,WRITE_HEAVY,TABLE_REWRITE,CRITICAL,217.97,4560.88,0,1
MIG-10864,orders,198010.88,193.37,24171709,2385,READ_HEAVY,ADD_INDEX_LOCKING,HIGH,26.86,275.91,0,1
MIG-10865,order_shipments,45977.6,44.9,11973738,350,WRITE_HEAVY,ALTER_COLUMN_TYPE,LOW,24.09,20.84,1,0
MIG-10866,order_shipments,86968.32,84.93,22647278,552,WRITE_HEAVY,TABLE_REWRITE,MEDIUM,61.38,74.16,0,1
MIG-10867,order_payments,112353.28,109.72,27007667,456,WRITE_HEAVY,ADD_COLUMN_DEFAULT,LOW,1.57,1.95,1,0
MIG-10868,orders,77527.04,75.71,9464027,1181,MIXED_OLTP,ALTER_COLUMN_TYPE,MEDIUM,25.31,60.76,0,1
MIG-10869,orders,92313.6,90.15,11268893,3961,ANALYTICAL_BATCH,ADD_INDEX_CONCURRENTLY,CRITICAL,0.41,4.14,1,0
MIG-10870,order_payments,102952.96,100.54,24748722,585,READ_HEAVY,ADD_INDEX_CONCURRENTLY,MEDIUM,0.44,0.67,1,0
MIG-10871,orders,113162.24,110.51,13814235,4261,WRITE_HEAVY,ADD_COLUMN_DEFAULT,CRITICAL,1.33,9.92,1,0
MIG-10872,customer_sessions,22036.48,21.52,4919834,460,MIXED_OLTP,ADD_COLUMN_DEFAULT,LOW,0.45,0.5,1,0
MIG-10873,order_items,194662.4,190.1,30552488,2793,WRITE_HEAVY,ADD_COLUMN_DEFAULT,HIGH,1.84,11.66,1,0
MIG-10874,order_payments,46469.12,45.38,11169774,3246,ANALYTICAL_BATCH,ADD_COLUMN_DEFAULT,CRITICAL,0.74,6.45,1,0
MIG-10875,order_shipments,58060.8,56.7,15120283,2643,READ_HEAVY,ADD_COLUMN_DEFAULT,HIGH,0.8,2.2,1,0
MIG-10876,order_items,428154.88,418.12,67198221,3204,WRITE_HEAVY,ALTER_COLUMN_TYPE,CRITICAL,116.14,1187.88,0,1
MIG-10877,order_items,205731.84,200.91,32288584,3943,READ_HEAVY,ADD_COLUMN_DEFAULT,CRITICAL,1.99,12.89,1,0
MIG-10878,order_items,482406.4,471.1,75712225,2170,WRITE_HEAVY,ADD_COLUMN_DEFAULT,HIGH,3.64,12.84,1,0
MIG-10879,order_items,259717.12,253.63,40762021,1533,MIXED_OLTP,ADD_INDEX_LOCKING,HIGH,28.45,160.62,0,1
MIG-10880,order_items,275486.72,269.03,43236209,154,WRITE_HEAVY,DROP_COLUMN,LOW,1.99,2.13,1,0
MIG-10881,order_items,230031.36,224.64,36103388,1380,MIXED_OLTP,ALTER_COLUMN_TYPE,MEDIUM,67.57,115.74,0,1
MIG-10882,customer_sessions,64993.28,63.47,14506968,1129,MIXED_OLTP,ADD_COLUMN_DEFAULT,MEDIUM,1.03,1.34,1,0
MIG-10883,order_items,610048.0,595.75,95744920,2679,MIXED_OLTP,ADD_INDEX_CONCURRENTLY,HIGH,2.09,6.19,1,0
MIG-10884,orders,158085.12,154.38,19297495,2357,MIXED_OLTP,TABLE_REWRITE,HIGH,76.58,585.47,0,1
MIG-10885,order_items,136376.32,133.18,21404481,2173,WRITE_HEAVY,ADD_INDEX_CONCURRENTLY,HIGH,0.68,1.82,1,0
MIG-10886,order_items,249169.92,243.33,39106114,3045,READ_HEAVY,DROP_COLUMN,CRITICAL,1.86,6.72,1,0
MIG-10887,orders,84111.36,82.14,10267357,318,MIXED_OLTP,ADD_COLUMN_DEFAULT,LOW,1.24,1.16,1,0
MIG-10888,orders,235560.96,230.04,28754581,4926,READ_HEAVY,ADD_COLUMN_DEFAULT,CRITICAL,2.22,17.83,1,0
MIG-10889,order_payments,36792.32,35.93,8843794,181,WRITE_HEAVY,ALTER_COLUMN_TYPE,LOW,14.69,21.06,1,0
MIG-10890,order_items,613478.4,599.1,96284575,991,WRITE_HEAVY,ADD_COLUMN_DEFAULT,MEDIUM,4.68,7.35,1,0
MIG-10891,customer_sessions,52305.92,51.08,11674598,2118,WRITE_HEAVY,ADD_INDEX_CONCURRENTLY,HIGH,0.34,0.89,1,0
MIG-10892,orders,163665.92,159.83,19978974,1370,MIXED_OLTP,ADD_INDEX_LOCKING,MEDIUM,23.04,37.54,0,1
MIG-10893,orders,236574.72,231.03,28878466,1744,READ_HEAVY,ADD_INDEX_CONCURRENTLY,HIGH,1.06,1.78,1,0
MIG-10894,order_payments,29921.28,29.22,7193371,1657,MIXED_OLTP,ADD_INDEX_CONCURRENTLY,HIGH,0.21,0.52,1,0
MIG-10895,order_shipments,82892.8,80.95,21586499,1815,ANALYTICAL_BATCH,ADD_COLUMN_DEFAULT,HIGH,1.21,3.36,1,0
MIG-10896,orders,74946.56,73.19,9148309,162,WRITE_HEAVY,ADD_COLUMN_DEFAULT,LOW,0.83,0.88,1,0
MIG-10897,orders,235120.64,229.61,28701008,438,MIXED_OLTP,DROP_COLUMN,LOW,1.72,2.2,1,0
MIG-10898,orders,166195.2,162.3,20287757,204,WRITE_HEAVY,ADD_COLUMN_DEFAULT,LOW,1.61,1.68,1,0
MIG-10899,order_items,146237.44,142.81,22951481,862,WRITE_HEAVY,ADD_COLUMN_DEFAULT,MEDIUM,1.62,2.4,1,0
MIG-10900,order_items,544727.04,531.96,85492848,202,WRITE_HEAVY,ADD_COLUMN_DEFAULT,LOW,3.77,4.3,1,0
MIG-10901,orders,55193.6,53.9,6737481,1314,WRITE_HEAVY,ALTER_COLUMN_TYPE,MEDIUM,28.34,33.51,0,1
MIG-10902,orders,79759.36,77.89,9736008,2496,READ_HEAVY,ADD_INDEX_CONCURRENTLY,HIGH,0.46,0.88,1,0
MIG-10903,order_items,526438.4,514.1,82623786,4184,READ_HEAVY,TABLE_REWRITE,CRITICAL,188.16,2936.36,0,1
MIG-10904,customer_sessions,44328.96,43.29,9894144,2698,WRITE_HEAVY,ADD_COLUMN_DEFAULT,HIGH,0.73,2.61,1,0
MIG-10905,order_payments,132218.88,129.12,31783994,128,WRITE_HEAVY,ADD_COLUMN_DEFAULT,LOW,1.31,1.58,1,0
MIG-10906,order_items,442634.24,432.26,69469771,1178,MIXED_OLTP,ADD_INDEX_LOCKING,MEDIUM,41.6,56.38,0,1
MIG-10907,orders,187064.32,182.68,22835276,244,WRITE_HEAVY,ADD_COLUMN_DEFAULT,LOW,1.94,1.84,1,0
MIG-10908,orders,113786.88,111.12,13890347,879,MIXED_OLTP,DROP_COLUMN,MEDIUM,1.06,0.82,1,0
MIG-10909,orders,78714.88,76.87,9609374,658,ANALYTICAL_BATCH,ALTER_COLUMN_TYPE,MEDIUM,32.23,46.57,0,1
MIG-10910,order_payments,141783.04,138.46,34081764,3242,MIXED_OLTP,ALTER_COLUMN_TYPE,CRITICAL,45.24,822.51,0,1
MIG-10911,order_shipments,27125.76,26.49,7063630,2540,READ_HEAVY,ADD_COLUMN_DEFAULT,HIGH,0.58,1.92,1,0
MIG-10912,order_shipments,62310.4,60.85,16226628,1350,MIXED_OLTP,ADD_INDEX_LOCKING,MEDIUM,9.04,13.6,1,0
MIG-10913,customer_sessions,31918.08,31.17,7124987,2867,MIXED_OLTP,ADD_COLUMN_DEFAULT,HIGH,0.66,2.41,1,0
MIG-10914,customer_sessions,31375.36,30.64,7003625,3608,ANALYTICAL_BATCH,ADD_INDEX_LOCKING,CRITICAL,5.54,134.08,0,1
MIG-10915,customer_sessions,52695.04,51.46,11762041,405,ANALYTICAL_BATCH,ADD_INDEX_CONCURRENTLY,LOW,0.35,0.41,1,0
MIG-10916,orders,225638.4,220.35,27544221,1666,READ_HEAVY,ADD_INDEX_CONCURRENTLY,HIGH,1.02,1.67,1,0
MIG-10917,orders,221050.88,215.87,26983846,1278,READ_HEAVY,ADD_COLUMN_DEFAULT,MEDIUM,2.54,2.9,1,0
MIG-10918,order_items,563077.12,549.88,88372936,326,MIXED_OLTP,ADD_INDEX_CONCURRENTLY,LOW,1.48,1.38,1,0
MIG-10919,order_items,265850.88,259.62,41725121,5154,WRITE_HEAVY,ADD_INDEX_LOCKING,CRITICAL,28.26,445.72,0,1
MIG-10920,orders,152166.4,148.6,18575287,127,READ_HEAVY,ADD_INDEX_CONCURRENTLY,LOW,0.57,0.83,1,0
MIG-10921,order_shipments,19210.24,18.76,5001626,2664,MIXED_OLTP,ADD_INDEX_CONCURRENTLY,HIGH,0.18,0.74,1,0
MIG-10922,order_items,500142.08,488.42,78495467,286,MIXED_OLTP,DROP_COLUMN,LOW,3.03,2.61,1,0
MIG-10923,order_items,270725.12,264.38,42489792,2352,READ_HEAVY,ADD_COLUMN_DEFAULT,HIGH,2.82,9.15,1,0
MIG-10924,orders,173342.72,169.28,21160325,2308,WRITE_HEAVY,TABLE_REWRITE,HIGH,98.66,1142.37,0,1
MIG-10925,orders,86599.68,84.57,10571107,4785,WRITE_HEAVY,ADD_INDEX_CONCURRENTLY,CRITICAL,0.45,2.88,1,0
MIG-10926,orders,230389.76,224.99,28123786,2398,READ_HEAVY,ADD_INDEX_CONCURRENTLY,HIGH,0.96,3.04,1,0
MIG-10927,order_shipments,86220.8,84.2,22453079,2123,ANALYTICAL_BATCH,ADD_INDEX_CONCURRENTLY,HIGH,0.49,1.02,1,0
MIG-10928,order_items,567541.76,554.24,89073686,935,MIXED_OLTP,ADD_COLUMN_DEFAULT,MEDIUM,4.46,8.42,1,0
MIG-10929,order_payments,32122.88,31.37,7722985,128,READ_HEAVY,ADD_INDEX_CONCURRENTLY,LOW,0.2,0.15,1,0
MIG-10930,orders,268666.88,262.37,32796385,2586,WRITE_HEAVY,ADD_INDEX_LOCKING,HIGH,24.98,436.36,0,1
MIG-10931,order_items,242565.12,236.88,38070132,1205,MIXED_OLTP,ADD_INDEX_CONCURRENTLY,MEDIUM,1.02,2.03,1,0
MIG-10932,order_items,274380.8,267.95,43064128,326,MIXED_OLTP,TABLE_REWRITE,LOW,122.52,154.14,0,1
MIG-10933,order_payments,56494.08,55.17,13580869,4804,READ_HEAVY,ADD_COLUMN_DEFAULT,CRITICAL,0.87,6.05,1,0
MIG-10934,order_payments,58675.2,57.3,14104941,768,READ_HEAVY,DROP_COLUMN,MEDIUM,0.53,0.72,1,0
MIG-10935,orders,171386.88,167.37,20921856,189,WRITE_HEAVY,ADD_INDEX_CONCURRENTLY,LOW,0.72,0.75,1,0
MIG-10936,customer_sessions,29808.64,29.11,6653271,5311,MIXED_OLTP,ADD_INDEX_CONCURRENTLY,CRITICAL,0.22,1.89,1,0
MIG-10937,orders,136243.2,133.05,16631825,1453,READ_HEAVY,ADD_COLUMN_DEFAULT,MEDIUM,1.68,2.36,1,0
MIG-10938,order_shipments,72806.4,71.1,18961102,2779,READ_HEAVY,ADD_COLUMN_DEFAULT,HIGH,1.13,3.89,1,0
MIG-10939,orders,234065.92,228.58,28572707,121,ANALYTICAL_BATCH,DROP_COLUMN,LOW,1.22,1.56,1,0
MIG-10940,orders,202373.12,197.63,24704020,1048,MIXED_OLTP,ADD_COLUMN_DEFAULT,MEDIUM,2.37,2.96,1,0
MIG-10941,order_shipments,67727.36,66.14,17637373,2603,ANALYTICAL_BATCH,ADD_INDEX_CONCURRENTLY,HIGH,0.43,1.67,1,0
MIG-10942,orders,81827.84,79.91,9988671,537,READ_HEAVY,TABLE_REWRITE,MEDIUM,50.16,60.82,0,1
MIG-10943,order_items,535879.68,523.32,84105363,2952,READ_HEAVY,ADD_INDEX_CONCURRENTLY,HIGH,1.77,3.83,1,0
MIG-10944,order_items,133928.96,130.79,21019265,1287,ANALYTICAL_BATCH,ADD_INDEX_CONCURRENTLY,MEDIUM,0.61,1.42,1,0
MIG-10945,orders,107591.68,105.07,13133174,809,ANALYTICAL_BATCH,ADD_COLUMN_DEFAULT,MEDIUM,1.36,2.55,1,0
MIG-10946,order_payments,33464.32,32.68,8043296,302,ANALYTICAL_BATCH,ADD_COLUMN_DEFAULT,LOW,0.48,0.76,1,0
MIG-10947,order_shipments,73789.44,72.06,19216465,1412,MIXED_OLTP,ADD_COLUMN_DEFAULT,MEDIUM,0.88,2.15,1,0
MIG-10948,order_shipments,48988.16,47.84,12756815,1353,READ_HEAVY,DROP_COLUMN,MEDIUM,0.45,0.66,1,0
MIG-10949,order_items,451205.12,440.63,70815927,2739,WRITE_HEAVY,DROP_COLUMN,HIGH,1.98,12.28,1,0
MIG-10950,order_items,293785.6,286.9,46109507,1483,READ_HEAVY,DROP_COLUMN,MEDIUM,1.64,2.7,1,0
MIG-10951,orders,149954.56,146.44,18304999,397,ANALYTICAL_BATCH,ADD_INDEX_CONCURRENTLY,LOW,0.62,0.62,1,0
MIG-10952,orders,150446.08,146.92,18364947,1435,READ_HEAVY,ADD_INDEX_CONCURRENTLY,MEDIUM,0.76,0.71,1,0
MIG-10953,orders,59238.4,57.85,7230677,1453,MIXED_OLTP,ADD_INDEX_LOCKING,MEDIUM,10.7,19.66,1,0
MIG-10954,customer_sessions,42086.4,41.1,9395261,519,ANALYTICAL_BATCH,ADD_INDEX_CONCURRENTLY,MEDIUM,0.29,0.49,1,0
MIG-10955,order_shipments,71608.32,69.93,18646990,4635,ANALYTICAL_BATCH,ADD_COLUMN_DEFAULT,CRITICAL,0.99,12.7,1,0
MIG-10956,order_payments,92047.36,89.89,22126304,2000,ANALYTICAL_BATCH,ADD_COLUMN_DEFAULT,HIGH,0.96,4.1,1,0
MIG-10957,order_items,153538.56,149.94,24097985,2242,READ_HEAVY,ADD_INDEX_LOCKING,HIGH,20.27,158.49,0,1
MIG-10958,order_items,459468.8,448.7,72112534,667,READ_HEAVY,ADD_INDEX_CONCURRENTLY,MEDIUM,1.71,2.3,1,0
MIG-10959,order_items,274094.08,267.67,43017883,370,ANALYTICAL_BATCH,ALTER_COLUMN_TYPE,LOW,72.25,91.23,0,1
MIG-10960,order_items,122142.72,119.28,19169219,2752,WRITE_HEAVY,ADD_COLUMN_DEFAULT,HIGH,1.38,7.28,1,0
MIG-10961,order_items,194990.08,190.42,30603240,911,WRITE_HEAVY,TABLE_REWRITE,MEDIUM,115.29,156.13,0,1
MIG-10962,orders,159201.28,155.47,19434110,2547,ANALYTICAL_BATCH,ADD_INDEX_CONCURRENTLY,HIGH,0.6,1.9,1,0
MIG-10963,orders,117811.2,115.05,14380844,3812,MIXED_OLTP,ADD_INDEX_LOCKING,CRITICAL,16.59,359.89,0,1
MIG-10964,customer_sessions,59136.0,57.75,13199115,1249,READ_HEAVY,ADD_COLUMN_DEFAULT,MEDIUM,0.89,1.66,1,0
MIG-10965,order_items,238888.96,233.29,37492931,1623,WRITE_HEAVY,ALTER_COLUMN_TYPE,HIGH,65.99,438.13,0,1
MIG-10966,customer_sessions,64194.56,62.69,14328264,1380,READ_HEAVY,ADD_COLUMN_DEFAULT,MEDIUM,1.02,0.93,1,0
MIG-10967,orders,112517.12,109.88,13734883,878,ANALYTICAL_BATCH,ALTER_COLUMN_TYPE,MEDIUM,46.14,59.09,0,1
MIG-10968,order_items,435118.08,424.92,68289960,301,READ_HEAVY,ADD_INDEX_LOCKING,LOW,33.05,44.59,0,1
MIG-10969,orders,225925.12,220.63,27578842,2704,READ_HEAVY,DROP_COLUMN,HIGH,1.29,5.25,1,0
MIG-10970,orders,134430.72,131.28,16410015,529,READ_HEAVY,ADD_INDEX_CONCURRENTLY,MEDIUM,0.74,0.79,1,0
MIG-10971,orders,59504.64,58.11,7263733,2918,MIXED_OLTP,ADD_INDEX_CONCURRENTLY,HIGH,0.41,1.69,1,0
MIG-10972,orders,167587.84,163.66,20457029,2421,ANALYTICAL_BATCH,TABLE_REWRITE,HIGH,88.98,1189.95,0,1
MIG-10973,order_shipments,100997.12,98.63,26300835,1475,READ_HEAVY,TABLE_REWRITE,MEDIUM,57.72,121.61,0,1
MIG-10974,order_items,614778.88,600.37,96488341,1051,READ_HEAVY,ADD_INDEX_CONCURRENTLY,MEDIUM,1.82,3.45,1,0
MIG-10975,order_items,228761.6,223.4,35902797,1809,WRITE_HEAVY,ADD_INDEX_CONCURRENTLY,HIGH,1.05,2.93,1,0
MIG-10976,order_items,504698.88,492.87,79211417,1082,READ_HEAVY,ADD_INDEX_CONCURRENTLY,MEDIUM,1.68,2.93,1,0
MIG-10977,order_items,292720.64,285.86,45941098,4428,WRITE_HEAVY,ADD_INDEX_CONCURRENTLY,CRITICAL,1.28,9.79,1,0
MIG-10978,order_items,197406.72,192.78,30982070,468,READ_HEAVY,ADD_INDEX_CONCURRENTLY,LOW,0.89,0.79,1,0
MIG-10979,orders,196444.16,191.84,23979696,4439,READ_HEAVY,ALTER_COLUMN_TYPE,CRITICAL,53.25,1110.59,0,1
MIG-10980,customer_sessions,46643.2,45.55,10412509,262,WRITE_HEAVY,ADD_INDEX_CONCURRENTLY,LOW,0.28,0.37,1,0
MIG-10981,order_shipments,63160.32,61.68,16447380,676,WRITE_HEAVY,ALTER_COLUMN_TYPE,MEDIUM,24.02,38.08,0,1
MIG-10982,order_payments,125747.2,122.8,30228908,1988,WRITE_HEAVY,TABLE_REWRITE,HIGH,80.15,611.88,0,1
MIG-10983,order_items,288378.88,281.62,45260037,332,WRITE_HEAVY,ADD_INDEX_CONCURRENTLY,LOW,0.97,1.47,1,0
MIG-10984,orders,196700.16,192.09,24011558,868,MIXED_OLTP,ADD_COLUMN_DEFAULT,MEDIUM,1.98,3.83,1,0
MIG-10985,customer_sessions,37959.68,37.07,8473157,245,WRITE_HEAVY,ADD_COLUMN_DEFAULT,LOW,0.67,0.71,1,0
MIG-10986,order_items,136734.72,133.53,21460635,1521,WRITE_HEAVY,ADD_INDEX_CONCURRENTLY,HIGH,0.57,1.38,1,0
MIG-10987,orders,132761.6,129.65,16206407,1442,ANALYTICAL_BATCH,ADD_INDEX_LOCKING,MEDIUM,15.95,29.79,1,0
MIG-10988,order_items,604999.68,590.82,94952791,434,WRITE_HEAVY,DROP_COLUMN,LOW,2.36,3.05,1,0
MIG-10989,order_payments,84520.96,82.54,20317959,755,MIXED_OLTP,ADD_INDEX_CONCURRENTLY,MEDIUM,0.5,0.56,1,0
MIG-10990,order_items,170547.2,166.55,26766665,637,READ_HEAVY,ALTER_COLUMN_TYPE,MEDIUM,42.66,70.7,0,1
MIG-10991,order_payments,109035.52,106.48,26209412,5087,MIXED_OLTP,ADD_COLUMN_DEFAULT,CRITICAL,1.12,9.69,1,0
MIG-10992,order_payments,142049.28,138.72,34145325,434,READ_HEAVY,ADD_INDEX_CONCURRENTLY,LOW,0.75,0.95,1,0
MIG-10993,orders,249978.88,244.12,30514521,1396,WRITE_HEAVY,TABLE_REWRITE,MEDIUM,112.28,272.55,0,1
MIG-10994,customer_sessions,51230.72,50.03,11436236,1047,MIXED_OLTP,ADD_INDEX_CONCURRENTLY,MEDIUM,0.34,0.63,1,0
MIG-10995,order_items,308889.6,301.65,48478740,1235,MIXED_OLTP,ADD_INDEX_CONCURRENTLY,MEDIUM,1.11,1.73,1,0
MIG-10996,order_items,414371.84,404.66,65034891,4823,WRITE_HEAVY,ADD_INDEX_CONCURRENTLY,CRITICAL,1.39,11.2,1,0
MIG-10997,orders,229621.76,224.24,28030138,714,MIXED_OLTP,ADD_COLUMN_DEFAULT,MEDIUM,2.01,2.69,1,0
MIG-10998,customer_sessions,69898.24,68.26,15601817,2285,READ_HEAVY,ADD_COLUMN_DEFAULT,HIGH,0.96,2.8,1,0
MIG-10999,orders,230266.88,224.87,28108784,760,ANALYTICAL_BATCH,DROP_COLUMN,MEDIUM,1.53,2.31,1,0
MIG-11000,orders,149893.12,146.38,18297862,2630,MIXED_OLTP,ADD_COLUMN_DEFAULT,HIGH,1.96,7.39,1,0
MIG-11001,order_items,176025.6,171.9,27627497,1471,WRITE_HEAVY,DROP_COLUMN,MEDIUM,1.34,3.26,1,0
MIG-11002,orders,175042.56,170.94,21367682,576,MIXED_OLTP,ADD_INDEX_CONCURRENTLY,MEDIUM,0.84,1.03,1,0
MIG-11003,orders,83752.96,81.79,10223578,130,ANALYTICAL_BATCH,ADD_COLUMN_DEFAULT,LOW,1.25,0.82,1,0
MIG-11004,order_items,146145.28,142.72,22937625,205,MIXED_OLTP,TABLE_REWRITE,LOW,72.51,79.31,0,1
MIG-11005,order_items,372049.92,363.33,58392094,3292,WRITE_HEAVY,ADD_INDEX_LOCKING,CRITICAL,38.64,1085.59,0,1
MIG-11006,customer_sessions,56616.96,55.29,12637377,1513,MIXED_OLTP,ADD_INDEX_LOCKING,HIGH,9.17,35.88,0,1
MIG-11007,order_items,555509.76,542.49,87185931,1478,READ_HEAVY,ADD_COLUMN_DEFAULT,MEDIUM,4.18,6.19,1,0
MIG-11008,order_payments,120412.16,117.59,28945663,1082,WRITE_HEAVY,ADD_COLUMN_DEFAULT,MEDIUM,1.28,3.45,1,0
MIG-11009,order_items,557107.2,544.05,87436481,2665,MIXED_OLTP,ALTER_COLUMN_TYPE,HIGH,131.96,1496.03,0,1
MIG-11010,order_payments,117688.32,114.93,28289980,1066,READ_HEAVY,ALTER_COLUMN_TYPE,MEDIUM,43.21,52.45,0,1
MIG-11011,order_items,477624.32,466.43,74962391,1246,MIXED_OLTP,ADD_INDEX_LOCKING,MEDIUM,43.81,67.75,0,1
MIG-11012,order_items,119920.64,117.11,18821143,2529,MIXED_OLTP,ADD_COLUMN_DEFAULT,HIGH,1.6,5.03,1,0
MIG-11013,customer_sessions,54722.56,53.44,12215873,660,WRITE_HEAVY,ADD_INDEX_CONCURRENTLY,MEDIUM,0.37,0.47,1,0
MIG-11014,order_items,176865.28,172.72,27759026,650,ANALYTICAL_BATCH,ADD_INDEX_CONCURRENTLY,MEDIUM,0.78,1.2,1,0
MIG-11015,orders,62126.08,60.67,7584012,988,READ_HEAVY,ADD_INDEX_CONCURRENTLY,MEDIUM,0.4,0.58,1,0
MIG-11016,order_payments,45363.2,44.3,10904669,248,READ_HEAVY,ADD_COLUMN_DEFAULT,LOW,0.63,0.51,1,0
MIG-11017,order_shipments,86722.56,84.69,22583110,2761,READ_HEAVY,ADD_INDEX_CONCURRENTLY,HIGH,0.47,1.15,1,0
MIG-11018,orders,213678.08,208.67,26083933,1959,WRITE_HEAVY,ADD_COLUMN_DEFAULT,HIGH,2.05,7.07,1,0
MIG-11019,order_items,604344.32,590.18,94850564,3822,MIXED_OLTP,DROP_COLUMN,CRITICAL,2.52,24.01,1,0
MIG-11020,order_shipments,99635.2,97.3,25945887,311,READ_HEAVY,DROP_COLUMN,LOW,0.84,0.8,1,0
MIG-11021,order_payments,133642.24,130.51,32126578,1789,ANALYTICAL_BATCH,DROP_COLUMN,HIGH,0.82,3.07,1,0
MIG-11022,customer_sessions,22906.88,22.37,5114135,5146,ANALYTICAL_BATCH,ADD_INDEX_CONCURRENTLY,CRITICAL,0.15,2.17,1,0
MIG-11023,order_items,568012.8,554.7,89149002,1516,MIXED_OLTP,ADD_COLUMN_DEFAULT,HIGH,3.44,9.6,1,0
MIG-11024,order_payments,127098.88,124.12,30552749,5118,WRITE_HEAVY,TABLE_REWRITE,CRITICAL,61.86,2557.03,0,1
MIG-11025,order_items,564254.72,551.03,88557954,4556,MIXED_OLTP,ADD_COLUMN_DEFAULT,CRITICAL,3.76,40.15,0,1
MIG-11026,customer_sessions,24125.44,23.56,5384272,2831,WRITE_HEAVY,ALTER_COLUMN_TYPE,HIGH,13.41,135.02,0,1
MIG-11027,order_items,174960.64,170.86,27460138,3734,MIXED_OLTP,ADD_COLUMN_DEFAULT,CRITICAL,1.95,10.44,1,0
MIG-11028,order_payments,137308.16,134.09,33005695,2850,READ_HEAVY,DROP_COLUMN,HIGH,1.2,4.63,1,0
MIG-11029,order_items,204400.64,199.61,32079958,1363,ANALYTICAL_BATCH,ADD_COLUMN_DEFAULT,MEDIUM,1.97,5.97,1,0
MIG-11030,order_items,304936.96,297.79,47858360,4141,READ_HEAVY,DROP_COLUMN,CRITICAL,1.9,13.25,1,0
MIG-11031,order_payments,81254.4,79.35,19532363,1925,WRITE_HEAVY,ALTER_COLUMN_TYPE,HIGH,34.74,295.33,0,1
MIG-11032,order_items,178913.28,174.72,28079844,178,ANALYTICAL_BATCH,ADD_COLUMN_DEFAULT,LOW,1.8,1.96,1,0
MIG-11033,order_shipments,20142.08,19.67,5245700,651,READ_HEAVY,ADD_INDEX_LOCKING,MEDIUM,4.54,6.53,1,0
MIG-11034,order_items,627732.48,613.02,98521328,1083,MIXED_OLTP,ALTER_COLUMN_TYPE,MEDIUM,139.64,198.09,0,1
MIG-11035,order_items,567132.16,553.84,89009236,5401,ANALYTICAL_BATCH,ADD_INDEX_LOCKING,CRITICAL,56.83,1968.67,0,1
MIG-11036,order_items,585543.68,571.82,91899372,1065,READ_HEAVY,ADD_INDEX_CONCURRENTLY,MEDIUM,1.71,2.63,1,0
MIG-11037,order_items,261550.08,255.42,41049608,1464,READ_HEAVY,ADD_INDEX_CONCURRENTLY,MEDIUM,0.87,1.06,1,0
MIG-11038,order_items,228280.32,222.93,35828227,1255,READ_HEAVY,ALTER_COLUMN_TYPE,MEDIUM,68.27,78.65,0,1
MIG-11039,orders,143349.76,139.99,17498397,374,MIXED_OLTP,ADD_INDEX_LOCKING,LOW,19.67,20.41,1,0
MIG-11040,orders,149422.08,145.92,18239622,4812,ANALYTICAL_BATCH,TABLE_REWRITE,CRITICAL,77.99,1770.96,0,1
MIG-11041,order_payments,27299.84,26.66,6561263,1428,WRITE_HEAVY,ADD_INDEX_CONCURRENTLY,MEDIUM,0.19,0.41,1,0
MIG-11042,order_payments,119982.08,117.17,28842489,443,MIXED_OLTP,ADD_INDEX_LOCKING,LOW,15.78,23.61,1,0
MIG-11043,order_payments,146032.64,142.61,35104010,661,WRITE_HEAVY,ADD_INDEX_LOCKING,MEDIUM,19.94,32.76,0,1
MIG-11044,orders,166092.8,162.2,20274653,2377,READ_HEAVY,ALTER_COLUMN_TYPE,HIGH,54.05,495.0,0,1
MIG-11045,order_items,315064.32,307.68,49448954,2190,MIXED_OLTP,DROP_COLUMN,HIGH,1.84,4.52,1,0
MIG-11046,orders,136017.92,132.83,16604301,1379,MIXED_OLTP,ADD_INDEX_CONCURRENTLY,MEDIUM,0.55,0.99,1,0
MIG-11047,order_payments,38133.76,37.24,9167021,704,READ_HEAVY,DROP_COLUMN,MEDIUM,0.49,0.46,1,0
MIG-11048,order_shipments,40509.44,39.56,10549095,5049,READ_HEAVY,DROP_COLUMN,CRITICAL,0.37,3.83,1,0
MIG-11049,orders,160215.04,156.46,19557585,2218,WRITE_HEAVY,ADD_COLUMN_DEFAULT,HIGH,1.95,6.96,1,0
MIG-11050,order_payments,78366.72,76.53,18837222,2898,WRITE_HEAVY,ADD_INDEX_CONCURRENTLY,HIGH,0.45,1.85,1,0
MIG-11051,orders,169707.52,165.73,20715938,1291,READ_HEAVY,ALTER_COLUMN_TYPE,MEDIUM,44.96,121.07,0,1
MIG-11052,orders,236953.6,231.4,28924772,3862,MIXED_OLTP,ADD_INDEX_CONCURRENTLY,CRITICAL,1.12,7.78,1,0
MIG-11053,orders,98969.6,96.65,12081542,2767,READ_HEAVY,ADD_COLUMN_DEFAULT,HIGH,1.05,4.72,1,0
MIG-11054,orders,55275.52,53.98,6746932,687,WRITE_HEAVY,DROP_COLUMN,MEDIUM,0.46,0.79,1,0
MIG-11055,order_payments,31201.28,30.47,7500892,3010,MIXED_OLTP,TABLE_REWRITE,CRITICAL,29.71,605.35,0,1
MIG-11056,order_shipments,29562.88,28.87,7698046,4267,WRITE_HEAVY,DROP_COLUMN,CRITICAL,0.3,3.39,1,0
MIG-11057,orders,175329.28,171.22,21403040,2084,WRITE_HEAVY,ADD_COLUMN_DEFAULT,HIGH,2.05,6.65,1,0
MIG-11058,order_items,531793.92,519.33,83462969,1688,ANALYTICAL_BATCH,ADD_INDEX_CONCURRENTLY,HIGH,1.53,5.81,1,0
MIG-11059,order_payments,132874.24,129.76,31940011,1494,WRITE_HEAVY,ADD_COLUMN_DEFAULT,MEDIUM,1.37,4.02,1,0
MIG-11060,customer_sessions,55306.24,54.01,12345630,539,READ_HEAVY,ADD_INDEX_CONCURRENTLY,MEDIUM,0.38,0.45,1,0
MIG-11061,order_items,322744.32,315.18,50654603,335,READ_HEAVY,ADD_INDEX_LOCKING,LOW,32.03,34.73,0,1
MIG-11062,orders,83333.12,81.38,10171897,761,WRITE_HEAVY,ADD_COLUMN_DEFAULT,MEDIUM,1.18,1.36,1,0
MIG-11063,order_items,321853.44,314.31,50514885,796,WRITE_HEAVY,ADD_INDEX_CONCURRENTLY,MEDIUM,1.33,1.64,1,0
MIG-11064,order_items,286248.96,279.54,44925625,711,WRITE_HEAVY,ALTER_COLUMN_TYPE,MEDIUM,83.58,134.92,0,1
MIG-11065,customer_sessions,70461.44,68.81,15728372,3972,WRITE_HEAVY,ADD_INDEX_CONCURRENTLY,CRITICAL,0.45,4.26,1,0
MIG-11066,order_items,365885.44,357.31,57424269,366,MIXED_OLTP,ADD_INDEX_CONCURRENTLY,LOW,1.15,1.34,1,0
MIG-11067,order_payments,53719.04,52.46,12914441,1983,READ_HEAVY,ADD_COLUMN_DEFAULT,HIGH,0.77,2.44,1,0
MIG-11068,orders,113029.12,110.38,13797628,1221,READ_HEAVY,ADD_INDEX_CONCURRENTLY,MEDIUM,0.56,0.81,1,0
MIG-11069,order_items,185118.72,180.78,29054083,279,READ_HEAVY,ADD_INDEX_CONCURRENTLY,LOW,0.79,0.56,1,0
MIG-11070,order_shipments,94627.84,92.41,24641445,414,ANALYTICAL_BATCH,TABLE_REWRITE,LOW,64.35,52.56,0,1
MIG-11071,order_items,140666.88,137.37,22078013,944,WRITE_HEAVY,ALTER_COLUMN_TYPE,MEDIUM,44.22,93.19,0,1
MIG-11072,order_items,121313.28,118.47,19040546,865,MIXED_OLTP,ADD_INDEX_LOCKING,MEDIUM,16.12,16.78,1,0
MIG-11073,customer_sessions,26142.72,25.53,5835040,1006,WRITE_HEAVY,DROP_COLUMN,MEDIUM,0.33,0.63,1,0
MIG-11074,order_shipments,85688.32,83.68,22314878,2529,ANALYTICAL_BATCH,ADD_INDEX_CONCURRENTLY,HIGH,0.44,2.05,1,0
MIG-11075,order_items,384849.92,375.83,60400809,964,WRITE_HEAVY,ALTER_COLUMN_TYPE,MEDIUM,82.85,192.34,0,1
MIG-11076,order_items,437688.32,427.43,68693306,462,WRITE_HEAVY,ADD_COLUMN_DEFAULT,LOW,3.14,4.34,1,0
MIG-11077,order_items,299315.2,292.3,46976265,1016,READ_HEAVY,ADD_INDEX_CONCURRENTLY,MEDIUM,1.17,1.84,1,0
MIG-11078,order_items,150128.64,146.61,23562916,218,WRITE_HEAVY,ADD_COLUMN_DEFAULT,LOW,1.96,1.86,1,0
MIG-11079,order_items,556544.0,543.5,87348811,111,MIXED_OLTP,ADD_COLUMN_DEFAULT,LOW,3.56,4.46,1,0
MIG-11080,orders,91596.8,89.45,11181145,892,MIXED_OLTP,ADD_INDEX_CONCURRENTLY,MEDIUM,0.53,0.74,1,0
MIG-11081,order_shipments,21176.32,20.68,5514078,1581,MIXED_OLTP,ADD_INDEX_CONCURRENTLY,HIGH,0.16,0.49,1,0
MIG-11082,customer_sessions,51281.92,50.08,11446939,1553,WRITE_HEAVY,ADD_COLUMN_DEFAULT,HIGH,0.67,2.03,1,0
MIG-11083,order_shipments,25344.0,24.75,6599047,3927,MIXED_OLTP,ADD_COLUMN_DEFAULT,CRITICAL,0.53,4.13,1,0
MIG-11084,customer_sessions,20510.72,20.03,4578970,1935,WRITE_HEAVY,ADD_INDEX_CONCURRENTLY,HIGH,0.18,0.56,1,0
MIG-11085,order_payments,122511.36,119.64,29450858,1384,ANALYTICAL_BATCH,DROP_COLUMN,MEDIUM,0.89,2.34,1,0
MIG-11086,order_payments,85524.48,83.52,20558356,1230,MIXED_OLTP,ADD_INDEX_CONCURRENTLY,MEDIUM,0.5,0.7,1,0
MIG-11087,order_payments,55562.24,54.26,13355443,416,READ_HEAVY,DROP_COLUMN,LOW,0.46,0.57,1,0
MIG-11088,order_items,294615.04,287.71,46238740,2318,MIXED_OLTP,ADD_INDEX_CONCURRENTLY,HIGH,0.99,2.65,1,0
MIG-11089,order_items,491048.96,479.54,77068519,610,READ_HEAVY,ADD_COLUMN_DEFAULT,MEDIUM,4.27,5.23,1,0
MIG-11090,orders,63825.92,62.33,7791561,1351,READ_HEAVY,DROP_COLUMN,MEDIUM,0.64,1.09,1,0
MIG-11091,order_items,174807.04,170.71,27434929,4237,WRITE_HEAVY,DROP_COLUMN,CRITICAL,1.39,9.84,1,0
MIG-11092,orders,185456.64,181.11,22639074,271,MIXED_OLTP,ADD_INDEX_CONCURRENTLY,LOW,0.67,0.87,1,0
MIG-11093,orders,183408.64,179.11,22388236,341,READ_HEAVY,ADD_COLUMN_DEFAULT,LOW,2.14,1.68,1,0
MIG-11094,order_items,616570.88,602.12,96769436,3409,WRITE_HEAVY,ADD_INDEX_LOCKING,CRITICAL,49.68,1188.31,0,1
MIG-11095,order_items,307988.48,300.77,48338507,981,MIXED_OLTP,ADD_INDEX_CONCURRENTLY,MEDIUM,1.06,1.75,1,0
MIG-11096,orders,63549.44,62.06,7757095,1105,WRITE_HEAVY,ADD_COLUMN_DEFAULT,MEDIUM,0.82,1.76,1,0
MIG-11097,order_shipments,63016.96,61.54,16410808,379,MIXED_OLTP,ADD_COLUMN_DEFAULT,LOW,0.82,0.89,1,0
MIG-11098,order_shipments,71383.04,69.71,18588291,1000,WRITE_HEAVY,ALTER_COLUMN_TYPE,MEDIUM,32.45,42.68,0,1
MIG-11099,orders,80025.6,78.15,9769275,5493,READ_HEAVY,ADD_COLUMN_DEFAULT,CRITICAL,1.19,11.18,1,0
MIG-11100,orders,171438.08,167.42,20927273,2985,MIXED_OLTP,TABLE_REWRITE,HIGH,89.12,566.48,0,1
MIG-11101,order_items,216750.08,211.67,34019136,596,WRITE_HEAVY,DROP_COLUMN,MEDIUM,1.16,1.45,1,0
MIG-11102,order_payments,127825.92,124.83,30728225,582,MIXED_OLTP,DROP_COLUMN,MEDIUM,1.02,1.05,1,0
MIG-11103,order_shipments,87705.6,85.65,22839488,1015,READ_HEAVY,ADD_INDEX_CONCURRENTLY,MEDIUM,0.54,0.54,1,0
MIG-11104,orders,144179.2,140.8,17599985,2741,MIXED_OLTP,DROP_COLUMN,HIGH,1.04,3.3,1,0
MIG-11105,order_payments,142448.64,139.11,34242203,1012,WRITE_HEAVY,ADD_INDEX_CONCURRENTLY,MEDIUM,0.76,1.67,1,0
MIG-11106,orders,265861.12,259.63,32453894,186,MIXED_OLTP,ADD_COLUMN_DEFAULT,LOW,2.58,2.5,1,0
MIG-11107,order_items,181391.36,177.14,28469338,2343,READ_HEAVY,ADD_INDEX_CONCURRENTLY,HIGH,0.79,2.59,1,0
MIG-11108,customer_sessions,38062.08,37.17,8495078,5357,READ_HEAVY,DROP_COLUMN,CRITICAL,0.49,2.77,1,0
MIG-11109,orders,181934.08,177.67,22208679,3417,READ_HEAVY,ADD_INDEX_LOCKING,CRITICAL,22.39,301.16,0,1
MIG-11110,orders,67911.68,66.32,8290620,2168,READ_HEAVY,TABLE_REWRITE,HIGH,39.31,266.61,0,1
MIG-11111,order_items,312176.64,304.86,48995095,1138,READ_HEAVY,ADD_INDEX_CONCURRENTLY,MEDIUM,1.02,1.86,1,0
MIG-11112,order_items,249477.12,243.63,39154938,2089,WRITE_HEAVY,ALTER_COLUMN_TYPE,HIGH,64.37,495.57,0,1
MIG-11113,customer_sessions,75755.52,73.98,16909523,3110,READ_HEAVY,ALTER_COLUMN_TYPE,CRITICAL,28.14,526.79,0,1
MIG-11114,customer_sessions,40888.32,39.93,9126835,367,MIXED_OLTP,ALTER_COLUMN_TYPE,LOW,21.07,26.7,0,1
MIG-11115,orders,217845.76,212.74,26592113,1241,READ_HEAVY,ADD_INDEX_LOCKING,MEDIUM,26.8,51.38,0,1
MIG-11116,orders,134686.72,131.53,16441044,1155,WRITE_HEAVY,ADD_INDEX_CONCURRENTLY,MEDIUM,0.62,1.28,1,0
MIG-11117,order_payments,42414.08,41.42,10196187,4657,READ_HEAVY,ALTER_COLUMN_TYPE,CRITICAL,19.54,424.94,0,1
MIG-11118,orders,240066.56,234.44,29305091,4641,READ_HEAVY,DROP_COLUMN,CRITICAL,1.68,10.99,1,0
MIG-11119,order_shipments,18462.72,18.03,4809005,1995,MIXED_OLTP,ADD_INDEX_LOCKING,HIGH,4.82,34.25,0,1
MIG-11120,order_payments,33331.2,32.55,8011097,516,ANALYTICAL_BATCH,ADD_INDEX_CONCURRENTLY,MEDIUM,0.24,0.34,1,0
MIG-11121,orders,129751.04,126.71,15838378,5472,READ_HEAVY,ADD_INDEX_CONCURRENTLY,CRITICAL,0.72,3.12,1,0
MIG-11122,order_shipments,75407.36,73.64,19637002,181,MIXED_OLTP,ADD_INDEX_CONCURRENTLY,LOW,0.36,0.4,1,0
MIG-11123,orders,124733.44,121.81,15226015,431,WRITE_HEAVY,ADD_COLUMN_DEFAULT,LOW,1.28,1.4,1,0
MIG-11124,order_items,148910.08,145.42,23371338,2311,ANALYTICAL_BATCH,ADD_COLUMN_DEFAULT,HIGH,1.48,6.07,1,0
MIG-11125,order_items,278722.56,272.19,43745042,2309,WRITE_HEAVY,ALTER_COLUMN_TYPE,HIGH,80.71,763.46,0,1
MIG-11126,order_items,241121.28,235.47,37843449,3052,READ_HEAVY,ADD_INDEX_CONCURRENTLY,CRITICAL,0.85,5.87,1,0
MIG-11127,order_payments,27269.12,26.63,6556090,1490,WRITE_HEAVY,ADD_INDEX_CONCURRENTLY,MEDIUM,0.2,0.47,1,0
MIG-11128,order_payments,90695.68,88.57,21802295,1028,WRITE_HEAVY,ADD_COLUMN_DEFAULT,MEDIUM,1.26,2.18,1,0
MIG-11129,customer_sessions,21862.4,21.35,4879701,1330,MIXED_OLTP,ADD_INDEX_CONCURRENTLY,MEDIUM,0.21,0.37,1,0
MIG-11130,customer_sessions,32880.64,32.11,7339946,411,WRITE_HEAVY,ADD_COLUMN_DEFAULT,LOW,0.58,0.61,1,0
MIG-11131,order_items,445603.84,435.16,69936376,3344,WRITE_HEAVY,ADD_INDEX_LOCKING,CRITICAL,45.1,1002.39,0,1
MIG-11132,orders,209530.88,204.62,25578123,1447,WRITE_HEAVY,TABLE_REWRITE,MEDIUM,107.07,210.3,0,1
MIG-11133,order_payments,58183.68,56.82,13987522,336,ANALYTICAL_BATCH,ADD_INDEX_CONCURRENTLY,LOW,0.4,0.5,1,0
MIG-11134,customer_sessions,35573.76,34.74,7940388,685,MIXED_OLTP,ADD_INDEX_CONCURRENTLY,MEDIUM,0.21,0.27,1,0
MIG-11135,order_items,242114.56,236.44,37999648,2371,ANALYTICAL_BATCH,ADD_INDEX_LOCKING,HIGH,27.12,504.38,0,1
MIG-11136,order_items,608532.48,594.27,95507976,4540,MIXED_OLTP,ADD_INDEX_CONCURRENTLY,CRITICAL,1.65,14.74,1,0
MIG-11137,order_items,213012.48,208.02,33432097,1152,ANALYTICAL_BATCH,ADD_INDEX_LOCKING,MEDIUM,21.82,44.09,1,0
MIG-11138,orders,89671.68,87.57,10945876,228,READ_HEAVY,DROP_COLUMN,LOW,0.68,0.7,1,0
MIG-11139,order_payments,79943.68,78.07,19217016,5351,WRITE_HEAVY,ALTER_COLUMN_TYPE,CRITICAL,34.31,716.92,0,1
MIG-11140,order_items,212387.84,207.41,33333815,736,WRITE_HEAVY,ADD_INDEX_CONCURRENTLY,MEDIUM,0.71,0.81,1,0
MIG-11141,order_payments,45393.92,44.33,10913203,992,WRITE_HEAVY,TABLE_REWRITE,MEDIUM,36.02,70.74,0,1
MIG-11142,order_shipments,26388.48,25.77,6870998,435,MIXED_OLTP,TABLE_REWRITE,LOW,19.99,32.24,0,1
MIG-11143,order_shipments,71526.4,69.85,18627698,3193,WRITE_HEAVY,ADD_INDEX_CONCURRENTLY,CRITICAL,0.47,2.72,1,0
MIG-11144,order_items,430581.76,420.49,67578662,2105,WRITE_HEAVY,ADD_COLUMN_DEFAULT,HIGH,3.28,10.89,1,0
MIG-11145,order_items,450232.32,439.68,70663194,979,MIXED_OLTP,ADD_COLUMN_DEFAULT,MEDIUM,2.91,5.38,1,0
MIG-11146,order_payments,119275.52,116.48,28671040,409,WRITE_HEAVY,ADD_INDEX_CONCURRENTLY,LOW,0.53,0.79,1,0
MIG-11147,order_shipments,45496.32,44.43,11849333,415,WRITE_HEAVY,TABLE_REWRITE,LOW,33.13,49.51,0,1
MIG-11148,order_items,588687.36,574.89,92392322,1296,WRITE_HEAVY,ADD_INDEX_CONCURRENTLY,MEDIUM,1.71,3.81,1,0
MIG-11149,order_shipments,79247.36,77.39,20637219,243,MIXED_OLTP,ADD_INDEX_CONCURRENTLY,LOW,0.44,0.42,1,0
MIG-11150,orders,227143.68,221.82,27727131,991,WRITE_HEAVY,ADD_INDEX_CONCURRENTLY,MEDIUM,0.82,1.61,1,0
MIG-11151,order_shipments,78233.6,76.4,20372782,110,WRITE_HEAVY,DROP_COLUMN,LOW,0.7,0.83,1,0
MIG-11152,orders,128440.32,125.43,15678302,1322,WRITE_HEAVY,ALTER_COLUMN_TYPE,MEDIUM,37.92,69.61,0,1
MIG-11153,orders,111759.36,109.14,13641877,803,MIXED_OLTP,DROP_COLUMN,MEDIUM,0.75,0.95,1,0
MIG-11154,order_items,332748.8,324.95,52223882,967,WRITE_HEAVY,DROP_COLUMN,MEDIUM,1.73,3.05,1,0
MIG-11155,orders,70615.04,68.96,8619819,2523,WRITE_HEAVY,ADD_INDEX_CONCURRENTLY,HIGH,0.34,1.53,1,0
MIG-11156,orders,148971.52,145.48,18184573,1276,ANALYTICAL_BATCH,ADD_INDEX_LOCKING,MEDIUM,18.91,25.31,1,0
MIG-11157,orders,58695.68,57.32,7164806,3215,MIXED_OLTP,ADD_COLUMN_DEFAULT,CRITICAL,0.74,4.49,1,0
MIG-11158,order_items,116725.76,113.99,18319622,4918,WRITE_HEAVY,ADD_COLUMN_DEFAULT,CRITICAL,1.46,12.51,1,0
MIG-11159,order_payments,138229.76,134.99,33227169,3939,WRITE_HEAVY,DROP_COLUMN,CRITICAL,0.98,10.43,1,0
MIG-11160,orders,201625.6,196.9,24612095,267,WRITE_HEAVY,TABLE_REWRITE,LOW,111.59,143.39,0,1
MIG-11161,order_payments,93941.76,91.74,22581192,633,MIXED_OLTP,ADD_INDEX_LOCKING,MEDIUM,16.29,24.05,1,0
MIG-11162,order_shipments,46725.12,45.63,12167804,2575,WRITE_HEAVY,DROP_COLUMN,HIGH,0.46,2.27,1,0
MIG-11163,orders,175349.76,171.24,21404526,290,ANALYTICAL_BATCH,ADD_COLUMN_DEFAULT,LOW,2.0,1.71,1,0
MIG-11164,orders,246353.92,240.58,30072545,141,MIXED_OLTP,ADD_INDEX_CONCURRENTLY,LOW,1.01,0.77,1,0
MIG-11165,order_shipments,72540.16,70.84,18891410,156,READ_HEAVY,ADD_COLUMN_DEFAULT,LOW,0.86,0.62,1,0
MIG-11166,order_shipments,68403.2,66.8,17813611,2582,WRITE_HEAVY,DROP_COLUMN,HIGH,0.61,2.0,1,0
MIG-11167,order_items,352194.56,343.94,55276564,1663,MIXED_OLTP,ADD_INDEX_LOCKING,HIGH,29.37,206.92,0,1
MIG-11168,order_shipments,47104.0,46.0,12267055,1021,MIXED_OLTP,DROP_COLUMN,MEDIUM,0.52,0.66,1,0
MIG-11169,orders,203663.36,198.89,24860772,4744,MIXED_OLTP,ADD_COLUMN_DEFAULT,CRITICAL,2.31,23.61,1,0
MIG-11170,order_items,620963.84,606.41,97459456,2868,WRITE_HEAVY,ADD_INDEX_CONCURRENTLY,HIGH,1.83,5.32,1,0
MIG-11171,order_payments,77516.8,75.7,18633021,163,MIXED_OLTP,ADD_INDEX_CONCURRENTLY,LOW,0.37,0.61,1,0
MIG-11172,orders,135905.28,132.72,16589540,795,MIXED_OLTP,ADD_INDEX_LOCKING,MEDIUM,18.64,31.91,0,1
MIG-11173,order_payments,77916.16,76.09,18729668,161,ANALYTICAL_BATCH,TABLE_REWRITE,LOW,43.1,51.08,0,1
MIG-11174,order_items,334305.28,326.47,52469061,5199,READ_HEAVY,ADD_COLUMN_DEFAULT,CRITICAL,2.9,25.19,0,1
MIG-11175,order_payments,145305.6,141.9,34929993,2388,READ_HEAVY,DROP_COLUMN,HIGH,0.96,3.88,1,0
MIG-11176,order_items,479457.28,468.22,75249038,2974,READ_HEAVY,DROP_COLUMN,HIGH,2.93,7.43,1,0
MIG-11177,order_items,300062.72,293.03,47093940,1565,MIXED_OLTP,ADD_INDEX_CONCURRENTLY,HIGH,1.33,3.57,1,0
MIG-11178,orders,131317.76,128.24,16030564,1205,ANALYTICAL_BATCH,ADD_INDEX_CONCURRENTLY,MEDIUM,0.66,1.6,1,0
MIG-11179,orders,144435.2,141.05,17631516,3082,READ_HEAVY,ADD_INDEX_CONCURRENTLY,CRITICAL,0.76,3.02,1,0
MIG-11180,order_payments,31027.2,30.3,7457311,3272,WRITE_HEAVY,TABLE_REWRITE,CRITICAL,29.62,392.19,0,1
MIG-11181,orders,165898.24,162.01,20251042,2147,WRITE_HEAVY,ADD_INDEX_CONCURRENTLY,HIGH,0.62,1.52,1,0
MIG-11182,orders,228618.24,223.26,27907285,866,READ_HEAVY,ADD_COLUMN_DEFAULT,MEDIUM,1.8,4.42,1,0
MIG-11183,orders,195256.32,190.68,23835330,246,MIXED_OLTP,ADD_COLUMN_DEFAULT,LOW,1.88,2.34,1,0
MIG-11184,orders,93040.64,90.86,11357362,127,WRITE_HEAVY,DROP_COLUMN,LOW,0.86,0.8,1,0
MIG-11185,order_shipments,78817.28,76.97,20525539,317,READ_HEAVY,ADD_INDEX_CONCURRENTLY,LOW,0.37,0.41,1,0
MIG-11186,order_items,486000.64,474.61,76276147,840,ANALYTICAL_BATCH,TABLE_REWRITE,MEDIUM,158.43,382.55,0,1
MIG-11187,customer_sessions,31272.96,30.54,6980564,2990,READ_HEAVY,ADD_COLUMN_DEFAULT,HIGH,0.47,1.34,1,0
MIG-11188,orders,186920.96,182.54,22817615,4973,WRITE_HEAVY,TABLE_REWRITE,CRITICAL,81.84,1748.48,0,1
MIG-11189,order_payments,99819.52,97.48,23995332,273,READ_HEAVY,DROP_COLUMN,LOW,0.93,0.89,1,0
MIG-11190,order_items,548096.0,535.25,86022797,1265,READ_HEAVY,ADD_COLUMN_DEFAULT,MEDIUM,4.49,8.48,1,0
MIG-11191,order_items,184913.92,180.58,29021857,330,WRITE_HEAVY,ADD_INDEX_LOCKING,LOW,20.2,22.43,1,0
MIG-11192,order_shipments,34590.72,33.78,9008511,4238,MIXED_OLTP,DROP_COLUMN,CRITICAL,0.41,4.33,1,0
MIG-11193,customer_sessions,45690.88,44.62,10197960,2878,READ_HEAVY,ADD_INDEX_CONCURRENTLY,HIGH,0.28,0.93,1,0
MIG-11194,order_shipments,22097.92,21.58,5753535,1087,READ_HEAVY,ADD_INDEX_LOCKING,MEDIUM,5.76,8.45,1,0
MIG-11195,orders,141076.48,137.77,17221043,983,READ_HEAVY,DROP_COLUMN,MEDIUM,0.97,1.4,1,0
MIG-11196,orders,223498.24,218.26,27281914,1066,WRITE_HEAVY,DROP_COLUMN,MEDIUM,1.18,3.3,1,0
MIG-11197,order_payments,44441.6,43.4,10682974,1281,WRITE_HEAVY,ADD_INDEX_LOCKING,MEDIUM,9.26,14.35,1,0
MIG-11198,orders,150886.4,147.35,18418615,396,WRITE_HEAVY,DROP_COLUMN,LOW,1.04,1.29,1,0
MIG-11199,order_payments,145203.2,141.8,34905353,1048,WRITE_HEAVY,ADD_COLUMN_DEFAULT,MEDIUM,1.32,2.93,1,0
MIG-11200,order_items,375787.52,366.98,58979521,676,MIXED_OLTP,ADD_COLUMN_DEFAULT,MEDIUM,2.66,2.61,1,0
MIG-11201,order_items,371875.84,363.16,58364229,1137,WRITE_HEAVY,ADD_INDEX_CONCURRENTLY,MEDIUM,1.49,1.93,1,0
MIG-11202,order_shipments,64778.24,63.26,16869941,930,MIXED_OLTP,DROP_COLUMN,MEDIUM,0.7,0.79,1,0
MIG-11203,order_payments,48906.24,47.76,11756925,2898,WRITE_HEAVY,ADD_INDEX_CONCURRENTLY,HIGH,0.27,1.45,1,0
MIG-11204,orders,81704.96,79.79,9973424,1408,WRITE_HEAVY,ADD_INDEX_CONCURRENTLY,MEDIUM,0.4,0.98,1,0
MIG-11205,orders,198973.44,194.31,24288574,500,WRITE_HEAVY,ADD_INDEX_LOCKING,MEDIUM,25.41,35.83,0,1
MIG-11206,order_items,318945.28,311.47,50057111,5497,READ_HEAVY,ADD_INDEX_CONCURRENTLY,CRITICAL,0.97,9.57,1,0
MIG-11207,order_items,264304.64,258.11,41482436,1400,READ_HEAVY,ADD_INDEX_CONCURRENTLY,MEDIUM,1.07,2.02,1,0
MIG-11208,orders,56094.72,54.78,6847573,2860,MIXED_OLTP,ALTER_COLUMN_TYPE,HIGH,24.45,355.47,0,1
MIG-11209,order_items,551331.84,538.41,86530090,299,WRITE_HEAVY,ADD_INDEX_LOCKING,LOW,40.95,69.72,0,1
MIG-11210,order_payments,30494.72,29.78,7331071,1905,READ_HEAVY,ADD_INDEX_LOCKING,HIGH,6.21,39.94,0,1
MIG-11211,order_shipments,80640.0,78.75,20999635,1106,MIXED_OLTP,ADD_COLUMN_DEFAULT,MEDIUM,1.03,2.19,1,0
MIG-11212,order_items,311828.48,304.52,48941073,1383,WRITE_HEAVY,DROP_COLUMN,MEDIUM,1.97,6.04,1,0
MIG-11213,order_items,423669.76,413.74,66493712,280,WRITE_HEAVY,TABLE_REWRITE,LOW,184.3,202.05,0,1
MIG-11214,orders,103936.0,101.5,12687306,2978,WRITE_HEAVY,ADD_INDEX_CONCURRENTLY,HIGH,0.61,2.36,1,0
MIG-11215,order_items,194887.68,190.32,30587372,1891,WRITE_HEAVY,ADD_INDEX_CONCURRENTLY,HIGH,0.76,3.14,1,0
MIG-11216,order_items,389969.92,380.83,61204428,2779,MIXED_OLTP,ADD_INDEX_CONCURRENTLY,HIGH,1.56,3.23,1,0
MIG-11217,order_items,473692.16,462.59,74345033,566,READ_HEAVY,ALTER_COLUMN_TYPE,MEDIUM,126.64,174.12,0,1
MIG-11218,order_payments,50042.88,48.87,12030206,2759,READ_HEAVY,ADD_INDEX_CONCURRENTLY,HIGH,0.37,0.62,1,0
MIG-11219,orders,145664.0,142.25,17781691,1445,MIXED_OLTP,ADD_COLUMN_DEFAULT,MEDIUM,1.67,1.83,1,0
MIG-11220,orders,147507.2,144.05,18005684,1202,READ_HEAVY,ADD_COLUMN_DEFAULT,MEDIUM,1.32,1.98,1,0
MIG-11221,orders,96921.6,94.65,11831437,1123,READ_HEAVY,TABLE_REWRITE,MEDIUM,52.62,104.98,0,1
MIG-11222,order_shipments,65300.48,63.77,17005068,911,WRITE_HEAVY,ADD_COLUMN_DEFAULT,MEDIUM,1.08,1.41,1,0
MIG-11223,order_items,190003.2,185.55,29820790,2810,READ_HEAVY,ADD_COLUMN_DEFAULT,HIGH,2.23,4.5,1,0
MIG-11224,orders,161904.64,158.11,19763227,626,WRITE_HEAVY,TABLE_REWRITE,MEDIUM,97.75,146.59,0,1
MIG-11225,order_shipments,27842.56,27.19,7250120,790,WRITE_HEAVY,ADD_INDEX_CONCURRENTLY,MEDIUM,0.19,0.33,1,0
MIG-11226,order_items,365271.04,356.71,57328935,3327,WRITE_HEAVY,DROP_COLUMN,CRITICAL,2.33,10.9,1,0
MIG-11227,order_items,275507.2,269.05,43239523,3694,MIXED_OLTP,ADD_INDEX_CONCURRENTLY,CRITICAL,1.14,5.56,1,0
MIG-11228,customer_sessions,43509.76,42.49,9712346,1023,MIXED_OLTP,ADD_INDEX_CONCURRENTLY,MEDIUM,0.27,0.51,1,0
MIG-11229,orders,145090.56,141.69,17711232,3839,MIXED_OLTP,ADD_INDEX_CONCURRENTLY,CRITICAL,0.73,4.13,1,0
MIG-11230,orders,249968.64,244.11,30514194,268,WRITE_HEAVY,ADD_COLUMN_DEFAULT,LOW,2.23,3.62,1,0
MIG-11231,order_items,367544.32,358.93,57684783,3577,ANALYTICAL_BATCH,ADD_INDEX_CONCURRENTLY,CRITICAL,1.25,13.27,1,0
MIG-11232,orders,230195.2,224.8,28099470,241,WRITE_HEAVY,ADD_INDEX_LOCKING,LOW,27.67,21.0,1,0
MIG-11233,order_payments,53657.6,52.4,12898788,997,MIXED_OLTP,ADD_COLUMN_DEFAULT,MEDIUM,0.94,1.04,1,0
MIG-11234,orders,127027.2,124.05,15506235,3534,MIXED_OLTP,ADD_COLUMN_DEFAULT,CRITICAL,1.72,11.83,1,0
MIG-11235,orders,65761.28,64.22,8027413,474,READ_HEAVY,DROP_COLUMN,LOW,0.71,0.73,1,0
MIG-11236,orders,142213.12,138.88,17360190,2845,READ_HEAVY,TABLE_REWRITE,HIGH,82.44,811.57,0,1
MIG-11237,order_items,459796.48,449.02,72164690,1376,MIXED_OLTP,ADD_COLUMN_DEFAULT,MEDIUM,3.2,7.89,1,0
MIG-11238,orders,234536.96,229.04,28630509,100,MIXED_OLTP,ADD_INDEX_CONCURRENTLY,LOW,0.77,1.45,1,0
MIG-11239,orders,174325.76,170.24,21279702,4237,WRITE_HEAVY,ADD_INDEX_CONCURRENTLY,CRITICAL,0.65,6.25,1,0
MIG-11240,order_shipments,71526.4,69.85,18625569,1295,MIXED_OLTP,ALTER_COLUMN_TYPE,MEDIUM,24.64,54.11,0,1
MIG-11241,order_items,206172.16,201.34,32358633,3871,WRITE_HEAVY,ALTER_COLUMN_TYPE,CRITICAL,60.75,2027.99,0,1
MIG-11242,order_items,133888.0,130.75,21013689,3578,READ_HEAVY,ADD_COLUMN_DEFAULT,CRITICAL,1.24,10.31,1,0
MIG-11243,orders,224256.0,219.0,27375579,344,READ_HEAVY,ADD_INDEX_CONCURRENTLY,LOW,0.79,1.15,1,0
MIG-11244,order_items,200898.56,196.19,31530094,502,MIXED_OLTP,ADD_COLUMN_DEFAULT,MEDIUM,1.65,2.78,1,0
MIG-11245,orders,69314.56,67.69,8461577,1112,READ_HEAVY,DROP_COLUMN,MEDIUM,0.69,0.95,1,0
MIG-11246,order_items,598558.72,584.53,93942547,951,WRITE_HEAVY,ADD_COLUMN_DEFAULT,MEDIUM,3.85,6.82,1,0
MIG-11247,orders,262266.88,256.12,32015076,373,READ_HEAVY,ADD_INDEX_CONCURRENTLY,LOW,1.09,0.67,1,0
MIG-11248,order_shipments,69550.08,67.92,18111157,1182,WRITE_HEAVY,ADD_COLUMN_DEFAULT,MEDIUM,0.93,1.83,1,0
MIG-11249,customer_sessions,38758.4,37.85,8652376,2303,READ_HEAVY,DROP_COLUMN,HIGH,0.48,0.95,1,0
MIG-11250,orders,233451.52,227.98,28497467,333,READ_HEAVY,TABLE_REWRITE,LOW,96.58,149.24,0,1
MIG-11251,orders,94433.28,92.22,11527438,1540,MIXED_OLTP,ADD_INDEX_CONCURRENTLY,HIGH,0.46,1.37,1,0
MIG-11252,orders,144128.0,140.75,17593592,1481,WRITE_HEAVY,ALTER_COLUMN_TYPE,MEDIUM,48.33,60.25,0,1
MIG-11253,order_items,298946.56,291.94,46918401,130,WRITE_HEAVY,ADD_COLUMN_DEFAULT,LOW,2.43,3.37,1,0
MIG-11254,orders,251023.36,245.14,30642899,490,READ_HEAVY,DROP_COLUMN,LOW,1.29,2.31,1,0
MIG-11255,order_shipments,94720.0,92.5,24667192,489,WRITE_HEAVY,ALTER_COLUMN_TYPE,LOW,37.12,57.59,0,1
MIG-11256,order_payments,104601.6,102.15,25145514,2576,WRITE_HEAVY,DROP_COLUMN,HIGH,0.93,4.6,1,0
MIG-11257,order_shipments,27617.28,26.97,7191987,398,READ_HEAVY,ADD_INDEX_CONCURRENTLY,LOW,0.24,0.17,1,0
MIG-11258,order_items,363550.72,355.03,57057615,1544,READ_HEAVY,ADD_INDEX_CONCURRENTLY,HIGH,1.12,3.45,1,0
MIG-11259,customer_sessions,30167.04,29.46,6732728,2922,WRITE_HEAVY,ADD_INDEX_LOCKING,HIGH,6.76,69.17,0,1
MIG-11260,orders,244879.36,239.14,29892722,311,READ_HEAVY,DROP_COLUMN,LOW,1.37,1.82,1,0
MIG-11261,order_items,186122.24,181.76,29210626,3848,MIXED_OLTP,ADD_COLUMN_DEFAULT,CRITICAL,1.9,10.09,1,0
MIG-11262,order_items,142714.88,139.37,22399132,4674,READ_HEAVY,DROP_COLUMN,CRITICAL,0.92,11.43,1,0
MIG-11263,customer_sessions,59781.12,58.38,13343778,313,WRITE_HEAVY,ADD_INDEX_CONCURRENTLY,LOW,0.39,0.46,1,0
MIG-11264,order_items,348631.04,340.46,54716172,3903,WRITE_HEAVY,ADD_INDEX_CONCURRENTLY,CRITICAL,1.21,8.34,1,0
MIG-11265,order_shipments,87971.84,85.91,22908681,821,WRITE_HEAVY,ALTER_COLUMN_TYPE,MEDIUM,35.98,61.43,0,1
MIG-11266,orders,65658.88,64.12,8015000,1677,READ_HEAVY,ADD_COLUMN_DEFAULT,HIGH,0.86,2.73,1,0
MIG-11267,customer_sessions,66017.28,64.47,14735496,463,MIXED_OLTP,ADD_INDEX_CONCURRENTLY,LOW,0.39,0.46,1,0
MIG-11268,order_items,133959.68,130.82,21024114,2498,WRITE_HEAVY,ADD_COLUMN_DEFAULT,HIGH,1.61,3.96,1,0
MIG-11269,order_items,129177.6,126.15,20273670,1931,WRITE_HEAVY,TABLE_REWRITE,HIGH,60.53,626.19,0,1
MIG-11270,customer_sessions,44093.44,43.06,9842946,4807,WRITE_HEAVY,ADD_INDEX_CONCURRENTLY,CRITICAL,0.3,2.43,1,0
MIG-11271,order_items,228894.72,223.53,35924594,4734,WRITE_HEAVY,ADD_INDEX_CONCURRENTLY,CRITICAL,1.08,11.64,1,0
MIG-11272,order_items,421099.52,411.23,66091215,155,ANALYTICAL_BATCH,ADD_COLUMN_DEFAULT,LOW,3.69,2.67,1,0
MIG-11273,order_items,128010.24,125.01,20091176,1762,WRITE_HEAVY,ADD_INDEX_CONCURRENTLY,HIGH,0.59,1.47,1,0
MIG-11274,orders,56975.36,55.64,6955517,730,WRITE_HEAVY,ADD_INDEX_CONCURRENTLY,MEDIUM,0.4,0.41,1,0
MIG-11275,order_items,489963.52,478.48,76899028,142,READ_HEAVY,ADD_INDEX_CONCURRENTLY,LOW,1.33,1.65,1,0
MIG-11276,orders,95641.6,93.4,11674459,429,WRITE_HEAVY,ADD_INDEX_CONCURRENTLY,LOW,0.59,0.36,1,0
MIG-11277,orders,194344.96,189.79,23723262,3389,WRITE_HEAVY,DROP_COLUMN,CRITICAL,1.55,12.11,1,0
MIG-11278,order_shipments,80629.76,78.74,20998318,2717,READ_HEAVY,ADD_INDEX_CONCURRENTLY,HIGH,0.45,1.02,1,0
MIG-11279,order_items,145305.6,141.9,22805824,311,WRITE_HEAVY,ADD_COLUMN_DEFAULT,LOW,1.31,1.9,1,0
MIG-11280,order_items,511959.04,499.96,80350070,3292,WRITE_HEAVY,ADD_INDEX_LOCKING,CRITICAL,43.42,1303.88,0,1
MIG-11281,order_items,253214.72,247.28,39742118,2766,READ_HEAVY,ADD_INDEX_CONCURRENTLY,HIGH,0.86,4.12,1,0
MIG-11282,order_items,315729.92,308.33,49553222,673,READ_HEAVY,ADD_INDEX_CONCURRENTLY,MEDIUM,1.16,1.51,1,0
MIG-11283,order_items,159406.08,155.67,25017774,1499,WRITE_HEAVY,TABLE_REWRITE,MEDIUM,87.19,197.44,0,1
MIG-11284,customer_sessions,68433.92,66.83,15276271,1521,MIXED_OLTP,DROP_COLUMN,HIGH,0.62,1.54,1,0
MIG-11285,customer_sessions,50513.92,49.33,11274494,2434,WRITE_HEAVY,DROP_COLUMN,HIGH,0.54,1.71,1,0
MIG-11286,order_items,375142.4,366.35,58877887,813,ANALYTICAL_BATCH,ADD_COLUMN_DEFAULT,MEDIUM,3.65,3.66,1,0
MIG-11287,order_items,614553.6,600.15,96452939,1033,ANALYTICAL_BATCH,TABLE_REWRITE,MEDIUM,186.55,368.3,0,1
MIG-11288,order_items,287324.16,280.59,45094966,435,READ_HEAVY,ADD_INDEX_CONCURRENTLY,LOW,1.2,0.95,1,0
MIG-11289,order_items,574412.8,560.95,90153122,1286,WRITE_HEAVY,ADD_INDEX_CONCURRENTLY,MEDIUM,1.74,2.65,1,0
MIG-11290,order_items,486113.28,474.72,76294718,781,MIXED_OLTP,ADD_INDEX_LOCKING,MEDIUM,39.24,68.94,0,1
MIG-11291,order_payments,137871.36,134.64,33141610,563,READ_HEAVY,ADD_INDEX_CONCURRENTLY,MEDIUM,0.55,0.9,1,0
MIG-11292,order_items,583198.72,569.53,91531966,783,WRITE_HEAVY,DROP_COLUMN,MEDIUM,3.22,5.28,1,0
MIG-11293,order_items,626155.52,611.48,98273414,2714,READ_HEAVY,ADD_INDEX_CONCURRENTLY,HIGH,1.94,3.89,1,0
MIG-11294,order_items,182650.88,178.37,28665816,1015,READ_HEAVY,ADD_COLUMN_DEFAULT,MEDIUM,2.14,3.32,1,0
MIG-11295,order_items,525506.56,513.19,82477327,1258,MIXED_OLTP,DROP_COLUMN,MEDIUM,2.67,2.79,1,0
MIG-11296,orders,227092.48,221.77,27721347,297,MIXED_OLTP,ADD_COLUMN_DEFAULT,LOW,2.22,2.13,1,0
MIG-11297,orders,191672.32,187.18,23398085,4323,MIXED_OLTP,DROP_COLUMN,CRITICAL,1.22,10.18,1,0
MIG-11298,order_payments,60037.12,58.63,14431195,564,MIXED_OLTP,ADD_INDEX_CONCURRENTLY,MEDIUM,0.35,0.42,1,0
MIG-11299,order_items,612792.32,598.43,96177010,522,READ_HEAVY,ADD_INDEX_CONCURRENTLY,MEDIUM,1.87,2.29,1,0
MIG-11300,orders,94371.84,92.16,11519397,381,READ_HEAVY,ADD_INDEX_LOCKING,LOW,11.5,16.15,1,0
MIG-11301,order_items,372520.96,363.79,58465605,1803,ANALYTICAL_BATCH,ADD_INDEX_CONCURRENTLY,HIGH,1.14,2.54,1,0
MIG-11302,order_payments,89098.24,87.01,21418828,860,ANALYTICAL_BATCH,DROP_COLUMN,MEDIUM,0.77,1.41,1,0
MIG-11303,orders,84951.04,82.96,10369392,869,MIXED_OLTP,ADD_COLUMN_DEFAULT,MEDIUM,0.9,1.52,1,0
MIG-11304,order_shipments,78356.48,76.52,20406622,4582,MIXED_OLTP,ADD_COLUMN_DEFAULT,CRITICAL,1.05,10.18,1,0
MIG-11305,customer_sessions,20070.4,19.6,4479687,2911,READ_HEAVY,ADD_COLUMN_DEFAULT,HIGH,0.39,1.6,1,0
MIG-11306,order_items,472391.68,461.32,74140920,1257,WRITE_HEAVY,ADD_INDEX_LOCKING,MEDIUM,37.96,83.73,0,1
MIG-11307,order_payments,128296.96,125.29,30840126,1138,MIXED_OLTP,ADD_COLUMN_DEFAULT,MEDIUM,1.34,2.98,1,0
MIG-11308,orders,126433.28,123.47,15433703,5087,WRITE_HEAVY,ADD_INDEX_CONCURRENTLY,CRITICAL,0.54,5.36,1,0
MIG-11309,customer_sessions,60098.56,58.69,13415659,4275,WRITE_HEAVY,TABLE_REWRITE,CRITICAL,46.96,989.7,0,1
MIG-11310,order_items,195594.24,191.01,30698694,1717,READ_HEAVY,ADD_INDEX_CONCURRENTLY,HIGH,0.78,1.8,1,0
MIG-11311,customer_sessions,68904.96,67.29,15381665,2232,READ_HEAVY,ADD_INDEX_LOCKING,HIGH,12.9,63.85,0,1
MIG-11312,order_items,606023.68,591.82,95114567,5444,READ_HEAVY,ADD_INDEX_CONCURRENTLY,CRITICAL,1.56,14.93,1,0
MIG-11313,orders,82923.52,80.98,10122729,4949,WRITE_HEAVY,ADD_COLUMN_DEFAULT,CRITICAL,1.09,10.77,1,0
MIG-11314,orders,202178.56,197.44,24680205,239,WRITE_HEAVY,ADD_COLUMN_DEFAULT,LOW,1.65,2.06,1,0
MIG-11315,order_payments,87224.32,85.18,20967935,3809,WRITE_HEAVY,ADD_INDEX_CONCURRENTLY,CRITICAL,0.41,3.01,1,0
MIG-11316,order_items,388997.12,379.88,61051445,2877,WRITE_HEAVY,ADD_INDEX_LOCKING,HIGH,43.79,341.85,0,1
MIG-11317,orders,205414.4,200.6,25075222,594,WRITE_HEAVY,ADD_INDEX_CONCURRENTLY,MEDIUM,0.97,1.46,1,0
MIG-11318,order_payments,85176.32,83.18,20475726,1432,MIXED_OLTP,ADD_COLUMN_DEFAULT,MEDIUM,0.93,2.18,1,0
MIG-11319,order_shipments,68229.12,66.63,17767050,1177,WRITE_HEAVY,ADD_INDEX_LOCKING,MEDIUM,10.07,16.6,1,0
MIG-11320,order_items,233850.88,228.37,36702982,2711,READ_HEAVY,DROP_COLUMN,HIGH,1.52,5.39,1,0
MIG-11321,order_items,310036.48,302.77,48659034,1993,WRITE_HEAVY,ADD_COLUMN_DEFAULT,HIGH,3.03,10.34,1,0
MIG-11322,orders,240527.36,234.89,29361489,1148,READ_HEAVY,ADD_COLUMN_DEFAULT,MEDIUM,1.93,3.49,1,0
MIG-11323,order_payments,39792.64,38.86,9565192,1988,MIXED_OLTP,ADD_INDEX_CONCURRENTLY,HIGH,0.3,0.49,1,0
MIG-11324,order_items,423096.32,413.18,66403596,106,WRITE_HEAVY,ALTER_COLUMN_TYPE,LOW,117.24,91.99,0,1
MIG-11325,order_shipments,33720.32,32.93,8780600,954,WRITE_HEAVY,DROP_COLUMN,MEDIUM,0.43,0.59,1,0
MIG-11326,order_items,551587.84,538.66,86569707,1479,MIXED_OLTP,DROP_COLUMN,MEDIUM,2.81,4.95,1,0
MIG-11327,order_items,413532.16,403.84,64902560,1864,WRITE_HEAVY,ADD_COLUMN_DEFAULT,HIGH,3.46,6.26,1,0
MIG-11328,orders,138301.44,135.06,16882317,164,MIXED_OLTP,ADD_COLUMN_DEFAULT,LOW,1.37,1.78,1,0
MIG-11329,orders,104407.04,101.96,12745266,468,ANALYTICAL_BATCH,ADD_INDEX_CONCURRENTLY,LOW,0.51,0.72,1,0
MIG-11330,order_payments,78960.64,77.11,18981127,1410,READ_HEAVY,ADD_INDEX_CONCURRENTLY,MEDIUM,0.52,0.65,1,0
MIG-11331,order_items,608911.36,594.64,95566598,2770,ANALYTICAL_BATCH,ADD_COLUMN_DEFAULT,HIGH,4.12,23.72,1,0
MIG-11332,order_items,377487.36,368.64,59245952,5441,READ_HEAVY,ADD_INDEX_CONCURRENTLY,CRITICAL,1.3,12.09,1,0
MIG-11333,customer_sessions,44625.92,43.58,9960649,2986,READ_HEAVY,ADD_INDEX_CONCURRENTLY,HIGH,0.27,1.4,1,0
MIG-11334,customer_sessions,62484.48,61.02,13946342,2877,WRITE_HEAVY,ADD_COLUMN_DEFAULT,HIGH,0.9,3.51,1,0
MIG-11335,order_shipments,49868.8,48.7,12987416,1464,WRITE_HEAVY,ADD_COLUMN_DEFAULT,MEDIUM,0.62,2.19,1,0
MIG-11336,orders,143687.68,140.32,17540446,397,WRITE_HEAVY,ADD_COLUMN_DEFAULT,LOW,1.78,2.09,1,0
MIG-11337,order_items,288583.68,281.82,45292766,3786,READ_HEAVY,ADD_INDEX_LOCKING,CRITICAL,24.74,713.04,0,1
MIG-11338,order_shipments,30945.28,30.22,8059866,958,READ_HEAVY,DROP_COLUMN,MEDIUM,0.4,0.49,1,0
MIG-11339,order_items,483082.24,471.76,75818546,252,WRITE_HEAVY,ADD_INDEX_CONCURRENTLY,LOW,1.6,1.11,1,0
MIG-11340,orders,242247.68,236.57,29571834,1009,READ_HEAVY,ADD_INDEX_LOCKING,MEDIUM,30.84,40.86,0,1
MIG-11341,order_shipments,93542.4,91.35,24360801,2547,WRITE_HEAVY,ADD_COLUMN_DEFAULT,HIGH,1.27,2.93,1,0
MIG-11342,order_items,569262.08,555.92,89345037,741,WRITE_HEAVY,ADD_COLUMN_DEFAULT,MEDIUM,4.06,6.72,1,0
MIG-11343,order_items,347852.8,339.7,54594487,106,WRITE_HEAVY,ALTER_COLUMN_TYPE,LOW,75.32,70.13,0,1
MIG-11344,customer_sessions,32665.6,31.9,7290553,2404,MIXED_OLTP,ADD_INDEX_CONCURRENTLY,HIGH,0.25,0.76,1,0
MIG-11345,order_items,443914.24,433.51,69671823,497,READ_HEAVY,DROP_COLUMN,LOW,1.95,2.17,1,0
MIG-11346,order_items,607406.08,593.17,95331097,1361,MIXED_OLTP,ADD_INDEX_CONCURRENTLY,MEDIUM,1.63,4.34,1,0
MIG-11347,order_items,489912.32,478.43,76891102,1516,WRITE_HEAVY,ADD_INDEX_CONCURRENTLY,HIGH,1.8,4.6,1,0
MIG-11348,order_items,370073.6,361.4,58082733,4496,READ_HEAVY,ADD_COLUMN_DEFAULT,CRITICAL,3.6,17.4,1,0
MIG-11349,orders,201502.72,196.78,24597831,1031,ANALYTICAL_BATCH,ADD_INDEX_CONCURRENTLY,MEDIUM,0.98,1.57,1,0
MIG-11350,order_payments,119183.36,116.39,28649091,269,WRITE_HEAVY,ADD_INDEX_CONCURRENTLY,LOW,0.58,0.49,1,0
MIG-11351,order_shipments,94679.04,92.46,24656216,1168,READ_HEAVY,ADD_COLUMN_DEFAULT,MEDIUM,1.06,1.82,1,0
MIG-11352,orders,217958.4,212.85,26606825,926,WRITE_HEAVY,ADD_COLUMN_DEFAULT,MEDIUM,1.83,4.37,1,0
MIG-11353,order_items,338257.92,330.33,53088435,5285,WRITE_HEAVY,ADD_COLUMN_DEFAULT,CRITICAL,2.61,34.31,0,1
MIG-11354,order_shipments,41123.84,40.16,10709900,2861,READ_HEAVY,ADD_INDEX_CONCURRENTLY,HIGH,0.25,0.76,1,0
MIG-11355,orders,159713.28,155.97,19496804,1144,WRITE_HEAVY,ADD_COLUMN_DEFAULT,MEDIUM,1.5,2.27,1,0
MIG-11356,order_items,284057.6,277.4,44582413,2187,READ_HEAVY,ADD_COLUMN_DEFAULT,HIGH,2.37,7.99,1,0
MIG-11357,order_items,601241.6,587.15,94363932,1096,ANALYTICAL_BATCH,ADD_COLUMN_DEFAULT,MEDIUM,4.19,10.85,1,0
MIG-11358,order_payments,87480.32,85.43,21029416,1400,WRITE_HEAVY,ADD_INDEX_LOCKING,MEDIUM,14.21,25.57,0,1
MIG-11359,orders,153559.04,149.96,18745521,3750,WRITE_HEAVY,TABLE_REWRITE,CRITICAL,69.53,2638.45,0,1
MIG-11360,order_payments,68341.76,66.74,16428051,1368,MIXED_OLTP,ADD_INDEX_CONCURRENTLY,MEDIUM,0.35,0.83,1,0
MIG-11361,order_items,444682.24,434.26,69791966,1090,READ_HEAVY,ADD_COLUMN_DEFAULT,MEDIUM,3.29,4.35,1,0
MIG-11362,order_items,383088.64,374.11,60124153,3158,MIXED_OLTP,ALTER_COLUMN_TYPE,CRITICAL,82.98,1434.27,0,1
MIG-11363,orders,77690.88,75.87,9484320,1249,WRITE_HEAVY,DROP_COLUMN,MEDIUM,0.7,1.27,1,0
MIG-11364,order_items,563281.92,550.08,88405832,702,READ_HEAVY,TABLE_REWRITE,MEDIUM,175.55,166.0,0,1
MIG-11365,order_items,299970.56,292.94,47080039,306,ANALYTICAL_BATCH,ADD_INDEX_LOCKING,LOW,30.87,30.82,1,0
MIG-11366,orders,144834.56,141.44,17679617,1450,WRITE_HEAVY,ADD_INDEX_LOCKING,MEDIUM,20.62,33.85,0,1
MIG-11367,orders,94638.08,92.42,11553010,1279,MIXED_OLTP,ADD_INDEX_CONCURRENTLY,MEDIUM,0.42,0.72,1,0
MIG-11368,orders,171550.72,167.53,20941751,1199,READ_HEAVY,ADD_INDEX_CONCURRENTLY,MEDIUM,0.85,1.15,1,0
MIG-11369,order_items,477020.16,465.84,74866460,569,MIXED_OLTP,DROP_COLUMN,MEDIUM,2.75,3.75,1,0
MIG-11370,orders,244049.92,238.33,29791463,1359,WRITE_HEAVY,ADD_COLUMN_DEFAULT,MEDIUM,2.39,5.28,1,0
MIG-11371,customer_sessions,17664.0,17.25,3943150,2003,READ_HEAVY,ADD_INDEX_LOCKING,HIGH,4.5,32.83,0,1
MIG-11372,order_items,617021.44,602.56,96839884,3125,WRITE_HEAVY,TABLE_REWRITE,CRITICAL,215.45,2876.93,0,1
MIG-11373,order_shipments,76810.24,75.01,20002463,2939,ANALYTICAL_BATCH,ADD_INDEX_CONCURRENTLY,HIGH,0.47,2.59,1,0
MIG-11374,customer_sessions,32675.84,31.91,7293901,1786,WRITE_HEAVY,ADD_COLUMN_DEFAULT,HIGH,0.58,1.55,1,0
MIG-11375,orders,94382.08,92.17,11520818,1985,WRITE_HEAVY,ALTER_COLUMN_TYPE,HIGH,29.7,406.37,0,1
MIG-11376,order_payments,62095.36,60.64,14927332,156,MIXED_OLTP,ALTER_COLUMN_TYPE,LOW,30.63,31.15,0,1
MIG-11377,order_shipments,91064.32,88.93,23715676,1121,WRITE_HEAVY,ADD_INDEX_LOCKING,MEDIUM,15.71,16.15,1,0
MIG-11378,order_items,265072.64,258.86,41602604,447,READ_HEAVY,DROP_COLUMN,LOW,1.71,1.47,1,0
MIG-11379,order_items,353546.24,345.26,55488511,1019,WRITE_HEAVY,TABLE_REWRITE,MEDIUM,135.61,203.97,0,1
MIG-11380,order_items,478914.56,467.69,75164782,5173,READ_HEAVY,ADD_COLUMN_DEFAULT,CRITICAL,3.69,31.7,0,1
MIG-11381,orders,242022.4,236.35,29543726,1436,WRITE_HEAVY,ADD_INDEX_CONCURRENTLY,MEDIUM,0.87,1.95,1,0
MIG-11382,order_items,454574.08,443.92,71344264,5181,READ_HEAVY,ADD_INDEX_CONCURRENTLY,CRITICAL,1.47,12.28,1,0
MIG-11383,customer_sessions,62924.8,61.45,14044772,165,READ_HEAVY,ADD_COLUMN_DEFAULT,LOW,0.81,0.9,1,0
MIG-11384,customer_sessions,25518.08,24.92,5695905,706,WRITE_HEAVY,ADD_INDEX_LOCKING,MEDIUM,6.25,7.62,1,0
MIG-11385,orders,243220.48,237.52,29690011,799,WRITE_HEAVY,ADD_COLUMN_DEFAULT,MEDIUM,2.23,2.16,1,0
MIG-11386,order_payments,59658.24,58.26,14340712,1138,WRITE_HEAVY,DROP_COLUMN,MEDIUM,0.6,1.1,1,0
MIG-11387,order_items,180940.8,176.7,28398631,1362,MIXED_OLTP,ADD_COLUMN_DEFAULT,MEDIUM,2.11,3.27,1,0
MIG-11388,order_shipments,99409.92,97.08,25886876,1969,WRITE_HEAVY,ADD_INDEX_LOCKING,HIGH,12.27,121.77,0,1
MIG-11389,orders,93747.2,91.55,11444277,1166,WRITE_HEAVY,ADD_INDEX_CONCURRENTLY,MEDIUM,0.5,0.98,1,0
MIG-11390,customer_sessions,23152.64,22.61,5167788,1780,WRITE_HEAVY,ADD_COLUMN_DEFAULT,HIGH,0.49,1.06,1,0
MIG-11391,order_shipments,70359.04,68.71,18322051,4357,READ_HEAVY,ADD_INDEX_CONCURRENTLY,CRITICAL,0.38,2.85,1,0
MIG-11392,orders,119674.88,116.87,14609305,1279,MIXED_OLTP,ADD_COLUMN_DEFAULT,MEDIUM,1.56,2.74,1,0
MIG-11393,orders,78643.2,76.8,9600428,3987,READ_HEAVY,ADD_COLUMN_DEFAULT,CRITICAL,0.95,6.49,1,0
MIG-11394,order_shipments,68290.56,66.69,17784216,165,MIXED_OLTP,DROP_COLUMN,LOW,0.58,0.55,1,0
MIG-11395,orders,217026.56,211.94,26492601,911,MIXED_OLTP,ADD_COLUMN_DEFAULT,MEDIUM,1.96,2.93,1,0
MIG-11396,order_items,524052.48,511.77,82249068,1262,MIXED_OLTP,TABLE_REWRITE,MEDIUM,188.27,218.03,0,1
MIG-11397,order_shipments,31334.4,30.6,8159072,1434,MIXED_OLTP,ALTER_COLUMN_TYPE,MEDIUM,15.8,30.18,0,1
MIG-11398,order_items,402083.84,392.66,63106232,1116,WRITE_HEAVY,ADD_INDEX_CONCURRENTLY,MEDIUM,1.35,3.23,1,0
MIG-11399,order_items,534620.16,522.09,83907948,1171,ANALYTICAL_BATCH,ADD_INDEX_CONCURRENTLY,MEDIUM,1.91,2.34,1,0
MIG-11400,order_items,197826.56,193.19,31048047,4048,MIXED_OLTP,ADD_INDEX_CONCURRENTLY,CRITICAL,0.83,7.94,1,0
MIG-11401,orders,95088.64,92.86,11607420,1429,READ_HEAVY,ADD_INDEX_CONCURRENTLY,MEDIUM,0.47,0.8,1,0
MIG-11402,customer_sessions,14489.6,14.15,3234724,2804,WRITE_HEAVY,ADD_INDEX_CONCURRENTLY,HIGH,0.14,0.35,1,0
MIG-11403,order_items,385454.08,376.42,60495366,1472,WRITE_HEAVY,ALTER_COLUMN_TYPE,MEDIUM,93.6,222.75,0,1
MIG-11404,orders,92211.2,90.05,11256405,1363,READ_HEAVY,TABLE_REWRITE,MEDIUM,62.87,99.49,0,1
MIG-11405,orders,209346.56,204.44,25554549,1047,READ_HEAVY,ADD_INDEX_CONCURRENTLY,MEDIUM,0.82,1.02,1,0
MIG-11406,customer_sessions,76410.88,74.62,17055879,1460,MIXED_OLTP,ADD_INDEX_LOCKING,MEDIUM,10.7,19.15,1,0
MIG-11407,orders,95324.16,93.09,11636398,1109,READ_HEAVY,ALTER_COLUMN_TYPE,MEDIUM,38.09,47.98,0,1
MIG-11408,order_shipments,72273.92,70.58,18820495,2402,READ_HEAVY,ADD_COLUMN_DEFAULT,HIGH,1.0,2.82,1,0
MIG-11409,order_payments,51998.72,50.78,12500832,1156,WRITE_HEAVY,ALTER_COLUMN_TYPE,MEDIUM,26.26,42.57,0,1
MIG-11410,order_shipments,19927.04,19.46,5188948,174,WRITE_HEAVY,TABLE_REWRITE,LOW,20.82,21.7,1,0
MIG-11411,customer_sessions,63272.96,61.79,14123180,2758,WRITE_HEAVY,TABLE_REWRITE,HIGH,50.06,481.64,0,1
MIG-11412,order_shipments,54425.6,53.15,14174501,2044,MIXED_OLTP,ADD_INDEX_LOCKING,HIGH,9.46,89.57,0,1
MIG-11413,customer_sessions,75417.6,73.65,16833730,4647,READ_HEAVY,ADD_COLUMN_DEFAULT,CRITICAL,1.08,6.08,1,0
MIG-11414,orders,167331.84,163.41,20425718,1344,ANALYTICAL_BATCH,ADD_INDEX_CONCURRENTLY,MEDIUM,0.64,1.48,1,0
MIG-11415,order_payments,45496.32,44.43,10935506,1671,MIXED_OLTP,TABLE_REWRITE,HIGH,38.75,247.85,0,1
MIG-11416,order_items,346818.56,338.69,54431729,800,MIXED_OLTP,ADD_INDEX_CONCURRENTLY,MEDIUM,1.09,1.19,1,0
MIG-11417,order_items,219402.24,214.26,34434235,2913,READ_HEAVY,ADD_COLUMN_DEFAULT,HIGH,2.54,5.41,1,0
MIG-11418,order_shipments,91258.88,89.12,23765432,861,MIXED_OLTP,ADD_INDEX_CONCURRENTLY,MEDIUM,0.51,0.57,1,0
MIG-11419,customer_sessions,58910.72,57.53,13149005,364,ANALYTICAL_BATCH,ADD_COLUMN_DEFAULT,LOW,0.72,0.99,1,0
MIG-11420,order_payments,67502.08,65.92,16227677,4404,MIXED_OLTP,ADD_INDEX_CONCURRENTLY,CRITICAL,0.33,3.2,1,0
MIG-11421,order_items,387092.48,378.02,60753446,2804,WRITE_HEAVY,ADD_INDEX_LOCKING,HIGH,43.89,401.09,0,1
MIG-11422,order_items,460206.08,449.42,72227895,2265,MIXED_OLTP,ADD_COLUMN_DEFAULT,HIGH,4.01,9.8,1,0
MIG-11423,order_items,518717.44,506.56,81411475,924,WRITE_HEAVY,ADD_COLUMN_DEFAULT,MEDIUM,3.86,6.47,1,0
MIG-11424,order_items,156047.36,152.39,24491923,1524,WRITE_HEAVY,ADD_COLUMN_DEFAULT,HIGH,1.7,4.69,1,0
MIG-11425,order_items,126310.4,123.35,19824026,289,MIXED_OLTP,DROP_COLUMN,LOW,1.09,0.64,1,0
MIG-11426,orders,74465.28,72.72,9090222,1085,MIXED_OLTP,ADD_INDEX_LOCKING,MEDIUM,11.38,22.06,1,0
MIG-11427,orders,136519.68,133.32,16664900,375,WRITE_HEAVY,ALTER_COLUMN_TYPE,LOW,51.88,40.37,0,1
MIG-11428,order_payments,82534.4,80.6,19841150,412,WRITE_HEAVY,ALTER_COLUMN_TYPE,LOW,35.79,49.97,0,1
MIG-11429,order_items,185118.72,180.78,29053392,410,MIXED_OLTP,ADD_COLUMN_DEFAULT,LOW,1.55,2.85,1,0
MIG-11430,customer_sessions,40857.6,39.9,9120605,2188,WRITE_HEAVY,ALTER_COLUMN_TYPE,HIGH,17.19,128.7,0,1
MIG-11431,order_items,342609.92,334.58,53771445,578,WRITE_HEAVY,ADD_COLUMN_DEFAULT,MEDIUM,3.17,4.03,1,0
MIG-11432,orders,73277.44,71.56,8945429,1881,MIXED_OLTP,DROP_COLUMN,HIGH,0.67,1.46,1,0
MIG-11433,orders,251904.0,246.0,30749818,4018,MIXED_OLTP,DROP_COLUMN,CRITICAL,1.51,12.18,1,0
MIG-11434,orders,181678.08,177.42,22176940,491,READ_HEAVY,ADD_COLUMN_DEFAULT,LOW,2.19,2.03,1,0
MIG-11435,customer_sessions,39403.52,38.48,8794911,2654,READ_HEAVY,ADD_COLUMN_DEFAULT,HIGH,0.59,2.17,1,0
MIG-11436,orders,161269.76,157.49,19686493,1394,WRITE_HEAVY,DROP_COLUMN,MEDIUM,1.29,1.92,1,0
MIG-11437,order_items,276848.64,270.36,43449996,5480,WRITE_HEAVY,ADD_COLUMN_DEFAULT,CRITICAL,2.75,27.08,0,1
MIG-11438,customer_sessions,69447.68,67.82,15502366,633,MIXED_OLTP,ADD_INDEX_LOCKING,MEDIUM,10.21,11.7,1,0
MIG-11439,customer_sessions,51435.52,50.23,11480216,511,MIXED_OLTP,ADD_COLUMN_DEFAULT,MEDIUM,0.77,0.88,1,0
MIG-11440,orders,158617.6,154.9,19362186,1073,WRITE_HEAVY,DROP_COLUMN,MEDIUM,1.14,2.04,1,0
MIG-11441,orders,250624.0,244.75,30593905,3662,WRITE_HEAVY,ALTER_COLUMN_TYPE,CRITICAL,71.91,752.79,0,1
MIG-11442,orders,234496.0,229.0,28625451,1368,WRITE_HEAVY,ADD_INDEX_CONCURRENTLY,MEDIUM,0.95,1.85,1,0
MIG-11443,orders,228935.68,223.57,27945651,2197,WRITE_HEAVY,ADD_INDEX_CONCURRENTLY,HIGH,0.82,3.23,1,0
MIG-11444,orders,99051.52,96.73,12091448,103,WRITE_HEAVY,DROP_COLUMN,LOW,0.96,0.73,1,0
MIG-11445,order_items,193710.08,189.17,30402972,1834,WRITE_HEAVY,ADD_INDEX_CONCURRENTLY,HIGH,0.77,2.09,1,0
MIG-11446,order_shipments,75673.6,73.9,19706084,841,MIXED_OLTP,ADD_INDEX_CONCURRENTLY,MEDIUM,0.44,0.59,1,0
MIG-11447,order_items,356556.8,348.2,55960022,110,WRITE_HEAVY,ADD_INDEX_LOCKING,LOW,35.15,34.27,0,1
MIG-11448,order_items,467548.16,456.59,73380729,226,MIXED_OLTP,ADD_INDEX_CONCURRENTLY,LOW,1.62,1.41,1,0
MIG-11449,orders,217395.2,212.3,26536935,1039,READ_HEAVY,DROP_COLUMN,MEDIUM,1.2,2.31,1,0
MIG-11450,order_shipments,42926.08,41.92,11178771,2839,MIXED_OLTP,ADD_INDEX_CONCURRENTLY,HIGH,0.32,1.0,1,0
MIG-11451,order_items,261591.04,255.46,41056685,2474,ANALYTICAL_BATCH,ADD_INDEX_CONCURRENTLY,HIGH,1.18,2.5,1,0
MIG-11452,order_shipments,59146.24,57.76,15401961,593,READ_HEAVY,ADD_COLUMN_DEFAULT,MEDIUM,0.87,1.21,1,0
MIG-11453,customer_sessions,31979.52,31.23,7139110,916,WRITE_HEAVY,TABLE_REWRITE,MEDIUM,25.64,47.03,0,1
MIG-11454,order_items,459079.68,448.32,72050917,407,MIXED_OLTP,ADD_COLUMN_DEFAULT,LOW,3.52,3.11,1,0
MIG-11455,orders,214312.96,209.29,26161722,2054,WRITE_HEAVY,ADD_COLUMN_DEFAULT,HIGH,2.45,7.47,1,0
MIG-11456,orders,153559.04,149.96,18745051,2344,WRITE_HEAVY,ADD_COLUMN_DEFAULT,HIGH,1.52,6.27,1,0
MIG-11457,order_items,488243.2,476.8,76627781,5464,WRITE_HEAVY,DROP_COLUMN,CRITICAL,2.92,41.13,0,1
MIG-11458,customer_sessions,47267.84,46.16,10550300,3344,MIXED_OLTP,DROP_COLUMN,CRITICAL,0.57,3.62,1,0
MIG-11459,order_items,482600.96,471.29,75742609,977,WRITE_HEAVY,ADD_INDEX_CONCURRENTLY,MEDIUM,1.27,3.61,1,0
MIG-11460,order_payments,53575.68,52.32,12879085,1109,READ_HEAVY,ADD_INDEX_CONCURRENTLY,MEDIUM,0.33,0.34,1,0
MIG-11461,order_items,496005.12,484.38,77846286,4995,READ_HEAVY,ADD_COLUMN_DEFAULT,CRITICAL,4.39,33.34,0,1
MIG-11462,orders,207329.28,202.47,25308348,434,MIXED_OLTP,DROP_COLUMN,LOW,1.18,1.59,1,0
MIG-11463,order_items,252282.88,246.37,39595062,214,WRITE_HEAVY,ADD_INDEX_LOCKING,LOW,26.46,33.99,0,1
MIG-11464,order_payments,93235.2,91.05,22411964,966,MIXED_OLTP,DROP_COLUMN,MEDIUM,0.87,0.79,1,0
MIG-11465,order_payments,129095.68,126.07,31032976,2745,MIXED_OLTP,DROP_COLUMN,HIGH,1.02,3.06,1,0
MIG-11466,order_items,243466.24,237.76,38211334,2758,READ_HEAVY,ADD_COLUMN_DEFAULT,HIGH,2.25,8.12,1,0
MIG-11467,orders,211937.28,206.97,25871454,5059,READ_HEAVY,DROP_COLUMN,CRITICAL,1.37,11.26,1,0
MIG-11468,order_payments,140912.64,137.61,33874241,1167,MIXED_OLTP,DROP_COLUMN,MEDIUM,0.95,2.52,1,0
MIG-11469,orders,240752.64,235.11,29388531,767,MIXED_OLTP,ADD_INDEX_CONCURRENTLY,MEDIUM,1.11,1.6,1,0
MIG-11470,customer_sessions,40243.2,39.3,8981889,868,READ_HEAVY,TABLE_REWRITE,MEDIUM,38.75,56.03,0,1
MIG-11471,orders,183459.84,179.16,22394608,2483,WRITE_HEAVY,ADD_COLUMN_DEFAULT,HIGH,1.54,6.99,1,0
MIG-11472,orders,268513.28,262.22,32777793,754,WRITE_HEAVY,DROP_COLUMN,MEDIUM,1.94,2.51,1,0
MIG-11473,order_items,408053.76,398.49,64043430,4705,WRITE_HEAVY,DROP_COLUMN,CRITICAL,2.45,30.15,0,1
MIG-11474,order_items,174049.28,169.97,27317235,1015,WRITE_HEAVY,ALTER_COLUMN_TYPE,MEDIUM,54.74,59.47,0,1
MIG-11475,order_items,138137.6,134.9,21679891,2163,WRITE_HEAVY,ADD_INDEX_CONCURRENTLY,HIGH,0.66,1.91,1,0
MIG-11476,order_items,522567.68,510.32,82015475,2033,WRITE_HEAVY,ALTER_COLUMN_TYPE,HIGH,121.55,1802.52,0,1
MIG-11477,customer_sessions,41666.56,40.69,9300247,1273,MIXED_OLTP,ADD_INDEX_CONCURRENTLY,MEDIUM,0.24,0.64,1,0
MIG-11478,order_items,242063.36,236.39,37991844,2198,MIXED_OLTP,ADD_INDEX_CONCURRENTLY,HIGH,0.79,2.91,1,0
MIG-11479,order_items,294123.52,287.23,46161434,806,MIXED_OLTP,ALTER_COLUMN_TYPE,MEDIUM,69.36,110.95,0,1
MIG-11480,order_items,505569.28,493.72,79347202,2075,READ_HEAVY,ADD_INDEX_CONCURRENTLY,HIGH,1.54,5.75,1,0
MIG-11481,orders,152053.76,148.49,18561678,2226,READ_HEAVY,DROP_COLUMN,HIGH,0.98,3.95,1,0
MIG-11482,order_items,562913.28,549.72,88348458,1117,WRITE_HEAVY,ADD_COLUMN_DEFAULT,MEDIUM,3.5,9.24,1,0
MIG-11483,orders,211701.76,206.74,25842990,1490,MIXED_OLTP,TABLE_REWRITE,MEDIUM,120.26,170.25,0,1
MIG-11484,order_items,617369.6,602.9,96895146,3851,WRITE_HEAVY,ADD_INDEX_LOCKING,CRITICAL,56.82,1101.08,0,1
MIG-11485,orders,245678.08,239.92,29989601,3446,READ_HEAVY,ADD_COLUMN_DEFAULT,CRITICAL,2.46,11.06,1,0
MIG-11486,customer_sessions,30760.96,30.04,6865479,2966,ANALYTICAL_BATCH,ADD_INDEX_LOCKING,HIGH,7.4,81.2,0,1
MIG-11487,order_items,454830.08,444.17,71383797,3369,MIXED_OLTP,ADD_INDEX_CONCURRENTLY,CRITICAL,1.24,9.09,1,0
MIG-11488,order_shipments,20131.84,19.66,5243729,1403,WRITE_HEAVY,DROP_COLUMN,MEDIUM,0.31,0.62,1,0
MIG-11489,order_items,626196.48,611.52,98279644,642,MIXED_OLTP,ADD_INDEX_LOCKING,MEDIUM,49.09,42.77,0,1
MIG-11490,orders,106885.12,104.38,13047164,863,WRITE_HEAVY,ADD_INDEX_LOCKING,MEDIUM,12.92,24.09,1,0
MIG-11491,order_shipments,73574.4,71.85,19159574,499,WRITE_HEAVY,DROP_COLUMN,LOW,0.64,0.62,1,0
MIG-11492,order_items,552929.28,539.97,86781443,665,WRITE_HEAVY,ALTER_COLUMN_TYPE,MEDIUM,117.57,202.01,0,1
MIG-11493,order_payments,45844.48,44.77,11021382,1739,WRITE_HEAVY,DROP_COLUMN,HIGH,0.41,1.49,1,0
MIG-11494,order_items,552273.92,539.33,86678226,343,MIXED_OLTP,TABLE_REWRITE,LOW,187.24,171.32,0,1
MIG-11495,order_items,121006.08,118.17,18991898,690,READ_HEAVY,ADD_INDEX_CONCURRENTLY,MEDIUM,0.7,0.91,1,0
MIG-11496,order_shipments,55091.2,53.8,14346706,1536,WRITE_HEAVY,ADD_COLUMN_DEFAULT,HIGH,0.77,2.33,1,0
MIG-11497,order_items,358307.84,349.91,56235047,2542,ANALYTICAL_BATCH,ADD_INDEX_LOCKING,HIGH,35.77,279.05,0,1
MIG-11498,order_items,307752.96,300.54,48301347,5398,READ_HEAVY,ADD_COLUMN_DEFAULT,CRITICAL,2.57,20.87,1,0
MIG-11499,order_payments,96880.64,94.61,23287880,1259,READ_HEAVY,ADD_COLUMN_DEFAULT,MEDIUM,1.41,1.84,1,0
MIG-11500,order_payments,136232.96,133.04,32747459,2946,READ_HEAVY,ADD_INDEX_LOCKING,HIGH,19.5,121.41,0,1
MIG-11501,customer_sessions,35430.4,34.6,7908643,310,READ_HEAVY,ADD_COLUMN_DEFAULT,LOW,0.51,0.85,1,0
MIG-11502,order_items,413644.8,403.95,64920050,345,READ_HEAVY,ADD_INDEX_CONCURRENTLY,LOW,1.49,0.91,1,0
MIG-11503,order_items,567541.76,554.24,89074464,2974,READ_HEAVY,ADD_INDEX_CONCURRENTLY,HIGH,1.46,7.29,1,0
MIG-11504,order_shipments,82544.64,80.61,21496700,1003,MIXED_OLTP,ADD_COLUMN_DEFAULT,MEDIUM,1.18,1.92,1,0
MIG-11505,order_items,135710.72,132.53,21299394,1558,WRITE_HEAVY,ADD_COLUMN_DEFAULT,HIGH,1.71,5.38,1,0
MIG-11506,order_payments,139581.44,136.31,33552374,738,READ_HEAVY,ADD_INDEX_CONCURRENTLY,MEDIUM,0.54,1.08,1,0
MIG-11507,order_items,138762.24,135.51,21778399,1120,WRITE_HEAVY,ALTER_COLUMN_TYPE,MEDIUM,49.45,86.85,0,1
MIG-11508,orders,179374.08,175.17,21896478,1357,MIXED_OLTP,ADD_INDEX_CONCURRENTLY,MEDIUM,0.77,1.57,1,0
MIG-11509,order_payments,95559.68,93.32,22970184,342,WRITE_HEAVY,ADD_INDEX_LOCKING,LOW,13.57,16.1,1,0
MIG-11510,orders,223088.64,217.86,27232536,905,WRITE_HEAVY,TABLE_REWRITE,MEDIUM,104.11,226.41,0,1
MIG-11511,orders,81981.44,80.06,10007962,228,ANALYTICAL_BATCH,ADD_COLUMN_DEFAULT,LOW,1.06,1.0,1,0
MIG-11512,order_items,207257.6,202.4,32529001,1183,READ_HEAVY,TABLE_REWRITE,MEDIUM,94.95,164.99,0,1
MIG-11513,order_payments,116736.0,114.0,28060679,2849,WRITE_HEAVY,ADD_INDEX_CONCURRENTLY,HIGH,0.6,2.81,1,0
MIG-11514,order_shipments,30832.64,30.11,8029302,211,WRITE_HEAVY,DROP_COLUMN,LOW,0.39,0.45,1,0
MIG-11515,orders,152985.6,149.4,18675018,2329,READ_HEAVY,TABLE_REWRITE,HIGH,78.51,564.18,0,1
MIG-11516,orders,210984.96,206.04,25754498,927,ANALYTICAL_BATCH,ADD_INDEX_LOCKING,MEDIUM,26.92,42.07,1,0
MIG-11517,customer_sessions,56350.72,55.03,12577883,746,READ_HEAVY,ADD_INDEX_CONCURRENTLY,MEDIUM,0.3,0.59,1,0
MIG-11518,orders,95733.76,93.49,11686313,905,WRITE_HEAVY,ADD_INDEX_CONCURRENTLY,MEDIUM,0.46,0.91,1,0
MIG-11519,orders,116387.84,113.66,14206926,1632,READ_HEAVY,ADD_INDEX_CONCURRENTLY,HIGH,0.68,1.54,1,0
MIG-11520,orders,263475.2,257.3,32162322,4325,READ_HEAVY,TABLE_REWRITE,CRITICAL,108.18,1924.81,0,1
MIG-11521,order_items,346245.12,338.13,54342320,142,WRITE_HEAVY,ADD_INDEX_CONCURRENTLY,LOW,1.06,1.3,1,0
MIG-11522,order_shipments,22118.4,21.6,5760281,2211,MIXED_OLTP,ADD_COLUMN_DEFAULT,HIGH,0.41,1.84,1,0
MIG-11523,order_payments,52930.56,51.69,12724045,458,WRITE_HEAVY,ADD_COLUMN_DEFAULT,LOW,0.91,1.29,1,0
MIG-11524,order_payments,67645.44,66.06,16262130,645,MIXED_OLTP,ADD_COLUMN_DEFAULT,MEDIUM,1.04,1.65,1,0
MIG-11525,orders,270223.36,263.89,32986213,750,MIXED_OLTP,ADD_COLUMN_DEFAULT,MEDIUM,2.04,3.21,1,0
MIG-11526,order_items,270909.44,264.56,42518015,388,WRITE_HEAVY,ADD_COLUMN_DEFAULT,LOW,2.22,2.56,1,0
MIG-11527,order_items,128307.2,125.3,20138063,462,MIXED_OLTP,DROP_COLUMN,LOW,1.15,0.86,1,0
MIG-11528,orders,162600.96,158.79,19848882,482,MIXED_OLTP,ADD_COLUMN_DEFAULT,LOW,1.54,2.68,1,0
MIG-11529,orders,67645.44,66.06,8257345,148,READ_HEAVY,ADD_COLUMN_DEFAULT,LOW,1.09,0.77,1,0
MIG-11530,order_items,256133.12,250.13,40199475,739,READ_HEAVY,ADD_COLUMN_DEFAULT,MEDIUM,2.62,3.04,1,0
MIG-11531,orders,268646.4,262.35,32794345,493,WRITE_HEAVY,ADD_COLUMN_DEFAULT,LOW,2.55,2.73,1,0
MIG-11532,order_items,478351.36,467.14,75075720,2258,WRITE_HEAVY,ADD_INDEX_LOCKING,HIGH,48.29,250.11,0,1
MIG-11533,order_payments,32696.32,31.93,7859198,5083,MIXED_OLTP,ADD_COLUMN_DEFAULT,CRITICAL,0.51,6.95,1,0
MIG-11534,orders,148398.08,144.92,18114541,514,WRITE_HEAVY,ADD_COLUMN_DEFAULT,MEDIUM,1.65,2.56,1,0
MIG-11535,order_items,203274.24,198.51,31902638,146,WRITE_HEAVY,ADD_INDEX_CONCURRENTLY,LOW,0.81,0.95,1,0
MIG-11536,order_payments,41349.12,40.38,9940806,704,READ_HEAVY,ADD_INDEX_CONCURRENTLY,MEDIUM,0.25,0.31,1,0
MIG-11537,order_payments,96962.56,94.69,23307483,3215,WRITE_HEAVY,ADD_INDEX_LOCKING,CRITICAL,16.33,371.3,0,1
MIG-11538,order_shipments,60375.04,58.96,15722167,1390,MIXED_OLTP,ALTER_COLUMN_TYPE,MEDIUM,24.52,38.43,0,1
MIG-11539,order_items,498073.6,486.4,78172193,421,MIXED_OLTP,ADD_INDEX_CONCURRENTLY,LOW,1.29,1.8,1,0
MIG-11540,order_shipments,92446.72,90.28,24073814,3975,MIXED_OLTP,ADD_COLUMN_DEFAULT,CRITICAL,1.2,8.64,1,0
MIG-11541,orders,103710.72,101.28,12660410,578,WRITE_HEAVY,ADD_COLUMN_DEFAULT,MEDIUM,1.49,1.51,1,0
MIG-11542,order_items,591042.56,577.19,92762350,606,READ_HEAVY,DROP_COLUMN,MEDIUM,3.25,4.39,1,0
MIG-11543,orders,163727.36,159.89,19985777,3655,MIXED_OLTP,ADD_INDEX_CONCURRENTLY,CRITICAL,0.81,6.29,1,0
MIG-11544,order_items,248268.8,242.45,38965628,4817,READ_HEAVY,TABLE_REWRITE,CRITICAL,116.15,2158.59,0,1
MIG-11545,order_items,551198.72,538.28,86508652,1301,MIXED_OLTP,ADD_INDEX_CONCURRENTLY,MEDIUM,1.76,2.32,1,0
MIG-11546,orders,57006.08,55.67,6959307,1039,READ_HEAVY,TABLE_REWRITE,MEDIUM,49.08,59.47,0,1
MIG-11547,order_payments,93655.04,91.46,22513870,1407,WRITE_HEAVY,ADD_INDEX_CONCURRENTLY,MEDIUM,0.55,0.87,1,0
MIG-11548,order_items,487116.8,475.7,76451344,1428,WRITE_HEAVY,ADD_COLUMN_DEFAULT,MEDIUM,3.93,11.28,1,0
MIG-11549,orders,111083.52,108.48,13559397,1267,MIXED_OLTP,ADD_INDEX_CONCURRENTLY,MEDIUM,0.65,1.21,1,0
MIG-11550,orders,240138.24,234.51,29314281,578,WRITE_HEAVY,ADD_INDEX_CONCURRENTLY,MEDIUM,1.04,1.2,1,0
MIG-11551,order_items,238694.4,233.1,37463049,2834,MIXED_OLTP,TABLE_REWRITE,HIGH,113.29,1825.99,0,1
MIG-11552,order_items,548147.2,535.3,86029816,2862,READ_HEAVY,ADD_COLUMN_DEFAULT,HIGH,4.85,18.45,1,0
MIG-11553,order_items,155228.16,151.59,24362142,4399,WRITE_HEAVY,ADD_INDEX_CONCURRENTLY,CRITICAL,0.76,7.99,1,0
MIG-11554,orders,84520.96,82.54,10318044,2398,MIXED_OLTP,TABLE_REWRITE,HIGH,60.36,390.78,0,1
MIG-11555,order_payments,72273.92,70.58,17372356,411,READ_HEAVY,ADD_INDEX_CONCURRENTLY,LOW,0.33,0.5,1,0
MIG-11556,customer_sessions,69437.44,67.81,15498399,1092,WRITE_HEAVY,ADD_INDEX_CONCURRENTLY,MEDIUM,0.4,0.71,1,0
MIG-11557,order_items,189306.88,184.87,29711414,844,ANALYTICAL_BATCH,ADD_INDEX_CONCURRENTLY,MEDIUM,0.84,1.59,1,0
MIG-11558,order_items,566497.28,553.22,88910497,1196,MIXED_OLTP,ADD_COLUMN_DEFAULT,MEDIUM,4.62,7.81,1,0
MIG-11559,order_shipments,37488.64,36.61,9762200,414,READ_HEAVY,ALTER_COLUMN_TYPE,LOW,18.56,23.8,1,0
MIG-11560,customer_sessions,43530.24,42.51,9716120,1712,MIXED_OLTP,ADD_INDEX_CONCURRENTLY,HIGH,0.33,0.79,1,0
MIG-11561,order_items,296734.72,289.78,46571486,1179,READ_HEAVY,ADD_INDEX_LOCKING,MEDIUM,33.97,51.87,0,1
MIG-11562,order_shipments,28231.68,27.57,7351526,169,READ_HEAVY,ADD_INDEX_CONCURRENTLY,LOW,0.25,0.27,1,0
MIG-11563,order_shipments,96757.76,94.49,25197090,1074,WRITE_HEAVY,ADD_INDEX_CONCURRENTLY,MEDIUM,0.43,0.8,1,0
MIG-11564,order_payments,79124.48,77.27,19019534,3269,WRITE_HEAVY,ADD_INDEX_LOCKING,CRITICAL,13.46,309.86,0,1
MIG-11565,order_items,470968.32,459.93,73916832,2988,READ_HEAVY,ADD_INDEX_LOCKING,HIGH,40.4,404.97,0,1
MIG-11566,orders,176394.24,172.26,21532227,367,READ_HEAVY,DROP_COLUMN,LOW,1.06,1.26,1,0
MIG-11567,orders,160122.88,156.37,19546329,969,MIXED_OLTP,ADD_INDEX_CONCURRENTLY,MEDIUM,0.73,0.89,1,0
MIG-11568,order_items,432906.24,422.76,67942787,4259,READ_HEAVY,ADD_INDEX_CONCURRENTLY,CRITICAL,1.38,12.87,1,0
MIG-11569,order_items,578314.24,564.76,90765726,347,READ_HEAVY,ADD_INDEX_LOCKING,LOW,40.65,42.54,0,1
MIG-11570,order_items,475596.8,464.45,74644302,1686,MIXED_OLTP,DROP_COLUMN,HIGH,2.39,3.9,1,0
MIG-11571,order_items,389498.88,380.37,61130886,2264,ANALYTICAL_BATCH,ADD_COLUMN_DEFAULT,HIGH,2.92,16.43,1,0
MIG-11572,order_items,447662.08,437.17,70260062,2573,WRITE_HEAVY,ADD_INDEX_CONCURRENTLY,HIGH,1.37,4.11,1,0
MIG-11573,order_shipments,68730.88,67.12,17898116,204,ANALYTICAL_BATCH,ADD_INDEX_LOCKING,LOW,9.89,14.18,1,0
MIG-11574,orders,144947.2,141.55,17694272,4198,MIXED_OLTP,ADD_INDEX_CONCURRENTLY,CRITICAL,0.63,5.65,1,0
MIG-11575,orders,187340.8,182.95,22868628,830,WRITE_HEAVY,DROP_COLUMN,MEDIUM,1.31,2.01,1,0
MIG-11576,order_payments,79769.6,77.9,19174810,164,WRITE_HEAVY,DROP_COLUMN,LOW,0.76,0.69,1,0
MIG-11577,order_shipments,81274.88,79.37,21164470,491,WRITE_HEAVY,ADD_INDEX_CONCURRENTLY,LOW,0.49,0.57,1,0
MIG-11578,customer_sessions,76840.96,75.04,17152339,1092,MIXED_OLTP,ADD_COLUMN_DEFAULT,MEDIUM,0.98,2.05,1,0
MIG-11579,order_shipments,98048.0,95.75,25533091,256,READ_HEAVY,ADD_COLUMN_DEFAULT,LOW,1.19,0.78,1,0
MIG-11580,order_shipments,86507.52,84.48,22527892,2007,READ_HEAVY,DROP_COLUMN,HIGH,0.64,1.59,1,0
MIG-11581,order_items,425256.96,415.29,66742470,4698,MIXED_OLTP,ALTER_COLUMN_TYPE,CRITICAL,105.83,2630.3,0,1
MIG-11582,order_items,501411.84,489.66,78695891,143,WRITE_HEAVY,ADD_COLUMN_DEFAULT,LOW,3.14,4.01,1,0
MIG-11583,orders,88535.04,86.46,10807303,2350,READ_HEAVY,ADD_INDEX_CONCURRENTLY,HIGH,0.51,1.46,1,0
MIG-11584,order_items,361912.32,353.43,56800495,3575,MIXED_OLTP,ADD_COLUMN_DEFAULT,CRITICAL,2.91,21.9,1,0
MIG-11585,customer_sessions,30935.04,30.21,6905188,455,ANALYTICAL_BATCH,DROP_COLUMN,LOW,0.3,0.43,1,0
MIG-11586,order_items,116490.24,113.76,18283093,2676,MIXED_OLTP,ADD_COLUMN_DEFAULT,HIGH,1.2,6.89,1,0
MIG-11587,order_items,613621.76,599.24,96305743,4894,WRITE_HEAVY,ADD_INDEX_LOCKING,CRITICAL,47.1,1579.84,0,1
MIG-11588,orders,240220.16,234.59,29323911,1718,WRITE_HEAVY,ADD_INDEX_CONCURRENTLY,HIGH,0.93,3.81,1,0
MIG-11589,orders,162775.04,158.96,19869862,580,WRITE_HEAVY,ADD_INDEX_CONCURRENTLY,MEDIUM,0.83,0.87,1,0
MIG-11590,orders,105369.6,102.9,12862111,4146,READ_HEAVY,ADD_INDEX_CONCURRENTLY,CRITICAL,0.54,3.52,1,0
MIG-11591,orders,202424.32,197.68,24710330,2033,WRITE_HEAVY,ALTER_COLUMN_TYPE,HIGH,51.5,510.98,0,1
MIG-11592,customer_sessions,42383.36,41.39,9461135,1224,ANALYTICAL_BATCH,DROP_COLUMN,MEDIUM,0.43,0.85,1,0
MIG-11593,order_items,529295.36,516.89,83071312,1211,MIXED_OLTP,ADD_COLUMN_DEFAULT,MEDIUM,3.85,8.03,1,0
MIG-11594,order_shipments,101335.04,98.96,26389591,897,READ_HEAVY,ADD_COLUMN_DEFAULT,MEDIUM,1.04,2.3,1,0
MIG-11595,order_payments,68444.16,66.84,16453579,661,WRITE_HEAVY,ALTER_COLUMN_TYPE,MEDIUM,31.34,42.84,0,1
MIG-11596,orders,103208.96,100.79,12598882,824,READ_HEAVY,ALTER_COLUMN_TYPE,MEDIUM,35.5,31.99,0,1
MIG-11597,orders,108288.0,105.75,13219327,301,READ_HEAVY,ADD_COLUMN_DEFAULT,LOW,1.53,1.46,1,0
MIG-11598,order_shipments,26173.44,25.56,6816278,1880,MIXED_OLTP,ADD_INDEX_LOCKING,HIGH,4.71,34.01,0,1
MIG-11599,orders,136304.64,133.11,16639247,1976,WRITE_HEAVY,ALTER_COLUMN_TYPE,HIGH,48.2,476.03,0,1
MIG-11600,order_shipments,19875.84,19.41,5176381,740,MIXED_OLTP,ADD_COLUMN_DEFAULT,MEDIUM,0.41,0.7,1,0
MIG-11601,orders,74455.04,72.71,9088680,564,WRITE_HEAVY,ADD_COLUMN_DEFAULT,MEDIUM,1.1,2.11,1,0
MIG-11602,order_payments,59176.96,57.79,14224837,340,WRITE_HEAVY,ADD_COLUMN_DEFAULT,LOW,0.84,0.89,1,0
MIG-11603,order_shipments,31692.8,30.95,8253035,498,ANALYTICAL_BATCH,ADD_COLUMN_DEFAULT,LOW,0.58,0.92,1,0
MIG-11604,orders,211097.6,206.15,25768295,2927,WRITE_HEAVY,ADD_INDEX_LOCKING,HIGH,24.98,324.77,0,1
MIG-11605,orders,72509.44,70.81,8851329,471,WRITE_HEAVY,ADD_COLUMN_DEFAULT,LOW,1.0,1.01,1,0
MIG-11606,customer_sessions,70205.44,68.56,15670315,4647,READ_HEAVY,ADD_INDEX_CONCURRENTLY,CRITICAL,0.42,2.77,1,0
MIG-11607,orders,98058.24,95.76,11970091,1247,READ_HEAVY,ADD_COLUMN_DEFAULT,MEDIUM,1.15,1.71,1,0
MIG-11608,order_items,170731.52,166.73,26795839,125,WRITE_HEAVY,DROP_COLUMN,LOW,1.2,1.09,1,0
MIG-11609,order_items,119900.16,117.09,18818638,3502,WRITE_HEAVY,ADD_INDEX_CONCURRENTLY,CRITICAL,0.61,4.64,1,0
MIG-11610,orders,207339.52,202.48,25310535,1206,WRITE_HEAVY,ADD_COLUMN_DEFAULT,MEDIUM,2.38,3.97,1,0
MIG-11611,order_payments,57364.48,56.02,13790562,1488,READ_HEAVY,ADD_INDEX_CONCURRENTLY,MEDIUM,0.39,0.81,1,0
MIG-11612,order_payments,87664.64,85.61,21073559,463,WRITE_HEAVY,ALTER_COLUMN_TYPE,LOW,37.72,36.08,0,1
MIG-11613,order_items,172288.0,168.25,27040899,2446,MIXED_OLTP,ADD_INDEX_CONCURRENTLY,HIGH,0.7,3.22,1,0
MIG-11614,order_shipments,100157.44,97.81,26082391,608,MIXED_OLTP,ADD_INDEX_CONCURRENTLY,MEDIUM,0.52,0.65,1,0
MIG-11615,orders,76881.92,75.08,9385387,2949,WRITE_HEAVY,ADD_INDEX_LOCKING,HIGH,12.84,158.56,0,1
MIG-11616,orders,140267.52,136.98,17122000,1976,WRITE_HEAVY,ADD_INDEX_CONCURRENTLY,HIGH,0.69,2.12,1,0
MIG-11617,order_items,554219.52,541.23,86983609,3106,WRITE_HEAVY,DROP_COLUMN,CRITICAL,3.07,17.27,1,0
MIG-11618,customer_sessions,30136.32,29.43,6726372,2652,WRITE_HEAVY,ADD_COLUMN_DEFAULT,HIGH,0.48,2.55,1,0
MIG-11619,orders,108206.08,105.67,13208238,1760,WRITE_HEAVY,ALTER_COLUMN_TYPE,HIGH,36.61,485.05,0,1
MIG-11620,orders,227983.36,222.64,27829486,1952,MIXED_OLTP,ADD_INDEX_CONCURRENTLY,HIGH,0.98,3.35,1,0
MIG-11621,order_items,255754.24,249.76,40140512,1177,WRITE_HEAVY,ADD_INDEX_CONCURRENTLY,MEDIUM,1.0,1.78,1,0
MIG-11622,order_shipments,18667.52,18.23,4862020,2948,READ_HEAVY,ADD_INDEX_CONCURRENTLY,HIGH,0.16,0.71,1,0
MIG-11623,orders,143800.32,140.43,17553670,2860,MIXED_OLTP,TABLE_REWRITE,HIGH,66.53,709.88,0,1
MIG-11624,order_items,121159.68,118.32,19015351,165,MIXED_OLTP,ALTER_COLUMN_TYPE,LOW,44.83,44.65,0,1
MIG-11625,order_payments,135628.8,132.45,32602017,1763,WRITE_HEAVY,ADD_INDEX_CONCURRENTLY,HIGH,0.54,2.29,1,0
MIG-11626,order_items,445921.28,435.47,69986871,1309,WRITE_HEAVY,ADD_INDEX_CONCURRENTLY,MEDIUM,1.24,2.88,1,0
MIG-11627,orders,178104.32,173.93,21741385,817,ANALYTICAL_BATCH,ADD_INDEX_CONCURRENTLY,MEDIUM,0.81,1.54,1,0
MIG-11628,orders,93736.96,91.54,11442916,131,WRITE_HEAVY,ADD_INDEX_CONCURRENTLY,LOW,0.54,0.52,1,0
MIG-11629,order_items,475924.48,464.77,74695641,335,MIXED_OLTP,ADD_INDEX_CONCURRENTLY,LOW,1.37,1.49,1,0
MIG-11630,order_items,464220.16,453.34,72857626,362,MIXED_OLTP,ALTER_COLUMN_TYPE,LOW,99.5,112.46,0,1
MIG-11631,order_shipments,23449.6,22.9,6106013,499,READ_HEAVY,ADD_INDEX_CONCURRENTLY,LOW,0.19,0.17,1,0
MIG-11632,order_items,569292.8,555.95,89348568,294,WRITE_HEAVY,ALTER_COLUMN_TYPE,LOW,120.74,89.29,0,1
MIG-11633,order_payments,96040.96,93.79,23087104,419,WRITE_HEAVY,ADD_INDEX_CONCURRENTLY,LOW,0.56,0.42,1,0
MIG-11634,customer_sessions,65464.32,63.93,14611523,1034,READ_HEAVY,ALTER_COLUMN_TYPE,MEDIUM,28.59,37.93,0,1
MIG-11635,order_items,250378.24,244.51,39296039,1423,READ_HEAVY,ADD_COLUMN_DEFAULT,MEDIUM,2.41,3.24,1,0
MIG-11636,order_items,177674.24,173.51,27885871,4218,MIXED_OLTP,ADD_INDEX_CONCURRENTLY,CRITICAL,0.85,5.1,1,0
MIG-11637,customer_sessions,59648.0,58.25,13315273,2512,MIXED_OLTP,ADD_INDEX_LOCKING,HIGH,11.04,103.48,0,1
MIG-11638,orders,224747.52,219.48,27434832,485,ANALYTICAL_BATCH,ADD_INDEX_CONCURRENTLY,LOW,1.07,1.17,1,0
MIG-11639,order_payments,72878.08,71.17,17517765,1377,ANALYTICAL_BATCH,ALTER_COLUMN_TYPE,MEDIUM,24.22,66.03,0,1
MIG-11640,order_payments,29460.48,28.77,7082337,901,MIXED_OLTP,ADD_INDEX_LOCKING,MEDIUM,6.28,9.07,1,0
MIG-11641,orders,230133.76,224.74,28092858,1007,WRITE_HEAVY,TABLE_REWRITE,MEDIUM,96.56,282.79,0,1
MIG-11642,order_items,221050.88,215.87,34693606,1092,READ_HEAVY,ALTER_COLUMN_TYPE,MEDIUM,65.96,106.71,0,1
MIG-11643,orders,124139.52,121.23,15153862,1686,READ_HEAVY,ADD_INDEX_CONCURRENTLY,HIGH,0.62,1.33,1,0
MIG-11644,orders,188108.8,183.7,22962237,1850,READ_HEAVY,ADD_COLUMN_DEFAULT,HIGH,2.12,4.45,1,0
MIG-11645,order_items,166277.12,162.38,26096332,1209,WRITE_HEAVY,DROP_COLUMN,MEDIUM,1.07,2.58,1,0
MIG-11646,orders,65075.2,63.55,7943885,1607,READ_HEAVY,ADD_COLUMN_DEFAULT,HIGH,1.05,3.43,1,0
MIG-11647,order_payments,29706.24,29.01,7140268,1101,WRITE_HEAVY,ADD_COLUMN_DEFAULT,MEDIUM,0.54,1.2,1,0
MIG-11648,order_shipments,94464.0,92.25,24599420,2227,WRITE_HEAVY,ADD_INDEX_CONCURRENTLY,HIGH,0.56,1.79,1,0
MIG-11649,order_shipments,44257.28,43.22,11525867,4213,MIXED_OLTP,DROP_COLUMN,CRITICAL,0.55,2.47,1,0
MIG-11650,orders,195276.8,190.7,23837788,1345,READ_HEAVY,ADD_COLUMN_DEFAULT,MEDIUM,1.73,2.85,1,0
MIG-11651,orders,267950.08,261.67,32709351,1912,READ_HEAVY,ADD_INDEX_CONCURRENTLY,HIGH,0.89,2.38,1,0
MIG-11652,orders,197222.4,192.6,24075171,2686,READ_HEAVY,TABLE_REWRITE,HIGH,83.02,721.11,0,1
MIG-11653,orders,165294.08,161.42,20177559,1284,READ_HEAVY,ALTER_COLUMN_TYPE,MEDIUM,41.68,79.48,0,1
MIG-11654,customer_sessions,47943.68,46.82,10701247,497,WRITE_HEAVY,ADD_COLUMN_DEFAULT,LOW,0.86,0.99,1,0
MIG-11655,order_items,309217.28,301.97,48530289,2730,READ_HEAVY,ADD_INDEX_CONCURRENTLY,HIGH,0.93,5.95,1,0
MIG-11656,orders,181811.2,177.55,22194050,1006,WRITE_HEAVY,ADD_INDEX_LOCKING,MEDIUM,25.06,55.7,0,1
MIG-11657,order_shipments,97955.84,95.66,25509894,864,MIXED_OLTP,ADD_INDEX_CONCURRENTLY,MEDIUM,0.42,0.81,1,0
MIG-11658,order_items,521390.08,509.17,81831566,2671,WRITE_HEAVY,DROP_COLUMN,HIGH,2.94,9.93,1,0
MIG-11659,orders,142981.12,139.63,17454118,1427,ANALYTICAL_BATCH,ADD_INDEX_LOCKING,MEDIUM,19.65,63.15,0,1
MIG-11660,orders,122685.44,119.81,14976010,212,MIXED_OLTP,ADD_INDEX_CONCURRENTLY,LOW,0.53,0.6,1,0
MIG-11661,order_items,570675.2,557.3,89566053,3924,READ_HEAVY,ADD_INDEX_CONCURRENTLY,CRITICAL,1.56,12.16,1,0
MIG-11662,order_payments,42895.36,41.89,10310631,997,WRITE_HEAVY,ADD_INDEX_CONCURRENTLY,MEDIUM,0.31,0.57,1,0
MIG-11663,orders,237066.24,231.51,28938801,607,READ_HEAVY,ADD_COLUMN_DEFAULT,MEDIUM,2.45,2.83,1,0
MIG-11664,order_shipments,39587.84,38.66,10309658,1971,MIXED_OLTP,DROP_COLUMN,HIGH,0.39,1.14,1,0
MIG-11665,order_shipments,77793.28,75.97,20257591,166,MIXED_OLTP,ADD_INDEX_CONCURRENTLY,LOW,0.5,0.39,1,0
MIG-11666,order_shipments,85299.2,83.3,22214364,2658,MIXED_OLTP,TABLE_REWRITE,HIGH,50.6,899.49,0,1
MIG-11667,orders,154654.72,151.03,18878905,2241,MIXED_OLTP,ADD_INDEX_LOCKING,HIGH,20.86,133.98,0,1
MIG-11668,orders,91678.72,89.53,11191667,1103,READ_HEAVY,ADD_INDEX_CONCURRENTLY,MEDIUM,0.47,0.89,1,0
MIG-11669,order_shipments,88504.32,86.43,23046983,579,MIXED_OLTP,ADD_COLUMN_DEFAULT,MEDIUM,1.15,1.03,1,0
MIG-11670,order_items,304353.28,297.22,47768175,4433,READ_HEAVY,ADD_COLUMN_DEFAULT,CRITICAL,2.9,22.5,1,0
MIG-11671,order_items,280186.88,273.62,43975101,4796,READ_HEAVY,ADD_COLUMN_DEFAULT,CRITICAL,2.78,17.09,1,0
MIG-11672,order_payments,87726.08,85.67,21088466,375,READ_HEAVY,DROP_COLUMN,LOW,0.83,0.63,1,0
MIG-11673,orders,145387.52,141.98,17747328,1295,MIXED_OLTP,ADD_INDEX_CONCURRENTLY,MEDIUM,0.65,1.17,1,0
MIG-11674,order_payments,108462.08,105.92,26071903,614,WRITE_HEAVY,ADD_INDEX_CONCURRENTLY,MEDIUM,0.52,0.67,1,0
MIG-11675,customer_sessions,23183.36,22.64,5175648,4373,WRITE_HEAVY,ADD_INDEX_CONCURRENTLY,CRITICAL,0.19,1.76,1,0
MIG-11676,order_payments,78827.52,76.98,18947862,2223,WRITE_HEAVY,ADD_INDEX_CONCURRENTLY,HIGH,0.44,1.98,1,0
MIG-11677,order_items,574894.08,561.42,90227846,1393,ANALYTICAL_BATCH,DROP_COLUMN,MEDIUM,3.0,6.05,1,0
MIG-11678,order_shipments,21422.08,20.92,5578954,4726,READ_HEAVY,TABLE_REWRITE,CRITICAL,23.89,370.84,0,1
MIG-11679,order_items,350720.0,342.5,55044404,1454,READ_HEAVY,DROP_COLUMN,MEDIUM,2.25,2.55,1,0
MIG-11680,order_payments,105758.72,103.28,25423320,525,READ_HEAVY,TABLE_REWRITE,MEDIUM,68.51,47.78,0,1
MIG-11681,order_shipments,92057.6,89.9,23974559,2171,READ_HEAVY,DROP_COLUMN,HIGH,0.72,2.09,1,0
MIG-11682,order_payments,97761.28,95.47,23501043,1203,MIXED_OLTP,ADD_INDEX_CONCURRENTLY,MEDIUM,0.45,0.77,1,0
MIG-11683,orders,231516.16,226.09,28261075,1633,ANALYTICAL_BATCH,ALTER_COLUMN_TYPE,HIGH,63.24,343.1,0,1
MIG-11684,orders,98406.4,96.1,12012657,1151,MIXED_OLTP,ADD_INDEX_CONCURRENTLY,MEDIUM,0.45,0.92,1,0
MIG-11685,orders,127191.04,124.21,15525854,1846,MIXED_OLTP,ADD_INDEX_CONCURRENTLY,HIGH,0.68,2.34,1,0
MIG-11686,order_items,600913.92,586.83,94312714,3185,WRITE_HEAVY,TABLE_REWRITE,CRITICAL,252.47,4777.02,0,1
MIG-11687,order_items,571934.72,558.53,89763984,1157,WRITE_HEAVY,DROP_COLUMN,MEDIUM,2.7,4.9,1,0
MIG-11688,order_items,402647.04,393.21,63194191,926,READ_HEAVY,TABLE_REWRITE,MEDIUM,134.71,285.6,0,1
MIG-11689,order_items,360089.6,351.65,56514555,2108,MIXED_OLTP,ADD_INDEX_CONCURRENTLY,HIGH,1.31,2.32,1,0
MIG-11690,order_payments,80660.48,78.77,19390740,230,WRITE_HEAVY,ADD_INDEX_LOCKING,LOW,14.72,13.48,1,0
MIG-11691,order_shipments,23306.24,22.76,6069856,2527,MIXED_OLTP,ADD_INDEX_CONCURRENTLY,HIGH,0.17,0.82,1,0
MIG-11692,orders,246528.0,240.75,30094181,1118,WRITE_HEAVY,ADD_COLUMN_DEFAULT,MEDIUM,2.33,4.84,1,0
MIG-11693,order_payments,124641.28,121.72,29962705,366,WRITE_HEAVY,ALTER_COLUMN_TYPE,LOW,49.99,41.98,0,1
MIG-11694,order_payments,81285.12,79.38,19540032,4969,WRITE_HEAVY,ADD_COLUMN_DEFAULT,CRITICAL,1.1,14.64,1,0
MIG-11695,order_items,258908.16,252.84,40634637,1105,MIXED_OLTP,DROP_COLUMN,MEDIUM,1.34,2.9,1,0
MIG-11696,orders,124999.68,122.07,15258856,129,MIXED_OLTP,ALTER_COLUMN_TYPE,LOW,47.16,46.24,0,1
MIG-11697,order_payments,41379.84,40.41,9947024,163,READ_HEAVY,ALTER_COLUMN_TYPE,LOW,17.96,18.78,1,0
MIG-11698,customer_sessions,60897.28,59.47,13593772,2987,MIXED_OLTP,ADD_INDEX_CONCURRENTLY,HIGH,0.43,1.23,1,0
MIG-11699,order_payments,93317.12,91.13,22432091,3714,MIXED_OLTP,ADD_INDEX_CONCURRENTLY,CRITICAL,0.51,3.45,1,0
MIG-11700,order_shipments,37847.04,36.96,9856633,927,READ_HEAVY,ALTER_COLUMN_TYPE,MEDIUM,15.5,29.67,0,1
MIG-11701,customer_sessions,54528.0,53.25,12171280,251,MIXED_OLTP,DROP_COLUMN,LOW,0.46,0.62,1,0
MIG-11702,order_items,620062.72,605.53,97317647,496,WRITE_HEAVY,ADD_COLUMN_DEFAULT,LOW,4.27,4.58,1,0
MIG-11703,order_items,177858.56,173.69,27914005,2736,READ_HEAVY,ADD_INDEX_CONCURRENTLY,HIGH,0.66,2.31,1,0
MIG-11704,order_items,351313.92,343.08,55137285,983,WRITE_HEAVY,ADD_INDEX_CONCURRENTLY,MEDIUM,1.21,2.24,1,0
MIG-11705,customer_sessions,46213.12,45.13,10315887,1182,READ_HEAVY,TABLE_REWRITE,MEDIUM,30.54,58.63,0,1
MIG-11706,orders,86046.72,84.03,10503524,1051,READ_HEAVY,ADD_COLUMN_DEFAULT,MEDIUM,0.91,1.77,1,0
MIG-11707,order_items,389038.08,379.92,61057997,1144,WRITE_HEAVY,ADD_INDEX_LOCKING,MEDIUM,31.07,69.66,0,1
MIG-11708,order_shipments,68689.92,67.08,17889108,2930,READ_HEAVY,ADD_INDEX_CONCURRENTLY,HIGH,0.39,1.5,1,0
MIG-11709,orders,83957.76,81.99,10248302,1172,MIXED_OLTP,ADD_INDEX_CONCURRENTLY,MEDIUM,0.4,1.04,1,0
MIG-11710,order_payments,45158.4,44.1,10856048,145,READ_HEAVY,DROP_COLUMN,LOW,0.45,0.4,1,0
MIG-11711,order_items,556646.4,543.6,87364245,1003,WRITE_HEAVY,ALTER_COLUMN_TYPE,MEDIUM,99.39,211.6,0,1
MIG-11712,customer_sessions,34426.88,33.62,7683979,1319,WRITE_HEAVY,ADD_INDEX_CONCURRENTLY,MEDIUM,0.28,0.44,1,0
MIG-11713,order_shipments,70717.44,69.06,18415201,539,READ_HEAVY,ADD_COLUMN_DEFAULT,MEDIUM,0.86,1.49,1,0
MIG-11714,order_items,438159.36,427.89,68768619,242,MIXED_OLTP,DROP_COLUMN,LOW,2.43,2.53,1,0
MIG-11715,order_payments,127160.32,124.18,30568121,180,MIXED_OLTP,ADD_INDEX_CONCURRENTLY,LOW,0.56,0.64,1,0
MIG-11716,order_items,496547.84,484.91,77931465,1221,WRITE_HEAVY,ADD_COLUMN_DEFAULT,MEDIUM,4.18,7.04,1,0
MIG-11717,order_items,548505.6,535.65,86086691,640,MIXED_OLTP,DROP_COLUMN,MEDIUM,2.8,4.63,1,0
MIG-11718,order_payments,101529.6,99.15,24406185,2436,READ_HEAVY,ADD_INDEX_CONCURRENTLY,HIGH,0.62,1.56,1,0
MIG-11719,order_shipments,55715.84,54.41,14508274,563,ANALYTICAL_BATCH,DROP_COLUMN,MEDIUM,0.56,0.63,1,0
MIG-11720,orders,136202.24,133.01,16626296,1423,WRITE_HEAVY,ADD_INDEX_CONCURRENTLY,MEDIUM,0.71,1.48,1,0
MIG-11721,orders,132986.88,129.87,16233803,1979,READ_HEAVY,ADD_INDEX_LOCKING,HIGH,19.19,99.97,0,1
MIG-11722,order_payments,76748.8,74.95,18449721,907,READ_HEAVY,ADD_INDEX_LOCKING,MEDIUM,12.22,24.1,1,0
MIG-11723,order_items,181422.08,177.17,28474049,415,WRITE_HEAVY,ALTER_COLUMN_TYPE,LOW,58.95,83.16,0,1
MIG-11724,order_items,333496.32,325.68,52340628,2069,WRITE_HEAVY,DROP_COLUMN,HIGH,1.85,5.49,1,0
MIG-11725,orders,135290.88,132.12,16515012,615,WRITE_HEAVY,DROP_COLUMN,MEDIUM,1.2,1.24,1,0
MIG-11726,order_items,132526.08,129.42,20800304,5262,READ_HEAVY,ADD_COLUMN_DEFAULT,CRITICAL,1.67,10.01,1,0
MIG-11727,order_shipments,41256.96,40.29,10742824,144,MIXED_OLTP,ADD_COLUMN_DEFAULT,LOW,0.65,0.65,1,0
MIG-11728,orders,215459.84,210.41,26301488,4242,MIXED_OLTP,ADD_INDEX_CONCURRENTLY,CRITICAL,0.9,7.77,1,0
MIG-11729,order_items,412958.72,403.28,64813591,1686,WRITE_HEAVY,ADD_INDEX_LOCKING,HIGH,33.4,346.63,0,1
MIG-11730,customer_sessions,66344.96,64.79,14808811,379,MIXED_OLTP,ADD_INDEX_CONCURRENTLY,LOW,0.37,0.45,1,0
MIG-11731,orders,169185.28,165.22,20652577,769,READ_HEAVY,ADD_COLUMN_DEFAULT,MEDIUM,1.52,2.56,1,0
MIG-11732,order_payments,128952.32,125.93,30997612,2898,ANALYTICAL_BATCH,ADD_COLUMN_DEFAULT,HIGH,1.26,7.62,1,0
MIG-11733,orders,225228.8,219.95,27493811,702,WRITE_HEAVY,DROP_COLUMN,MEDIUM,1.71,2.35,1,0
MIG-11734,order_shipments,26583.04,25.96,6922946,1169,MIXED_OLTP,ADD_COLUMN_DEFAULT,MEDIUM,0.55,0.7,1,0
MIG-11735,order_payments,143677.44,140.31,34537783,3034,ANALYTICAL_BATCH,ADD_COLUMN_DEFAULT,CRITICAL,1.67,11.6,1,0
MIG-11736,order_shipments,19650.56,19.19,5118544,1669,MIXED_OLTP,DROP_COLUMN,HIGH,0.24,0.86,1,0
MIG-11737,orders,181166.08,176.92,22114627,3691,MIXED_OLTP,TABLE_REWRITE,CRITICAL,108.21,1398.53,0,1
MIG-11738,order_items,523704.32,511.43,82193432,2825,READ_HEAVY,DROP_COLUMN,HIGH,2.99,8.82,1,0
MIG-11739,order_payments,66385.92,64.83,15958551,2994,MIXED_OLTP,ADD_INDEX_CONCURRENTLY,HIGH,0.35,1.53,1,0
MIG-11740,orders,181544.96,177.29,22161384,2420,READ_HEAVY,ALTER_COLUMN_TYPE,HIGH,53.86,311.4,0,1
MIG-11741,orders,129249.28,126.22,15777308,2004,READ_HEAVY,ADD_INDEX_CONCURRENTLY,HIGH,0.53,1.15,1,0
MIG-11742,orders,62556.16,61.09,7636604,3780,ANALYTICAL_BATCH,ADD_INDEX_CONCURRENTLY,CRITICAL,0.43,2.6,1,0
MIG-11743,customer_sessions,14878.72,14.53,3321845,1816,WRITE_HEAVY,ADD_INDEX_CONCURRENTLY,HIGH,0.14,0.51,1,0
MIG-11744,order_payments,37990.4,37.1,9132026,236,READ_HEAVY,ADD_COLUMN_DEFAULT,LOW,0.63,0.81,1,0
MIG-11745,order_items,165478.4,161.6,25971177,995,ANALYTICAL_BATCH,DROP_COLUMN,MEDIUM,1.16,2.11,1,0
MIG-11746,order_payments,99809.28,97.47,23993625,374,WRITE_HEAVY,ADD_COLUMN_DEFAULT,LOW,1.29,1.54,1,0
MIG-11747,order_items,386088.96,377.04,60595083,3573,WRITE_HEAVY,ADD_INDEX_LOCKING,CRITICAL,43.95,454.84,0,1
MIG-11748,order_items,349747.2,341.55,54892527,1553,WRITE_HEAVY,DROP_COLUMN,HIGH,1.87,6.21,1,0
MIG-11749,order_items,471787.52,460.73,74045639,1059,MIXED_OLTP,ADD_INDEX_CONCURRENTLY,MEDIUM,1.82,1.89,1,0
MIG-11750,order_items,123371.52,120.48,19362917,197,MIXED_OLTP,ADD_COLUMN_DEFAULT,LOW,1.36,1.58,1,0
MIG-11751,orders,109086.72,106.53,13316553,900,WRITE_HEAVY,ADD_INDEX_LOCKING,MEDIUM,15.09,37.17,0,1
MIG-11752,order_shipments,82913.28,80.97,21591682,1211,READ_HEAVY,ADD_COLUMN_DEFAULT,MEDIUM,1.04,2.02,1,0
MIG-11753,order_shipments,93911.04,91.71,24455505,2845,READ_HEAVY,ADD_COLUMN_DEFAULT,HIGH,1.25,4.51,1,0
MIG-11754,order_items,340910.08,332.92,53505264,2301,MIXED_OLTP,ADD_COLUMN_DEFAULT,HIGH,2.66,11.61,1,0
MIG-11755,order_items,156743.68,153.07,24600202,1427,MIXED_OLTP,ADD_COLUMN_DEFAULT,MEDIUM,1.83,1.9,1,0
MIG-11756,orders,225822.72,220.53,27565675,769,ANALYTICAL_BATCH,ADD_COLUMN_DEFAULT,MEDIUM,2.18,2.22,1,0
MIG-11757,customer_sessions,71444.48,69.77,15946454,1213,WRITE_HEAVY,ALTER_COLUMN_TYPE,MEDIUM,27.18,47.23,0,1
MIG-11758,order_shipments,52746.24,51.51,13735061,1479,WRITE_HEAVY,ADD_INDEX_CONCURRENTLY,MEDIUM,0.3,1.04,1,0
MIG-11759,customer_sessions,30033.92,29.33,6704315,3539,READ_HEAVY,ADD_INDEX_CONCURRENTLY,CRITICAL,0.24,1.23,1,0
MIG-11760,order_items,137379.84,134.16,21561705,4845,READ_HEAVY,ADD_INDEX_LOCKING,CRITICAL,21.12,427.5,0,1
MIG-11761,orders,179886.08,175.67,21959236,2210,READ_HEAVY,ALTER_COLUMN_TYPE,HIGH,56.63,626.3,0,1
MIG-11762,orders,250398.72,244.53,30566476,1380,WRITE_HEAVY,DROP_COLUMN,MEDIUM,1.47,3.14,1,0
MIG-11763,orders,199086.08,194.42,24302976,222,WRITE_HEAVY,ADD_COLUMN_DEFAULT,LOW,2.08,2.56,1,0
MIG-11764,orders,119326.72,116.53,14565712,5401,ANALYTICAL_BATCH,TABLE_REWRITE,CRITICAL,77.8,1403.3,0,1
MIG-11765,orders,191344.64,186.86,23357984,4995,WRITE_HEAVY,ADD_COLUMN_DEFAULT,CRITICAL,2.15,24.77,1,0
MIG-11766,customer_sessions,68014.08,66.42,15181785,382,READ_HEAVY,ADD_COLUMN_DEFAULT,LOW,0.98,0.97,1,0
MIG-11767,orders,154398.72,150.78,18847411,1543,MIXED_OLTP,DROP_COLUMN,HIGH,1.29,2.2,1,0
MIG-11768,orders,230471.68,225.07,28133209,582,WRITE_HEAVY,ADD_COLUMN_DEFAULT,MEDIUM,2.02,2.64,1,0
MIG-11769,order_shipments,50933.76,49.74,13265249,364,WRITE_HEAVY,DROP_COLUMN,LOW,0.56,0.66,1,0
MIG-11770,order_items,294553.6,287.65,46228959,4197,READ_HEAVY,TABLE_REWRITE,CRITICAL,131.52,2276.05,0,1
MIG-11771,order_payments,96471.04,94.21,23190072,3808,READ_HEAVY,ADD_INDEX_CONCURRENTLY,CRITICAL,0.48,2.77,1,0
MIG-11772,order_items,354508.8,346.2,55639599,5104,WRITE_HEAVY,ADD_INDEX_CONCURRENTLY,CRITICAL,1.04,13.44,1,0
MIG-11773,order_shipments,99481.6,97.15,25905617,292,READ_HEAVY,ADD_COLUMN_DEFAULT,LOW,1.34,1.64,1,0
MIG-11774,order_items,381194.24,372.26,59827543,958,WRITE_HEAVY,ADD_COLUMN_DEFAULT,MEDIUM,2.77,5.9,1,0
MIG-11775,order_items,313477.12,306.13,49198934,3807,WRITE_HEAVY,ADD_INDEX_LOCKING,CRITICAL,28.8,646.64,0,1
MIG-11776,order_payments,73943.04,72.21,17774086,2972,WRITE_HEAVY,TABLE_REWRITE,HIGH,58.54,732.14,0,1
MIG-11777,order_items,397475.84,388.16,62383135,864,WRITE_HEAVY,DROP_COLUMN,MEDIUM,1.87,4.3,1,0
MIG-11778,order_items,297861.12,290.88,46747875,759,READ_HEAVY,TABLE_REWRITE,MEDIUM,153.23,184.19,0,1
MIG-11779,order_items,487772.16,476.34,76555434,369,ANALYTICAL_BATCH,ADD_INDEX_CONCURRENTLY,LOW,1.75,1.7,1,0
MIG-11780,orders,133345.28,130.22,16277899,1551,WRITE_HEAVY,ADD_INDEX_CONCURRENTLY,HIGH,0.65,1.74,1,0
MIG-11781,order_payments,72642.56,70.94,17463358,4488,READ_HEAVY,ADD_COLUMN_DEFAULT,CRITICAL,1.11,8.29,1,0
MIG-11782,orders,185620.48,181.27,22658277,325,READ_HEAVY,ADD_INDEX_LOCKING,LOW,22.01,23.8,1,0
MIG-11783,orders,62607.36,61.14,7642865,197,MIXED_OLTP,ADD_INDEX_CONCURRENTLY,LOW,0.39,0.34,1,0
MIG-11784,orders,194109.44,189.56,23694582,1269,READ_HEAVY,ADD_INDEX_CONCURRENTLY,MEDIUM,0.79,0.9,1,0
MIG-11785,order_shipments,60313.6,58.9,15707399,543,WRITE_HEAVY,ADD_COLUMN_DEFAULT,MEDIUM,0.79,1.85,1,0
MIG-11786,order_items,348497.92,340.33,54695115,1481,READ_HEAVY,ADD_COLUMN_DEFAULT,MEDIUM,3.22,5.37,1,0
MIG-11787,order_payments,112793.6,110.15,27114486,442,WRITE_HEAVY,DROP_COLUMN,LOW,0.98,0.69,1,0
MIG-11788,order_shipments,81326.08,79.42,21178324,1763,MIXED_OLTP,ALTER_COLUMN_TYPE,HIGH,30.24,238.45,0,1
MIG-11789,orders,236328.96,230.79,28849043,992,WRITE_HEAVY,ADD_INDEX_CONCURRENTLY,MEDIUM,0.97,1.97,1,0
MIG-11790,order_payments,71526.4,69.85,17194329,1795,MIXED_OLTP,ADD_COLUMN_DEFAULT,HIGH,0.97,1.92,1,0
MIG-11791,order_items,283473.92,276.83,44490053,1118,READ_HEAVY,ADD_INDEX_CONCURRENTLY,MEDIUM,0.89,1.89,1,0
MIG-11792,orders,207155.2,202.3,25287236,852,MIXED_OLTP,ADD_INDEX_CONCURRENTLY,MEDIUM,0.92,1.15,1,0
MIG-11793,order_payments,96327.68,94.07,23155979,988,WRITE_HEAVY,ADD_COLUMN_DEFAULT,MEDIUM,1.24,1.37,1,0
MIG-11794,order_shipments,70840.32,69.18,18446913,2935,MIXED_OLTP,DROP_COLUMN,HIGH,0.59,2.93,1,0
MIG-11795,orders,172021.76,167.99,20999118,1118,MIXED_OLTP,DROP_COLUMN,MEDIUM,1.05,2.01,1,0
MIG-11796,order_items,513474.56,501.44,80588134,1367,READ_HEAVY,DROP_COLUMN,MEDIUM,2.86,4.6,1,0
MIG-11797,orders,91187.2,89.05,11131103,1126,WRITE_HEAVY,ADD_INDEX_LOCKING,MEDIUM,11.41,26.66,0,1
MIG-11798,order_items,401489.92,392.08,63012682,974,WRITE_HEAVY,ADD_INDEX_CONCURRENTLY,MEDIUM,1.42,2.61,1,0
MIG-11799,order_items,196280.32,191.68,30806244,515,WRITE_HEAVY,ADD_INDEX_LOCKING,MEDIUM,25.17,22.92,1,0
MIG-11800,order_items,324864.0,317.25,50987407,589,MIXED_OLTP,DROP_COLUMN,MEDIUM,1.8,2.48,1,0
MIG-11801,order_items,457369.6,446.65,71783499,1033,READ_HEAVY,ADD_INDEX_CONCURRENTLY,MEDIUM,1.36,1.86,1,0
MIG-11802,orders,158208.0,154.5,19312933,1003,MIXED_OLTP,ADD_COLUMN_DEFAULT,MEDIUM,1.48,2.89,1,0
MIG-11803,order_payments,72099.84,70.41,17332236,2253,MIXED_OLTP,ADD_INDEX_CONCURRENTLY,HIGH,0.45,1.37,1,0
MIG-11804,order_payments,132648.96,129.54,31887136,438,MIXED_OLTP,ADD_INDEX_CONCURRENTLY,LOW,0.67,0.53,1,0
MIG-11805,order_payments,119214.08,116.42,28657380,3239,MIXED_OLTP,ADD_INDEX_CONCURRENTLY,CRITICAL,0.66,3.85,1,0
MIG-11806,orders,165560.32,161.68,20209851,2488,READ_HEAVY,ADD_INDEX_CONCURRENTLY,HIGH,0.63,2.58,1,0
MIG-11807,order_items,605009.92,590.83,94954305,398,READ_HEAVY,ALTER_COLUMN_TYPE,LOW,111.96,116.43,0,1
MIG-11808,order_items,333701.12,325.88,52373588,2468,WRITE_HEAVY,ALTER_COLUMN_TYPE,HIGH,86.23,692.02,0,1
MIG-11809,orders,223457.28,218.22,27277969,735,MIXED_OLTP,DROP_COLUMN,MEDIUM,1.3,1.24,1,0
MIG-11810,orders,86292.48,84.27,10534278,4015,ANALYTICAL_BATCH,ADD_INDEX_LOCKING,CRITICAL,15.25,370.1,0,1
MIG-11811,order_items,262184.96,256.04,41149190,3136,READ_HEAVY,TABLE_REWRITE,CRITICAL,128.99,2295.84,0,1
MIG-11812,order_payments,67133.44,65.56,16136864,1765,ANALYTICAL_BATCH,ADD_COLUMN_DEFAULT,HIGH,0.83,2.58,1,0
MIG-11813,orders,72560.64,70.86,8857160,1303,ANALYTICAL_BATCH,ADD_COLUMN_DEFAULT,MEDIUM,0.89,2.54,1,0
MIG-11814,order_shipments,60057.6,58.65,15638984,4543,READ_HEAVY,DROP_COLUMN,CRITICAL,0.63,5.98,1,0
MIG-11815,order_items,213913.6,208.9,33573070,2797,MIXED_OLTP,TABLE_REWRITE,HIGH,102.64,1324.81,0,1
MIG-11816,order_payments,102604.8,100.2,24664553,4729,READ_HEAVY,ADD_INDEX_LOCKING,CRITICAL,15.96,433.6,0,1
MIG-11817,order_items,212797.44,207.81,33397481,196,WRITE_HEAVY,ADD_INDEX_CONCURRENTLY,LOW,0.94,0.84,1,0
MIG-11818,order_items,178432.0,174.25,28004006,5033,WRITE_HEAVY,ADD_INDEX_LOCKING,CRITICAL,22.94,797.67,0,1
MIG-11819,order_items,614830.08,600.42,96496024,2531,READ_HEAVY,ADD_INDEX_CONCURRENTLY,HIGH,1.76,6.29,1,0
MIG-11820,customer_sessions,56801.28,55.47,12678660,691,MIXED_OLTP,ADD_INDEX_CONCURRENTLY,MEDIUM,0.29,0.42,1,0
MIG-11821,order_items,597985.28,583.97,93852524,3012,WRITE_HEAVY,ADD_COLUMN_DEFAULT,CRITICAL,3.78,17.18,1,0
MIG-11822,order_items,367513.6,358.9,57680911,2645,MIXED_OLTP,DROP_COLUMN,HIGH,1.76,9.81,1,0
MIG-11823,order_items,131921.92,128.83,20705599,4802,MIXED_OLTP,ADD_INDEX_CONCURRENTLY,CRITICAL,0.53,6.37,1,0
MIG-11824,order_payments,95436.8,93.2,22941889,135,MIXED_OLTP,ADD_COLUMN_DEFAULT,LOW,1.1,0.87,1,0
MIG-11825,orders,172646.4,168.6,21074879,964,WRITE_HEAVY,ADD_INDEX_LOCKING,MEDIUM,18.53,42.51,0,1
MIG-11826,order_items,122419.2,119.55,19213024,2870,READ_HEAVY,ADD_INDEX_CONCURRENTLY,HIGH,0.51,1.72,1,0
MIG-11827,order_items,559175.68,546.07,87760605,416,WRITE_HEAVY,ALTER_COLUMN_TYPE,LOW,97.78,170.44,0,1
MIG-11828,customer_sessions,54333.44,53.06,12127577,2725,WRITE_HEAVY,ADD_COLUMN_DEFAULT,HIGH,0.78,3.3,1,0
MIG-11829,order_items,499015.68,487.32,78319984,2089,WRITE_HEAVY,DROP_COLUMN,HIGH,2.34,8.63,1,0
MIG-11830,order_items,369602.56,360.94,58007609,621,WRITE_HEAVY,ADD_INDEX_CONCURRENTLY,MEDIUM,1.46,1.86,1,0
MIG-11831,customer_sessions,54231.04,52.96,12104995,2026,WRITE_HEAVY,TABLE_REWRITE,HIGH,42.58,284.88,0,1
MIG-11832,order_items,247562.24,241.76,38855061,374,READ_HEAVY,ALTER_COLUMN_TYPE,LOW,79.45,93.21,0,1
MIG-11833,orders,264529.92,258.33,32291459,2761,READ_HEAVY,ADD_INDEX_CONCURRENTLY,HIGH,1.16,2.14,1,0
MIG-11834,orders,137789.44,134.56,16819440,4610,WRITE_HEAVY,DROP_COLUMN,CRITICAL,0.95,11.64,1,0
MIG-11835,orders,85053.44,83.06,10382818,538,MIXED_OLTP,ADD_INDEX_LOCKING,MEDIUM,15.2,15.18,1,0
MIG-11836,orders,61521.92,60.08,7509716,1090,READ_HEAVY,ADD_INDEX_CONCURRENTLY,MEDIUM,0.36,0.78,1,0
MIG-11837,order_items,443013.12,432.63,69529926,687,ANALYTICAL_BATCH,DROP_COLUMN,MEDIUM,2.2,2.9,1,0
MIG-11838,order_payments,144445.44,141.06,34721339,1109,READ_HEAVY,ALTER_COLUMN_TYPE,MEDIUM,51.19,83.74,0,1
MIG-11839,order_payments,133949.44,130.81,32198881,4030,WRITE_HEAVY,ADD_COLUMN_DEFAULT,CRITICAL,1.54,16.18,1,0
MIG-11840,orders,204441.6,199.65,24956823,1033,ANALYTICAL_BATCH,TABLE_REWRITE,MEDIUM,86.69,210.9,0,1
MIG-11841,order_items,625930.24,611.26,98238432,1096,MIXED_OLTP,ADD_INDEX_CONCURRENTLY,MEDIUM,1.57,3.47,1,0
MIG-11842,orders,209029.12,204.13,25516363,1138,READ_HEAVY,ALTER_COLUMN_TYPE,MEDIUM,63.48,130.96,0,1
MIG-11843,customer_sessions,36218.88,35.37,8085216,1507,READ_HEAVY,TABLE_REWRITE,HIGH,29.84,194.82,0,1
MIG-11844,orders,182128.64,177.86,22232889,2949,READ_HEAVY,ADD_INDEX_CONCURRENTLY,HIGH,0.82,2.07,1,0
MIG-11845,order_items,155852.8,152.2,24461098,330,READ_HEAVY,ADD_COLUMN_DEFAULT,LOW,2.0,2.42,1,0
MIG-11846,order_items,229099.52,223.73,35956281,1007,MIXED_OLTP,DROP_COLUMN,MEDIUM,1.71,2.69,1,0
MIG-11847,order_items,330178.56,322.44,51820759,251,READ_HEAVY,ALTER_COLUMN_TYPE,LOW,94.83,109.52,0,1
MIG-11848,order_items,218849.28,213.72,34347297,141,WRITE_HEAVY,ADD_INDEX_CONCURRENTLY,LOW,0.9,0.9,1,0
MIG-11849,order_payments,140861.44,137.56,33860829,1130,WRITE_HEAVY,ADD_COLUMN_DEFAULT,MEDIUM,1.33,3.27,1,0
MIG-11850,orders,269363.2,263.05,32881133,2044,WRITE_HEAVY,ADD_INDEX_LOCKING,HIGH,25.76,412.78,0,1
MIG-11851,order_shipments,49203.2,48.05,12812215,1406,WRITE_HEAVY,ADD_COLUMN_DEFAULT,MEDIUM,0.72,1.21,1,0
MIG-11852,order_items,480716.8,469.45,75447547,363,READ_HEAVY,DROP_COLUMN,LOW,2.73,2.38,1,0
MIG-11853,order_payments,75479.04,73.71,18143797,2161,MIXED_OLTP,DROP_COLUMN,HIGH,0.58,1.79,1,0
MIG-11854,order_shipments,30003.2,29.3,7813398,1547,WRITE_HEAVY,TABLE_REWRITE,HIGH,21.95,172.31,0,1
MIG-11855,customer_sessions,36075.52,35.23,8051746,1054,WRITE_HEAVY,ADD_INDEX_CONCURRENTLY,MEDIUM,0.22,0.52,1,0
MIG-11856,orders,100771.84,98.41,12301035,1345,WRITE_HEAVY,TABLE_REWRITE,MEDIUM,67.94,119.2,0,1
MIG-11857,orders,121712.64,118.86,14858111,2194,READ_HEAVY,DROP_COLUMN,HIGH,1.01,3.45,1,0
MIG-11858,orders,96706.56,94.44,11805585,360,READ_HEAVY,ALTER_COLUMN_TYPE,LOW,32.48,23.23,1,0
MIG-11859,orders,74004.48,72.27,9033318,1677,READ_HEAVY,ADD_INDEX_CONCURRENTLY,HIGH,0.4,1.14,1,0
MIG-11860,order_items,226897.92,221.58,35611702,2110,ANALYTICAL_BATCH,DROP_COLUMN,HIGH,1.62,6.9,1,0
MIG-11861,customer_sessions,72765.44,71.06,16242901,4982,ANALYTICAL_BATCH,ALTER_COLUMN_TYPE,CRITICAL,27.2,1059.23,0,1
MIG-11862,customer_sessions,19834.88,19.37,4427192,269,MIXED_OLTP,ADD_INDEX_LOCKING,LOW,4.97,4.61,1,0
MIG-11863,order_items,282296.32,275.68,44305288,454,MIXED_OLTP,ADD_INDEX_CONCURRENTLY,LOW,1.26,0.99,1,0
MIG-11864,order_items,387420.16,378.34,60804441,4023,READ_HEAVY,ADD_COLUMN_DEFAULT,CRITICAL,3.24,26.25,0,1
MIG-11865,order_shipments,47841.28,46.72,12457473,1311,READ_HEAVY,ADD_INDEX_CONCURRENTLY,MEDIUM,0.27,0.56,1,0
MIG-11866,customer_sessions,47728.64,46.61,10653542,1143,READ_HEAVY,ADD_INDEX_CONCURRENTLY,MEDIUM,0.28,0.66,1,0
MIG-11867,orders,58757.12,57.38,7172341,1447,MIXED_OLTP,ADD_INDEX_LOCKING,MEDIUM,10.05,22.32,1,0
MIG-11868,order_items,449413.12,438.88,70534140,313,WRITE_HEAVY,TABLE_REWRITE,LOW,178.19,126.1,0,1
MIG-11869,order_shipments,65167.36,63.64,16971142,2202,WRITE_HEAVY,DROP_COLUMN,HIGH,0.54,2.08,1,0
MIG-11870,order_items,466135.04,455.21,73158267,3883,WRITE_HEAVY,ADD_INDEX_CONCURRENTLY,CRITICAL,1.46,10.85,1,0
MIG-11871,order_items,407449.6,397.9,63947883,2478,READ_HEAVY,ADD_INDEX_CONCURRENTLY,HIGH,1.56,4.81,1,0
MIG-11872,customer_sessions,42588.16,41.59,9505811,1480,MIXED_OLTP,ADD_COLUMN_DEFAULT,MEDIUM,0.62,1.22,1,0
MIG-11873,customer_sessions,36925.44,36.06,8242038,3420,WRITE_HEAVY,ADD_INDEX_CONCURRENTLY,CRITICAL,0.26,1.99,1,0
MIG-11874,order_shipments,37212.16,36.34,9691000,2904,READ_HEAVY,ALTER_COLUMN_TYPE,HIGH,16.98,210.8,0,1
MIG-11875,order_payments,86538.24,84.51,20801950,490,READ_HEAVY,ADD_INDEX_CONCURRENTLY,LOW,0.46,0.5,1,0
MIG-11876,orders,54917.12,53.63,6703416,2653,MIXED_OLTP,ADD_INDEX_CONCURRENTLY,HIGH,0.35,0.89,1,0
MIG-11877,order_items,284088.32,277.43,44587507,332,WRITE_HEAVY,ADD_INDEX_LOCKING,LOW,28.51,36.38,0,1
MIG-11878,order_items,464537.6,453.65,72907655,1362,WRITE_HEAVY,ADD_INDEX_CONCURRENTLY,MEDIUM,1.52,2.6,1,0
MIG-11879,order_items,170792.96,166.79,26806080,1892,READ_HEAVY,ADD_COLUMN_DEFAULT,HIGH,1.84,3.59,1,0
MIG-11880,order_items,147148.8,143.7,23094190,1133,READ_HEAVY,ADD_COLUMN_DEFAULT,MEDIUM,1.77,3.06,1,0
MIG-11881,order_items,451276.8,440.7,70826467,422,MIXED_OLTP,ADD_INDEX_CONCURRENTLY,LOW,1.75,2.35,1,0
MIG-11882,order_items,319979.52,312.48,50219752,2707,READ_HEAVY,DROP_COLUMN,HIGH,1.58,5.42,1,0
MIG-11883,order_payments,122685.44,119.81,29492561,1086,ANALYTICAL_BATCH,ADD_COLUMN_DEFAULT,MEDIUM,1.55,3.04,1,0
MIG-11884,order_items,598425.6,584.4,93922215,885,WRITE_HEAVY,DROP_COLUMN,MEDIUM,2.63,5.04,1,0
MIG-11885,order_items,608614.4,594.35,95520276,1449,READ_HEAVY,ADD_INDEX_CONCURRENTLY,MEDIUM,1.73,3.31,1,0
MIG-11886,orders,143288.32,139.93,17491007,2510,ANALYTICAL_BATCH,ADD_COLUMN_DEFAULT,HIGH,1.35,5.14,1,0
MIG-11887,orders,107612.16,105.09,13136835,4924,WRITE_HEAVY,DROP_COLUMN,CRITICAL,0.89,9.43,1,0
MIG-11888,order_shipments,68915.2,67.3,17946056,349,MIXED_OLTP,ADD_INDEX_CONCURRENTLY,LOW,0.47,0.52,1,0
MIG-11889,order_items,438896.64,428.61,68883627,2815,WRITE_HEAVY,ADD_INDEX_CONCURRENTLY,HIGH,1.29,8.84,1,0
MIG-11890,orders,186808.32,182.43,22803313,291,READ_HEAVY,ADD_INDEX_CONCURRENTLY,LOW,0.78,0.53,1,0
MIG-11891,order_payments,65177.6,63.65,15667224,1046,WRITE_HEAVY,ADD_INDEX_CONCURRENTLY,MEDIUM,0.37,0.76,1,0
MIG-11892,order_items,147589.12,144.13,23163890,1303,READ_HEAVY,ADD_INDEX_CONCURRENTLY,MEDIUM,0.59,1.17,1,0
MIG-11893,orders,95600.64,93.36,11670130,1017,MIXED_OLTP,TABLE_REWRITE,MEDIUM,69.45,93.86,0,1
MIG-11894,order_items,194385.92,189.83,30507973,197,WRITE_HEAVY,ADD_COLUMN_DEFAULT,LOW,2.24,2.68,1,0
MIG-11895,orders,76554.24,74.76,9345309,2635,WRITE_HEAVY,ADD_COLUMN_DEFAULT,HIGH,0.97,3.7,1,0
MIG-11896,order_payments,137605.12,134.38,33076959,2063,WRITE_HEAVY,ADD_INDEX_CONCURRENTLY,HIGH,0.55,2.95,1,0
MIG-11897,orders,52213.76,50.99,6373886,3262,WRITE_HEAVY,ADD_INDEX_CONCURRENTLY,CRITICAL,0.37,1.39,1,0
MIG-11898,orders,182272.0,178.0,22250158,3931,READ_HEAVY,ADD_INDEX_LOCKING,CRITICAL,21.02,490.87,0,1
MIG-11899,orders,258713.6,252.65,31581792,554,ANALYTICAL_BATCH,ADD_INDEX_LOCKING,MEDIUM,23.49,47.63,0,1
MIG-11900,order_items,300513.28,293.47,47164303,451,WRITE_HEAVY,TABLE_REWRITE,LOW,116.31,140.19,0,1
MIG-11901,orders,165734.4,161.85,20231648,493,READ_HEAVY,ADD_INDEX_CONCURRENTLY,LOW,0.75,0.85,1,0
MIG-11902,order_shipments,76144.64,74.36,19828927,766,READ_HEAVY,ADD_INDEX_CONCURRENTLY,MEDIUM,0.44,0.58,1,0
MIG-11903,orders,119306.24,116.51,14563581,5290,WRITE_HEAVY,ADD_INDEX_LOCKING,CRITICAL,13.61,397.43,0,1
MIG-11904,order_items,361205.76,352.74,56689811,1211,WRITE_HEAVY,ADD_COLUMN_DEFAULT,MEDIUM,2.47,7.42,1,0
MIG-11905,order_items,536391.68,523.82,84185330,482,MIXED_OLTP,ADD_INDEX_CONCURRENTLY,LOW,1.46,1.98,1,0
MIG-11906,order_items,499363.84,487.66,78373808,662,READ_HEAVY,ADD_COLUMN_DEFAULT,MEDIUM,3.71,4.9,1,0
MIG-11907,orders,227973.12,222.63,27828134,3155,MIXED_OLTP,ADD_INDEX_CONCURRENTLY,CRITICAL,0.94,6.05,1,0
MIG-11908,order_shipments,100321.28,97.97,26126547,1420,READ_HEAVY,ALTER_COLUMN_TYPE,MEDIUM,31.88,45.4,0,1
MIG-11909,order_shipments,49152.0,48.0,12799073,1903,READ_HEAVY,ALTER_COLUMN_TYPE,HIGH,20.58,141.31,0,1
MIG-11910,orders,214394.88,209.37,26171464,1096,MIXED_OLTP,DROP_COLUMN,MEDIUM,1.59,1.49,1,0
MIG-11911,orders,182476.8,178.2,22275183,1401,MIXED_OLTP,ADD_COLUMN_DEFAULT,MEDIUM,1.62,3.44,1,0
MIG-11912,order_shipments,73717.76,71.99,19198662,842,ANALYTICAL_BATCH,ADD_INDEX_LOCKING,MEDIUM,10.27,25.88,1,0
MIG-11913,order_items,496537.6,484.9,77929786,1634,WRITE_HEAVY,DROP_COLUMN,HIGH,2.61,4.91,1,0
MIG-11914,orders,214978.56,209.94,26242745,2686,ANALYTICAL_BATCH,ADD_INDEX_LOCKING,HIGH,20.66,338.65,0,1
MIG-11915,orders,245063.68,239.32,29915119,951,MIXED_OLTP,ADD_COLUMN_DEFAULT,MEDIUM,1.93,3.52,1,0
MIG-11916,order_payments,68474.88,66.87,16460464,522,MIXED_OLTP,TABLE_REWRITE,MEDIUM,41.71,73.42,0,1
MIG-11917,order_payments,104919.04,102.46,25220263,236,MIXED_OLTP,ADD_INDEX_CONCURRENTLY,LOW,0.55,0.48,1,0
MIG-11918,order_items,259348.48,253.27,40703524,312,ANALYTICAL_BATCH,DROP_COLUMN,LOW,1.43,2.39,1,0
MIG-11919,customer_sessions,52695.04,51.46,11761789,451,READ_HEAVY,ADD_INDEX_LOCKING,LOW,8.96,12.86,1,0
MIG-11920,order_items,502364.16,490.59,78845186,190,MIXED_OLTP,ALTER_COLUMN_TYPE,LOW,121.63,139.15,0,1
MIG-11921,order_items,522915.84,510.66,82071087,2277,MIXED_OLTP,TABLE_REWRITE,HIGH,190.07,1731.03,0,1
MIG-11922,order_items,331509.76,323.74,52030084,1772,MIXED_OLTP,ADD_COLUMN_DEFAULT,HIGH,2.38,5.86,1,0
MIG-11923,order_items,377231.36,368.39,59206338,1935,MIXED_OLTP,DROP_COLUMN,HIGH,1.83,5.51,1,0
MIG-11924,orders,122992.64,120.11,15013945,1895,WRITE_HEAVY,ADD_INDEX_CONCURRENTLY,HIGH,0.49,1.52,1,0
MIG-11925,orders,86538.24,84.51,10563981,4310,WRITE_HEAVY,DROP_COLUMN,CRITICAL,0.69,7.25,1,0
MIG-11926,order_items,249139.2,243.3,39101909,4658,READ_HEAVY,ADD_INDEX_CONCURRENTLY,CRITICAL,1.05,8.69,1,0
MIG-11927,order_payments,135905.28,132.72,32669545,612,MIXED_OLTP,ADD_COLUMN_DEFAULT,MEDIUM,1.81,1.45,1,0
MIG-11928,orders,117493.76,114.74,14342177,130,MIXED_OLTP,TABLE_REWRITE,LOW,57.72,55.36,0,1
MIG-11929,order_items,617758.72,603.28,96955506,392,MIXED_OLTP,ADD_INDEX_LOCKING,LOW,56.27,74.71,0,1
MIG-11930,order_items,239308.8,233.7,37559724,3734,MIXED_OLTP,ADD_COLUMN_DEFAULT,CRITICAL,1.92,21.44,1,0
MIG-11931,order_items,487864.32,476.43,76568758,347,READ_HEAVY,ADD_INDEX_CONCURRENTLY,LOW,1.47,1.15,1,0
MIG-11932,order_payments,95385.6,93.15,22928414,576,WRITE_HEAVY,ADD_COLUMN_DEFAULT,MEDIUM,1.07,1.11,1,0
MIG-11933,order_shipments,76236.8,74.45,19852393,1100,READ_HEAVY,ADD_INDEX_CONCURRENTLY,MEDIUM,0.43,0.66,1,0
MIG-11934,order_payments,103772.16,101.34,24945988,2864,MIXED_OLTP,ADD_INDEX_CONCURRENTLY,HIGH,0.45,1.21,1,0
MIG-11935,orders,205475.84,200.66,25082211,937,READ_HEAVY,ALTER_COLUMN_TYPE,MEDIUM,68.16,91.81,0,1
MIG-11936,order_items,582041.6,568.4,91349310,2366,MIXED_OLTP,ADD_COLUMN_DEFAULT,HIGH,4.32,8.47,1,0
MIG-11937,order_items,405493.76,395.99,63641029,794,ANALYTICAL_BATCH,ADD_INDEX_CONCURRENTLY,MEDIUM,1.36,2.66,1,0
MIG-11938,orders,64163.84,62.66,7831917,3714,READ_HEAVY,ADD_INDEX_LOCKING,CRITICAL,11.37,141.04,0,1
MIG-11939,orders,109056.0,106.5,13312286,126,MIXED_OLTP,ADD_INDEX_CONCURRENTLY,LOW,0.62,0.33,1,0
MIG-11940,orders,205803.52,200.98,25121912,4197,READ_HEAVY,ADD_COLUMN_DEFAULT,CRITICAL,1.72,16.25,1,0
MIG-11941,order_items,369674.24,361.01,58020044,1447,READ_HEAVY,ADD_INDEX_CONCURRENTLY,MEDIUM,1.07,2.03,1,0
MIG-11942,order_items,397793.28,388.47,62432710,616,WRITE_HEAVY,ADD_INDEX_CONCURRENTLY,MEDIUM,1.53,1.83,1,0
MIG-11943,orders,181104.64,176.86,22107672,4041,WRITE_HEAVY,ADD_COLUMN_DEFAULT,CRITICAL,1.58,15.72,1,0
MIG-11944,order_shipments,50165.76,48.99,13064792,5092,WRITE_HEAVY,ADD_INDEX_LOCKING,CRITICAL,10.21,218.81,0,1
MIG-11945,customer_sessions,64266.24,62.76,14344095,2243,READ_HEAVY,ADD_COLUMN_DEFAULT,HIGH,0.81,1.7,1,0
MIG-11946,orders,209182.72,204.28,25535441,4901,WRITE_HEAVY,ALTER_COLUMN_TYPE,CRITICAL,55.76,2104.88,0,1
MIG-11947,customer_sessions,60416.0,59.0,13485911,875,READ_HEAVY,ALTER_COLUMN_TYPE,MEDIUM,29.13,28.04,0,1
MIG-11948,orders,207370.24,202.51,25313374,1102,READ_HEAVY,ADD_INDEX_LOCKING,MEDIUM,22.53,33.64,0,1
MIG-11949,customer_sessions,71772.16,70.09,16021155,495,READ_HEAVY,TABLE_REWRITE,LOW,49.68,68.92,0,1
MIG-11950,customer_sessions,52746.24,51.51,11773656,4494,MIXED_OLTP,TABLE_REWRITE,CRITICAL,41.76,939.13,0,1
MIG-11951,orders,263055.36,256.89,32110949,2694,READ_HEAVY,ALTER_COLUMN_TYPE,HIGH,65.7,626.04,0,1
MIG-11952,order_payments,40908.8,39.95,9832749,4733,WRITE_HEAVY,ADD_INDEX_CONCURRENTLY,CRITICAL,0.25,3.04,1,0
MIG-11953,customer_sessions,55101.44,53.81,12300209,1643,ANALYTICAL_BATCH,ADD_INDEX_CONCURRENTLY,HIGH,0.3,0.69,1,0
MIG-11954,order_shipments,77895.68,76.07,20285613,1740,MIXED_OLTP,ADD_INDEX_LOCKING,HIGH,12.31,130.05,0,1
MIG-11955,customer_sessions,45117.44,44.06,10071973,343,MIXED_OLTP,ALTER_COLUMN_TYPE,LOW,22.4,29.35,0,1
MIG-11956,order_items,263434.24,257.26,41344879,239,MIXED_OLTP,ALTER_COLUMN_TYPE,LOW,65.34,82.83,0,1
MIG-11957,orders,170813.44,166.81,20851011,984,WRITE_HEAVY,DROP_COLUMN,MEDIUM,1.22,2.36,1,0
MIG-11958,order_shipments,48680.96,47.54,12678549,2225,MIXED_OLTP,ALTER_COLUMN_TYPE,HIGH,25.58,142.41,0,1
MIG-11959,order_items,583884.8,570.2,91639049,417,WRITE_HEAVY,ADD_INDEX_LOCKING,LOW,54.18,53.18,0,1
MIG-11960,order_items,298823.68,291.82,46900185,5477,READ_HEAVY,DROP_COLUMN,CRITICAL,1.57,14.35,1,0
MIG-11961,order_items,205373.44,200.56,32232266,2995,WRITE_HEAVY,ADD_INDEX_CONCURRENTLY,HIGH,0.88,3.18,1,0
MIG-11962,order_items,412160.0,402.5,64687520,579,MIXED_OLTP,ADD_COLUMN_DEFAULT,MEDIUM,2.76,4.34,1,0
MIG-11963,orders,136734.72,133.53,16691799,4860,WRITE_HEAVY,ADD_INDEX_CONCURRENTLY,CRITICAL,0.58,6.28,1,0
MIG-11964,order_payments,38113.28,37.22,9161866,1225,WRITE_HEAVY,ADD_INDEX_CONCURRENTLY,MEDIUM,0.26,0.39,1,0
MIG-11965,orders,174090.24,170.01,21250743,2797,WRITE_HEAVY,ADD_COLUMN_DEFAULT,HIGH,1.65,8.28,1,0
MIG-11966,order_payments,91064.32,88.93,21889976,926,MIXED_OLTP,ADD_INDEX_CONCURRENTLY,MEDIUM,0.48,0.98,1,0
MIG-11967,order_shipments,32798.72,32.03,8541057,1002,WRITE_HEAVY,ALTER_COLUMN_TYPE,MEDIUM,14.79,34.0,0,1
MIG-11968,order_items,423127.04,413.21,66408691,280,READ_HEAVY,ADD_COLUMN_DEFAULT,LOW,2.76,4.83,1,0
MIG-11969,order_items,407500.8,397.95,63956076,873,WRITE_HEAVY,DROP_COLUMN,MEDIUM,2.06,3.16,1,0
MIG-11970,order_items,513945.6,501.9,80662622,1870,MIXED_OLTP,ADD_INDEX_CONCURRENTLY,HIGH,1.74,3.75,1,0
MIG-11971,customer_sessions,37662.72,36.78,8406606,4608,WRITE_HEAVY,ALTER_COLUMN_TYPE,CRITICAL,17.68,264.21,0,1
MIG-11972,order_payments,56422.4,55.1,13564274,3041,ANALYTICAL_BATCH,ADD_COLUMN_DEFAULT,CRITICAL,0.84,5.48,1,0
MIG-11973,order_items,605603.84,591.41,95048810,399,WRITE_HEAVY,DROP_COLUMN,LOW,2.65,3.02,1,0
MIG-11974,orders,173281.28,169.22,21152873,5103,WRITE_HEAVY,DROP_COLUMN,CRITICAL,0.98,16.07,1,0
MIG-11975,orders,55152.64,53.86,6732778,191,WRITE_HEAVY,ADD_COLUMN_DEFAULT,LOW,0.85,1.01,1,0
MIG-11976,order_items,538255.36,525.64,84477646,185,WRITE_HEAVY,DROP_COLUMN,LOW,2.18,3.04,1,0
MIG-11977,customer_sessions,27033.6,26.4,6033316,2255,READ_HEAVY,ADD_INDEX_LOCKING,HIGH,4.69,52.7,0,1
MIG-11978,order_payments,120801.28,117.97,29037845,5115,WRITE_HEAVY,ADD_INDEX_LOCKING,CRITICAL,17.65,555.37,0,1
MIG-11979,orders,205127.68,200.32,25039385,3284,MIXED_OLTP,ADD_COLUMN_DEFAULT,CRITICAL,1.86,14.79,1,0
MIG-11980,order_shipments,98785.28,96.47,25726376,2147,READ_HEAVY,TABLE_REWRITE,HIGH,65.65,545.66,0,1
MIG-11981,order_items,613017.6,598.65,96211923,716,WRITE_HEAVY,ADD_COLUMN_DEFAULT,MEDIUM,4.74,6.55,1,0
MIG-11982,order_shipments,41195.52,40.23,10727269,440,READ_HEAVY,ADD_INDEX_CONCURRENTLY,LOW,0.27,0.27,1,0
MIG-11983,orders,218675.2,213.55,26694138,452,WRITE_HEAVY,ADD_COLUMN_DEFAULT,LOW,1.94,2.44,1,0
MIG-11984,order_items,278210.56,271.69,43665261,584,WRITE_HEAVY,ADD_COLUMN_DEFAULT,MEDIUM,2.66,2.55,1,0
MIG-11985,customer_sessions,54927.36,53.64,12260450,644,WRITE_HEAVY,ADD_COLUMN_DEFAULT,MEDIUM,0.92,1.35,1,0
MIG-11986,orders,181360.64,177.11,22139144,162,WRITE_HEAVY,ALTER_COLUMN_TYPE,LOW,53.18,49.4,0,1
MIG-11987,order_payments,33157.12,32.38,7970853,1311,WRITE_HEAVY,DROP_COLUMN,MEDIUM,0.44,0.6,1,0
MIG-11988,customer_sessions,14673.92,14.33,3274617,1400,ANALYTICAL_BATCH,TABLE_REWRITE,MEDIUM,13.67,25.47,1,0
MIG-11989,orders,61931.52,60.48,7559628,2058,MIXED_OLTP,ADD_INDEX_CONCURRENTLY,HIGH,0.4,0.95,1,0
MIG-11990,orders,77455.36,75.64,9454435,657,ANALYTICAL_BATCH,DROP_COLUMN,MEDIUM,0.73,0.93,1,0
MIG-11991,order_payments,57497.6,56.15,13820391,1163,WRITE_HEAVY,ADD_INDEX_CONCURRENTLY,MEDIUM,0.33,0.79,1,0
MIG-11992,order_items,582768.64,569.11,91463373,2835,MIXED_OLTP,ADD_COLUMN_DEFAULT,HIGH,4.15,13.88,1,0
MIG-11993,orders,163860.48,160.02,20003082,2865,READ_HEAVY,ADD_COLUMN_DEFAULT,HIGH,1.43,7.62,1,0
MIG-11994,order_items,525957.12,513.63,82548230,945,WRITE_HEAVY,DROP_COLUMN,MEDIUM,2.65,5.46,1,0
MIG-11995,order_payments,127057.92,124.08,30543378,412,MIXED_OLTP,ADD_INDEX_LOCKING,LOW,19.65,24.31,1,0
MIG-11996,orders,211712.0,206.75,25843463,5389,WRITE_HEAVY,ADD_INDEX_CONCURRENTLY,CRITICAL,0.94,10.74,1,0
MIG-11997,order_items,316682.24,309.26,49702195,2738,READ_HEAVY,ADD_INDEX_CONCURRENTLY,HIGH,1.31,2.57,1,0
MIG-11998,order_shipments,90081.28,87.97,23459362,974,MIXED_OLTP,ADD_COLUMN_DEFAULT,MEDIUM,1.28,2.2,1,0
MIG-11999,order_items,497653.76,485.99,78106030,761,READ_HEAVY,ADD_INDEX_CONCURRENTLY,MEDIUM,1.66,1.52,1,0
MIG-12000,order_shipments,80076.8,78.2,20852071,871,READ_HEAVY,DROP_COLUMN,MEDIUM,0.69,0.8,1,0
MIG-12001,order_items,579983.36,566.39,91027520,244,READ_HEAVY,ADD_COLUMN_DEFAULT,LOW,3.69,4.01,1,0
MIG-12002,customer_sessions,52961.28,51.72,11820754,495,WRITE_HEAVY,ALTER_COLUMN_TYPE,LOW,20.0,24.62,1,0
MIG-12003,order_payments,89948.16,87.84,21622943,4831,ANALYTICAL_BATCH,TABLE_REWRITE,CRITICAL,54.83,1855.25,0,1
MIG-12004,orders,246046.72,240.28,30034389,1358,WRITE_HEAVY,ADD_COLUMN_DEFAULT,MEDIUM,2.51,4.99,1,0
MIG-12005,order_shipments,56125.44,54.81,14616373,410,WRITE_HEAVY,ALTER_COLUMN_TYPE,LOW,19.63,25.2,0,1
MIG-12006,order_items,533534.72,521.03,83737226,2214,WRITE_HEAVY,ADD_INDEX_LOCKING,HIGH,50.34,316.49,0,1
MIG-12007,orders,61061.12,59.63,7453851,1290,ANALYTICAL_BATCH,ADD_INDEX_CONCURRENTLY,MEDIUM,0.39,0.58,1,0
MIG-12008,orders,49438.72,48.28,6034828,2459,MIXED_OLTP,ALTER_COLUMN_TYPE,HIGH,20.04,109.45,0,1
MIG-12009,order_payments,89917.44,87.81,21614823,1240,READ_HEAVY,ADD_COLUMN_DEFAULT,MEDIUM,1.35,1.57,1,0
MIG-12010,orders,65433.6,63.9,7987521,220,ANALYTICAL_BATCH,ADD_INDEX_LOCKING,LOW,10.76,7.0,1,0
MIG-12011,orders,265144.32,258.93,32366661,192,WRITE_HEAVY,ADD_INDEX_LOCKING,LOW,25.56,35.15,0,1
MIG-12012,orders,50370.56,49.19,6148531,3450,MIXED_OLTP,ALTER_COLUMN_TYPE,CRITICAL,24.66,396.5,0,1
MIG-12013,order_items,485324.8,473.95,76170120,1933,WRITE_HEAVY,ADD_INDEX_LOCKING,HIGH,38.54,266.58,0,1
MIG-12014,order_items,240302.08,234.67,37714160,2967,READ_HEAVY,ALTER_COLUMN_TYPE,HIGH,75.88,696.51,0,1
MIG-12015,order_items,614041.6,599.65,96371712,476,WRITE_HEAVY,ADD_COLUMN_DEFAULT,LOW,3.62,3.38,1,0
MIG-12016,orders,133539.84,130.41,16301624,1719,ANALYTICAL_BATCH,TABLE_REWRITE,HIGH,73.25,665.58,0,1
MIG-12017,orders,55183.36,53.89,6736652,1053,ANALYTICAL_BATCH,DROP_COLUMN,MEDIUM,0.46,0.89,1,0
MIG-12018,order_items,128593.92,125.58,20181796,2910,READ_HEAVY,ADD_INDEX_LOCKING,HIGH,20.2,209.92,0,1
MIG-12019,order_items,400281.6,390.9,62823243,1254,WRITE_HEAVY,ALTER_COLUMN_TYPE,MEDIUM,110.54,169.68,0,1
MIG-12020,order_payments,144844.8,141.45,34817304,2418,WRITE_HEAVY,ADD_INDEX_CONCURRENTLY,HIGH,0.7,2.69,1,0
MIG-12021,orders,265861.12,259.63,32453885,339,READ_HEAVY,ADD_COLUMN_DEFAULT,LOW,2.15,2.99,1,0
MIG-12022,orders,123750.4,120.85,15106370,230,WRITE_HEAVY,ALTER_COLUMN_TYPE,LOW,48.1,54.08,0,1
MIG-12023,orders,155914.24,152.26,19032998,2886,WRITE_HEAVY,TABLE_REWRITE,HIGH,75.03,928.84,0,1
MIG-12024,order_items,166533.12,162.63,26136920,133,MIXED_OLTP,ADD_INDEX_LOCKING,LOW,21.76,23.84,1,0
MIG-12025,order_items,384184.32,375.18,60296325,447,READ_HEAVY,ADD_COLUMN_DEFAULT,LOW,2.94,4.14,1,0
MIG-12026,order_shipments,68177.92,66.58,17753554,5178,ANALYTICAL_BATCH,ADD_INDEX_CONCURRENTLY,CRITICAL,0.39,4.72,1,0
MIG-12027,order_items,244264.96,238.54,38335994,761,READ_HEAVY,ADD_COLUMN_DEFAULT,MEDIUM,2.66,2.79,1,0
MIG-12028,order_items,430602.24,420.51,67581269,1011,WRITE_HEAVY,ADD_COLUMN_DEFAULT,MEDIUM,2.93,4.89,1,0
MIG-12029,order_items,579020.8,565.45,90875112,2827,READ_HEAVY,ALTER_COLUMN_TYPE,HIGH,129.08,627.14,0,1
MIG-12030,orders,49367.04,48.21,6025794,2211,WRITE_HEAVY,DROP_COLUMN,HIGH,0.44,2.13,1,0
MIG-12031,order_items,232837.12,227.38,36543635,220,READ_HEAVY,ADD_COLUMN_DEFAULT,LOW,2.1,2.18,1,0
MIG-12032,order_items,223027.2,217.8,35003484,570,MIXED_OLTP,ADD_COLUMN_DEFAULT,MEDIUM,2.54,2.13,1,0
MIG-12033,order_items,178626.56,174.44,28034782,940,WRITE_HEAVY,TABLE_REWRITE,MEDIUM,93.22,105.65,0,1
MIG-12034,orders,85893.12,83.88,10484732,777,WRITE_HEAVY,DROP_COLUMN,MEDIUM,0.71,1.46,1,0
MIG-12035,order_payments,101611.52,99.23,24426281,2776,MIXED_OLTP,ADD_INDEX_CONCURRENTLY,HIGH,0.48,1.96,1,0
MIG-12036,customer_sessions,20961.28,20.47,4678799,5152,READ_HEAVY,ADD_COLUMN_DEFAULT,CRITICAL,0.45,3.42,1,0
MIG-12037,orders,212500.48,207.52,25940353,229,READ_HEAVY,ADD_COLUMN_DEFAULT,LOW,2.21,2.3,1,0
MIG-12038,order_items,572477.44,559.06,89848829,184,MIXED_OLTP,ADD_COLUMN_DEFAULT,LOW,3.95,5.16,1,0
MIG-12039,order_payments,137635.84,134.41,33085726,1936,READ_HEAVY,ADD_INDEX_LOCKING,HIGH,14.71,115.12,0,1
MIG-12040,orders,195174.4,190.6,23824746,901,WRITE_HEAVY,ADD_INDEX_CONCURRENTLY,MEDIUM,0.97,1.1,1,0
MIG-12041,order_payments,50278.4,49.1,12085016,2502,MIXED_OLTP,ADD_COLUMN_DEFAULT,HIGH,0.84,3.3,1,0
MIG-12042,order_items,158709.76,154.99,24909022,160,ANALYTICAL_BATCH,ADD_COLUMN_DEFAULT,LOW,1.82,1.32,1,0
MIG-12043,customer_sessions,29306.88,28.62,6541159,499,WRITE_HEAVY,ADD_COLUMN_DEFAULT,LOW,0.55,0.82,1,0
MIG-12044,customer_sessions,76390.4,74.6,17052183,2550,WRITE_HEAVY,DROP_COLUMN,HIGH,0.81,2.73,1,0
MIG-12045,orders,262010.88,255.87,31983320,3327,MIXED_OLTP,DROP_COLUMN,CRITICAL,1.46,9.93,1,0
MIG-12046,order_items,311797.76,304.49,48935429,225,READ_HEAVY,ADD_INDEX_CONCURRENTLY,LOW,1.27,1.42,1,0
MIG-12047,order_items,282828.8,276.2,44389114,4752,READ_HEAVY,ADD_INDEX_CONCURRENTLY,CRITICAL,1.02,9.53,1,0
MIG-12048,orders,161955.84,158.16,19770285,1003,READ_HEAVY,ADD_INDEX_LOCKING,MEDIUM,18.79,30.45,0,1
MIG-12049,order_items,265226.24,259.01,41626735,310,MIXED_OLTP,ALTER_COLUMN_TYPE,LOW,64.12,84.64,0,1
MIG-12050,customer_sessions,77537.28,75.72,17307139,541,READ_HEAVY,ADD_INDEX_CONCURRENTLY,MEDIUM,0.42,0.41,1,0
MIG-12051,orders,98078.72,95.78,11972977,910,WRITE_HEAVY,ADD_INDEX_CONCURRENTLY,MEDIUM,0.56,0.79,1,0
MIG-12052,order_items,305203.2,298.05,47900557,2421,WRITE_HEAVY,TABLE_REWRITE,HIGH,126.37,1487.71,0,1
MIG-12053,order_shipments,54046.72,52.78,14074410,1249,READ_HEAVY,ADD_INDEX_CONCURRENTLY,MEDIUM,0.33,0.51,1,0
MIG-12054,order_items,179230.72,175.03,28130185,946,ANALYTICAL_BATCH,TABLE_REWRITE,MEDIUM,81.61,165.58,0,1
MIG-12055,order_items,312258.56,304.94,49008810,1054,READ_HEAVY,ALTER_COLUMN_TYPE,MEDIUM,93.33,126.69,0,1
MIG-12056,customer_sessions,69601.28,67.97,15536922,1833,READ_HEAVY,ADD_INDEX_CONCURRENTLY,HIGH,0.38,1.12,1,0
MIG-12057,order_items,187125.76,182.74,29369241,4994,ANALYTICAL_BATCH,ADD_INDEX_CONCURRENTLY,CRITICAL,0.8,10.6,1,0
MIG-12058,orders,178329.6,174.15,21768592,1197,READ_HEAVY,TABLE_REWRITE,MEDIUM,99.48,96.97,0,1
MIG-12059,orders,139089.92,135.83,16979202,1243,READ_HEAVY,ADD_INDEX_CONCURRENTLY,MEDIUM,0.6,0.8,1,0
MIG-12060,customer_sessions,25333.76,24.74,5655728,4669,WRITE_HEAVY,ADD_COLUMN_DEFAULT,CRITICAL,0.56,4.2,1,0
MIG-12061,orders,51875.84,50.66,6333076,494,MIXED_OLTP,ADD_INDEX_CONCURRENTLY,LOW,0.37,0.56,1,0
MIG-12062,order_items,255764.48,249.77,40140807,2819,MIXED_OLTP,DROP_COLUMN,HIGH,1.4,4.06,1,0
MIG-12063,orders,62832.64,61.36,7669381,1310,MIXED_OLTP,ALTER_COLUMN_TYPE,MEDIUM,24.36,48.19,0,1
MIG-12064,order_items,309135.36,301.89,48518246,3838,WRITE_HEAVY,DROP_COLUMN,CRITICAL,1.65,12.37,1,0
MIG-12065,customer_sessions,66600.96,65.04,14867021,566,READ_HEAVY,ADD_INDEX_CONCURRENTLY,MEDIUM,0.39,0.49,1,0
MIG-12066,order_items,486113.28,474.72,76294506,500,WRITE_HEAVY,DROP_COLUMN,MEDIUM,2.96,3.53,1,0
MIG-12067,customer_sessions,75458.56,73.69,16842325,1279,ANALYTICAL_BATCH,DROP_COLUMN,MEDIUM,0.66,1.3,1,0
MIG-12068,orders,143605.76,140.24,17529416,459,WRITE_HEAVY,ADD_INDEX_CONCURRENTLY,LOW,0.71,1.07,1,0
MIG-12069,order_items,479979.52,468.73,75331913,359,READ_HEAVY,ADD_INDEX_LOCKING,LOW,44.34,58.09,0,1
MIG-12070,order_shipments,73615.36,71.89,19171381,4802,MIXED_OLTP,DROP_COLUMN,CRITICAL,0.73,3.93,1,0
MIG-12071,order_items,226703.36,221.39,35580750,589,WRITE_HEAVY,ADD_INDEX_CONCURRENTLY,MEDIUM,1.04,1.61,1,0
MIG-12072,orders,116295.68,113.57,14196727,326,READ_HEAVY,TABLE_REWRITE,LOW,74.83,66.08,0,1
MIG-12073,order_shipments,62382.08,60.92,16244317,1105,WRITE_HEAVY,ADD_COLUMN_DEFAULT,MEDIUM,0.77,1.02,1,0
MIG-12074,order_items,525844.48,513.52,82529242,656,READ_HEAVY,ADD_INDEX_CONCURRENTLY,MEDIUM,1.62,2.14,1,0
MIG-12075,order_items,353024.0,344.75,55406831,1250,ANALYTICAL_BATCH,ADD_INDEX_CONCURRENTLY,MEDIUM,1.24,2.57,1,0
MIG-12076,customer_sessions,29030.4,28.35,6479478,234,READ_HEAVY,ADD_COLUMN_DEFAULT,LOW,0.61,0.61,1,0
MIG-12077,orders,268892.16,262.59,32823573,1795,ANALYTICAL_BATCH,ADD_COLUMN_DEFAULT,HIGH,2.34,8.59,1,0
MIG-12078,order_items,174336.0,170.25,27361883,2543,WRITE_HEAVY,ADD_INDEX_CONCURRENTLY,HIGH,0.67,1.78,1,0
MIG-12079,orders,260577.28,254.47,31809000,934,READ_HEAVY,ADD_INDEX_LOCKING,MEDIUM,23.31,49.83,0,1
MIG-12080,order_items,532234.24,519.76,83532749,2304,ANALYTICAL_BATCH,DROP_COLUMN,HIGH,2.59,10.96,1,0
MIG-12081,orders,234700.8,229.2,28650125,1042,MIXED_OLTP,ADD_INDEX_CONCURRENTLY,MEDIUM,0.95,1.67,1,0
MIG-12082,order_payments,121866.24,119.01,29293626,1122,WRITE_HEAVY,ADD_INDEX_LOCKING,MEDIUM,17.89,32.18,0,1
MIG-12083,orders,95191.04,92.96,11620615,4032,MIXED_OLTP,ADD_INDEX_LOCKING,CRITICAL,14.94,366.8,0,1
MIG-12084,order_payments,102410.24,100.01,24618372,5036,MIXED_OLTP,ADD_COLUMN_DEFAULT,CRITICAL,1.31,14.27,1,0
MIG-12085,orders,216535.04,211.46,26432244,1376,MIXED_OLTP,TABLE_REWRITE,MEDIUM,89.56,122.7,0,1
MIG-12086,order_items,499537.92,487.83,78400549,983,READ_HEAVY,ADD_INDEX_CONCURRENTLY,MEDIUM,1.77,2.72,1,0
MIG-12087,order_items,254842.88,248.87,39996795,668,WRITE_HEAVY,ADD_INDEX_CONCURRENTLY,MEDIUM,0.88,1.22,1,0
MIG-12088,order_payments,48322.56,47.19,11616238,778,WRITE_HEAVY,ADD_INDEX_CONCURRENTLY,MEDIUM,0.34,0.44,1,0
MIG-12089,order_items,284026.88,277.37,44577961,2657,READ_HEAVY,ADD_COLUMN_DEFAULT,HIGH,3.05,10.65,1,0
MIG-12090,order_items,362332.16,353.84,56867402,202,READ_HEAVY,ADD_COLUMN_DEFAULT,LOW,2.74,3.32,1,0
MIG-12091,order_shipments,66027.52,64.48,17193664,4945,WRITE_HEAVY,ADD_INDEX_CONCURRENTLY,CRITICAL,0.42,4.32,1,0
MIG-12092,order_items,546631.68,533.82,85792979,2493,WRITE_HEAVY,DROP_COLUMN,HIGH,2.97,9.1,1,0
MIG-12093,orders,219248.64,214.11,26763924,279,READ_HEAVY,ALTER_COLUMN_TYPE,LOW,55.84,66.85,0,1
MIG-12094,order_shipments,74516.48,72.77,19404851,3316,READ_HEAVY,ADD_INDEX_LOCKING,CRITICAL,10.83,167.98,0,1
MIG-12095,order_items,250675.2,244.8,39342632,2309,READ_HEAVY,DROP_COLUMN,HIGH,1.8,4.99,1,0
MIG-12096,orders,155074.56,151.44,18929773,1192,READ_HEAVY,DROP_COLUMN,MEDIUM,1.0,1.51,1,0
MIG-12097,order_items,287805.44,281.06,45170305,653,WRITE_HEAVY,ADD_INDEX_LOCKING,MEDIUM,35.55,52.26,0,1
MIG-12098,orders,101109.76,98.74,12343060,5062,MIXED_OLTP,ADD_COLUMN_DEFAULT,CRITICAL,1.15,12.05,1,0
MIG-12099,orders,51415.04,50.21,6276624,3487,READ_HEAVY,ADD_COLUMN_DEFAULT,CRITICAL,0.67,5.28,1,0
MIG-12100,order_payments,67297.28,65.72,16176504,912,WRITE_HEAVY,ADD_COLUMN_DEFAULT,MEDIUM,0.88,1.38,1,0
MIG-12101,orders,105799.68,103.32,12915139,2297,READ_HEAVY,ADD_INDEX_CONCURRENTLY,HIGH,0.56,1.61,1,0
MIG-12102,order_shipments,65863.68,64.32,17153090,4847,READ_HEAVY,DROP_COLUMN,CRITICAL,0.73,3.48,1,0
MIG-12103,customer_sessions,18360.32,17.93,4097145,3561,READ_HEAVY,ADD_COLUMN_DEFAULT,CRITICAL,0.33,1.93,1,0
MIG-12104,order_items,254300.16,248.34,39912087,234,READ_HEAVY,ADD_INDEX_CONCURRENTLY,LOW,1.01,0.95,1,0
MIG-12105,order_payments,31989.76,31.24,7689361,1306,READ_HEAVY,ADD_INDEX_CONCURRENTLY,MEDIUM,0.21,0.43,1,0
MIG-12106,order_payments,103475.2,101.05,24872835,3823,MIXED_OLTP,ADD_INDEX_LOCKING,CRITICAL,12.93,291.81,0,1
MIG-12107,customer_sessions,50995.2,49.8,11381929,346,WRITE_HEAVY,ADD_INDEX_CONCURRENTLY,LOW,0.32,0.47,1,0
MIG-12108,order_items,288860.16,282.09,45335881,897,WRITE_HEAVY,ADD_COLUMN_DEFAULT,MEDIUM,3.09,3.42,1,0
MIG-12109,orders,81735.68,79.82,9978034,556,WRITE_HEAVY,ADD_INDEX_CONCURRENTLY,MEDIUM,0.5,0.57,1,0
MIG-12110,order_items,609064.96,594.79,95591506,1014,READ_HEAVY,ADD_INDEX_CONCURRENTLY,MEDIUM,2.04,2.26,1,0
MIG-12111,order_items,416286.72,406.53,65335788,2036,READ_HEAVY,ADD_INDEX_LOCKING,HIGH,32.66,348.07,0,1
MIG-12112,orders,199362.56,194.69,24336060,205,MIXED_OLTP,ADD_INDEX_CONCURRENTLY,LOW,0.76,1.09,1,0
MIG-12113,order_items,388915.2,379.8,61039249,2787,WRITE_HEAVY,ADD_INDEX_CONCURRENTLY,HIGH,1.11,4.84,1,0
MIG-12114,orders,227543.04,222.21,27776397,1274,READ_HEAVY,TABLE_REWRITE,MEDIUM,103.94,174.91,0,1
MIG-12115,customer_sessions,72161.28,70.47,16107872,1916,WRITE_HEAVY,ADD_COLUMN_DEFAULT,HIGH,1.03,2.93,1,0
MIG-12116,orders,133806.08,130.67,16333184,1023,READ_HEAVY,DROP_COLUMN,MEDIUM,1.0,2.15,1,0
MIG-12117,orders,201779.2,197.05,24630683,387,MIXED_OLTP,DROP_COLUMN,LOW,1.44,1.25,1,0
MIG-12118,orders,100003.84,97.66,12206962,3133,WRITE_HEAVY,ADD_INDEX_CONCURRENTLY,CRITICAL,0.43,4.8,1,0
MIG-12119,orders,193331.2,188.8,23600086,1640,WRITE_HEAVY,ADD_COLUMN_DEFAULT,HIGH,2.23,7.26,1,0
MIG-12120,orders,137441.28,134.22,16777202,1039,READ_HEAVY,ADD_COLUMN_DEFAULT,MEDIUM,1.74,1.72,1,0
MIG-12121,orders,50647.04,49.46,6183103,1430,MIXED_OLTP,ADD_INDEX_CONCURRENTLY,MEDIUM,0.27,0.52,1,0
MIG-12122,orders,260495.36,254.39,31799252,1427,WRITE_HEAVY,ADD_INDEX_CONCURRENTLY,MEDIUM,0.89,1.76,1,0
MIG-12123,orders,241233.92,235.58,29447921,4123,ANALYTICAL_BATCH,DROP_COLUMN,CRITICAL,1.8,16.39,1,0
MIG-12124,order_items,264785.92,258.58,41557760,1204,ANALYTICAL_BATCH,ADD_INDEX_CONCURRENTLY,MEDIUM,1.04,2.47,1,0
MIG-12125,order_items,629626.88,614.87,98818342,4228,MIXED_OLTP,ADD_INDEX_CONCURRENTLY,CRITICAL,1.53,12.62,1,0
MIG-12126,order_items,278353.92,271.83,43687341,1404,WRITE_HEAVY,DROP_COLUMN,MEDIUM,1.54,2.36,1,0
MIG-12127,order_items,351498.24,343.26,55166379,2354,MIXED_OLTP,ADD_COLUMN_DEFAULT,HIGH,2.99,11.15,1,0
MIG-12128,orders,237434.88,231.87,28983993,1391,WRITE_HEAVY,DROP_COLUMN,MEDIUM,1.56,3.05,1,0
MIG-12129,orders,116520.96,113.79,14224101,245,MIXED_OLTP,ADD_INDEX_CONCURRENTLY,LOW,0.62,0.45,1,0
MIG-12130,orders,148807.68,145.32,18164587,5327,READ_HEAVY,ADD_INDEX_LOCKING,CRITICAL,18.75,583.9,0,1
MIG-12131,order_payments,106362.88,103.87,25568910,390,WRITE_HEAVY,ALTER_COLUMN_TYPE,LOW,39.57,39.93,0,1
MIG-12132,customer_sessions,22753.28,22.22,5078732,4919,WRITE_HEAVY,ADD_COLUMN_DEFAULT,CRITICAL,0.46,4.71,1,0
MIG-12133,customer_sessions,41584.64,40.61,9281845,105,MIXED_OLTP,ALTER_COLUMN_TYPE,LOW,21.99,17.94,1,0
MIG-12134,order_items,274370.56,267.94,43062204,1306,MIXED_OLTP,ADD_COLUMN_DEFAULT,MEDIUM,2.15,5.04,1,0
MIG-12135,order_items,463964.16,453.09,72818718,3405,READ_HEAVY,ADD_INDEX_CONCURRENTLY,CRITICAL,1.37,5.06,1,0
MIG-12136,order_items,184862.72,180.53,29013520,2904,READ_HEAVY,ADD_COLUMN_DEFAULT,HIGH,1.94,5.17,1,0
MIG-12137,order_payments,54507.52,53.23,13102666,175,MIXED_OLTP,ADD_COLUMN_DEFAULT,LOW,0.78,0.6,1,0
MIG-12138,order_payments,111851.52,109.23,26887634,1325,MIXED_OLTP,ALTER_COLUMN_TYPE,MEDIUM,33.83,66.35,0,1
MIG-12139,order_shipments,31385.6,30.65,8174446,354,MIXED_OLTP,ADD_COLUMN_DEFAULT,LOW,0.61,0.64,1,0
MIG-12140,order_shipments,53432.32,52.18,13915616,3981,READ_HEAVY,ADD_COLUMN_DEFAULT,CRITICAL,0.69,4.95,1,0
MIG-12141,order_items,482600.96,471.29,75743338,456,READ_HEAVY,ALTER_COLUMN_TYPE,LOW,115.85,122.94,0,1
MIG-12142,order_payments,118333.44,115.56,28445489,888,MIXED_OLTP,ADD_INDEX_CONCURRENTLY,MEDIUM,0.68,0.92,1,0
MIG-12143,order_shipments,26306.56,25.69,6849433,125,WRITE_HEAVY,DROP_COLUMN,LOW,0.38,0.3,1,0
MIG-12144,order_items,554403.84,541.41,87011644,1613,READ_HEAVY,ADD_COLUMN_DEFAULT,HIGH,4.01,14.12,1,0
MIG-12145,customer_sessions,61040.64,59.61,13625201,5131,WRITE_HEAVY,TABLE_REWRITE,CRITICAL,40.08,963.88,0,1
MIG-12146,orders,124200.96,121.29,15160953,2076,READ_HEAVY,ADD_INDEX_CONCURRENTLY,HIGH,0.64,1.39,1,0
MIG-12147,customer_sessions,63610.88,62.12,14198761,1319,MIXED_OLTP,ADD_INDEX_LOCKING,MEDIUM,9.06,20.99,1,0
MIG-12148,order_payments,113879.04,111.21,27375007,520,WRITE_HEAVY,DROP_COLUMN,MEDIUM,0.98,1.29,1,0
MIG-12149,orders,182056.96,177.79,22224063,130,READ_HEAVY,TABLE_REWRITE,LOW,97.13,75.74,0,1
MIG-12150,order_payments,93532.16,91.34,22484257,5470,WRITE_HEAVY,TABLE_REWRITE,CRITICAL,60.78,1541.5,0,1
MIG-12151,orders,211660.8,206.7,25836994,157,MIXED_OLTP,ADD_INDEX_LOCKING,LOW,21.13,20.32,1,0
MIG-12152,order_payments,146339.84,142.91,35178685,2531,MIXED_OLTP,ADD_INDEX_CONCURRENTLY,HIGH,0.57,2.5,1,0
MIG-12153,order_payments,95938.56,93.69,23062304,850,READ_HEAVY,ADD_COLUMN_DEFAULT,MEDIUM,1.08,1.65,1,0
MIG-12154,order_items,532060.16,519.59,83506147,4250,MIXED_OLTP,ALTER_COLUMN_TYPE,CRITICAL,116.56,2699.28,0,1
MIG-12155,order_shipments,80168.96,78.29,20876312,614,WRITE_HEAVY,DROP_COLUMN,MEDIUM,0.78,0.93,1,0
MIG-12156,orders,238438.4,232.85,29106826,766,MIXED_OLTP,ALTER_COLUMN_TYPE,MEDIUM,62.47,108.32,0,1
MIG-12157,orders,260280.32,254.18,31772171,4895,MIXED_OLTP,ADD_INDEX_LOCKING,CRITICAL,33.45,936.03,0,1
MIG-12158,order_items,214333.44,209.31,33639739,4339,WRITE_HEAVY,ADD_COLUMN_DEFAULT,CRITICAL,2.23,11.54,1,0
MIG-12159,orders,85749.76,83.74,10467410,1004,ANALYTICAL_BATCH,ADD_INDEX_CONCURRENTLY,MEDIUM,0.47,0.94,1,0
MIG-12160,order_items,417300.48,407.52,65494498,2917,WRITE_HEAVY,ADD_COLUMN_DEFAULT,HIGH,2.93,11.2,1,0
MIG-12161,orders,148531.2,145.05,18130966,2116,READ_HEAVY,DROP_COLUMN,HIGH,0.92,3.66,1,0
MIG-12162,order_items,409231.36,399.64,64228538,1303,WRITE_HEAVY,ADD_COLUMN_DEFAULT,MEDIUM,3.08,6.06,1,0
MIG-12163,order_items,526551.04,514.21,82641461,389,MIXED_OLTP,ADD_INDEX_CONCURRENTLY,LOW,1.72,2.06,1,0
MIG-12164,order_shipments,95713.28,93.47,24925032,2191,WRITE_HEAVY,ADD_INDEX_LOCKING,HIGH,15.35,149.02,0,1
MIG-12165,orders,141475.84,138.16,17270227,1939,WRITE_HEAVY,ADD_INDEX_CONCURRENTLY,HIGH,0.66,1.66,1,0
MIG-12166,order_shipments,77977.6,76.15,20307345,241,READ_HEAVY,ADD_COLUMN_DEFAULT,LOW,1.07,1.09,1,0
MIG-12167,order_items,216258.56,211.19,33940734,1371,ANALYTICAL_BATCH,ADD_COLUMN_DEFAULT,MEDIUM,1.93,3.6,1,0
MIG-12168,order_items,390563.84,381.41,61298707,1958,WRITE_HEAVY,ADD_COLUMN_DEFAULT,HIGH,2.93,9.95,1,0
MIG-12169,order_items,125941.76,122.99,19766187,361,READ_HEAVY,ADD_INDEX_CONCURRENTLY,LOW,0.69,0.54,1,0
MIG-12170,order_items,374671.36,365.89,58803795,1686,READ_HEAVY,ADD_INDEX_LOCKING,HIGH,37.5,235.48,0,1
MIG-12171,orders,169768.96,165.79,20724084,2019,MIXED_OLTP,ALTER_COLUMN_TYPE,HIGH,56.33,414.45,0,1
MIG-12172,order_items,494243.84,482.66,77571072,1434,WRITE_HEAVY,DROP_COLUMN,MEDIUM,2.17,3.76,1,0
MIG-12173,orders,192808.96,188.29,23536089,1039,READ_HEAVY,TABLE_REWRITE,MEDIUM,86.08,136.18,0,1
MIG-12174,order_items,299653.12,292.63,47030135,1322,ANALYTICAL_BATCH,ADD_INDEX_CONCURRENTLY,MEDIUM,1.02,2.14,1,0
MIG-12175,order_items,117647.36,114.89,18464202,759,WRITE_HEAVY,ADD_INDEX_CONCURRENTLY,MEDIUM,0.59,0.88,1,0
MIG-12176,order_items,174284.8,170.2,27354355,2641,READ_HEAVY,ADD_INDEX_CONCURRENTLY,HIGH,0.76,2.98,1,0
MIG-12177,order_shipments,99143.68,96.82,25818110,2977,MIXED_OLTP,ADD_INDEX_LOCKING,HIGH,14.36,182.68,0,1
MIG-12178,orders,253153.28,247.22,30902995,5312,WRITE_HEAVY,ADD_INDEX_CONCURRENTLY,CRITICAL,1.01,10.91,1,0
MIG-12179,customer_sessions,35307.52,34.48,7881341,274,READ_HEAVY,TABLE_REWRITE,LOW,27.96,34.2,0,1
MIG-12180,order_payments,57640.96,56.29,13854964,2522,WRITE_HEAVY,DROP_COLUMN,HIGH,0.5,2.19,1,0
MIG-12181,customer_sessions,42485.76,41.49,9484394,1396,MIXED_OLTP,ADD_INDEX_LOCKING,MEDIUM,9.4,13.21,1,0
MIG-12182,order_shipments,75663.36,73.89,19702704,2720,ANALYTICAL_BATCH,ADD_COLUMN_DEFAULT,HIGH,0.9,3.85,1,0
MIG-12183,orders,128071.68,125.07,15634347,491,READ_HEAVY,ADD_INDEX_LOCKING,LOW,16.16,18.81,1,0
MIG-12184,order_items,149422.08,145.92,23450801,531,READ_HEAVY,ADD_COLUMN_DEFAULT,MEDIUM,1.74,1.7,1,0
MIG-12185,orders,138240.0,135.0,16875467,1035,READ_HEAVY,ADD_COLUMN_DEFAULT,MEDIUM,1.55,2.57,1,0
MIG-12186,order_shipments,40048.64,39.11,10428722,1291,WRITE_HEAVY,ADD_INDEX_LOCKING,MEDIUM,7.81,14.92,1,0
MIG-12187,order_items,282378.24,275.76,44319330,4824,WRITE_HEAVY,ADD_INDEX_CONCURRENTLY,CRITICAL,0.95,10.26,1,0
MIG-12188,orders,85196.8,83.2,10399845,161,WRITE_HEAVY,ALTER_COLUMN_TYPE,LOW,37.13,31.29,0,1
MIG-12189,customer_sessions,56842.24,55.51,12687297,328,WRITE_HEAVY,ADD_INDEX_LOCKING,LOW,10.87,11.79,1,0
MIG-12190,orders,165632.0,161.75,20219035,1748,MIXED_OLTP,ADD_INDEX_LOCKING,HIGH,21.34,169.34,0,1
MIG-12191,order_items,254484.48,248.52,39939912,591,WRITE_HEAVY,ADD_INDEX_CONCURRENTLY,MEDIUM,0.99,0.83,1,0
MIG-12192,order_payments,92979.2,90.8,22351239,611,WRITE_HEAVY,ADD_INDEX_CONCURRENTLY,MEDIUM,0.56,0.82,1,0
MIG-12193,orders,158126.08,154.42,19303111,1452,READ_HEAVY,ADD_INDEX_CONCURRENTLY,MEDIUM,0.61,1.23,1,0
MIG-12194,order_items,525486.08,513.17,82473963,208,WRITE_HEAVY,DROP_COLUMN,LOW,2.37,2.57,1,0
MIG-12195,order_shipments,97720.32,95.43,25449260,4141,WRITE_HEAVY,ADD_INDEX_CONCURRENTLY,CRITICAL,0.45,5.32,1,0
MIG-12196,orders,78049.28,76.22,9528103,756,WRITE_HEAVY,TABLE_REWRITE,MEDIUM,51.64,109.55,0,1
MIG-12197,order_items,570869.76,557.49,89596991,1394,WRITE_HEAVY,TABLE_REWRITE,MEDIUM,235.97,361.95,0,1
MIG-12198,orders,205045.76,200.24,25029517,1388,READ_HEAVY,ADD_INDEX_CONCURRENTLY,MEDIUM,0.72,1.16,1,0
MIG-12199,order_payments,109598.72,107.03,26345542,4639,MIXED_OLTP,ADD_INDEX_LOCKING,CRITICAL,15.13,326.23,0,1
MIG-12200,orders,131942.4,128.85,16106124,5071,MIXED_OLTP,ADD_INDEX_CONCURRENTLY,CRITICAL,0.67,6.95,1,0
MIG-12201,customer_sessions,36526.08,35.67,8152278,142,MIXED_OLTP,ADD_COLUMN_DEFAULT,LOW,0.69,0.66,1,0
MIG-12202,order_shipments,18903.04,18.46,4921812,2999,READ_HEAVY,ADD_INDEX_CONCURRENTLY,HIGH,0.15,0.41,1,0
MIG-12203,orders,266403.84,260.16,32519531,266,ANALYTICAL_BATCH,ALTER_COLUMN_TYPE,LOW,62.48,83.02,0,1
MIG-12204,order_items,427704.32,417.68,67126972,900,READ_HEAVY,ALTER_COLUMN_TYPE,MEDIUM,109.99,184.89,0,1
MIG-12205,order_items,322324.48,314.77,50588618,3489,READ_HEAVY,ADD_INDEX_CONCURRENTLY,CRITICAL,1.0,5.96,1,0
MIG-12206,order_payments,91770.88,89.62,22060542,5192,READ_HEAVY,ADD_INDEX_CONCURRENTLY,CRITICAL,0.42,3.49,1,0
MIG-12207,order_items,135608.32,132.43,21282689,167,WRITE_HEAVY,ADD_COLUMN_DEFAULT,LOW,1.51,1.45,1,0
MIG-12208,orders,87562.24,85.51,10688575,5144,WRITE_HEAVY,ADD_COLUMN_DEFAULT,CRITICAL,1.14,15.45,1,0
MIG-12209,orders,187033.6,182.65,22830717,2572,WRITE_HEAVY,ADD_INDEX_CONCURRENTLY,HIGH,0.87,3.66,1,0
MIG-12210,customer_sessions,47513.6,46.4,10605368,2658,MIXED_OLTP,ALTER_COLUMN_TYPE,HIGH,18.05,144.58,0,1
MIG-12211,order_items,520898.56,508.69,81753060,1545,WRITE_HEAVY,TABLE_REWRITE,HIGH,184.53,1056.76,0,1
MIG-12212,order_shipments,73072.64,71.36,19028842,1238,MIXED_OLTP,ADD_COLUMN_DEFAULT,MEDIUM,1.07,1.97,1,0
MIG-12213,order_items,425082.88,415.12,66716289,5415,MIXED_OLTP,ALTER_COLUMN_TYPE,CRITICAL,90.05,3257.38,0,1
MIG-12214,customer_sessions,66928.64,65.36,14939826,894,READ_HEAVY,DROP_COLUMN,MEDIUM,0.69,1.05,1,0
MIG-12215,orders,64245.76,62.74,7843103,949,WRITE_HEAVY,DROP_COLUMN,MEDIUM,0.63,0.86,1,0
MIG-12216,orders,201963.52,197.23,24653943,612,READ_HEAVY,ADD_INDEX_LOCKING,MEDIUM,24.85,21.33,1,0
MIG-12217,customer_sessions,60497.92,59.08,13504506,2234,WRITE_HEAVY,ADD_COLUMN_DEFAULT,HIGH,0.78,3.12,1,0
MIG-12218,customer_sessions,32092.16,31.34,7162355,369,ANALYTICAL_BATCH,ADD_COLUMN_DEFAULT,LOW,0.58,0.76,1,0
MIG-12219,order_items,215664.64,210.61,33847620,799,MIXED_OLTP,ADD_INDEX_CONCURRENTLY,MEDIUM,1.01,1.32,1,0
MIG-12220,order_items,225054.72,219.78,35322050,2612,MIXED_OLTP,ADD_INDEX_LOCKING,HIGH,28.42,352.38,0,1
MIG-12221,order_items,216944.64,211.86,34049409,585,READ_HEAVY,ADD_INDEX_CONCURRENTLY,MEDIUM,0.78,0.97,1,0
MIG-12222,order_items,385013.76,375.99,60426357,1174,MIXED_OLTP,ADD_INDEX_CONCURRENTLY,MEDIUM,1.36,2.21,1,0
MIG-12223,orders,79155.2,77.3,9661910,1088,MIXED_OLTP,ADD_COLUMN_DEFAULT,MEDIUM,0.87,1.91,1,0
MIG-12224,order_shipments,73113.6,71.4,19040574,1844,WRITE_HEAVY,ADD_COLUMN_DEFAULT,HIGH,1.07,3.49,1,0
MIG-12225,orders,72396.8,70.7,8837112,844,WRITE_HEAVY,ADD_INDEX_CONCURRENTLY,MEDIUM,0.48,0.57,1,0
MIG-12226,order_payments,29849.6,29.15,7174421,739,WRITE_HEAVY,ADD_INDEX_CONCURRENTLY,MEDIUM,0.22,0.26,1,0
MIG-12227,orders,119777.28,116.97,14620836,1124,READ_HEAVY,ALTER_COLUMN_TYPE,MEDIUM,44.86,83.8,0,1
MIG-12228,orders,91586.56,89.44,11180212,4591,MIXED_OLTP,DROP_COLUMN,CRITICAL,0.87,9.5,1,0
MIG-12229,order_payments,145070.08,141.67,34873467,2333,READ_HEAVY,ADD_COLUMN_DEFAULT,HIGH,1.78,5.29,1,0
MIG-12230,order_items,271063.04,264.71,42542700,177,READ_HEAVY,ALTER_COLUMN_TYPE,LOW,69.44,69.12,0,1
MIG-12231,order_payments,53227.52,51.98,12795445,3542,ANALYTICAL_BATCH,ALTER_COLUMN_TYPE,CRITICAL,19.3,799.62,0,1
MIG-12232,orders,92672.0,90.5,11312785,2716,WRITE_HEAVY,ADD_INDEX_CONCURRENTLY,HIGH,0.43,2.17,1,0
MIG-12233,customer_sessions,38451.2,37.55,8583481,2192,WRITE_HEAVY,DROP_COLUMN,HIGH,0.36,1.38,1,0
MIG-12234,order_payments,99205.12,96.88,23848448,935,ANALYTICAL_BATCH,ADD_COLUMN_DEFAULT,MEDIUM,1.22,1.61,1,0
MIG-12235,order_shipments,83292.16,81.34,21690017,223,ANALYTICAL_BATCH,ADD_COLUMN_DEFAULT,LOW,0.93,1.32,1,0
MIG-12236,orders,129792.0,126.75,15843558,2895,MIXED_OLTP,ADD_INDEX_LOCKING,HIGH,17.53,197.04,0,1
MIG-12237,order_items,437749.76,427.49,68703649,739,WRITE_HEAVY,ADD_INDEX_CONCURRENTLY,MEDIUM,1.26,2.21,1,0
MIG-12238,order_items,363479.04,354.96,57046851,1268,ANALYTICAL_BATCH,ADD_COLUMN_DEFAULT,MEDIUM,2.51,4.96,1,0
MIG-12239,order_items,551557.12,538.63,86566123,407,MIXED_OLTP,ADD_INDEX_CONCURRENTLY,LOW,1.9,1.44,1,0
MIG-12240,orders,175011.84,170.91,21364127,743,MIXED_OLTP,ADD_COLUMN_DEFAULT,MEDIUM,1.92,1.95,1,0
MIG-12241,orders,113274.88,110.62,13827075,1517,WRITE_HEAVY,ADD_INDEX_CONCURRENTLY,HIGH,0.62,1.65,1,0
MIG-12242,order_items,477808.64,466.61,74990567,199,READ_HEAVY,ADD_INDEX_LOCKING,LOW,49.31,44.69,0,1
MIG-12243,orders,230533.12,225.13,28141741,1903,MIXED_OLTP,ADD_COLUMN_DEFAULT,HIGH,2.26,7.84,1,0
MIG-12244,order_items,354897.92,346.58,55700693,2617,MIXED_OLTP,ADD_INDEX_CONCURRENTLY,HIGH,1.33,5.94,1,0
MIG-12245,orders,267499.52,261.23,32654325,1031,READ_HEAVY,ADD_INDEX_LOCKING,MEDIUM,24.7,48.65,0,1
MIG-12246,orders,243589.12,237.88,29735615,272,READ_HEAVY,ADD_INDEX_CONCURRENTLY,LOW,0.95,0.83,1,0
MIG-12247,order_items,216340.48,211.27,33953328,290,MIXED_OLTP,DROP_COLUMN,LOW,1.22,0.98,1,0
MIG-12248,order_items,520724.48,508.52,81727225,1452,READ_HEAVY,ADD_COLUMN_DEFAULT,MEDIUM,3.41,6.45,1,0
MIG-12249,order_items,424837.12,414.88,66677050,2910,READ_HEAVY,ADD_INDEX_CONCURRENTLY,HIGH,1.67,4.43,1,0
MIG-12250,order_items,390696.96,381.54,61319715,1538,WRITE_HEAVY,ADD_INDEX_CONCURRENTLY,HIGH,1.18,3.02,1,0
MIG-12251,order_payments,88197.12,86.13,21201431,5109,WRITE_HEAVY,ADD_INDEX_CONCURRENTLY,CRITICAL,0.42,5.55,1,0
MIG-12252,order_items,555130.88,542.12,87126302,3903,MIXED_OLTP,ADD_INDEX_LOCKING,CRITICAL,49.03,1048.97,0,1
MIG-12253,order_items,429957.12,419.88,67480695,1251,WRITE_HEAVY,ADD_INDEX_LOCKING,MEDIUM,44.43,60.44,0,1
MIG-12254,customer_sessions,49029.12,47.88,10942966,2977,WRITE_HEAVY,ADD_INDEX_CONCURRENTLY,HIGH,0.33,1.56,1,0
MIG-12255,order_items,139909.12,136.63,21957652,1014,ANALYTICAL_BATCH,ADD_INDEX_CONCURRENTLY,MEDIUM,0.73,1.22,1,0
MIG-12256,order_shipments,55613.44,54.31,14483341,1124,MIXED_OLTP,ALTER_COLUMN_TYPE,MEDIUM,24.07,40.2,0,1
MIG-12257,order_payments,135413.76,132.24,32551596,928,WRITE_HEAVY,ADD_INDEX_CONCURRENTLY,MEDIUM,0.75,1.06,1,0
MIG-12258,orders,206581.76,201.74,25216891,574,WRITE_HEAVY,ADD_COLUMN_DEFAULT,MEDIUM,1.91,2.64,1,0
MIG-12259,order_items,140984.32,137.68,22127272,1554,MIXED_OLTP,DROP_COLUMN,HIGH,1.08,2.38,1,0
MIG-12260,order_payments,132536.32,129.43,31858977,2040,READ_HEAVY,ADD_INDEX_CONCURRENTLY,HIGH,0.6,1.95,1,0
MIG-12261,customer_sessions,67665.92,66.08,15104007,1321,READ_HEAVY,TABLE_REWRITE,MEDIUM,46.07,68.34,0,1
MIG-12262,order_items,396830.72,387.53,62281421,236,READ_HEAVY,ADD_INDEX_CONCURRENTLY,LOW,1.53,1.19,1,0
MIG-12263,orders,54108.16,52.84,6604947,930,WRITE_HEAVY,ALTER_COLUMN_TYPE,MEDIUM,26.96,43.65,0,1
MIG-12264,order_items,404951.04,395.46,63556799,2296,MIXED_OLTP,ADD_COLUMN_DEFAULT,HIGH,3.29,12.02,1,0
MIG-12265,orders,61224.96,59.79,7473904,820,WRITE_HEAVY,ADD_INDEX_CONCURRENTLY,MEDIUM,0.35,0.41,1,0
MIG-12266,order_payments,65003.52,63.48,15626914,295,READ_HEAVY,ADD_COLUMN_DEFAULT,LOW,1.01,1.22,1,0
MIG-12267,order_items,439265.28,428.97,68941679,1106,WRITE_HEAVY,TABLE_REWRITE,MEDIUM,203.56,434.72,0,1
MIG-12268,order_payments,135997.44,132.81,32691896,2776,WRITE_HEAVY,ADD_COLUMN_DEFAULT,HIGH,1.35,4.3,1,0
MIG-12269,order_shipments,48107.52,46.98,12528385,2631,WRITE_HEAVY,ADD_INDEX_CONCURRENTLY,HIGH,0.25,1.44,1,0
MIG-12270,order_items,558540.8,545.45,87661926,427,MIXED_OLTP,TABLE_REWRITE,LOW,168.94,253.61,0,1
MIG-12271,order_items,588646.4,574.85,92387241,1023,WRITE_HEAVY,ADD_INDEX_CONCURRENTLY,MEDIUM,1.69,3.19,1,0
MIG-12272,order_payments,29143.04,28.46,7006063,1198,WRITE_HEAVY,ADD_INDEX_CONCURRENTLY,MEDIUM,0.2,0.5,1,0
MIG-12273,order_shipments,38287.36,37.39,9971641,1724,WRITE_HEAVY,ADD_INDEX_CONCURRENTLY,HIGH,0.21,0.82,1,0
MIG-12274,order_shipments,77312.0,75.5,20133025,159,MIXED_OLTP,ALTER_COLUMN_TYPE,LOW,29.69,32.58,0,1
MIG-12275,orders,216555.52,211.48,26434762,2882,READ_HEAVY,ADD_INDEX_CONCURRENTLY,HIGH,0.75,2.75,1,0
MIG-12276,order_items,317214.72,309.78,49785764,4510,ANALYTICAL_BATCH,ADD_INDEX_CONCURRENTLY,CRITICAL,1.09,15.08,1,0
MIG-12277,orders,194416.64,189.86,23732374,612,MIXED_OLTP,TABLE_REWRITE,MEDIUM,83.69,95.17,0,1
MIG-12278,order_shipments,69201.92,67.58,18022626,907,READ_HEAVY,DROP_COLUMN,MEDIUM,0.58,1.11,1,0
MIG-12279,order_items,496486.4,484.85,77921771,487,MIXED_OLTP,ADD_INDEX_CONCURRENTLY,LOW,1.71,1.62,1,0
MIG-12280,order_items,485580.8,474.2,76211332,108,WRITE_HEAVY,DROP_COLUMN,LOW,2.1,2.53,1,0
MIG-12281,orders,68147.2,66.55,8318511,4106,ANALYTICAL_BATCH,ADD_INDEX_CONCURRENTLY,CRITICAL,0.4,3.05,1,0
MIG-12282,order_items,196362.24,191.76,30818264,5092,ANALYTICAL_BATCH,ADD_COLUMN_DEFAULT,CRITICAL,1.89,21.5,1,0
MIG-12283,order_payments,42526.72,41.53,10222541,478,WRITE_HEAVY,ADD_COLUMN_DEFAULT,LOW,0.69,0.7,1,0
MIG-12284,orders,255406.08,249.42,31176961,3921,READ_HEAVY,DROP_COLUMN,CRITICAL,1.31,9.6,1,0
MIG-12285,orders,251217.92,245.33,30665651,465,WRITE_HEAVY,ADD_INDEX_LOCKING,LOW,24.54,40.69,0,1
MIG-12286,order_shipments,84572.16,82.59,22024105,1216,READ_HEAVY,ADD_COLUMN_DEFAULT,MEDIUM,1.11,1.62,1,0
MIG-12287,order_payments,40611.84,39.66,9761494,2109,MIXED_OLTP,ADD_INDEX_CONCURRENTLY,HIGH,0.26,0.58,1,0
MIG-12288,orders,176168.96,172.04,21505329,1279,ANALYTICAL_BATCH,ADD_COLUMN_DEFAULT,MEDIUM,2.17,4.1,1,0
MIG-12289,orders,90562.56,88.44,11055226,1300,WRITE_HEAVY,ADD_INDEX_LOCKING,MEDIUM,14.33,23.15,1,0
MIG-12290,customer_sessions,38103.04,37.21,8504728,1912,MIXED_OLTP,ADD_INDEX_LOCKING,HIGH,7.14,34.48,0,1
MIG-12291,order_payments,58624.0,57.25,14092228,135,MIXED_OLTP,ADD_INDEX_LOCKING,LOW,10.92,12.12,1,0
MIG-12292,order_items,542494.72,529.78,85143409,4952,WRITE_HEAVY,TABLE_REWRITE,CRITICAL,238.52,5421.59,0,1
MIG-12293,order_items,189235.2,184.8,29700563,582,READ_HEAVY,ALTER_COLUMN_TYPE,MEDIUM,62.51,90.91,0,1
MIG-12294,orders,192071.68,187.57,23446837,411,MIXED_OLTP,TABLE_REWRITE,LOW,113.04,123.39,0,1
MIG-12295,orders,266772.48,260.52,32565155,3889,MIXED_OLTP,DROP_COLUMN,CRITICAL,1.55,11.99,1,0
MIG-12296,order_payments,108943.36,106.39,26187171,1202,ANALYTICAL_BATCH,ADD_INDEX_CONCURRENTLY,MEDIUM,0.57,1.05,1,0
MIG-12297,orders,66672.64,65.11,8139304,1109,WRITE_HEAVY,DROP_COLUMN,MEDIUM,0.54,1.35,1,0
MIG-12298,orders,249958.4,244.1,30511936,538,WRITE_HEAVY,ADD_INDEX_CONCURRENTLY,MEDIUM,0.86,1.19,1,0
MIG-12299,order_payments,103669.76,101.24,24920694,103,WRITE_HEAVY,ADD_INDEX_CONCURRENTLY,LOW,0.62,0.51,1,0
MIG-12300,customer_sessions,43776.0,42.75,9770878,1129,WRITE_HEAVY,ADD_COLUMN_DEFAULT,MEDIUM,0.58,0.75,1,0
MIG-12301,order_payments,105656.32,103.18,25399143,1015,READ_HEAVY,ADD_COLUMN_DEFAULT,MEDIUM,1.26,1.91,1,0
MIG-12302,order_items,568360.96,555.04,89202590,543,MIXED_OLTP,ADD_INDEX_LOCKING,MEDIUM,55.93,70.51,0,1
MIG-12303,order_items,360929.28,352.47,56647305,1475,READ_HEAVY,ADD_COLUMN_DEFAULT,MEDIUM,3.6,4.84,1,0
MIG-12304,order_items,388904.96,379.79,61037040,3596,MIXED_OLTP,ADD_INDEX_CONCURRENTLY,CRITICAL,1.45,9.78,1,0
MIG-12305,order_items,348190.72,340.03,54648239,5146,READ_HEAVY,ALTER_COLUMN_TYPE,CRITICAL,94.86,1446.29,0,1
MIG-12306,order_items,152156.16,148.59,23879905,616,WRITE_HEAVY,DROP_COLUMN,MEDIUM,0.91,1.6,1,0
MIG-12307,order_items,520888.32,508.68,81752680,3581,MIXED_OLTP,ADD_INDEX_CONCURRENTLY,CRITICAL,1.37,12.95,1,0
MIG-12308,order_items,179927.04,175.71,28239351,4322,MIXED_OLTP,ADD_INDEX_CONCURRENTLY,CRITICAL,0.8,5.1,1,0
MIG-12309,order_shipments,51159.04,49.96,13322712,4320,READ_HEAVY,ADD_INDEX_CONCURRENTLY,CRITICAL,0.31,1.69,1,0
MIG-12310,customer_sessions,39290.88,38.37,8770248,2405,ANALYTICAL_BATCH,ALTER_COLUMN_TYPE,HIGH,15.32,255.97,0,1
MIG-12311,orders,111093.76,108.49,13561101,168,READ_HEAVY,ADD_INDEX_CONCURRENTLY,LOW,0.56,0.75,1,0
MIG-12312,order_items,322416.64,314.86,50603077,205,WRITE_HEAVY,TABLE_REWRITE,LOW,152.98,146.93,0,1
MIG-12313,orders,185845.76,181.49,22686245,3658,READ_HEAVY,ADD_INDEX_CONCURRENTLY,CRITICAL,0.8,6.02,1,0
MIG-12314,order_items,275394.56,268.94,43222372,940,MIXED_OLTP,ADD_INDEX_LOCKING,MEDIUM,33.16,36.9,0,1
MIG-12315,orders,87306.24,85.26,10657822,5307,READ_HEAVY,ADD_INDEX_CONCURRENTLY,CRITICAL,0.45,4.15,1,0
MIG-12316,orders,241438.72,235.78,29472922,2193,MIXED_OLTP,ADD_COLUMN_DEFAULT,HIGH,2.34,8.42,1,0
MIG-12317,order_payments,142940.16,139.59,34359980,1497,READ_HEAVY,ADD_COLUMN_DEFAULT,MEDIUM,1.33,2.01,1,0
MIG-12318,order_items,351365.12,343.13,55145289,751,READ_HEAVY,ADD_COLUMN_DEFAULT,MEDIUM,3.02,4.53,1,0
MIG-12319,order_shipments,45557.76,44.49,11863625,3606,MIXED_OLTP,TABLE_REWRITE,CRITICAL,33.24,494.18,0,1
MIG-12320,orders,59658.24,58.26,7282016,140,READ_HEAVY,ADD_INDEX_LOCKING,LOW,11.15,6.65,1,0
MIG-12321,orders,57303.04,55.96,6994991,1818,READ_HEAVY,ADD_INDEX_CONCURRENTLY,HIGH,0.32,0.8,1,0
MIG-12322,order_items,317450.24,310.01,49823441,3779,WRITE_HEAVY,ADD_INDEX_LOCKING,CRITICAL,27.74,497.67,0,1
MIG-12323,orders,254904.32,248.93,31116534,253,READ_HEAVY,ADD_INDEX_CONCURRENTLY,LOW,1.09,0.92,1,0
MIG-12324,orders,210769.92,205.83,25729130,1213,READ_HEAVY,TABLE_REWRITE,MEDIUM,93.03,204.14,0,1
MIG-12325,customer_sessions,36864.0,36.0,8229479,945,WRITE_HEAVY,ADD_COLUMN_DEFAULT,MEDIUM,0.66,0.72,1,0
MIG-12326,orders,263270.4,257.1,32137253,2529,READ_HEAVY,ADD_INDEX_CONCURRENTLY,HIGH,1.2,2.38,1,0
MIG-12327,orders,143984.64,140.61,17576463,589,WRITE_HEAVY,ADD_INDEX_CONCURRENTLY,MEDIUM,0.6,0.61,1,0
MIG-12328,order_items,257536.0,251.5,40420212,478,WRITE_HEAVY,ADD_INDEX_CONCURRENTLY,LOW,0.85,1.31,1,0
MIG-12329,order_items,334725.12,326.88,52534612,159,READ_HEAVY,TABLE_REWRITE,LOW,124.19,132.78,0,1
MIG-12330,order_items,223866.88,218.62,35135001,533,WRITE_HEAVY,ADD_COLUMN_DEFAULT,MEDIUM,2.26,3.01,1,0
MIG-12331,order_items,571760.64,558.36,89736740,924,READ_HEAVY,ADD_INDEX_CONCURRENTLY,MEDIUM,1.49,1.92,1,0
MIG-12332,order_shipments,48394.24,47.26,12601343,1151,MIXED_OLTP,ADD_INDEX_LOCKING,MEDIUM,9.86,18.26,1,0
MIG-12333,orders,194682.88,190.12,23765162,1853,WRITE_HEAVY,ADD_INDEX_CONCURRENTLY,HIGH,0.96,3.11,1,0
MIG-12334,order_items,315473.92,308.08,49512823,165,WRITE_HEAVY,ADD_INDEX_CONCURRENTLY,LOW,1.27,0.86,1,0
MIG-12335,order_payments,134656.0,131.5,32369864,2767,READ_HEAVY,DROP_COLUMN,HIGH,1.14,2.67,1,0
MIG-12336,order_shipments,71710.72,70.03,18675424,5061,WRITE_HEAVY,ADD_INDEX_CONCURRENTLY,CRITICAL,0.43,5.47,1,0
MIG-12337,order_items,366673.92,358.08,57548403,2627,READ_HEAVY,ALTER_COLUMN_TYPE,HIGH,81.13,966.79,0,1
MIG-12338,order_items,182886.4,178.6,28703580,1831,MIXED_OLTP,DROP_COLUMN,HIGH,1.12,4.34,1,0
MIG-12339,orders,248637.44,242.81,30351749,314,READ_HEAVY,ADD_INDEX_CONCURRENTLY,LOW,0.89,0.98,1,0
MIG-12340,orders,170096.64,166.11,20764055,1189,READ_HEAVY,ADD_COLUMN_DEFAULT,MEDIUM,2.08,2.44,1,0
MIG-12341,orders,112199.68,109.57,13696430,932,ANALYTICAL_BATCH,ADD_INDEX_CONCURRENTLY,MEDIUM,0.57,1.36,1,0
MIG-12342,order_payments,131809.28,128.72,31684294,678,WRITE_HEAVY,ADD_COLUMN_DEFAULT,MEDIUM,1.7,1.83,1,0
MIG-12343,orders,61194.24,59.76,7469891,1330,MIXED_OLTP,DROP_COLUMN,MEDIUM,0.67,1.09,1,0
MIG-12344,order_payments,64256.0,62.75,15445415,475,MIXED_OLTP,ADD_INDEX_LOCKING,LOW,8.71,14.07,1,0
MIG-12345,orders,167884.8,163.95,20494366,665,READ_HEAVY,ADD_COLUMN_DEFAULT,MEDIUM,1.49,1.79,1,0
MIG-12346,order_shipments,46612.48,45.52,12139989,2554,WRITE_HEAVY,ADD_INDEX_LOCKING,HIGH,7.04,91.81,0,1
MIG-12347,order_shipments,57978.88,56.62,15097459,1387,WRITE_HEAVY,ADD_INDEX_CONCURRENTLY,MEDIUM,0.3,0.83,1,0
MIG-12348,orders,107612.16,105.09,13136538,316,ANALYTICAL_BATCH,TABLE_REWRITE,LOW,58.37,85.71,0,1
MIG-12349,orders,77926.4,76.1,9512243,119,WRITE_HEAVY,ADD_INDEX_CONCURRENTLY,LOW,0.46,0.45,1,0
MIG-12350,orders,57303.04,55.96,6995061,1190,MIXED_OLTP,ALTER_COLUMN_TYPE,MEDIUM,26.49,35.29,0,1
MIG-12351,order_shipments,31508.48,30.77,8205165,1423,READ_HEAVY,ADD_COLUMN_DEFAULT,MEDIUM,0.65,0.88,1,0
MIG-12352,orders,259932.16,253.84,31729555,761,READ_HEAVY,ADD_INDEX_CONCURRENTLY,MEDIUM,0.83,1.09,1,0
MIG-12353,order_items,411648.0,402.0,64607653,155,READ_HEAVY,ADD_COLUMN_DEFAULT,LOW,3.51,3.49,1,0
MIG-12354,order_items,367042.56,358.44,57605770,1878,WRITE_HEAVY,ALTER_COLUMN_TYPE,HIGH,101.19,884.57,0,1
MIG-12355,order_payments,72673.28,70.97,17468526,5030,READ_HEAVY,ALTER_COLUMN_TYPE,CRITICAL,29.09,612.45,0,1
MIG-12356,order_items,480296.96,469.04,75382031,1057,ANALYTICAL_BATCH,ADD_INDEX_LOCKING,MEDIUM,38.2,84.24,0,1
MIG-12357,order_items,187586.56,183.19,29442017,518,WRITE_HEAVY,ADD_COLUMN_DEFAULT,MEDIUM,1.72,2.51,1,0
MIG-12358,customer_sessions,32153.6,31.4,7176270,2381,ANALYTICAL_BATCH,DROP_COLUMN,HIGH,0.43,1.48,1,0
MIG-12359,orders,194222.08,189.67,23709357,5037,ANALYTICAL_BATCH,ADD_INDEX_CONCURRENTLY,CRITICAL,0.72,6.9,1,0
MIG-12360,order_shipments,58163.2,56.8,15147790,3463,WRITE_HEAVY,DROP_COLUMN,CRITICAL,0.59,3.71,1,0
MIG-12361,orders,219484.16,214.34,26792498,333,READ_HEAVY,ADD_INDEX_CONCURRENTLY,LOW,0.74,0.58,1,0
MIG-12362,order_items,577679.36,564.14,90665897,728,WRITE_HEAVY,ALTER_COLUMN_TYPE,MEDIUM,111.12,205.13,0,1
MIG-12363,order_shipments,86722.56,84.69,22584847,107,READ_HEAVY,ADD_INDEX_LOCKING,LOW,10.83,12.28,1,0
MIG-12364,order_payments,48691.2,47.55,11705182,2100,ANALYTICAL_BATCH,ADD_COLUMN_DEFAULT,HIGH,0.8,2.5,1,0
MIG-12365,order_payments,37580.8,36.7,9034342,409,MIXED_OLTP,DROP_COLUMN,LOW,0.44,0.5,1,0
MIG-12366,orders,86630.4,84.6,10574896,4672,ANALYTICAL_BATCH,ADD_COLUMN_DEFAULT,CRITICAL,1.07,12.01,1,0
MIG-12367,order_items,519065.6,506.9,81465986,140,WRITE_HEAVY,ADD_INDEX_CONCURRENTLY,LOW,1.92,1.74,1,0
MIG-12368,order_items,586311.68,572.57,92020318,1778,READ_HEAVY,ADD_INDEX_CONCURRENTLY,HIGH,1.91,4.65,1,0
MIG-12369,order_items,592312.32,578.43,92961358,1039,WRITE_HEAVY,ADD_INDEX_CONCURRENTLY,MEDIUM,1.48,3.01,1,0
MIG-12370,order_items,268595.2,262.3,42155478,820,MIXED_OLTP,ADD_INDEX_CONCURRENTLY,MEDIUM,1.08,1.2,1,0
MIG-12371,order_items,548382.72,535.53,86067651,832,WRITE_HEAVY,DROP_COLUMN,MEDIUM,2.73,3.24,1,0
MIG-12372,order_items,391434.24,382.26,61435078,2154,WRITE_HEAVY,ADD_INDEX_LOCKING,HIGH,41.36,248.91,0,1
MIG-12373,orders,231137.28,225.72,28215379,1259,WRITE_HEAVY,ADD_COLUMN_DEFAULT,MEDIUM,2.31,3.25,1,0
MIG-12374,order_items,397701.12,388.38,62417552,1075,WRITE_HEAVY,TABLE_REWRITE,MEDIUM,131.9,267.93,0,1
MIG-12375,orders,81418.24,79.51,9939116,2779,WRITE_HEAVY,ALTER_COLUMN_TYPE,HIGH,30.2,413.89,0,1
MIG-12376,order_shipments,25006.08,24.42,6511142,3255,WRITE_HEAVY,ADD_INDEX_CONCURRENTLY,CRITICAL,0.22,1.32,1,0
MIG-12377,order_items,608706.56,594.44,95534751,2196,MIXED_OLTP,ADD_COLUMN_DEFAULT,HIGH,4.95,11.62,1,0
MIG-12378,orders,143329.28,139.97,17496669,2325,MIXED_OLTP,ALTER_COLUMN_TYPE,HIGH,47.12,627.69,0,1
MIG-12379,order_payments,68618.24,67.01,16494994,1257,WRITE_HEAVY,ADD_INDEX_CONCURRENTLY,MEDIUM,0.4,0.95,1,0
MIG-12380,order_shipments,47984.64,46.86,12496146,4288,MIXED_OLTP,ADD_COLUMN_DEFAULT,CRITICAL,0.88,4.57,1,0
MIG-12381,orders,132966.4,129.85,16231229,1416,READ_HEAVY,TABLE_REWRITE,MEDIUM,70.9,107.01,0,1
MIG-12382,orders,258170.88,252.12,31514914,5094,MIXED_OLTP,ADD_INDEX_LOCKING,CRITICAL,27.67,704.93,0,1
MIG-12383,orders,63016.96,61.54,7693023,2533,WRITE_HEAVY,ALTER_COLUMN_TYPE,HIGH,27.8,278.71,0,1
MIG-12384,orders,75489.28,73.72,9214654,259,READ_HEAVY,ALTER_COLUMN_TYPE,LOW,27.53,22.66,1,0
MIG-12385,order_payments,121231.36,118.39,29141963,228,READ_HEAVY,ADD_INDEX_CONCURRENTLY,LOW,0.56,0.78,1,0
MIG-12386,customer_sessions,49776.64,48.61,11111496,2300,WRITE_HEAVY,DROP_COLUMN,HIGH,0.55,2.36,1,0
MIG-12387,orders,77578.24,75.76,9470492,2194,READ_HEAVY,ADD_INDEX_LOCKING,HIGH,11.78,105.76,0,1
MIG-12388,order_payments,30750.72,30.03,7392451,1543,MIXED_OLTP,ADD_INDEX_CONCURRENTLY,HIGH,0.2,0.71,1,0
MIG-12389,orders,98744.32,96.43,12054327,3574,MIXED_OLTP,ADD_INDEX_CONCURRENTLY,CRITICAL,0.45,2.17,1,0
MIG-12390,order_items,249292.8,243.45,39125669,1335,READ_HEAVY,ADD_INDEX_CONCURRENTLY,MEDIUM,1.02,1.8,1,0
MIG-12391,order_payments,28323.84,27.66,6809335,958,READ_HEAVY,ADD_INDEX_LOCKING,MEDIUM,6.86,8.5,1,0
MIG-12392,order_items,226211.84,220.91,35503333,1449,MIXED_OLTP,DROP_COLUMN,MEDIUM,1.51,2.87,1,0
MIG-12393,orders,212459.52,207.48,25934611,198,WRITE_HEAVY,ALTER_COLUMN_TYPE,LOW,64.99,65.72,0,1
MIG-12394,order_items,556175.36,543.14,87290128,1467,WRITE_HEAVY,ADD_COLUMN_DEFAULT,MEDIUM,3.93,5.06,1,0
MIG-12395,customer_sessions,72284.16,70.59,16134595,5018,READ_HEAVY,DROP_COLUMN,CRITICAL,0.68,5.31,1,0
MIG-12396,orders,135393.28,132.22,16527678,243,WRITE_HEAVY,ADD_INDEX_CONCURRENTLY,LOW,0.73,0.67,1,0
MIG-12397,orders,119797.76,116.99,14624170,2414,READ_HEAVY,TABLE_REWRITE,HIGH,80.57,453.69,0,1
MIG-12398,orders,270305.28,263.97,32996242,2982,WRITE_HEAVY,DROP_COLUMN,HIGH,1.38,7.72,1,0
MIG-12399,order_items,511744.0,499.75,80316576,353,READ_HEAVY,ADD_INDEX_LOCKING,LOW,37.86,42.38,0,1
MIG-12400,order_items,392017.92,382.83,61525518,2897,MIXED_OLTP,ADD_INDEX_CONCURRENTLY,HIGH,1.3,6.92,1,0
MIG-12401,order_payments,57149.44,55.81,13737417,1665,MIXED_OLTP,ADD_INDEX_CONCURRENTLY,HIGH,0.37,1.08,1,0
MIG-12402,order_payments,65116.16,63.59,15653597,663,MIXED_OLTP,ADD_INDEX_CONCURRENTLY,MEDIUM,0.37,0.5,1,0
MIG-12403,order_shipments,61173.76,59.74,15931869,501,READ_HEAVY,ADD_INDEX_LOCKING,MEDIUM,9.66,13.83,1,0
MIG-12404,order_shipments,63395.84,61.91,16508991,825,ANALYTICAL_BATCH,ADD_INDEX_CONCURRENTLY,MEDIUM,0.42,0.63,1,0
MIG-12405,orders,52172.8,50.95,6369323,2683,MIXED_OLTP,ALTER_COLUMN_TYPE,HIGH,24.55,316.52,0,1
MIG-12406,order_items,609832.96,595.54,95711406,1463,READ_HEAVY,ADD_INDEX_CONCURRENTLY,MEDIUM,1.63,3.42,1,0
MIG-12407,orders,176465.92,172.33,21541368,1042,WRITE_HEAVY,ADD_COLUMN_DEFAULT,MEDIUM,1.81,3.39,1,0
MIG-12408,order_items,418754.56,408.94,65721817,4056,READ_HEAVY,ADD_INDEX_CONCURRENTLY,CRITICAL,1.57,13.37,1,0
MIG-12409,customer_sessions,27975.68,27.32,6245184,2897,READ_HEAVY,ADD_INDEX_CONCURRENTLY,HIGH,0.21,0.76,1,0
MIG-12410,order_payments,118272.0,115.5,28431630,2382,MIXED_OLTP,ADD_COLUMN_DEFAULT,HIGH,1.3,4.19,1,0
MIG-12411,customer_sessions,61900.8,60.45,13816609,4343,MIXED_OLTP,ADD_COLUMN_DEFAULT,CRITICAL,0.83,4.24,1,0
MIG-12412,order_items,163799.04,159.96,25707795,133,ANALYTICAL_BATCH,ADD_COLUMN_DEFAULT,LOW,1.76,1.73,1,0
MIG-12413,order_items,421765.12,411.88,66194544,714,ANALYTICAL_BATCH,DROP_COLUMN,MEDIUM,2.1,3.49,1,0
MIG-12414,order_items,454379.52,443.73,71313693,2546,READ_HEAVY,ADD_COLUMN_DEFAULT,HIGH,3.05,12.85,1,0
MIG-12415,orders,233963.52,228.48,28560340,1198,ANALYTICAL_BATCH,DROP_COLUMN,MEDIUM,1.33,3.41,1,0
MIG-12416,orders,94740.48,92.52,11564461,298,ANALYTICAL_BATCH,DROP_COLUMN,LOW,0.93,1.0,1,0
MIG-12417,order_items,567633.92,554.33,89088418,2551,WRITE_HEAVY,ADD_INDEX_CONCURRENTLY,HIGH,1.89,8.21,1,0
MIG-12418,orders,151224.32,147.68,18459988,376,READ_HEAVY,ADD_COLUMN_DEFAULT,LOW,1.74,1.89,1,0
MIG-12419,customer_sessions,20561.92,20.08,4589940,565,WRITE_HEAVY,ADD_INDEX_CONCURRENTLY,MEDIUM,0.19,0.16,1,0
MIG-12420,orders,72509.44,70.81,8851772,1334,WRITE_HEAVY,ADD_INDEX_CONCURRENTLY,MEDIUM,0.44,0.76,1,0
MIG-12421,orders,92907.52,90.73,11340720,2540,WRITE_HEAVY,ADD_INDEX_CONCURRENTLY,HIGH,0.55,1.81,1,0
MIG-12422,order_payments,60497.92,59.08,14543220,719,READ_HEAVY,DROP_COLUMN,MEDIUM,0.59,0.79,1,0
MIG-12423,orders,158945.28,155.22,19402956,185,WRITE_HEAVY,ADD_INDEX_CONCURRENTLY,LOW,0.75,0.91,1,0
MIG-12424,order_shipments,80537.6,78.65,20973025,5395,WRITE_HEAVY,ALTER_COLUMN_TYPE,CRITICAL,33.53,813.81,0,1
MIG-12425,order_payments,48998.4,47.85,11777705,3636,WRITE_HEAVY,ADD_INDEX_LOCKING,CRITICAL,8.37,201.73,0,1
MIG-12426,orders,268707.84,262.41,32801598,532,MIXED_OLTP,ADD_INDEX_CONCURRENTLY,MEDIUM,1.11,1.09,1,0
MIG-12427,order_payments,45977.6,44.9,11051831,112,MIXED_OLTP,DROP_COLUMN,LOW,0.52,0.51,1,0
MIG-12428,order_items,424028.16,414.09,66549615,728,ANALYTICAL_BATCH,ADD_INDEX_CONCURRENTLY,MEDIUM,1.36,1.95,1,0
MIG-12429,order_payments,137922.56,134.69,33153484,1127,READ_HEAVY,ADD_INDEX_CONCURRENTLY,MEDIUM,0.58,1.08,1,0
MIG-12430,order_shipments,87480.32,85.43,22782160,282,WRITE_HEAVY,TABLE_REWRITE,LOW,61.69,77.58,0,1
MIG-12431,order_payments,104243.2,101.8,25059209,392,MIXED_OLTP,ADD_COLUMN_DEFAULT,LOW,1.26,1.65,1,0
MIG-12432,order_items,483952.64,472.61,75954932,192,WRITE_HEAVY,ADD_INDEX_CONCURRENTLY,LOW,1.55,1.73,1,0
MIG-12433,order_items,183951.36,179.64,28870655,730,ANALYTICAL_BATCH,ALTER_COLUMN_TYPE,MEDIUM,63.36,85.49,0,1
MIG-12434,order_payments,27781.12,27.13,6678295,904,MIXED_OLTP,ALTER_COLUMN_TYPE,MEDIUM,17.33,27.27,0,1
MIG-12435,customer_sessions,42342.4,41.35,9451742,2688,READ_HEAVY,ADD_COLUMN_DEFAULT,HIGH,0.61,2.51,1,0
MIG-12436,order_items,160890.88,157.12,25251033,1002,WRITE_HEAVY,ADD_INDEX_LOCKING,MEDIUM,20.73,34.16,0,1
MIG-12437,order_payments,69488.64,67.86,16703273,1262,WRITE_HEAVY,ADD_INDEX_LOCKING,MEDIUM,10.66,31.24,0,1
MIG-12438,order_items,230164.48,224.77,36123166,137,READ_HEAVY,ADD_INDEX_LOCKING,LOW,23.32,22.42,1,0
MIG-12439,order_payments,136407.04,133.21,32790785,4024,READ_HEAVY,ADD_COLUMN_DEFAULT,CRITICAL,1.79,14.36,1,0
MIG-12440,customer_sessions,71106.56,69.44,15872806,274,MIXED_OLTP,ALTER_COLUMN_TYPE,LOW,28.6,37.45,0,1
MIG-12441,orders,230287.36,224.89,28111456,568,READ_HEAVY,ADD_COLUMN_DEFAULT,MEDIUM,1.83,2.13,1,0
MIG-12442,orders,207063.04,202.21,25276496,1971,READ_HEAVY,ADD_INDEX_CONCURRENTLY,HIGH,0.9,1.97,1,0
MIG-12443,order_items,194201.6,189.65,30479826,1920,WRITE_HEAVY,ADD_INDEX_CONCURRENTLY,HIGH,0.78,2.75,1,0
MIG-12444,order_items,139653.12,136.38,21917761,2183,READ_HEAVY,ADD_COLUMN_DEFAULT,HIGH,1.77,3.12,1,0
MIG-12445,order_items,452157.44,441.56,70964916,665,WRITE_HEAVY,ADD_INDEX_CONCURRENTLY,MEDIUM,1.71,2.49,1,0
MIG-12446,orders,191211.52,186.73,23340969,769,MIXED_OLTP,ADD_INDEX_CONCURRENTLY,MEDIUM,0.94,1.16,1,0
MIG-12447,order_items,305346.56,298.19,47923367,1458,READ_HEAVY,ADD_COLUMN_DEFAULT,MEDIUM,2.62,5.49,1,0
MIG-12448,order_items,358635.52,350.23,56287619,643,MIXED_OLTP,TABLE_REWRITE,MEDIUM,155.11,235.18,0,1
MIG-12449,order_items,367134.72,358.53,57621100,1317,READ_HEAVY,ADD_INDEX_CONCURRENTLY,MEDIUM,1.45,2.04,1,0
MIG-12450,order_payments,55367.68,54.07,13309930,1042,WRITE_HEAVY,ADD_INDEX_CONCURRENTLY,MEDIUM,0.39,0.52,1,0
MIG-12451,order_payments,64266.24,62.76,15447998,131,MIXED_OLTP,ALTER_COLUMN_TYPE,LOW,25.69,16.31,1,0
MIG-12452,order_items,330618.88,322.87,51889553,4002,MIXED_OLTP,ADD_COLUMN_DEFAULT,CRITICAL,3.22,31.12,0,1
MIG-12453,order_payments,98887.68,96.57,23771556,305,MIXED_OLTP,ADD_INDEX_LOCKING,LOW,13.97,17.67,1,0
MIG-12454,order_items,607979.52,593.73,95421355,777,READ_HEAVY,ADD_COLUMN_DEFAULT,MEDIUM,4.99,4.7,1,0
MIG-12455,order_items,392601.6,383.4,61617253,3667,MIXED_OLTP,DROP_COLUMN,CRITICAL,2.06,14.63,1,0
MIG-12456,order_items,492042.24,480.51,77224276,2568,WRITE_HEAVY,ADD_INDEX_CONCURRENTLY,HIGH,1.32,7.45,1,0
MIG-12457,orders,227645.44,222.31,27789029,532,READ_HEAVY,ADD_COLUMN_DEFAULT,MEDIUM,2.42,2.77,1,0
MIG-12458,orders,74260.48,72.52,9064719,2892,MIXED_OLTP,DROP_COLUMN,HIGH,0.75,1.9,1,0
MIG-12459,order_items,451758.08,441.17,70903098,228,WRITE_HEAVY,ADD_INDEX_CONCURRENTLY,LOW,1.33,1.84,1,0
MIG-12460,order_shipments,58419.2,57.05,15213591,2072,MIXED_OLTP,ADD_INDEX_CONCURRENTLY,HIGH,0.3,0.79,1,0
MIG-12461,order_payments,95201.28,92.97,22886011,627,READ_HEAVY,ADD_COLUMN_DEFAULT,MEDIUM,1.19,1.82,1,0
MIG-12462,orders,57651.2,56.3,7037257,5202,WRITE_HEAVY,DROP_COLUMN,CRITICAL,0.62,6.51,1,0
MIG-12463,order_items,582379.52,568.73,91403474,722,WRITE_HEAVY,ADD_COLUMN_DEFAULT,MEDIUM,4.28,6.3,1,0
MIG-12464,orders,259891.2,253.8,31725172,2705,MIXED_OLTP,ADD_INDEX_LOCKING,HIGH,32.86,190.7,0,1
MIG-12465,order_payments,27043.84,26.41,6500279,826,MIXED_OLTP,ADD_INDEX_LOCKING,MEDIUM,6.4,8.01,1,0
MIG-12466,order_shipments,36085.76,35.24,9396298,112,WRITE_HEAVY,ADD_INDEX_CONCURRENTLY,LOW,0.26,0.29,1,0
MIG-12467,order_items,207687.68,202.82,32595728,908,WRITE_HEAVY,ALTER_COLUMN_TYPE,MEDIUM,56.98,97.67,0,1
MIG-12468,order_items,517918.72,505.78,81285665,2284,WRITE_HEAVY,ALTER_COLUMN_TYPE,HIGH,127.28,838.17,0,1
MIG-12469,order_items,423352.32,413.43,66444484,968,WRITE_HEAVY,ADD_INDEX_CONCURRENTLY,MEDIUM,1.16,3.4,1,0
MIG-12470,order_items,206213.12,201.38,32364026,5467,MIXED_OLTP,ADD_COLUMN_DEFAULT,CRITICAL,1.97,19.49,1,0
MIG-12471,order_shipments,85944.32,83.93,22381772,1020,WRITE_HEAVY,ADD_COLUMN_DEFAULT,MEDIUM,0.91,1.96,1,0
MIG-12472,order_payments,68976.64,67.36,16580076,2668,WRITE_HEAVY,ALTER_COLUMN_TYPE,HIGH,28.26,254.85,0,1
MIG-12473,order_items,352532.48,344.27,55329406,2055,WRITE_HEAVY,ADD_COLUMN_DEFAULT,HIGH,3.33,12.04,1,0
MIG-12474,order_items,314572.8,307.2,49371835,644,READ_HEAVY,ADD_COLUMN_DEFAULT,MEDIUM,2.6,3.71,1,0
MIG-12475,orders,164474.88,160.62,20077265,2247,MIXED_OLTP,ALTER_COLUMN_TYPE,HIGH,50.12,645.58,0,1
MIG-12476,orders,155351.04,151.71,18963846,2339,MIXED_OLTP,DROP_COLUMN,HIGH,1.22,4.4,1,0
MIG-12477,orders,109885.44,107.31,13413768,2126,READ_HEAVY,ADD_INDEX_CONCURRENTLY,HIGH,0.6,1.5,1,0
MIG-12478,order_items,333803.52,325.98,52389039,1266,ANALYTICAL_BATCH,DROP_COLUMN,MEDIUM,1.87,4.89,1,0
MIG-12479,customer_sessions,72939.52,71.23,16280054,2946,READ_HEAVY,ADD_INDEX_LOCKING,HIGH,9.88,103.68,0,1
MIG-12480,order_items,374231.04,365.46,58734425,580,MIXED_OLTP,ADD_COLUMN_DEFAULT,MEDIUM,2.89,5.2,1,0
MIG-12481,orders,251842.56,245.94,30742433,127,READ_HEAVY,ADD_COLUMN_DEFAULT,LOW,2.14,2.9,1,0
MIG-12482,orders,170833.92,166.83,20853430,209,WRITE_HEAVY,DROP_COLUMN,LOW,1.24,1.38,1,0
MIG-12483,order_items,511467.52,499.48,80274200,2378,MIXED_OLTP,ADD_COLUMN_DEFAULT,HIGH,3.93,7.83,1,0
MIG-12484,order_shipments,42782.72,41.78,11141572,3106,READ_HEAVY,TABLE_REWRITE,CRITICAL,31.16,333.65,0,1
MIG-12485,order_items,522618.88,510.37,82023492,177,MIXED_OLTP,ADD_COLUMN_DEFAULT,LOW,4.21,4.45,1,0
MIG-12486,order_payments,58296.32,56.93,14012462,909,WRITE_HEAVY,DROP_COLUMN,MEDIUM,0.53,0.59,1,0
MIG-12487,order_shipments,20049.92,19.58,5222279,875,READ_HEAVY,ADD_INDEX_LOCKING,MEDIUM,5.52,5.88,1,0
MIG-12488,orders,84705.28,82.72,10339681,1346,MIXED_OLTP,ADD_INDEX_CONCURRENTLY,MEDIUM,0.49,0.67,1,0
MIG-12489,order_items,125859.84,122.91,19753882,2319,WRITE_HEAVY,ADD_INDEX_CONCURRENTLY,HIGH,0.71,2.33,1,0
MIG-12490,customer_sessions,75427.84,73.66,16837702,2808,WRITE_HEAVY,TABLE_REWRITE,HIGH,50.06,430.46,0,1
MIG-12491,order_items,630773.76,615.99,98998138,2639,WRITE_HEAVY,ADD_INDEX_LOCKING,HIGH,56.91,886.5,0,1
MIG-12492,orders,217743.36,212.64,26580217,2121,READ_HEAVY,ADD_COLUMN_DEFAULT,HIGH,2.11,6.31,1,0
MIG-12493,customer_sessions,21309.44,20.81,4757045,491,MIXED_OLTP,ADD_INDEX_CONCURRENTLY,LOW,0.2,0.17,1,0
MIG-12494,order_shipments,92989.44,90.81,24217221,1343,READ_HEAVY,ADD_INDEX_CONCURRENTLY,MEDIUM,0.42,0.81,1,0
MIG-12495,order_items,498544.64,486.86,78245870,993,ANALYTICAL_BATCH,ADD_INDEX_CONCURRENTLY,MEDIUM,1.59,3.35,1,0
MIG-12496,order_items,286156.8,279.45,44911805,5126,READ_HEAVY,ADD_COLUMN_DEFAULT,CRITICAL,2.75,12.38,1,0
MIG-12497,orders,160245.76,156.49,19561503,1885,READ_HEAVY,DROP_COLUMN,HIGH,0.98,2.61,1,0
MIG-12498,order_shipments,73318.4,71.6,19094001,183,WRITE_HEAVY,ADD_INDEX_CONCURRENTLY,LOW,0.48,0.45,1,0
MIG-12499,order_items,127098.88,124.12,19948088,1291,WRITE_HEAVY,DROP_COLUMN,MEDIUM,1.12,1.78,1,0
MIG-12500,orders,160081.92,156.33,19541604,1289,MIXED_OLTP,TABLE_REWRITE,MEDIUM,99.65,191.6,0,1
MIG-12501,order_payments,114370.56,111.69,27492988,3553,WRITE_HEAVY,TABLE_REWRITE,CRITICAL,66.83,1164.69,0,1
MIG-12502,customer_sessions,26480.64,25.86,5910445,401,WRITE_HEAVY,ALTER_COLUMN_TYPE,LOW,15.12,12.85,1,0
MIG-12503,order_shipments,55244.8,53.95,14385876,1007,MIXED_OLTP,ADD_COLUMN_DEFAULT,MEDIUM,0.81,1.17,1,0
MIG-12504,orders,166942.72,163.03,20378313,1058,READ_HEAVY,ADD_COLUMN_DEFAULT,MEDIUM,1.72,1.88,1,0
MIG-12505,orders,211845.12,206.88,25860265,2770,WRITE_HEAVY,ADD_COLUMN_DEFAULT,HIGH,2.26,6.63,1,0
MIG-12506,customer_sessions,76554.24,74.76,17088133,1740,MIXED_OLTP,ADD_INDEX_CONCURRENTLY,HIGH,0.51,1.57,1,0
MIG-12507,customer_sessions,69058.56,67.44,15415167,903,READ_HEAVY,ALTER_COLUMN_TYPE,MEDIUM,24.26,41.09,0,1
MIG-12508,order_items,435456.0,425.25,68342992,1934,MIXED_OLTP,DROP_COLUMN,HIGH,2.58,6.62,1,0
MIG-12509,order_items,415897.6,406.15,65274894,322,MIXED_OLTP,DROP_COLUMN,LOW,2.47,2.52,1,0
MIG-12510,order_items,425994.24,416.01,66858122,1736,WRITE_HEAVY,ADD_INDEX_CONCURRENTLY,HIGH,1.39,3.45,1,0
MIG-12511,order_items,396052.48,386.77,62159470,619,WRITE_HEAVY,ADD_INDEX_CONCURRENTLY,MEDIUM,1.4,1.75,1,0
MIG-12512,orders,62279.68,60.82,7602797,1196,WRITE_HEAVY,ALTER_COLUMN_TYPE,MEDIUM,26.18,51.32,0,1
MIG-12513,orders,203601.92,198.83,24854002,555,MIXED_OLTP,ADD_INDEX_CONCURRENTLY,MEDIUM,0.82,0.73,1,0
MIG-12514,orders,207595.52,202.73,25341093,2125,READ_HEAVY,ADD_INDEX_CONCURRENTLY,HIGH,0.73,1.41,1,0
MIG-12515,order_shipments,60938.24,59.51,15869575,1486,MIXED_OLTP,DROP_COLUMN,MEDIUM,0.48,0.97,1,0
MIG-12516,orders,241664.0,236.0,29500465,1498,READ_HEAVY,ADD_INDEX_LOCKING,MEDIUM,22.53,39.79,0,1
MIG-12517,orders,197888.0,193.25,24155793,171,WRITE_HEAVY,ADD_INDEX_CONCURRENTLY,LOW,0.85,1.1,1,0
MIG-12518,order_items,301854.72,294.78,47375837,1427,WRITE_HEAVY,ADD_INDEX_CONCURRENTLY,MEDIUM,1.0,1.84,1,0
MIG-12519,orders,53504.0,52.25,6531747,2003,WRITE_HEAVY,ADD_INDEX_LOCKING,HIGH,10.38,75.25,0,1
MIG-12520,orders,62238.72,60.78,7597364,698,READ_HEAVY,TABLE_REWRITE,MEDIUM,47.72,35.46,0,1
MIG-12521,order_items,296253.44,289.31,46495659,1004,READ_HEAVY,ADD_COLUMN_DEFAULT,MEDIUM,2.57,3.11,1,0
MIG-12522,order_items,353177.6,344.9,55430531,2232,ANALYTICAL_BATCH,ADD_INDEX_LOCKING,HIGH,35.75,610.02,0,1
MIG-12523,order_items,200806.4,196.1,31516560,874,WRITE_HEAVY,ADD_COLUMN_DEFAULT,MEDIUM,1.85,2.59,1,0
MIG-12524,order_shipments,34140.16,33.34,8889491,4067,MIXED_OLTP,ADD_INDEX_LOCKING,CRITICAL,7.05,142.54,0,1
MIG-12525,orders,100075.52,97.73,12215706,597,WRITE_HEAVY,DROP_COLUMN,MEDIUM,0.98,1.31,1,0
MIG-12526,order_shipments,83169.28,81.22,21659088,3659,MIXED_OLTP,ALTER_COLUMN_TYPE,CRITICAL,32.91,573.33,0,1
MIG-12527,order_shipments,82401.28,80.47,21459817,3492,WRITE_HEAVY,ADD_INDEX_LOCKING,CRITICAL,13.9,224.43,0,1
MIG-12528,order_shipments,50196.48,49.02,13071482,1432,MIXED_OLTP,ADD_INDEX_CONCURRENTLY,MEDIUM,0.36,0.68,1,0
MIG-12529,order_items,203642.88,198.87,31961514,993,WRITE_HEAVY,ADD_INDEX_CONCURRENTLY,MEDIUM,0.92,1.3,1,0
MIG-12530,order_items,171929.6,167.9,26983579,2319,WRITE_HEAVY,ADD_INDEX_LOCKING,HIGH,22.73,161.12,0,1
MIG-12531,order_items,159651.84,155.91,25057474,2158,READ_HEAVY,ADD_INDEX_CONCURRENTLY,HIGH,0.72,1.62,1,0
MIG-12532,order_payments,73502.72,71.78,17668842,453,READ_HEAVY,DROP_COLUMN,LOW,0.72,0.84,1,0
MIG-12533,orders,59228.16,57.84,7229645,1298,READ_HEAVY,ADD_COLUMN_DEFAULT,MEDIUM,0.79,1.34,1,0
MIG-12534,customer_sessions,35860.48,35.02,8004344,375,WRITE_HEAVY,ADD_INDEX_CONCURRENTLY,LOW,0.28,0.36,1,0
MIG-12535,order_items,610928.64,596.61,95884192,1967,ANALYTICAL_BATCH,DROP_COLUMN,HIGH,2.6,14.37,1,0
MIG-12536,order_payments,87429.12,85.38,21016132,1962,WRITE_HEAVY,ADD_COLUMN_DEFAULT,HIGH,1.19,3.74,1,0
MIG-12537,order_items,539248.64,526.61,84634217,476,READ_HEAVY,ALTER_COLUMN_TYPE,LOW,136.02,140.9,0,1
MIG-12538,orders,77742.08,75.92,9490180,1430,MIXED_OLTP,ADD_INDEX_CONCURRENTLY,MEDIUM,0.39,0.75,1,0
MIG-12539,order_items,253040.64,247.11,39714381,1924,MIXED_OLTP,ADD_INDEX_CONCURRENTLY,HIGH,1.07,2.9,1,0
MIG-12540,order_items,603197.44,589.06,94670262,3841,WRITE_HEAVY,ADD_INDEX_CONCURRENTLY,CRITICAL,2.13,9.1,1,0
MIG-12541,order_items,312637.44,305.31,49067703,232,READ_HEAVY,ADD_INDEX_CONCURRENTLY,LOW,1.29,1.28,1,0
MIG-12542,order_items,449331.2,438.8,70520896,1284,WRITE_HEAVY,DROP_COLUMN,MEDIUM,2.08,5.33,1,0
MIG-12543,orders,265052.16,258.84,32355423,1449,READ_HEAVY,ADD_COLUMN_DEFAULT,MEDIUM,2.59,3.28,1,0
MIG-12544,order_items,398950.4,389.6,62613808,2831,READ_HEAVY,ADD_INDEX_CONCURRENTLY,HIGH,1.48,6.18,1,0
MIG-12545,order_items,272271.36,265.89,42733021,436,MIXED_OLTP,TABLE_REWRITE,LOW,131.85,127.14,0,1
MIG-12546,customer_sessions,48650.24,47.51,10860057,239,MIXED_OLTP,ADD_INDEX_CONCURRENTLY,LOW,0.3,0.43,1,0
MIG-12547,orders,61235.2,59.8,7475204,1975,WRITE_HEAVY,ADD_COLUMN_DEFAULT,HIGH,0.76,3.22,1,0
MIG-12548,order_items,172677.12,168.63,27101959,1388,WRITE_HEAVY,ALTER_COLUMN_TYPE,MEDIUM,51.15,78.87,0,1
MIG-12549,orders,50739.2,49.55,6193619,258,READ_HEAVY,DROP_COLUMN,LOW,0.45,0.66,1,0
MIG-12550,order_items,571023.36,557.64,89621013,715,READ_HEAVY,ADD_COLUMN_DEFAULT,MEDIUM,4.07,5.57,1,0
MIG-12551,order_items,461137.92,450.33,72373714,436,READ_HEAVY,TABLE_REWRITE,LOW,156.88,221.66,0,1
MIG-12552,order_items,268656.64,262.36,42164710,979,READ_HEAVY,ADD_COLUMN_DEFAULT,MEDIUM,2.8,3.43,1,0
MIG-12553,customer_sessions,28600.32,27.93,6384724,586,READ_HEAVY,ADD_INDEX_CONCURRENTLY,MEDIUM,0.18,0.26,1,0
MIG-12554,orders,200232.96,195.54,24443068,458,ANALYTICAL_BATCH,ADD_INDEX_CONCURRENTLY,LOW,0.75,0.68,1,0
MIG-12555,order_payments,136796.16,133.59,32882523,217,READ_HEAVY,TABLE_REWRITE,LOW,84.79,88.64,0,1
MIG-12556,orders,115312.64,112.61,14076755,3772,WRITE_HEAVY,ADD_INDEX_CONCURRENTLY,CRITICAL,0.46,4.53,1,0
MIG-12557,orders,120279.04,117.46,14682095,4328,WRITE_HEAVY,ADD_INDEX_LOCKING,CRITICAL,13.6,409.4,0,1
MIG-12558,order_items,555560.96,542.54,87193498,208,READ_HEAVY,ADD_INDEX_CONCURRENTLY,LOW,1.9,1.89,1,0
MIG-12559,orders,246753.28,240.97,30121147,2743,WRITE_HEAVY,ADD_INDEX_CONCURRENTLY,HIGH,0.92,5.08,1,0
MIG-12560,order_items,586414.08,572.67,92036961,376,WRITE_HEAVY,ALTER_COLUMN_TYPE,LOW,128.31,158.54,0,1
MIG-12561,order_payments,61747.2,60.3,14842841,2346,WRITE_HEAVY,TABLE_REWRITE,HIGH,43.94,427.51,0,1
MIG-12562,order_payments,41041.92,40.08,9865001,3500,MIXED_OLTP,ADD_INDEX_CONCURRENTLY,CRITICAL,0.3,1.37,1,0
MIG-12563,order_items,341770.24,333.76,53639803,2234,ANALYTICAL_BATCH,ADD_INDEX_CONCURRENTLY,HIGH,1.21,2.79,1,0
MIG-12564,order_items,267335.68,261.07,41956954,1908,READ_HEAVY,ADD_INDEX_LOCKING,HIGH,28.23,158.84,0,1
MIG-12565,order_items,570849.28,557.47,89593200,1462,WRITE_HEAVY,ADD_COLUMN_DEFAULT,MEDIUM,4.98,9.45,1,0
MIG-12566,orders,57251.84,55.91,6989143,1292,READ_HEAVY,ADD_COLUMN_DEFAULT,MEDIUM,0.79,1.27,1,0
MIG-12567,orders,189358.08,184.92,23114772,616,READ_HEAVY,ADD_INDEX_CONCURRENTLY,MEDIUM,0.78,1.39,1,0
MIG-12568,order_payments,135188.48,132.02,32498023,311,ANALYTICAL_BATCH,TABLE_REWRITE,LOW,62.9,52.43,0,1
MIG-12569,customer_sessions,77342.72,75.53,17264053,2670,READ_HEAVY,ADD_INDEX_CONCURRENTLY,HIGH,0.38,1.52,1,0
MIG-12570,orders,192952.32,188.43,23553526,1023,MIXED_OLTP,ADD_INDEX_CONCURRENTLY,MEDIUM,0.93,1.41,1,0
MIG-12571,order_items,604938.24,590.76,94943759,150,ANALYTICAL_BATCH,ADD_COLUMN_DEFAULT,LOW,4.03,4.26,1,0
MIG-12572,order_payments,35686.4,34.85,8578992,639,READ_HEAVY,ADD_INDEX_CONCURRENTLY,MEDIUM,0.21,0.29,1,0
MIG-12573,order_shipments,48230.4,47.1,12560412,2599,WRITE_HEAVY,ADD_COLUMN_DEFAULT,HIGH,0.86,3.16,1,0
MIG-12574,order_items,119183.36,116.39,18705890,1024,READ_HEAVY,ADD_COLUMN_DEFAULT,MEDIUM,1.37,1.27,1,0
MIG-12575,order_items,621076.48,606.52,97475885,1043,READ_HEAVY,DROP_COLUMN,MEDIUM,3.03,4.94,1,0
MIG-12576,order_payments,134778.88,131.62,32398522,1904,READ_HEAVY,ADD_COLUMN_DEFAULT,HIGH,1.47,3.58,1,0
MIG-12577,order_shipments,20756.48,20.27,5405935,205,ANALYTICAL_BATCH,ADD_INDEX_CONCURRENTLY,LOW,0.19,0.23,1,0
MIG-12578,orders,53166.08,51.92,6489581,2110,WRITE_HEAVY,ALTER_COLUMN_TYPE,HIGH,26.05,284.12,0,1
MIG-12579,customer_sessions,38010.88,37.12,8484360,1043,READ_HEAVY,ADD_COLUMN_DEFAULT,MEDIUM,0.75,0.8,1,0
MIG-12580,orders,106332.16,103.84,12980525,287,WRITE_HEAVY,ADD_COLUMN_DEFAULT,LOW,1.26,1.52,1,0
MIG-12581,order_shipments,88678.4,86.6,23093737,5198,WRITE_HEAVY,ADD_INDEX_CONCURRENTLY,CRITICAL,0.53,3.11,1,0
MIG-12582,orders,84643.84,82.66,10333078,689,READ_HEAVY,DROP_COLUMN,MEDIUM,0.77,1.05,1,0
MIG-12583,orders,224030.72,218.78,27347535,972,MIXED_OLTP,ADD_INDEX_LOCKING,MEDIUM,22.78,34.42,0,1
MIG-12584,orders,171786.24,167.76,20970411,194,READ_HEAVY,DROP_COLUMN,LOW,1.16,1.28,1,0
MIG-12585,order_items,309463.04,302.21,48568733,3016,WRITE_HEAVY,ADD_INDEX_LOCKING,CRITICAL,32.63,605.41,0,1
MIG-12586,order_items,189890.56,185.44,29803300,4036,WRITE_HEAVY,ADD_INDEX_CONCURRENTLY,CRITICAL,0.69,5.84,1,0
MIG-12587,orders,269824.0,263.5,32937665,122,READ_HEAVY,TABLE_REWRITE,LOW,101.3,132.29,0,1
MIG-12588,order_items,433633.28,423.47,68056875,872,READ_HEAVY,ADD_INDEX_CONCURRENTLY,MEDIUM,1.36,2.0,1,0
MIG-12589,order_items,341452.8,333.45,53589960,353,MIXED_OLTP,ADD_INDEX_CONCURRENTLY,LOW,1.07,1.18,1,0
MIG-12590,order_payments,71086.08,69.42,17088473,2063,READ_HEAVY,ADD_COLUMN_DEFAULT,HIGH,0.9,2.58,1,0
MIG-12591,order_shipments,93552.64,91.36,24363729,1177,MIXED_OLTP,ADD_INDEX_CONCURRENTLY,MEDIUM,0.54,0.83,1,0
MIG-12592,order_payments,125009.92,122.08,30050324,217,MIXED_OLTP,ADD_COLUMN_DEFAULT,LOW,1.69,1.77,1,0
MIG-12593,orders,228577.28,223.22,27902016,901,READ_HEAVY,ADD_INDEX_CONCURRENTLY,MEDIUM,0.75,0.98,1,0
MIG-12594,orders,185446.4,181.1,22637358,5187,READ_HEAVY,ADD_INDEX_LOCKING,CRITICAL,19.16,391.8,0,1
MIG-12595,order_shipments,92078.08,89.92,23979862,742,MIXED_OLTP,ADD_INDEX_LOCKING,MEDIUM,14.0,13.85,1,0
MIG-12596,orders,115343.36,112.64,14080516,300,ANALYTICAL_BATCH,DROP_COLUMN,LOW,0.76,0.83,1,0
MIG-12597,order_items,477870.08,466.67,75000196,4789,READ_HEAVY,ADD_COLUMN_DEFAULT,CRITICAL,3.21,23.4,1,0
MIG-12598,customer_sessions,40427.52,39.48,9024047,244,READ_HEAVY,ADD_COLUMN_DEFAULT,LOW,0.57,0.71,1,0
MIG-12599,customer_sessions,53043.2,51.8,11839982,804,READ_HEAVY,ALTER_COLUMN_TYPE,MEDIUM,20.15,32.18,0,1
MIG-12600,order_items,629831.68,615.07,98850393,1197,MIXED_OLTP,ADD_COLUMN_DEFAULT,MEDIUM,5.33,6.46,1,0
MIG-12601,order_payments,144578.56,141.19,34754313,574,ANALYTICAL_BATCH,ADD_COLUMN_DEFAULT,MEDIUM,1.75,1.97,1,0
MIG-12602,order_items,379248.64,370.36,59522140,206,ANALYTICAL_BATCH,ADD_INDEX_CONCURRENTLY,LOW,1.5,1.51,1,0
MIG-12603,order_payments,95375.36,93.14,22927267,263,WRITE_HEAVY,ADD_INDEX_CONCURRENTLY,LOW,0.45,0.58,1,0
MIG-12604,orders,247623.68,241.82,30227687,186,WRITE_HEAVY,ADD_COLUMN_DEFAULT,LOW,2.02,2.74,1,0
MIG-12605,orders,267161.6,260.9,32612164,1039,MIXED_OLTP,DROP_COLUMN,MEDIUM,1.59,2.54,1,0
MIG-12606,order_items,516526.08,504.42,81067232,2429,READ_HEAVY,ALTER_COLUMN_TYPE,HIGH,129.01,768.11,0,1
MIG-12607,orders,63569.92,62.08,7759980,486,ANALYTICAL_BATCH,TABLE_REWRITE,LOW,52.87,37.27,1,0
MIG-12608,order_payments,65280.0,63.75,15692024,2402,WRITE_HEAVY,ADD_COLUMN_DEFAULT,HIGH,0.99,3.04,1,0
MIG-12609,order_items,577402.88,563.87,90621549,1092,MIXED_OLTP,ADD_COLUMN_DEFAULT,MEDIUM,4.13,6.87,1,0
MIG-12610,order_shipments,82165.76,80.24,21396414,390,MIXED_OLTP,ADD_INDEX_LOCKING,LOW,10.26,13.25,1,0
MIG-12611,order_shipments,79994.88,78.12,20832234,708,WRITE_HEAVY,ADD_COLUMN_DEFAULT,MEDIUM,1.0,1.85,1,0
MIG-12612,order_items,459397.12,448.63,72101781,970,WRITE_HEAVY,ADD_COLUMN_DEFAULT,MEDIUM,3.88,4.57,1,0
MIG-12613,order_payments,76380.16,74.59,18359598,2748,MIXED_OLTP,DROP_COLUMN,HIGH,0.61,2.19,1,0
MIG-12614,orders,138342.4,135.1,16887515,675,WRITE_HEAVY,ADD_INDEX_CONCURRENTLY,MEDIUM,0.57,1.03,1,0
MIG-12615,order_items,532172.8,519.7,83523531,1937,MIXED_OLTP,ADD_INDEX_CONCURRENTLY,HIGH,1.45,4.74,1,0
MIG-12616,orders,114135.04,111.46,13932067,3549,READ_HEAVY,ADD_COLUMN_DEFAULT,CRITICAL,1.11,9.7,1,0
MIG-12617,order_shipments,75233.28,73.47,19592368,1459,READ_HEAVY,DROP_COLUMN,MEDIUM,0.69,1.16,1,0
MIG-12618,order_shipments,78663.68,76.82,20486104,3885,WRITE_HEAVY,ADD_INDEX_CONCURRENTLY,CRITICAL,0.51,2.64,1,0
MIG-12619,order_shipments,88483.84,86.41,23042409,825,ANALYTICAL_BATCH,ADD_INDEX_CONCURRENTLY,MEDIUM,0.5,0.93,1,0
MIG-12620,order_shipments,44963.84,43.91,11709528,426,MIXED_OLTP,ADD_INDEX_CONCURRENTLY,LOW,0.26,0.4,1,0
MIG-12621,customer_sessions,62197.76,60.74,13883205,463,MIXED_OLTP,ADD_INDEX_LOCKING,LOW,9.34,12.94,1,0
MIG-12622,orders,72704.0,71.0,8875227,1507,MIXED_OLTP,ALTER_COLUMN_TYPE,HIGH,25.01,252.99,0,1
MIG-12623,customer_sessions,23244.8,22.7,5188088,2818,READ_HEAVY,ALTER_COLUMN_TYPE,HIGH,13.03,105.63,0,1
MIG-12624,order_items,330076.16,322.34,51804219,4767,ANALYTICAL_BATCH,ALTER_COLUMN_TYPE,CRITICAL,81.8,2843.9,0,1
MIG-12625,order_items,143185.92,139.83,22473287,2795,READ_HEAVY,ADD_INDEX_CONCURRENTLY,HIGH,0.62,1.61,1,0
MIG-12626,order_items,603791.36,589.64,94763564,586,READ_HEAVY,ADD_INDEX_CONCURRENTLY,MEDIUM,1.83,1.93,1,0
MIG-12627,order_items,580157.44,566.56,91053560,3098,WRITE_HEAVY,ADD_COLUMN_DEFAULT,CRITICAL,4.85,34.4,0,1
MIG-12628,orders,59975.68,58.57,7321209,3839,WRITE_HEAVY,ADD_COLUMN_DEFAULT,CRITICAL,0.98,6.83,1,0
MIG-12629,orders,234577.92,229.08,28634416,2774,MIXED_OLTP,ADD_INDEX_LOCKING,HIGH,23.14,257.29,0,1
MIG-12630,orders,161710.08,157.92,19739602,998,WRITE_HEAVY,ADD_INDEX_CONCURRENTLY,MEDIUM,0.73,1.12,1,0
MIG-12631,order_items,476968.96,465.79,74858993,2581,MIXED_OLTP,TABLE_REWRITE,HIGH,190.92,2289.57,0,1
MIG-12632,order_shipments,91996.16,89.84,23957713,198,ANALYTICAL_BATCH,ADD_COLUMN_DEFAULT,LOW,1.21,1.48,1,0
MIG-12633,order_items,412467.2,402.8,64734933,3835,READ_HEAVY,DROP_COLUMN,CRITICAL,2.23,11.21,1,0
MIG-12634,order_items,174725.12,170.63,27422495,5194,WRITE_HEAVY,ALTER_COLUMN_TYPE,CRITICAL,48.29,1353.79,0,1
MIG-12635,order_items,116019.2,113.3,18208867,2235,MIXED_OLTP,ADD_COLUMN_DEFAULT,HIGH,1.33,4.32,1,0
MIG-12636,order_items,371148.8,362.45,58250644,411,WRITE_HEAVY,ADD_INDEX_LOCKING,LOW,32.31,33.3,0,1
MIG-12637,orders,259102.72,253.03,31629267,355,MIXED_OLTP,ADD_INDEX_LOCKING,LOW,23.64,33.33,0,1
MIG-12638,order_shipments,65925.12,64.38,17168632,3438,READ_HEAVY,ADD_INDEX_LOCKING,CRITICAL,10.09,120.46,0,1
MIG-12639,orders,131635.2,128.55,16069356,5358,READ_HEAVY,ADD_INDEX_LOCKING,CRITICAL,14.94,452.24,0,1
MIG-12640,order_payments,30330.88,29.62,7290554,2919,READ_HEAVY,ADD_COLUMN_DEFAULT,HIGH,0.52,1.54,1,0
MIG-12641,order_payments,136243.2,133.05,32751407,4950,READ_HEAVY,ADD_COLUMN_DEFAULT,CRITICAL,1.46,11.41,1,0
MIG-12642,order_items,283535.36,276.89,44499689,969,WRITE_HEAVY,ADD_INDEX_LOCKING,MEDIUM,27.37,44.19,0,1
MIG-12643,order_shipments,76892.16,75.09,20023191,4071,WRITE_HEAVY,DROP_COLUMN,CRITICAL,0.69,6.56,1,0
MIG-12644,orders,202711.04,197.96,24744404,219,READ_HEAVY,DROP_COLUMN,LOW,1.53,1.43,1,0
MIG-12645,order_shipments,39485.44,38.56,10283876,358,MIXED_OLTP,ADD_COLUMN_DEFAULT,LOW,0.58,0.71,1,0
MIG-12646,order_payments,34263.04,33.46,8236792,810,WRITE_HEAVY,ADD_INDEX_CONCURRENTLY,MEDIUM,0.23,0.48,1,0
MIG-12647,order_payments,72755.2,71.05,17488010,685,WRITE_HEAVY,ADD_COLUMN_DEFAULT,MEDIUM,1.06,1.3,1,0
MIG-12648,order_payments,64614.4,63.1,15533373,560,WRITE_HEAVY,TABLE_REWRITE,MEDIUM,37.03,66.85,0,1
MIG-12649,order_shipments,76513.28,74.72,19925538,2135,READ_HEAVY,ADD_INDEX_CONCURRENTLY,HIGH,0.36,1.06,1,0
MIG-12650,customer_sessions,67225.6,65.65,15004867,426,WRITE_HEAVY,ADD_INDEX_CONCURRENTLY,LOW,0.34,0.7,1,0
MIG-12651,order_items,229488.64,224.11,36018078,2686,MIXED_OLTP,ADD_INDEX_CONCURRENTLY,HIGH,0.89,4.08,1,0
MIG-12652,order_shipments,62248.96,60.79,16209791,439,WRITE_HEAVY,ADD_COLUMN_DEFAULT,LOW,0.75,1.42,1,0
MIG-12653,order_payments,31488.0,30.75,7569520,2409,MIXED_OLTP,ADD_INDEX_CONCURRENTLY,HIGH,0.2,0.78,1,0
MIG-12654,order_items,225259.52,219.98,35354721,1367,WRITE_HEAVY,DROP_COLUMN,MEDIUM,1.5,3.52,1,0
MIG-12655,customer_sessions,63477.76,61.99,14169367,2674,READ_HEAVY,ADD_INDEX_CONCURRENTLY,HIGH,0.33,0.92,1,0
MIG-12656,order_items,524154.88,511.87,82265263,1306,WRITE_HEAVY,ADD_INDEX_CONCURRENTLY,MEDIUM,1.95,2.32,1,0
MIG-12657,order_items,515389.44,503.31,80888761,1009,MIXED_OLTP,ADD_INDEX_CONCURRENTLY,MEDIUM,1.65,2.46,1,0
MIG-12658,orders,80650.24,78.76,9844473,585,ANALYTICAL_BATCH,ADD_INDEX_CONCURRENTLY,MEDIUM,0.46,0.67,1,0
MIG-12659,orders,171028.48,167.02,20877937,252,WRITE_HEAVY,ADD_INDEX_LOCKING,LOW,20.83,28.67,0,1
MIG-12660,order_shipments,53493.76,52.24,13930501,1347,ANALYTICAL_BATCH,ALTER_COLUMN_TYPE,MEDIUM,22.42,47.79,0,1
MIG-12661,order_items,626391.04,611.71,98310390,1242,WRITE_HEAVY,ADD_INDEX_LOCKING,MEDIUM,44.46,92.23,0,1
MIG-12662,order_items,452249.6,441.65,70979659,105,READ_HEAVY,ALTER_COLUMN_TYPE,LOW,98.89,118.99,0,1
MIG-12663,orders,256000.0,250.0,31250456,1640,MIXED_OLTP,ADD_INDEX_CONCURRENTLY,HIGH,1.18,3.43,1,0
MIG-12664,order_items,189706.24,185.26,29773374,1158,WRITE_HEAVY,ALTER_COLUMN_TYPE,MEDIUM,46.89,119.82,0,1
MIG-12665,order_shipments,55828.48,54.52,14538862,1478,READ_HEAVY,ADD_COLUMN_DEFAULT,MEDIUM,0.91,1.56,1,0
MIG-12666,order_shipments,82432.0,80.5,21466724,1231,WRITE_HEAVY,ADD_INDEX_LOCKING,MEDIUM,12.54,28.85,0,1
MIG-12667,orders,130519.04,127.46,15932158,1448,MIXED_OLTP,DROP_COLUMN,MEDIUM,0.89,2.26,1,0
MIG-12668,order_items,441118.72,430.78,69233188,566,READ_HEAVY,ADD_COLUMN_DEFAULT,MEDIUM,3.68,5.14,1,0
MIG-12669,order_items,378777.6,369.9,59447875,2820,MIXED_OLTP,ADD_INDEX_CONCURRENTLY,HIGH,1.51,5.98,1,0
MIG-12670,order_items,626616.32,611.93,98346282,628,WRITE_HEAVY,ADD_INDEX_CONCURRENTLY,MEDIUM,1.6,2.8,1,0
MIG-12671,order_items,204421.12,199.63,32083675,1384,ANALYTICAL_BATCH,ADD_COLUMN_DEFAULT,MEDIUM,2.18,5.88,1,0
MIG-12672,order_items,597422.08,583.42,93763244,1474,WRITE_HEAVY,ADD_COLUMN_DEFAULT,MEDIUM,5.03,6.54,1,0
MIG-12673,order_items,321935.36,314.39,50527247,1011,READ_HEAVY,TABLE_REWRITE,MEDIUM,155.15,235.63,0,1
MIG-12674,order_items,356218.88,347.87,55907430,2298,WRITE_HEAVY,ADD_INDEX_CONCURRENTLY,HIGH,1.1,3.89,1,0
MIG-12675,order_items,387502.08,378.42,60816752,997,WRITE_HEAVY,DROP_COLUMN,MEDIUM,2.52,3.74,1,0
MIG-12676,order_items,251637.76,245.74,39494690,2329,WRITE_HEAVY,ADD_COLUMN_DEFAULT,HIGH,2.16,6.47,1,0
MIG-12677,order_shipments,98365.44,96.06,25615000,1320,MIXED_OLTP,ADD_INDEX_CONCURRENTLY,MEDIUM,0.43,0.84,1,0
MIG-12678,order_payments,135823.36,132.64,32650831,1922,WRITE_HEAVY,ADD_COLUMN_DEFAULT,HIGH,1.81,4.58,1,0
MIG-12679,order_items,616796.16,602.34,96805313,783,READ_HEAVY,ADD_COLUMN_DEFAULT,MEDIUM,4.84,6.66,1,0
MIG-12680,order_shipments,101120.0,98.75,26333462,5421,ANALYTICAL_BATCH,ADD_COLUMN_DEFAULT,CRITICAL,1.15,13.61,1,0
MIG-12681,order_shipments,73984.0,72.25,19267682,1349,WRITE_HEAVY,ADD_INDEX_CONCURRENTLY,MEDIUM,0.43,0.78,1,0
MIG-12682,orders,149053.44,145.56,18195508,1040,WRITE_HEAVY,ADD_INDEX_CONCURRENTLY,MEDIUM,0.69,1.37,1,0
MIG-12683,order_items,553748.48,540.77,86909446,3502,WRITE_HEAVY,ADD_INDEX_CONCURRENTLY,CRITICAL,1.46,16.14,1,0
MIG-12684,orders,54415.36,53.14,6642731,2933,WRITE_HEAVY,ALTER_COLUMN_TYPE,HIGH,24.06,186.21,0,1
MIG-12685,order_payments,126597.12,123.63,30430836,1379,READ_HEAVY,ADD_INDEX_LOCKING,MEDIUM,15.73,31.79,0,1
MIG-12686,orders,159139.84,155.41,19426722,828,MIXED_OLTP,ADD_INDEX_CONCURRENTLY,MEDIUM,0.83,1.07,1,0
MIG-12687,order_payments,107284.48,104.77,25788736,1041,WRITE_HEAVY,DROP_COLUMN,MEDIUM,0.72,1.79,1,0
MIG-12688,orders,131880.96,128.79,16099243,2129,WRITE_HEAVY,TABLE_REWRITE,HIGH,74.96,1131.67,0,1
MIG-12689,order_items,304936.96,297.79,47858475,1343,READ_HEAVY,ADD_INDEX_CONCURRENTLY,MEDIUM,1.01,1.79,1,0
MIG-12690,customer_sessions,16384.0,16.0,3656727,374,WRITE_HEAVY,ADD_INDEX_CONCURRENTLY,LOW,0.13,0.17,1,0
MIG-12691,order_items,333404.16,325.59,52326943,297,READ_HEAVY,ADD_INDEX_CONCURRENTLY,LOW,1.01,1.4,1,0
MIG-12692,order_shipments,52305.92,51.08,13620450,5419,ANALYTICAL_BATCH,ADD_INDEX_CONCURRENTLY,CRITICAL,0.39,4.06,1,0
MIG-12693,customer_sessions,28835.84,28.16,6436991,1108,WRITE_HEAVY,ADD_INDEX_LOCKING,MEDIUM,5.51,11.02,1,0
MIG-12694,order_shipments,38942.72,38.03,10142182,984,READ_HEAVY,ADD_INDEX_LOCKING,MEDIUM,7.55,12.68,1,0
MIG-12695,orders,178350.08,174.17,21771768,5316,MIXED_OLTP,ADD_COLUMN_DEFAULT,CRITICAL,1.84,15.92,1,0
MIG-12696,order_shipments,44789.76,43.74,11663863,949,MIXED_OLTP,ADD_COLUMN_DEFAULT,MEDIUM,0.78,1.15,1,0
MIG-12697,orders,232785.92,227.33,28416801,2127,MIXED_OLTP,ADD_INDEX_LOCKING,HIGH,21.33,167.57,0,1
MIG-12698,order_items,172175.36,168.14,27022193,2082,MIXED_OLTP,ADD_INDEX_CONCURRENTLY,HIGH,0.68,1.57,1,0
MIG-12699,order_shipments,66344.96,64.79,17277130,720,READ_HEAVY,ADD_INDEX_CONCURRENTLY,MEDIUM,0.38,0.45,1,0
MIG-12700,order_payments,45803.52,44.73,11009288,1918,READ_HEAVY,ADD_INDEX_CONCURRENTLY,HIGH,0.33,0.94,1,0
MIG-12701,order_items,387307.52,378.23,60787490,3227,MIXED_OLTP,ALTER_COLUMN_TYPE,CRITICAL,82.5,2156.66,0,1
MIG-12702,order_items,399851.52,390.48,62756216,1228,MIXED_OLTP,ADD_INDEX_LOCKING,MEDIUM,37.4,72.63,0,1
MIG-12703,order_shipments,71710.72,70.03,18673630,335,MIXED_OLTP,DROP_COLUMN,LOW,0.7,0.6,1,0
MIG-12704,order_payments,77834.24,76.01,18709838,2898,READ_HEAVY,ADD_INDEX_LOCKING,HIGH,9.9,81.92,0,1
MIG-12705,order_items,377630.72,368.78,59267449,1111,MIXED_OLTP,ADD_INDEX_CONCURRENTLY,MEDIUM,1.17,2.57,1,0
MIG-12706,order_shipments,33443.84,32.66,8708576,580,WRITE_HEAVY,ADD_COLUMN_DEFAULT,MEDIUM,0.5,1.05,1,0
MIG-12707,orders,151562.24,148.01,18501414,1120,WRITE_HEAVY,ADD_INDEX_LOCKING,MEDIUM,23.01,41.05,0,1
MIG-12708,orders,131655.68,128.57,16071820,1762,WRITE_HEAVY,ALTER_COLUMN_TYPE,HIGH,45.54,573.25,0,1
MIG-12709,order_items,458475.52,447.73,71956619,1555,WRITE_HEAVY,ADD_COLUMN_DEFAULT,HIGH,4.27,13.59,1,0
MIG-12710,customer_sessions,42383.36,41.39,9461432,4656,MIXED_OLTP,ADD_INDEX_CONCURRENTLY,CRITICAL,0.27,1.5,1,0
MIG-12711,orders,221532.16,216.34,27042224,527,WRITE_HEAVY,TABLE_REWRITE,MEDIUM,121.58,161.51,0,1
MIG-12712,orders,143370.24,140.01,17501786,4022,MIXED_OLTP,ADD_COLUMN_DEFAULT,CRITICAL,1.79,10.17,1,0
MIG-12713,orders,101304.32,98.93,12365821,1395,READ_HEAVY,ADD_COLUMN_DEFAULT,MEDIUM,1.48,3.05,1,0
MIG-12714,order_shipments,41134.08,40.17,10711676,1884,WRITE_HEAVY,ADD_INDEX_CONCURRENTLY,HIGH,0.28,0.84,1,0
MIG-12715,orders,59166.72,57.78,7222701,2543,WRITE_HEAVY,ADD_INDEX_CONCURRENTLY,HIGH,0.42,1.24,1,0
MIG-12716,order_items,393338.88,384.12,61733423,876,READ_HEAVY,DROP_COLUMN,MEDIUM,2.15,1.84,1,0
MIG-12717,customer_sessions,67942.4,66.35,15164684,613,MIXED_OLTP,DROP_COLUMN,MEDIUM,0.6,1.0,1,0
MIG-12718,orders,219269.12,214.13,26766016,697,READ_HEAVY,ADD_INDEX_CONCURRENTLY,MEDIUM,0.81,1.38,1,0
MIG-12719,order_items,340633.6,332.65,53460946,574,WRITE_HEAVY,ADD_INDEX_CONCURRENTLY,MEDIUM,1.36,2.15,1,0
MIG-12720,order_items,215900.16,210.84,33885748,1726,WRITE_HEAVY,ADD_COLUMN_DEFAULT,HIGH,2.13,6.62,1,0
MIG-12721,order_shipments,90050.56,87.94,23451263,164,WRITE_HEAVY,ADD_COLUMN_DEFAULT,LOW,1.15,1.14,1,0
MIG-12722,order_items,143994.88,140.62,22599263,2824,WRITE_HEAVY,ADD_COLUMN_DEFAULT,HIGH,1.82,8.35,1,0
MIG-12723,order_items,320727.04,313.21,50337040,1306,ANALYTICAL_BATCH,ADD_INDEX_CONCURRENTLY,MEDIUM,1.37,2.16,1,0
MIG-12724,orders,238622.72,233.03,29128608,853,WRITE_HEAVY,ALTER_COLUMN_TYPE,MEDIUM,64.4,77.25,0,1
MIG-12725,order_payments,73728.0,72.0,17723488,2584,WRITE_HEAVY,TABLE_REWRITE,HIGH,57.35,411.03,0,1
MIG-12726,order_payments,40744.96,39.79,9794813,704,MIXED_OLTP,ADD_COLUMN_DEFAULT,MEDIUM,0.71,0.86,1,0
MIG-12727,orders,107980.8,105.45,13180636,4596,MIXED_OLTP,DROP_COLUMN,CRITICAL,0.79,9.33,1,0
MIG-12728,order_items,424355.84,414.41,66602384,3506,READ_HEAVY,ALTER_COLUMN_TYPE,CRITICAL,100.9,1292.63,0,1
MIG-12729,order_shipments,31037.44,30.31,8083975,1140,READ_HEAVY,ADD_INDEX_CONCURRENTLY,MEDIUM,0.2,0.32,1,0
MIG-12730,orders,194017.28,189.47,23683253,857,ANALYTICAL_BATCH,ALTER_COLUMN_TYPE,MEDIUM,48.13,130.25,0,1
MIG-12731,orders,146063.36,142.64,17830372,443,WRITE_HEAVY,ADD_COLUMN_DEFAULT,LOW,1.7,1.69,1,0
MIG-12732,order_items,287262.72,280.53,45085549,2752,WRITE_HEAVY,DROP_COLUMN,HIGH,2.05,6.27,1,0
MIG-12733,order_items,239032.32,233.43,37514963,233,MIXED_OLTP,ADD_COLUMN_DEFAULT,LOW,2.32,2.22,1,0
MIG-12734,orders,231260.16,225.84,28229909,3102,MIXED_OLTP,ADD_INDEX_CONCURRENTLY,CRITICAL,0.85,4.5,1,0
MIG-12735,order_items,319406.08,311.92,50130589,3805,ANALYTICAL_BATCH,ADD_INDEX_LOCKING,CRITICAL,26.87,616.72,0,1
MIG-12736,orders,212490.24,207.51,25938940,212,WRITE_HEAVY,ADD_INDEX_LOCKING,LOW,23.45,30.82,0,1
MIG-12737,order_items,341954.56,333.94,53668770,2138,ANALYTICAL_BATCH,ADD_INDEX_CONCURRENTLY,HIGH,1.42,4.32,1,0
MIG-12738,order_payments,37632.0,36.75,9045774,1074,WRITE_HEAVY,DROP_COLUMN,MEDIUM,0.35,0.86,1,0
MIG-12739,order_items,342036.48,334.02,53680983,1489,MIXED_OLTP,TABLE_REWRITE,MEDIUM,138.62,297.64,0,1
MIG-12740,orders,161443.84,157.66,19707570,125,MIXED_OLTP,ALTER_COLUMN_TYPE,LOW,49.22,60.45,0,1
MIG-12741,order_shipments,56412.16,55.09,14689391,2332,WRITE_HEAVY,DROP_COLUMN,HIGH,0.6,1.21,1,0
MIG-12742,orders,229693.44,224.31,28038526,168,WRITE_HEAVY,ADD_INDEX_CONCURRENTLY,LOW,0.94,1.02,1,0
MIG-12743,order_payments,135751.68,132.57,32632518,4367,READ_HEAVY,ADD_COLUMN_DEFAULT,CRITICAL,1.46,12.57,1,0
MIG-12744,order_items,520744.96,508.54,81729072,1136,MIXED_OLTP,ADD_INDEX_CONCURRENTLY,MEDIUM,1.8,2.47,1,0
MIG-12745,order_payments,96450.56,94.19,23184118,2714,WRITE_HEAVY,ALTER_COLUMN_TYPE,HIGH,30.15,325.95,0,1
MIG-12746,orders,168908.8,164.95,20619148,4399,MIXED_OLTP,ADD_INDEX_LOCKING,CRITICAL,19.4,557.17,0,1
MIG-12747,orders,191733.76,187.24,23404632,1767,WRITE_HEAVY,ALTER_COLUMN_TYPE,HIGH,66.27,396.62,0,1
MIG-12748,order_items,263239.68,257.07,41314254,1413,READ_HEAVY,ADD_INDEX_CONCURRENTLY,MEDIUM,0.98,1.48,1,0
MIG-12749,orders,228720.64,223.36,27919864,905,WRITE_HEAVY,TABLE_REWRITE,MEDIUM,91.52,229.16,0,1
MIG-12750,orders,238673.92,233.08,29134900,979,ANALYTICAL_BATCH,TABLE_REWRITE,MEDIUM,129.95,245.09,0,1
MIG-12751,order_payments,58634.24,57.26,14095854,1141,WRITE_HEAVY,DROP_COLUMN,MEDIUM,0.48,1.06,1,0
MIG-12752,order_shipments,93317.12,91.13,24300873,3662,READ_HEAVY,ALTER_COLUMN_TYPE,CRITICAL,29.22,449.88,0,1
MIG-12753,orders,236881.92,231.33,28915783,1488,WRITE_HEAVY,ADD_COLUMN_DEFAULT,MEDIUM,2.49,4.72,1,0
MIG-12754,order_shipments,53637.12,52.38,13968914,544,ANALYTICAL_BATCH,ADD_COLUMN_DEFAULT,MEDIUM,0.87,1.13,1,0
MIG-12755,order_payments,135526.4,132.35,32579205,1731,MIXED_OLTP,ADD_INDEX_CONCURRENTLY,HIGH,0.53,1.48,1,0
MIG-12756,order_shipments,28426.24,27.76,7401482,1490,WRITE_HEAVY,ADD_INDEX_CONCURRENTLY,MEDIUM,0.25,0.38,1,0
MIG-12757,order_payments,29972.48,29.27,7206012,4130,WRITE_HEAVY,ADD_INDEX_CONCURRENTLY,CRITICAL,0.2,2.33,1,0
MIG-12758,order_payments,68300.8,66.7,16418564,1393,READ_HEAVY,DROP_COLUMN,MEDIUM,0.59,1.22,1,0
MIG-12759,order_items,406507.52,396.98,63800291,462,READ_HEAVY,ADD_COLUMN_DEFAULT,LOW,3.36,3.43,1,0
MIG-12760,order_payments,68730.88,67.12,16521547,2985,MIXED_OLTP,ADD_INDEX_CONCURRENTLY,HIGH,0.41,1.79,1,0
MIG-12761,order_shipments,96573.44,94.31,25148663,1225,READ_HEAVY,ADD_INDEX_CONCURRENTLY,MEDIUM,0.5,0.8,1,0
MIG-12762,orders,105492.48,103.02,12877176,4708,READ_HEAVY,DROP_COLUMN,CRITICAL,0.82,4.38,1,0
MIG-12763,order_items,259819.52,253.73,40778284,1113,MIXED_OLTP,TABLE_REWRITE,MEDIUM,141.91,220.29,0,1
MIG-12764,orders,189562.88,185.12,23140345,373,READ_HEAVY,ADD_COLUMN_DEFAULT,LOW,2.2,1.82,1,0
MIG-12765,customer_sessions,14581.76,14.24,3255639,757,WRITE_HEAVY,ADD_INDEX_LOCKING,MEDIUM,4.17,9.01,1,0
MIG-12766,order_items,490178.56,478.69,76932121,1315,WRITE_HEAVY,TABLE_REWRITE,MEDIUM,161.25,444.41,0,1
MIG-12767,order_payments,71843.84,70.16,17271121,687,WRITE_HEAVY,ADD_INDEX_LOCKING,MEDIUM,10.59,18.02,1,0
MIG-12768,order_shipments,99532.8,97.2,25919353,979,READ_HEAVY,ADD_INDEX_LOCKING,MEDIUM,13.64,19.93,1,0
MIG-12769,customer_sessions,58941.44,57.56,13156413,874,WRITE_HEAVY,DROP_COLUMN,MEDIUM,0.59,0.66,1,0
MIG-12770,orders,60702.72,59.28,7409803,4903,READ_HEAVY,TABLE_REWRITE,CRITICAL,37.4,1127.29,0,1
MIG-12771,order_payments,37724.16,36.84,9067680,755,WRITE_HEAVY,ADD_INDEX_CONCURRENTLY,MEDIUM,0.27,0.35,1,0
MIG-12772,order_shipments,25743.36,25.14,6704431,1809,MIXED_OLTP,ADD_INDEX_LOCKING,HIGH,5.8,44.76,0,1
MIG-12773,orders,259860.48,253.77,31720801,1308,WRITE_HEAVY,ADD_COLUMN_DEFAULT,MEDIUM,2.14,5.14,1,0
MIG-12774,order_payments,108574.72,106.03,26100684,2230,READ_HEAVY,ADD_INDEX_CONCURRENTLY,HIGH,0.57,2.04,1,0
MIG-12775,order_items,335370.24,327.51,52636086,1220,WRITE_HEAVY,ADD_INDEX_LOCKING,MEDIUM,33.16,65.77,0,1
MIG-12776,order_items,218152.96,213.04,34239097,1378,WRITE_HEAVY,ALTER_COLUMN_TYPE,MEDIUM,51.48,110.37,0,1
MIG-12777,order_items,565565.44,552.31,88764819,1335,WRITE_HEAVY,ALTER_COLUMN_TYPE,MEDIUM,105.15,260.07,0,1
MIG-12778,orders,93736.96,91.54,11442010,259,READ_HEAVY,TABLE_REWRITE,LOW,59.5,57.62,0,1
MIG-12779,orders,205455.36,200.64,25080338,671,MIXED_OLTP,ADD_INDEX_LOCKING,MEDIUM,23.25,33.58,0,1
MIG-12780,orders,217989.12,212.88,26609757,1460,WRITE_HEAVY,ADD_COLUMN_DEFAULT,MEDIUM,2.48,4.46,1,0
MIG-12781,orders,114329.6,111.65,13955714,3774,MIXED_OLTP,TABLE_REWRITE,CRITICAL,60.58,939.78,0,1
MIG-12782,order_items,375275.52,366.48,58898093,1269,READ_HEAVY,ADD_INDEX_CONCURRENTLY,MEDIUM,1.07,1.82,1,0
MIG-12783,order_items,229775.36,224.39,36062131,4921,READ_HEAVY,ADD_INDEX_CONCURRENTLY,CRITICAL,0.95,6.51,1,0
MIG-12784,orders,132966.4,129.85,16231100,942,READ_HEAVY,ADD_COLUMN_DEFAULT,MEDIUM,1.72,2.49,1,0
MIG-12785,order_payments,142254.08,138.92,34195870,663,WRITE_HEAVY,DROP_COLUMN,MEDIUM,1.02,1.88,1,0
MIG-12786,order_payments,109670.4,107.1,26362375,972,MIXED_OLTP,DROP_COLUMN,MEDIUM,0.86,1.94,1,0
MIG-12787,order_items,551618.56,538.69,86575750,158,MIXED_OLTP,ADD_INDEX_LOCKING,LOW,41.44,54.43,0,1
MIG-12788,customer_sessions,49213.44,48.06,10984633,2028,MIXED_OLTP,ADD_INDEX_CONCURRENTLY,HIGH,0.28,0.99,1,0
MIG-12789,order_items,238059.52,232.48,37362219,253,WRITE_HEAVY,ADD_INDEX_LOCKING,LOW,25.66,23.61,1,0
MIG-12790,order_shipments,77557.76,75.74,20198204,4295,MIXED_OLTP,DROP_COLUMN,CRITICAL,0.66,6.59,1,0
MIG-12791,orders,159866.88,156.12,19515334,174,WRITE_HEAVY,TABLE_REWRITE,LOW,79.56,118.02,0,1
MIG-12792,order_payments,47810.56,46.69,11493247,1345,READ_HEAVY,ADD_COLUMN_DEFAULT,MEDIUM,0.65,1.13,1,0
MIG-12793,customer_sessions,40939.52,39.98,9138990,131,WRITE_HEAVY,DROP_COLUMN,LOW,0.39,0.62,1,0
MIG-12794,order_shipments,71086.08,69.42,18512548,2978,WRITE_HEAVY,ADD_INDEX_LOCKING,HIGH,9.9,143.74,0,1
MIG-12795,order_items,494192.64,482.61,77561880,812,READ_HEAVY,ADD_COLUMN_DEFAULT,MEDIUM,4.05,5.64,1,0
MIG-12796,order_items,240209.92,234.58,37700884,4223,MIXED_OLTP,ADD_INDEX_CONCURRENTLY,CRITICAL,0.83,7.59,1,0
MIG-12797,order_items,566784.0,553.5,88955784,1375,WRITE_HEAVY,ADD_INDEX_CONCURRENTLY,MEDIUM,1.87,4.54,1,0
MIG-12798,order_payments,72099.84,70.41,17331071,361,READ_HEAVY,ADD_INDEX_CONCURRENTLY,LOW,0.42,0.33,1,0
MIG-12799,order_payments,59105.28,57.72,14208737,1584,READ_HEAVY,ADD_COLUMN_DEFAULT,HIGH,0.85,2.61,1,0
MIG-12800,customer_sessions,26920.96,26.29,6009728,1104,ANALYTICAL_BATCH,DROP_COLUMN,MEDIUM,0.36,0.83,1,0
MIG-12801,order_items,529715.2,517.3,83137878,2349,MIXED_OLTP,DROP_COLUMN,HIGH,2.83,7.17,1,0
MIG-12802,orders,127488.0,124.5,15562443,1432,WRITE_HEAVY,ADD_INDEX_LOCKING,MEDIUM,18.7,25.47,0,1
MIG-12803,order_items,364165.12,355.63,57155321,2344,WRITE_HEAVY,ADD_INDEX_CONCURRENTLY,HIGH,1.4,4.25,1,0
MIG-12804,orders,98437.12,96.13,12016135,496,READ_HEAVY,ADD_INDEX_CONCURRENTLY,LOW,0.48,0.58,1,0
MIG-12805,orders,200908.8,196.2,24524458,4327,WRITE_HEAVY,ADD_INDEX_LOCKING,CRITICAL,23.09,597.18,0,1
MIG-12806,order_items,517775.36,505.64,81263706,176,ANALYTICAL_BATCH,ADD_INDEX_LOCKING,LOW,46.92,57.36,0,1
MIG-12807,order_payments,67287.04,65.71,16175447,2258,ANALYTICAL_BATCH,ADD_INDEX_LOCKING,HIGH,11.51,100.13,0,1
MIG-12808,orders,258191.36,252.14,31517143,1417,ANALYTICAL_BATCH,ADD_INDEX_LOCKING,MEDIUM,25.04,57.15,0,1
MIG-12809,orders,55920.64,54.61,6826486,1525,WRITE_HEAVY,TABLE_REWRITE,HIGH,34.92,298.93,0,1
MIG-12810,orders,78561.28,76.72,9589463,3997,MIXED_OLTP,TABLE_REWRITE,CRITICAL,54.17,1483.85,0,1
MIG-12811,order_shipments,67266.56,65.69,17517799,3118,MIXED_OLTP,DROP_COLUMN,CRITICAL,0.53,3.46,1,0
MIG-12812,order_payments,110653.44,108.06,26600517,1341,WRITE_HEAVY,ADD_COLUMN_DEFAULT,MEDIUM,1.1,2.91,1,0
MIG-12813,orders,104601.6,102.15,12768440,1011,WRITE_HEAVY,ADD_INDEX_CONCURRENTLY,MEDIUM,0.51,0.68,1,0
MIG-12814,orders,171704.32,167.68,20959919,2574,WRITE_HEAVY,DROP_COLUMN,HIGH,1.2,5.95,1,0
MIG-12815,order_items,279009.28,272.47,43789286,1468,READ_HEAVY,ADD_COLUMN_DEFAULT,MEDIUM,2.97,4.05,1,0
MIG-12816,orders,171704.32,167.68,20960409,2748,ANALYTICAL_BATCH,ADD_INDEX_CONCURRENTLY,HIGH,0.88,2.85,1,0
MIG-12817,order_items,454963.2,444.3,71405541,907,MIXED_OLTP,ADD_INDEX_CONCURRENTLY,MEDIUM,1.29,3.1,1,0
MIG-12818,order_items,616755.2,602.3,96797452,1434,WRITE_HEAVY,TABLE_REWRITE,MEDIUM,223.32,467.97,0,1
MIG-12819,customer_sessions,43735.04,42.71,9762034,972,READ_HEAVY,ADD_INDEX_CONCURRENTLY,MEDIUM,0.29,0.42,1,0
MIG-12820,orders,192522.24,188.01,23501833,2967,WRITE_HEAVY,ADD_INDEX_LOCKING,HIGH,20.31,234.91,0,1
MIG-12821,order_payments,95877.12,93.63,23047530,492,WRITE_HEAVY,ALTER_COLUMN_TYPE,LOW,36.45,42.04,0,1
MIG-12822,orders,119388.16,116.59,14573982,721,WRITE_HEAVY,DROP_COLUMN,MEDIUM,0.79,1.19,1,0
MIG-12823,customer_sessions,30658.56,29.94,6844123,2668,READ_HEAVY,ADD_INDEX_CONCURRENTLY,HIGH,0.23,0.85,1,0
MIG-12824,customer_sessions,78069.76,76.24,17425338,1197,MIXED_OLTP,ALTER_COLUMN_TYPE,MEDIUM,32.86,44.65,0,1
MIG-12825,order_payments,51404.8,50.2,12357348,4925,MIXED_OLTP,DROP_COLUMN,CRITICAL,0.57,3.31,1,0
MIG-12826,order_items,522547.2,510.3,82012296,667,MIXED_OLTP,ADD_INDEX_CONCURRENTLY,MEDIUM,1.33,2.7,1,0
MIG-12827,orders,81571.84,79.66,9957859,1004,WRITE_HEAVY,DROP_COLUMN,MEDIUM,0.72,1.54,1,0
MIG-12828,order_shipments,85145.6,83.15,22173987,651,MIXED_OLTP,ADD_INDEX_CONCURRENTLY,MEDIUM,0.52,0.66,1,0
MIG-12829,order_payments,48875.52,47.73,11748979,1397,WRITE_HEAVY,ADD_INDEX_LOCKING,MEDIUM,7.16,15.6,1,0
MIG-12830,orders,263075.84,256.91,32113229,2809,READ_HEAVY,ALTER_COLUMN_TYPE,HIGH,77.67,558.85,0,1
MIG-12831,order_items,468725.76,457.74,73565000,332,READ_HEAVY,ADD_COLUMN_DEFAULT,LOW,4.1,3.11,1,0
MIG-12832,order_items,161198.08,157.42,25299577,629,WRITE_HEAVY,TABLE_REWRITE,MEDIUM,86.77,84.29,0,1
MIG-12833,order_shipments,75929.6,74.15,19772625,362,WRITE_HEAVY,ADD_COLUMN_DEFAULT,LOW,0.86,1.24,1,0
MIG-12834,order_payments,98938.88,96.62,23784277,2158,WRITE_HEAVY,ALTER_COLUMN_TYPE,HIGH,32.84,230.24,0,1
MIG-12835,order_items,288890.88,282.12,45341245,2681,WRITE_HEAVY,ADD_INDEX_LOCKING,HIGH,27.64,199.36,0,1
MIG-12836,order_items,249251.84,243.41,39119615,139,ANALYTICAL_BATCH,ADD_INDEX_CONCURRENTLY,LOW,0.94,1.1,1,0
MIG-12837,orders,208128.0,203.25,25406541,906,WRITE_HEAVY,ALTER_COLUMN_TYPE,MEDIUM,69.51,104.47,0,1
MIG-12838,order_items,497305.6,485.65,78050271,861,READ_HEAVY,ALTER_COLUMN_TYPE,MEDIUM,123.77,115.94,0,1
MIG-12839,orders,121528.32,118.68,14834557,2929,ANALYTICAL_BATCH,ADD_COLUMN_DEFAULT,HIGH,1.17,7.8,1,0
MIG-12840,order_payments,131604.48,128.52,31635340,219,READ_HEAVY,ADD_INDEX_LOCKING,LOW,14.5,17.93,1,0
MIG-12841,order_items,253429.76,247.49,39775004,1488,READ_HEAVY,ADD_INDEX_CONCURRENTLY,MEDIUM,1.01,1.6,1,0
MIG-12842,order_items,150743.04,147.21,23659018,2883,ANALYTICAL_BATCH,ADD_INDEX_CONCURRENTLY,HIGH,0.79,2.39,1,0
MIG-12843,orders,181831.68,177.57,22196431,1087,WRITE_HEAVY,ADD_INDEX_CONCURRENTLY,MEDIUM,0.83,1.68,1,0
MIG-12844,orders,72837.12,71.13,8890905,1762,WRITE_HEAVY,ADD_COLUMN_DEFAULT,HIGH,1.09,3.54,1,0
MIG-12845,order_items,257474.56,251.44,40409789,722,READ_HEAVY,ADD_INDEX_CONCURRENTLY,MEDIUM,1.01,1.2,1,0
MIG-12846,orders,161331.2,157.55,19694032,3042,READ_HEAVY,ADD_INDEX_CONCURRENTLY,CRITICAL,0.8,3.99,1,0
MIG-12847,orders,112486.4,109.85,13731709,409,MIXED_OLTP,TABLE_REWRITE,LOW,77.08,87.63,0,1
MIG-12848,order_payments,52377.6,51.15,12591894,390,WRITE_HEAVY,ADD_COLUMN_DEFAULT,LOW,0.92,0.86,1,0
MIG-12849,order_items,477603.84,466.41,74958018,822,READ_HEAVY,ALTER_COLUMN_TYPE,MEDIUM,117.82,179.8,0,1
MIG-12850,order_items,396994.56,387.69,62306946,1231,MIXED_OLTP,ADD_INDEX_CONCURRENTLY,MEDIUM,1.44,2.85,1,0
MIG-12851,order_items,548085.76,535.24,86020661,2365,ANALYTICAL_BATCH,ADD_INDEX_CONCURRENTLY,HIGH,1.8,4.45,1,0
MIG-12852,order_shipments,66641.92,65.08,17354775,1316,WRITE_HEAVY,ADD_INDEX_LOCKING,MEDIUM,9.46,23.72,1,0
MIG-12853,order_items,364195.84,355.66,57159224,586,WRITE_HEAVY,ADD_COLUMN_DEFAULT,MEDIUM,3.15,3.81,1,0
MIG-12854,order_payments,57927.68,56.57,13924182,1798,ANALYTICAL_BATCH,ADD_COLUMN_DEFAULT,HIGH,0.72,2.27,1,0
MIG-12855,customer_sessions,65433.6,63.9,14605748,1307,READ_HEAVY,TABLE_REWRITE,MEDIUM,49.54,47.38,0,1
MIG-12856,order_payments,50206.72,49.03,12069885,2054,WRITE_HEAVY,ADD_COLUMN_DEFAULT,HIGH,0.63,2.58,1,0
MIG-12857,order_items,239697.92,234.08,37620501,2938,WRITE_HEAVY,ADD_COLUMN_DEFAULT,HIGH,2.4,9.31,1,0
MIG-12858,order_payments,127457.28,124.47,30637751,452,MIXED_OLTP,DROP_COLUMN,LOW,0.95,1.01,1,0
MIG-12859,order_items,497213.44,485.56,78036594,1641,READ_HEAVY,ADD_INDEX_CONCURRENTLY,HIGH,1.83,4.22,1,0
MIG-12860,order_items,430991.36,420.89,67642752,4009,READ_HEAVY,ADD_INDEX_LOCKING,CRITICAL,32.55,995.46,0,1
MIG-12861,order_items,134778.88,131.62,21152562,2597,MIXED_OLTP,ADD_COLUMN_DEFAULT,HIGH,1.47,5.08,1,0
MIG-12862,order_items,180367.36,176.14,28307867,154,WRITE_HEAVY,ADD_INDEX_CONCURRENTLY,LOW,0.87,1.06,1,0
MIG-12863,orders,159733.76,155.99,19498851,1360,WRITE_HEAVY,ADD_COLUMN_DEFAULT,MEDIUM,1.68,2.2,1,0
MIG-12864,order_items,499865.6,488.15,78453452,3245,READ_HEAVY,ADD_COLUMN_DEFAULT,CRITICAL,3.72,19.95,1,0
MIG-12865,orders,151808.0,148.25,18530723,609,MIXED_OLTP,DROP_COLUMN,MEDIUM,1.22,1.04,1,0
MIG-12866,order_items,123617.28,120.72,19400734,1043,WRITE_HEAVY,TABLE_REWRITE,MEDIUM,72.15,77.65,0,1
MIG-12867,order_items,209786.88,204.87,32925869,198,MIXED_OLTP,ADD_INDEX_LOCKING,LOW,19.99,29.13,0,1
MIG-12868,customer_sessions,52316.16,51.09,11678240,2458,WRITE_HEAVY,ADD_COLUMN_DEFAULT,HIGH,0.77,2.91,1,0
MIG-12869,orders,202700.8,197.95,24743860,2087,WRITE_HEAVY,TABLE_REWRITE,HIGH,90.63,1163.99,0,1
MIG-12870,order_items,131942.4,128.85,20707693,3676,ANALYTICAL_BATCH,ADD_INDEX_LOCKING,CRITICAL,17.03,451.48,0,1
MIG-12871,order_items,137052.16,133.84,21509872,5091,WRITE_HEAVY,ADD_INDEX_CONCURRENTLY,CRITICAL,0.67,8.61,1,0
MIG-12872,orders,106946.56,104.44,13055373,659,WRITE_HEAVY,ADD_INDEX_CONCURRENTLY,MEDIUM,0.44,0.84,1,0
MIG-12873,orders,67624.96,66.04,8254545,2240,MIXED_OLTP,ADD_INDEX_CONCURRENTLY,HIGH,0.34,1.05,1,0
MIG-12874,orders,169021.44,165.06,20632548,167,READ_HEAVY,ADD_INDEX_CONCURRENTLY,LOW,0.8,0.84,1,0
MIG-12875,orders,76513.28,74.72,9339953,154,READ_HEAVY,ADD_COLUMN_DEFAULT,LOW,1.06,1.02,1,0
MIG-12876,orders,192532.48,188.02,23501922,182,MIXED_OLTP,ADD_COLUMN_DEFAULT,LOW,1.64,2.63,1,0
MIG-12877,order_items,515809.28,503.72,80955250,3640,WRITE_HEAVY,TABLE_REWRITE,CRITICAL,163.07,3865.07,0,1
MIG-12878,order_items,615567.36,601.14,96611849,264,MIXED_OLTP,ADD_COLUMN_DEFAULT,LOW,4.03,6.1,1,0
MIG-12879,orders,258928.64,252.86,31606987,967,WRITE_HEAVY,ADD_INDEX_CONCURRENTLY,MEDIUM,1.04,2.04,1,0
MIG-12880,orders,109619.2,107.05,13380859,638,WRITE_HEAVY,TABLE_REWRITE,MEDIUM,54.71,104.42,0,1
MIG-12881,orders,55654.4,54.35,6794059,539,MIXED_OLTP,ADD_COLUMN_DEFAULT,MEDIUM,0.72,1.03,1,0
MIG-12882,order_items,284692.48,278.02,44682389,594,WRITE_HEAVY,ADD_INDEX_CONCURRENTLY,MEDIUM,1.15,1.93,1,0
MIG-12883,order_items,480327.68,469.07,75386889,352,MIXED_OLTP,ADD_INDEX_CONCURRENTLY,LOW,1.73,1.2,1,0
MIG-12884,order_items,145551.36,142.14,22843897,1473,ANALYTICAL_BATCH,DROP_COLUMN,MEDIUM,1.01,2.29,1,0
MIG-12885,orders,128716.8,125.7,15712241,525,MIXED_OLTP,ADD_COLUMN_DEFAULT,MEDIUM,1.57,2.15,1,0
MIG-12886,orders,115077.12,112.38,14046932,1552,WRITE_HEAVY,DROP_COLUMN,HIGH,0.89,3.09,1,0
MIG-12887,customer_sessions,28487.68,27.82,6358577,2671,WRITE_HEAVY,ALTER_COLUMN_TYPE,HIGH,16.6,223.14,0,1
MIG-12888,orders,205332.48,200.52,25065530,2587,MIXED_OLTP,DROP_COLUMN,HIGH,1.49,4.04,1,0
MIG-12889,orders,194928.64,190.36,23795619,1233,READ_HEAVY,ALTER_COLUMN_TYPE,MEDIUM,56.2,70.17,0,1
MIG-12890,orders,167598.08,163.67,20458340,169,MIXED_OLTP,ADD_INDEX_LOCKING,LOW,22.05,20.3,1,0
MIG-12891,customer_sessions,73093.12,71.38,16315154,1365,MIXED_OLTP,DROP_COLUMN,MEDIUM,0.64,1.34,1,0
MIG-12892,order_items,167915.52,163.98,26354247,4558,WRITE_HEAVY,ADD_INDEX_CONCURRENTLY,CRITICAL,0.63,7.86,1,0
MIG-12893,order_items,191938.56,187.44,30124827,657,WRITE_HEAVY,ADD_COLUMN_DEFAULT,MEDIUM,1.67,2.5,1,0
MIG-12894,customer_sessions,39075.84,38.16,8721675,146,READ_HEAVY,ADD_COLUMN_DEFAULT,LOW,0.61,0.73,1,0
MIG-12895,orders,194222.08,189.67,23708815,4506,READ_HEAVY,ADD_COLUMN_DEFAULT,CRITICAL,2.05,10.61,1,0
MIG-12896,customer_sessions,52019.2,50.8,11610741,4947,WRITE_HEAVY,ADD_COLUMN_DEFAULT,CRITICAL,0.91,7.83,1,0
MIG-12897,orders,65525.76,63.99,7999152,412,READ_HEAVY,DROP_COLUMN,LOW,0.7,0.8,1,0
MIG-12898,order_items,609331.2,595.05,95632409,2381,MIXED_OLTP,ADD_COLUMN_DEFAULT,HIGH,4.4,17.46,1,0
MIG-12899,order_items,272128.0,265.75,42710250,1015,READ_HEAVY,DROP_COLUMN,MEDIUM,1.93,2.03,1,0
MIG-12900,order_items,299950.08,292.92,47076781,1195,WRITE_HEAVY,ADD_COLUMN_DEFAULT,MEDIUM,2.73,6.42,1,0
MIG-12901,customer_sessions,54568.96,53.29,12180269,630,MIXED_OLTP,ALTER_COLUMN_TYPE,MEDIUM,26.81,37.4,0,1
MIG-12902,orders,258211.84,252.16,31519468,3912,MIXED_OLTP,ADD_COLUMN_DEFAULT,CRITICAL,2.74,19.17,1,0
MIG-12903,customer_sessions,57088.0,55.75,12742710,139,ANALYTICAL_BATCH,ADD_INDEX_LOCKING,LOW,8.55,10.23,1,0
MIG-12904,order_items,607447.04,593.21,95336639,2758,WRITE_HEAVY,DROP_COLUMN,HIGH,2.75,11.0,1,0
MIG-12905,order_items,211507.2,206.55,33194880,342,MIXED_OLTP,ADD_COLUMN_DEFAULT,LOW,1.91,1.54,1,0
MIG-12906,customer_sessions,54261.76,52.99,12110862,2665,MIXED_OLTP,ADD_INDEX_LOCKING,HIGH,8.86,155.99,0,1
MIG-12907,orders,232488.96,227.04,28379730,2246,MIXED_OLTP,TABLE_REWRITE,HIGH,107.38,702.0,0,1
MIG-12908,customer_sessions,47175.68,46.07,10529952,2894,WRITE_HEAVY,ADD_INDEX_LOCKING,HIGH,7.81,67.5,0,1
MIG-12909,order_items,301608.96,294.54,47336067,5323,WRITE_HEAVY,TABLE_REWRITE,CRITICAL,146.68,3979.82,0,1
MIG-12910,order_payments,144609.28,141.22,34761045,2424,READ_HEAVY,ADD_COLUMN_DEFAULT,HIGH,1.64,2.88,1,0
MIG-12911,orders,80332.8,78.45,9806658,2750,WRITE_HEAVY,ALTER_COLUMN_TYPE,HIGH,32.36,356.79,0,1
MIG-12912,order_items,326768.64,319.11,51285291,1159,WRITE_HEAVY,ALTER_COLUMN_TYPE,MEDIUM,95.54,157.66,0,1
MIG-12913,order_payments,131256.32,128.18,31553164,4809,ANALYTICAL_BATCH,ADD_INDEX_LOCKING,CRITICAL,19.17,585.27,0,1
MIG-12914,order_items,579420.16,565.84,90938940,747,WRITE_HEAVY,ALTER_COLUMN_TYPE,MEDIUM,111.76,210.93,0,1
MIG-12915,orders,265994.24,259.76,32470316,1482,ANALYTICAL_BATCH,ADD_INDEX_LOCKING,MEDIUM,24.62,85.22,0,1
MIG-12916,orders,244869.12,239.13,29890884,684,READ_HEAVY,ADD_COLUMN_DEFAULT,MEDIUM,2.2,3.6,1,0
MIG-12917,order_shipments,22661.12,22.13,5900671,1194,MIXED_OLTP,DROP_COLUMN,MEDIUM,0.33,0.54,1,0
MIG-12918,orders,254801.92,248.83,31103695,1106,WRITE_HEAVY,ADD_COLUMN_DEFAULT,MEDIUM,2.08,2.54,1,0
MIG-12919,order_payments,77926.4,76.1,18731215,592,READ_HEAVY,DROP_COLUMN,MEDIUM,0.62,1.16,1,0
MIG-12920,customer_sessions,56371.2,55.05,12583316,1274,READ_HEAVY,ADD_COLUMN_DEFAULT,MEDIUM,0.83,1.91,1,0
MIG-12921,orders,136355.84,133.16,16645448,3193,ANALYTICAL_BATCH,ADD_INDEX_LOCKING,CRITICAL,21.26,434.7,0,1
MIG-12922,orders,229120.0,223.75,27969038,4273,WRITE_HEAVY,ADD_COLUMN_DEFAULT,CRITICAL,2.0,26.34,0,1
MIG-12923,order_payments,95621.12,93.38,22986475,1315,WRITE_HEAVY,ADD_COLUMN_DEFAULT,MEDIUM,1.3,2.19,1,0
MIG-12924,orders,236175.36,230.64,28829705,3312,ANALYTICAL_BATCH,ADD_INDEX_CONCURRENTLY,CRITICAL,1.03,8.88,1,0
MIG-12925,order_items,214691.84,209.66,33695489,860,WRITE_HEAVY,ADD_INDEX_CONCURRENTLY,MEDIUM,0.83,1.43,1,0
MIG-12926,order_payments,48783.36,47.64,11727513,1008,READ_HEAVY,DROP_COLUMN,MEDIUM,0.55,0.59,1,0
MIG-12927,order_items,341964.8,333.95,53670520,5310,WRITE_HEAVY,ADD_COLUMN_DEFAULT,CRITICAL,2.85,44.25,0,1
MIG-12928,order_items,117135.36,114.39,18384875,2072,WRITE_HEAVY,ADD_INDEX_CONCURRENTLY,HIGH,0.47,1.49,1,0
MIG-12929,order_payments,109629.44,107.06,26354165,1677,READ_HEAVY,ADD_COLUMN_DEFAULT,HIGH,1.44,2.82,1,0
MIG-12930,order_items,267479.04,261.21,41980351,631,READ_HEAVY,ADD_COLUMN_DEFAULT,MEDIUM,2.53,4.51,1,0
MIG-12931,orders,172421.12,168.38,21047082,698,READ_HEAVY,ADD_INDEX_CONCURRENTLY,MEDIUM,0.65,1.05,1,0
MIG-12932,order_items,150814.72,147.28,23670288,446,READ_HEAVY,ADD_INDEX_CONCURRENTLY,LOW,0.74,0.66,1,0
MIG-12933,order_shipments,32583.68,31.82,8485918,4932,MIXED_OLTP,ADD_INDEX_LOCKING,CRITICAL,7.8,165.64,0,1
MIG-12934,order_payments,101242.88,98.87,24338344,917,ANALYTICAL_BATCH,ADD_INDEX_LOCKING,MEDIUM,13.07,24.66,1,0
MIG-12935,order_items,272435.2,266.05,42758672,1347,WRITE_HEAVY,TABLE_REWRITE,MEDIUM,120.79,202.07,0,1
MIG-12936,order_items,225505.28,220.22,35392477,467,WRITE_HEAVY,ADD_INDEX_CONCURRENTLY,LOW,0.81,1.27,1,0
MIG-12937,orders,99768.32,97.43,12178855,2800,WRITE_HEAVY,ADD_COLUMN_DEFAULT,HIGH,1.26,3.78,1,0
MIG-12938,orders,96665.6,94.4,11800122,504,MIXED_OLTP,ADD_INDEX_CONCURRENTLY,MEDIUM,0.43,0.79,1,0
MIG-12939,orders,186920.96,182.54,22816975,1648,WRITE_HEAVY,DROP_COLUMN,HIGH,1.38,4.43,1,0
MIG-12940,customer_sessions,25149.44,24.56,5614753,1225,MIXED_OLTP,ADD_INDEX_CONCURRENTLY,MEDIUM,0.16,0.4,1,0
MIG-12941,orders,129372.16,126.34,15793071,252,READ_HEAVY,ADD_INDEX_CONCURRENTLY,LOW,0.66,0.64,1,0
MIG-12942,order_shipments,75489.28,73.72,19658356,163,READ_HEAVY,DROP_COLUMN,LOW,0.69,0.56,1,0
MIG-12943,orders,162764.8,158.95,19869118,1146,MIXED_OLTP,ADD_COLUMN_DEFAULT,MEDIUM,1.93,3.27,1,0
MIG-12944,orders,181258.24,177.01,22126583,2033,READ_HEAVY,ADD_COLUMN_DEFAULT,HIGH,2.16,4.71,1,0
MIG-12945,order_items,244183.04,238.46,38323465,2878,READ_HEAVY,DROP_COLUMN,HIGH,1.56,6.02,1,0
MIG-12946,order_items,596060.16,582.09,93549904,1076,WRITE_HEAVY,ALTER_COLUMN_TYPE,MEDIUM,124.01,172.38,0,1
MIG-12947,order_payments,76206.08,74.42,18319722,739,READ_HEAVY,ADD_COLUMN_DEFAULT,MEDIUM,1.1,1.34,1,0
MIG-12948,customer_sessions,32849.92,32.08,7332280,1434,WRITE_HEAVY,ADD_INDEX_CONCURRENTLY,MEDIUM,0.2,0.38,1,0
MIG-12949,order_shipments,93440.0,91.25,24333445,4500,MIXED_OLTP,ADD_COLUMN_DEFAULT,CRITICAL,1.11,12.58,1,0
MIG-12950,orders,194088.96,189.54,23692819,3740,READ_HEAVY,ADD_INDEX_CONCURRENTLY,CRITICAL,0.73,6.07,1,0
MIG-12951,order_payments,100177.92,97.83,24081640,1715,WRITE_HEAVY,ADD_INDEX_CONCURRENTLY,HIGH,0.51,1.25,1,0
MIG-12952,orders,245278.72,239.53,29941835,322,WRITE_HEAVY,ADD_COLUMN_DEFAULT,LOW,2.02,2.6,1,0
MIG-12953,order_shipments,23285.76,22.74,6064470,1247,READ_HEAVY,ADD_INDEX_CONCURRENTLY,MEDIUM,0.16,0.39,1,0
MIG-12954,order_items,547010.56,534.19,85852040,5089,ANALYTICAL_BATCH,ADD_INDEX_CONCURRENTLY,CRITICAL,1.72,22.25,1,0
MIG-12955,order_items,464527.36,453.64,72907013,627,WRITE_HEAVY,DROP_COLUMN,MEDIUM,2.48,4.59,1,0
MIG-12956,orders,128778.24,125.76,15719805,2148,WRITE_HEAVY,ADD_INDEX_LOCKING,HIGH,17.57,222.85,0,1
MIG-12957,orders,105850.88,103.37,12921486,5499,READ_HEAVY,ADD_INDEX_CONCURRENTLY,CRITICAL,0.46,5.04,1,0
MIG-12958,orders,72335.36,70.64,8829759,2491,ANALYTICAL_BATCH,DROP_COLUMN,HIGH,0.78,2.49,1,0
MIG-12959,order_shipments,96491.52,94.23,25127202,1638,MIXED_OLTP,TABLE_REWRITE,HIGH,52.32,568.69,0,1
MIG-12960,order_payments,43622.4,42.6,10487068,1417,WRITE_HEAVY,ADD_INDEX_CONCURRENTLY,MEDIUM,0.25,0.46,1,0
MIG-12961,customer_sessions,31068.16,30.34,6935914,4713,READ_HEAVY,ADD_INDEX_LOCKING,CRITICAL,5.96,173.7,0,1
MIG-12962,orders,202014.72,197.28,24659893,960,MIXED_OLTP,ADD_INDEX_CONCURRENTLY,MEDIUM,0.72,1.73,1,0
MIG-12963,order_items,481198.08,469.92,75522347,4942,MIXED_OLTP,TABLE_REWRITE,CRITICAL,152.97,4642.3,0,1
MIG-12964,orders,84715.52,82.73,10340755,1148,READ_HEAVY,ADD_INDEX_CONCURRENTLY,MEDIUM,0.39,0.86,1,0
MIG-12965,order_items,534855.68,522.32,83944624,1886,MIXED_OLTP,ADD_INDEX_CONCURRENTLY,HIGH,1.82,3.55,1,0
MIG-12966,order_items,378040.32,369.18,59333268,4991,READ_HEAVY,TABLE_REWRITE,CRITICAL,149.1,3716.1,0,1
MIG-12967,orders,236820.48,231.27,28908330,754,WRITE_HEAVY,DROP_COLUMN,MEDIUM,1.38,2.8,1,0
MIG-12968,order_items,159733.76,155.99,25070116,728,WRITE_HEAVY,ADD_INDEX_CONCURRENTLY,MEDIUM,0.67,1.07,1,0
MIG-12969,orders,58624.0,57.25,7156409,338,READ_HEAVY,ADD_INDEX_LOCKING,LOW,9.4,10.22,1,0
MIG-12970,order_items,443432.96,433.04,69596220,1527,WRITE_HEAVY,ALTER_COLUMN_TYPE,HIGH,87.7,1004.51,0,1
MIG-12971,order_payments,44595.2,43.55,10720685,2445,READ_HEAVY,ADD_COLUMN_DEFAULT,HIGH,0.75,2.58,1,0
MIG-12972,orders,165263.36,161.39,20173624,1050,MIXED_OLTP,ADD_INDEX_CONCURRENTLY,MEDIUM,0.73,0.85,1,0
MIG-12973,customer_sessions,15247.36,14.89,3403166,4801,MIXED_OLTP,ADD_INDEX_CONCURRENTLY,CRITICAL,0.16,1.49,1,0
MIG-12974,order_items,517201.92,505.08,81174270,3398,WRITE_HEAVY,TABLE_REWRITE,CRITICAL,187.01,2384.55,0,1
MIG-12975,order_shipments,93040.64,90.86,24229851,4450,WRITE_HEAVY,ADD_INDEX_CONCURRENTLY,CRITICAL,0.4,3.54,1,0
MIG-12976,order_payments,127129.6,124.15,30559823,2162,MIXED_OLTP,ADD_COLUMN_DEFAULT,HIGH,1.61,4.9,1,0
MIG-12977,order_payments,141445.12,138.13,34000561,3436,READ_HEAVY,ADD_INDEX_CONCURRENTLY,CRITICAL,0.7,3.13,1,0
MIG-12978,order_payments,134819.84,131.66,32409157,4129,WRITE_HEAVY,ADD_INDEX_CONCURRENTLY,CRITICAL,0.52,4.47,1,0
MIG-12979,order_shipments,55265.28,53.97,14390789,469,MIXED_OLTP,ADD_COLUMN_DEFAULT,LOW,0.69,0.77,1,0
MIG-12980,order_items,320276.48,312.77,50266204,5060,WRITE_HEAVY,ADD_COLUMN_DEFAULT,CRITICAL,2.42,27.08,0,1
MIG-12981,orders,247377.92,241.58,30196959,666,WRITE_HEAVY,ADD_INDEX_CONCURRENTLY,MEDIUM,1.0,1.8,1,0
MIG-12982,orders,254177.28,248.22,31027347,5116,MIXED_OLTP,ADD_INDEX_CONCURRENTLY,CRITICAL,0.81,7.94,1,0
MIG-12983,order_items,616765.44,602.31,96799711,2347,READ_HEAVY,ADD_INDEX_CONCURRENTLY,HIGH,2.01,5.76,1,0
MIG-12984,orders,219095.04,213.96,26744565,1570,READ_HEAVY,ADD_INDEX_CONCURRENTLY,HIGH,0.91,2.55,1,0
MIG-12985,orders,93829.12,91.63,11453698,1420,MIXED_OLTP,ADD_INDEX_CONCURRENTLY,MEDIUM,0.43,0.88,1,0
MIG-12986,orders,258160.64,252.11,31513761,310,ANALYTICAL_BATCH,ADD_INDEX_LOCKING,LOW,29.55,33.12,1,0
MIG-12987,order_items,603504.64,589.36,94718458,1412,WRITE_HEAVY,ADD_INDEX_CONCURRENTLY,MEDIUM,1.76,4.71,1,0
MIG-12988,orders,196485.12,191.88,23985546,1647,READ_HEAVY,ADD_COLUMN_DEFAULT,HIGH,1.99,5.14,1,0
MIG-12989,order_items,557127.68,544.07,87439701,3419,WRITE_HEAVY,DROP_COLUMN,CRITICAL,3.05,21.91,1,0
MIG-12990,order_payments,93859.84,91.66,22561880,460,READ_HEAVY,ADD_INDEX_LOCKING,LOW,11.52,15.7,1,0
MIG-12991,order_shipments,96737.28,94.47,25193142,738,READ_HEAVY,DROP_COLUMN,MEDIUM,0.84,1.44,1,0
MIG-12992,order_items,163164.16,159.34,25608848,2324,READ_HEAVY,TABLE_REWRITE,HIGH,87.61,651.33,0,1
MIG-12993,order_items,560578.56,547.44,87981059,1101,WRITE_HEAVY,ADD_INDEX_CONCURRENTLY,MEDIUM,1.75,3.01,1,0
MIG-12994,order_items,143329.28,139.97,22495793,479,MIXED_OLTP,ADD_INDEX_CONCURRENTLY,LOW,0.58,0.75,1,0
MIG-12995,order_items,289699.84,282.91,45467671,234,READ_HEAVY,ADD_INDEX_CONCURRENTLY,LOW,1.07,0.91,1,0
MIG-12996,order_payments,42833.92,41.83,10297378,2630,MIXED_OLTP,ADD_INDEX_CONCURRENTLY,HIGH,0.24,1.0,1,0
MIG-12997,orders,155125.76,151.49,18936647,1230,READ_HEAVY,TABLE_REWRITE,MEDIUM,70.58,181.82,0,1
MIG-12998,customer_sessions,29317.12,28.63,6544344,4752,MIXED_OLTP,DROP_COLUMN,CRITICAL,0.36,2.55,1,0
MIG-12999,orders,259737.6,253.65,31705954,1022,READ_HEAVY,ADD_INDEX_LOCKING,MEDIUM,33.28,30.63,0,1
MIG-13000,order_shipments,64829.44,63.31,16881340,128,READ_HEAVY,TABLE_REWRITE,LOW,44.4,58.1,0,1
MIG-13001,order_items,578007.04,564.46,90716189,1899,MIXED_OLTP,ALTER_COLUMN_TYPE,HIGH,124.6,1392.27,0,1
MIG-13002,orders,110653.44,108.06,13507578,4402,MIXED_OLTP,ADD_COLUMN_DEFAULT,CRITICAL,1.43,10.18,1,0
MIG-13003,order_payments,29736.96,29.04,7148153,911,READ_HEAVY,ALTER_COLUMN_TYPE,MEDIUM,13.75,14.79,1,0
MIG-13004,orders,220712.96,215.54,26942685,3461,READ_HEAVY,ADD_COLUMN_DEFAULT,CRITICAL,1.79,11.97,1,0
MIG-13005,order_payments,110776.32,108.18,26628476,2536,READ_HEAVY,ADD_INDEX_CONCURRENTLY,HIGH,0.64,1.6,1,0
MIG-13006,order_items,396216.32,386.93,62184823,4152,READ_HEAVY,ADD_COLUMN_DEFAULT,CRITICAL,2.77,13.19,1,0
MIG-13007,orders,229488.64,224.11,28014253,1285,READ_HEAVY,ALTER_COLUMN_TYPE,MEDIUM,61.75,96.26,0,1
MIG-13008,orders,234967.04,229.46,28682278,319,MIXED_OLTP,ADD_INDEX_LOCKING,LOW,27.02,22.78,1,0
MIG-13009,order_payments,97054.72,94.78,23331615,247,READ_HEAVY,ADD_COLUMN_DEFAULT,LOW,0.99,1.61,1,0
MIG-13010,orders,262799.36,256.64,32080050,1663,READ_HEAVY,ALTER_COLUMN_TYPE,HIGH,71.63,394.19,0,1
MIG-13011,order_shipments,78131.2,76.3,20345778,3262,READ_HEAVY,ADD_COLUMN_DEFAULT,CRITICAL,0.97,7.14,1,0
MIG-13012,order_payments,107714.56,105.19,25894010,1007,ANALYTICAL_BATCH,DROP_COLUMN,MEDIUM,0.92,1.56,1,0
MIG-13013,order_payments,69928.96,68.29,16808947,241,WRITE_HEAVY,ADD_COLUMN_DEFAULT,LOW,0.93,1.17,1,0
MIG-13014,orders,49653.76,48.49,6060981,387,WRITE_HEAVY,ADD_INDEX_CONCURRENTLY,LOW,0.34,0.39,1,0
MIG-13015,order_payments,55490.56,54.19,13339149,1130,WRITE_HEAVY,ADD_COLUMN_DEFAULT,MEDIUM,0.92,1.03,1,0
MIG-13016,customer_sessions,63621.12,62.13,14200455,3710,MIXED_OLTP,ALTER_COLUMN_TYPE,CRITICAL,27.68,591.03,0,1
MIG-13017,orders,206161.92,201.33,25166523,1259,READ_HEAVY,TABLE_REWRITE,MEDIUM,83.51,220.6,0,1
MIG-13018,order_items,285532.16,278.84,44812793,2348,READ_HEAVY,ADD_INDEX_CONCURRENTLY,HIGH,1.23,2.16,1,0
MIG-13019,orders,187525.12,183.13,22890740,1379,WRITE_HEAVY,ADD_INDEX_CONCURRENTLY,MEDIUM,0.87,1.39,1,0
MIG-13020,order_items,215470.08,210.42,33818285,5382,MIXED_OLTP,ADD_INDEX_CONCURRENTLY,CRITICAL,0.98,6.33,1,0
MIG-13021,order_payments,58204.16,56.84,13992478,2942,READ_HEAVY,ADD_INDEX_LOCKING,HIGH,8.86,107.98,0,1
MIG-13022,order_items,603637.76,589.49,94740055,150,READ_HEAVY,ADD_COLUMN_DEFAULT,LOW,4.12,2.85,1,0
MIG-13023,order_items,327925.76,320.24,51467626,2294,WRITE_HEAVY,DROP_COLUMN,HIGH,2.05,7.76,1,0
MIG-13024,order_items,241121.28,235.47,37843995,1543,WRITE_HEAVY,ADD_INDEX_CONCURRENTLY,HIGH,0.88,2.23,1,0
MIG-13025,orders,156897.28,153.22,19151922,5200,WRITE_HEAVY,ADD_INDEX_CONCURRENTLY,CRITICAL,0.82,7.77,1,0
MIG-13026,orders,134758.4,131.6,16449428,1202,READ_HEAVY,ALTER_COLUMN_TYPE,MEDIUM,38.25,48.3,0,1
MIG-13027,order_shipments,78940.16,77.09,20557827,204,READ_HEAVY,DROP_COLUMN,LOW,0.78,1.01,1,0
MIG-13028,order_items,611235.84,596.91,95931404,1107,WRITE_HEAVY,ADD_INDEX_CONCURRENTLY,MEDIUM,1.93,2.64,1,0
MIG-13029,order_items,420085.76,410.24,65930731,2339,WRITE_HEAVY,ADD_INDEX_CONCURRENTLY,HIGH,1.5,5.29,1,0
MIG-13030,order_payments,97443.84,95.16,23425038,1043,WRITE_HEAVY,ADD_INDEX_CONCURRENTLY,MEDIUM,0.47,0.99,1,0
MIG-13031,orders,129843.2,126.8,15850514,4348,READ_HEAVY,ADD_INDEX_CONCURRENTLY,CRITICAL,0.6,5.34,1,0
MIG-13032,orders,174039.04,169.96,21245035,1484,WRITE_HEAVY,ADD_INDEX_CONCURRENTLY,MEDIUM,0.74,1.43,1,0
MIG-13033,orders,119787.52,116.98,14621879,4921,WRITE_HEAVY,ADD_INDEX_LOCKING,CRITICAL,13.45,403.64,0,1
MIG-13034,customer_sessions,14407.68,14.07,3215725,902,WRITE_HEAVY,ADD_INDEX_CONCURRENTLY,MEDIUM,0.16,0.22,1,0
MIG-13035,order_payments,130385.92,127.33,31343569,409,MIXED_OLTP,ADD_COLUMN_DEFAULT,LOW,1.56,1.52,1,0
MIG-13036,order_items,336322.56,328.44,52784970,640,ANALYTICAL_BATCH,ADD_COLUMN_DEFAULT,MEDIUM,2.66,5.19,1,0
MIG-13037,orders,157992.96,154.29,19286389,1928,READ_HEAVY,ADD_COLUMN_DEFAULT,HIGH,1.81,6.24,1,0
MIG-13038,orders,67624.96,66.04,8254524,3293,WRITE_HEAVY,ADD_COLUMN_DEFAULT,CRITICAL,0.8,6.91,1,0
MIG-13039,order_items,546713.6,533.9,85805951,1385,ANALYTICAL_BATCH,ALTER_COLUMN_TYPE,MEDIUM,108.6,292.85,0,1
MIG-13040,order_items,202598.4,197.85,31797302,109,ANALYTICAL_BATCH,ADD_INDEX_CONCURRENTLY,LOW,0.98,0.88,1,0
MIG-13041,customer_sessions,40826.88,39.87,9112944,5228,READ_HEAVY,ADD_INDEX_LOCKING,CRITICAL,7.22,137.26,0,1
MIG-13042,order_payments,127293.44,124.31,30599647,1332,WRITE_HEAVY,ADD_INDEX_CONCURRENTLY,MEDIUM,0.51,0.85,1,0
MIG-13043,order_items,350945.28,342.72,55080418,1448,MIXED_OLTP,ADD_INDEX_CONCURRENTLY,MEDIUM,1.46,2.7,1,0
MIG-13044,order_payments,138178.56,134.94,33217187,4914,ANALYTICAL_BATCH,ADD_INDEX_CONCURRENTLY,CRITICAL,0.58,5.59,1,0
MIG-13045,customer_sessions,27842.56,27.19,6214125,283,MIXED_OLTP,DROP_COLUMN,LOW,0.35,0.35,1,0
MIG-13046,order_items,483819.52,472.48,75933859,424,READ_HEAVY,ADD_COLUMN_DEFAULT,LOW,4.31,5.34,1,0
MIG-13047,order_items,619427.84,604.91,97217880,1487,READ_HEAVY,ADD_INDEX_LOCKING,MEDIUM,51.67,67.97,0,1
MIG-13048,order_shipments,64020.48,62.52,16671654,2838,ANALYTICAL_BATCH,ADD_INDEX_CONCURRENTLY,HIGH,0.33,1.81,1,0
MIG-13049,orders,202250.24,197.51,24688965,1284,WRITE_HEAVY,DROP_COLUMN,MEDIUM,1.41,2.42,1,0
MIG-13050,order_shipments,51046.4,49.85,13293695,4916,WRITE_HEAVY,ADD_INDEX_CONCURRENTLY,CRITICAL,0.26,2.82,1,0
MIG-13051,orders,215336.96,210.29,26286108,1153,MIXED_OLTP,ADD_INDEX_CONCURRENTLY,MEDIUM,0.98,1.74,1,0
MIG-13052,order_items,583751.68,570.07,91618798,5229,WRITE_HEAVY,DROP_COLUMN,CRITICAL,3.27,37.1,0,1
MIG-13053,order_payments,110858.24,108.26,26648000,272,READ_HEAVY,ADD_INDEX_CONCURRENTLY,LOW,0.62,0.47,1,0
MIG-13054,order_items,597719.04,583.71,93810225,300,WRITE_HEAVY,ADD_COLUMN_DEFAULT,LOW,4.36,4.41,1,0
MIG-13055,order_items,418488.32,408.68,65680864,436,WRITE_HEAVY,DROP_COLUMN,LOW,1.91,2.93,1,0
MIG-13056,order_items,412549.12,402.88,64748132,204,WRITE_HEAVY,ADD_INDEX_LOCKING,LOW,33.7,49.94,0,1
MIG-13057,orders,116531.2,113.8,14224939,1264,READ_HEAVY,ADD_INDEX_LOCKING,MEDIUM,13.59,23.14,1,0
MIG-13058,orders,206110.72,201.28,25159942,3275,READ_HEAVY,ADD_INDEX_CONCURRENTLY,CRITICAL,0.71,4.86,1,0
MIG-13059,orders,244224.0,238.5,29812718,2378,READ_HEAVY,ADD_INDEX_CONCURRENTLY,HIGH,1.0,2.85,1,0
MIG-13060,order_items,448245.76,437.74,70351614,1552,WRITE_HEAVY,ADD_COLUMN_DEFAULT,HIGH,3.99,10.54,1,0
MIG-13061,order_items,234956.8,229.45,36876176,498,ANALYTICAL_BATCH,ADD_INDEX_CONCURRENTLY,LOW,0.94,0.83,1,0
MIG-13062,orders,169502.72,165.53,20690946,5105,READ_HEAVY,ADD_COLUMN_DEFAULT,CRITICAL,1.9,15.22,1,0
MIG-13063,order_shipments,81131.52,79.23,21128248,749,ANALYTICAL_BATCH,ADD_COLUMN_DEFAULT,MEDIUM,1.01,1.31,1,0
MIG-13064,order_items,599490.56,585.44,94088428,1725,READ_HEAVY,ADD_COLUMN_DEFAULT,HIGH,4.08,8.18,1,0
MIG-13065,order_items,195502.08,190.92,30684280,2462,WRITE_HEAVY,ADD_COLUMN_DEFAULT,HIGH,2.03,5.72,1,0
MIG-13066,order_items,180490.24,176.26,28327264,460,MIXED_OLTP,ADD_INDEX_CONCURRENTLY,LOW,0.88,0.94,1,0
MIG-13067,orders,140492.8,137.2,17149475,821,MIXED_OLTP,ADD_INDEX_CONCURRENTLY,MEDIUM,0.57,1.06,1,0
MIG-13068,order_payments,41676.8,40.7,10017601,5403,WRITE_HEAVY,ADD_INDEX_CONCURRENTLY,CRITICAL,0.27,3.17,1,0
MIG-13069,order_items,620687.36,606.14,97414741,957,READ_HEAVY,ADD_INDEX_CONCURRENTLY,MEDIUM,2.14,2.16,1,0
MIG-13070,orders,143001.6,139.65,17456217,2162,MIXED_OLTP,ADD_INDEX_LOCKING,HIGH,16.7,235.17,0,1
MIG-13071,customer_sessions,48762.88,47.62,10883991,3847,WRITE_HEAVY,ADD_INDEX_CONCURRENTLY,CRITICAL,0.33,2.21,1,0
MIG-13072,order_shipments,37263.36,36.39,9705096,770,READ_HEAVY,ADD_INDEX_CONCURRENTLY,MEDIUM,0.27,0.43,1,0
MIG-13073,order_payments,80435.2,78.55,19334832,834,WRITE_HEAVY,ALTER_COLUMN_TYPE,MEDIUM,28.08,43.55,0,1
MIG-13074,order_shipments,100106.24,97.76,26069388,672,WRITE_HEAVY,ADD_COLUMN_DEFAULT,MEDIUM,1.02,1.54,1,0
MIG-13075,order_shipments,58961.92,57.58,15355642,2065,MIXED_OLTP,ADD_INDEX_CONCURRENTLY,HIGH,0.32,1.1,1,0
MIG-13076,order_items,119244.8,116.45,18714737,789,READ_HEAVY,ADD_INDEX_LOCKING,MEDIUM,19.0,22.48,1,0
MIG-13077,order_items,239851.52,234.23,37644729,556,MIXED_OLTP,DROP_COLUMN,MEDIUM,1.52,1.64,1,0
MIG-13078,order_items,619663.36,605.14,97254841,862,MIXED_OLTP,TABLE_REWRITE,MEDIUM,180.16,233.17,0,1
MIG-13079,orders,267919.36,261.64,32704822,3099,ANALYTICAL_BATCH,ALTER_COLUMN_TYPE,CRITICAL,67.71,1596.99,0,1
MIG-13080,orders,95713.28,93.47,11683313,3452,READ_HEAVY,DROP_COLUMN,CRITICAL,0.7,4.29,1,0
MIG-13081,orders,185241.6,180.9,22612130,2587,READ_HEAVY,ADD_INDEX_CONCURRENTLY,HIGH,0.92,1.71,1,0
MIG-13082,order_payments,35840.0,35.0,8614959,3062,WRITE_HEAVY,ADD_COLUMN_DEFAULT,CRITICAL,0.54,3.9,1,0
MIG-13083,order_payments,95805.44,93.56,23030319,1966,READ_HEAVY,ADD_INDEX_CONCURRENTLY,HIGH,0.41,1.4,1,0
MIG-13084,order_payments,41707.52,40.73,10026516,4710,READ_HEAVY,ADD_COLUMN_DEFAULT,CRITICAL,0.67,5.85,1,0
MIG-13085,order_items,537200.64,524.61,84311583,108,MIXED_OLTP,ALTER_COLUMN_TYPE,LOW,109.35,121.01,0,1
MIG-13086,orders,256972.8,250.95,31368524,1237,READ_HEAVY,ADD_INDEX_CONCURRENTLY,MEDIUM,1.07,1.51,1,0
MIG-13087,order_items,203970.56,199.19,32011931,3203,WRITE_HEAVY,ALTER_COLUMN_TYPE,CRITICAL,64.85,885.26,0,1
MIG-13088,order_items,353495.04,345.21,55479685,555,MIXED_OLTP,ADD_COLUMN_DEFAULT,MEDIUM,3.14,3.9,1,0
MIG-13089,order_shipments,26900.48,26.27,7004128,695,MIXED_OLTP,ADD_INDEX_CONCURRENTLY,MEDIUM,0.22,0.41,1,0
MIG-13090,order_shipments,46561.28,45.47,12125424,2790,READ_HEAVY,ALTER_COLUMN_TYPE,HIGH,21.28,222.64,0,1
MIG-13091,order_shipments,23828.48,23.27,6206111,1572,MIXED_OLTP,ADD_COLUMN_DEFAULT,HIGH,0.49,1.03,1,0
MIG-13092,order_shipments,40376.32,39.43,10514205,598,READ_HEAVY,ADD_COLUMN_DEFAULT,MEDIUM,0.65,0.56,1,0
MIG-13093,customer_sessions,78213.12,76.38,17459220,1446,MIXED_OLTP,ADD_COLUMN_DEFAULT,MEDIUM,0.94,2.35,1,0
MIG-13094,order_items,137707.52,134.48,21612864,1110,READ_HEAVY,ADD_INDEX_CONCURRENTLY,MEDIUM,0.67,1.47,1,0
MIG-13095,orders,239144.96,233.54,29192144,327,READ_HEAVY,ADD_INDEX_CONCURRENTLY,LOW,1.07,0.96,1,0
MIG-13096,orders,66283.52,64.73,8091219,540,WRITE_HEAVY,DROP_COLUMN,MEDIUM,0.68,0.81,1,0
MIG-13097,order_items,387696.64,378.61,60848751,894,WRITE_HEAVY,ALTER_COLUMN_TYPE,MEDIUM,80.3,176.18,0,1
MIG-13098,orders,149155.84,145.66,18207234,2364,MIXED_OLTP,DROP_COLUMN,HIGH,1.02,3.25,1,0
MIG-13099,orders,255201.28,249.22,31151975,1032,READ_HEAVY,ALTER_COLUMN_TYPE,MEDIUM,81.92,118.77,0,1
MIG-13100,customer_sessions,27176.96,26.54,6066318,1021,WRITE_HEAVY,ALTER_COLUMN_TYPE,MEDIUM,16.81,33.94,0,1
MIG-13101,orders,88893.44,86.81,10851414,1669,WRITE_HEAVY,ADD_INDEX_CONCURRENTLY,HIGH,0.54,1.16,1,0
MIG-13102,customer_sessions,62638.08,61.17,13981482,495,READ_HEAVY,ADD_INDEX_LOCKING,LOW,10.76,13.48,1,0
MIG-13103,order_payments,113571.84,110.91,27300720,1201,MIXED_OLTP,ADD_INDEX_LOCKING,MEDIUM,15.21,35.26,0,1
MIG-13104,order_items,475535.36,464.39,74633723,741,READ_HEAVY,ADD_COLUMN_DEFAULT,MEDIUM,3.53,6.41,1,0
MIG-13105,order_payments,29757.44,29.06,7152460,2954,MIXED_OLTP,ADD_COLUMN_DEFAULT,HIGH,0.63,1.35,1,0
MIG-13106,order_items,248852.48,243.02,39056734,220,MIXED_OLTP,ADD_INDEX_LOCKING,LOW,30.73,26.25,0,1
MIG-13107,order_items,548157.44,535.31,86031509,630,WRITE_HEAVY,TABLE_REWRITE,MEDIUM,166.99,231.25,0,1
MIG-13108,orders,182056.96,177.79,22223169,1393,MIXED_OLTP,TABLE_REWRITE,MEDIUM,93.51,196.3,0,1
MIG-13109,customer_sessions,53186.56,51.94,11871606,1728,WRITE_HEAVY,ADD_COLUMN_DEFAULT,HIGH,0.65,1.86,1,0
MIG-13110,order_items,267407.36,261.14,41969245,1591,READ_HEAVY,ADD_INDEX_LOCKING,HIGH,32.73,228.84,0,1
MIG-13111,orders,106700.8,104.2,13024673,4571,WRITE_HEAVY,ADD_COLUMN_DEFAULT,CRITICAL,1.16,9.89,1,0
MIG-13112,order_payments,140032.0,136.75,33660780,1896,WRITE_HEAVY,ALTER_COLUMN_TYPE,HIGH,52.97,332.8,0,1
MIG-13113,order_payments,113817.6,111.15,27359352,651,WRITE_HEAVY,DROP_COLUMN,MEDIUM,1.07,1.36,1,0
MIG-13114,order_items,180162.56,175.94,28276155,602,WRITE_HEAVY,TABLE_REWRITE,MEDIUM,94.32,131.62,0,1
MIG-13115,order_items,598630.4,584.6,93954262,150,MIXED_OLTP,TABLE_REWRITE,LOW,211.86,170.64,0,1
MIG-13116,orders,177960.96,173.79,21723994,1460,READ_HEAVY,ADD_COLUMN_DEFAULT,MEDIUM,1.98,2.98,1,0
MIG-13117,order_payments,66560.0,65.0,16000836,368,ANALYTICAL_BATCH,TABLE_REWRITE,LOW,47.44,68.55,0,1
MIG-13118,orders,136990.72,133.78,16722765,1342,READ_HEAVY,DROP_COLUMN,MEDIUM,1.01,1.41,1,0
MIG-13119,orders,209602.56,204.69,25585921,2427,READ_HEAVY,ADD_INDEX_CONCURRENTLY,HIGH,0.77,1.93,1,0
MIG-13120,orders,132372.48,129.27,16159361,2315,WRITE_HEAVY,ADD_INDEX_CONCURRENTLY,HIGH,0.56,2.4,1,0
MIG-13121,order_items,413378.56,403.69,64878328,717,READ_HEAVY,DROP_COLUMN,MEDIUM,2.32,3.6,1,0
MIG-13122,order_items,481372.16,470.09,75550459,1467,READ_HEAVY,ADD_INDEX_CONCURRENTLY,MEDIUM,1.36,3.5,1,0
MIG-13123,order_items,215521.28,210.47,33825374,1323,ANALYTICAL_BATCH,ADD_INDEX_CONCURRENTLY,MEDIUM,0.82,1.41,1,0
MIG-13124,orders,258007.04,251.96,31494520,1028,ANALYTICAL_BATCH,DROP_COLUMN,MEDIUM,1.39,2.97,1,0
MIG-13125,orders,127928.32,124.93,15616664,605,WRITE_HEAVY,ADD_INDEX_CONCURRENTLY,MEDIUM,0.59,1.04,1,0
MIG-13126,order_items,331120.64,323.36,51969355,1260,READ_HEAVY,ADD_COLUMN_DEFAULT,MEDIUM,2.77,4.97,1,0
MIG-13127,orders,203653.12,198.88,24859887,832,READ_HEAVY,ADD_INDEX_LOCKING,MEDIUM,22.23,35.12,0,1
MIG-13128,order_payments,99563.52,97.23,23933010,3522,READ_HEAVY,ADD_INDEX_CONCURRENTLY,CRITICAL,0.54,2.12,1,0
MIG-13129,customer_sessions,42731.52,41.73,9537725,1238,WRITE_HEAVY,DROP_COLUMN,MEDIUM,0.43,0.73,1,0
MIG-13130,order_items,450017.28,439.47,70629105,1337,MIXED_OLTP,ADD_INDEX_CONCURRENTLY,MEDIUM,1.7,1.83,1,0
MIG-13131,order_shipments,93317.12,91.13,24301091,345,MIXED_OLTP,ALTER_COLUMN_TYPE,LOW,39.96,34.07,0,1
MIG-13132,orders,226160.64,220.86,27607657,129,WRITE_HEAVY,ADD_COLUMN_DEFAULT,LOW,2.59,1.98,1,0
MIG-13133,orders,231464.96,226.04,28254993,1100,READ_HEAVY,ADD_INDEX_LOCKING,MEDIUM,26.34,35.7,0,1
MIG-13134,order_payments,57579.52,56.23,13842162,5297,WRITE_HEAVY,ADD_INDEX_LOCKING,CRITICAL,11.47,388.99,0,1
MIG-13135,order_payments,76871.68,75.07,18478816,374,ANALYTICAL_BATCH,ALTER_COLUMN_TYPE,LOW,24.57,39.94,1,0
MIG-13136,order_shipments,64368.64,62.86,16762493,765,WRITE_HEAVY,ADD_COLUMN_DEFAULT,MEDIUM,0.99,1.04,1,0
MIG-13137,orders,58931.2,57.55,7193152,4616,WRITE_HEAVY,ADD_COLUMN_DEFAULT,CRITICAL,0.9,8.05,1,0
MIG-13138,order_payments,118855.68,116.07,28570014,748,WRITE_HEAVY,ADD_INDEX_CONCURRENTLY,MEDIUM,0.58,1.33,1,0
MIG-13139,order_items,281630.72,275.03,44200537,1374,MIXED_OLTP,ADD_COLUMN_DEFAULT,MEDIUM,2.46,2.82,1,0
MIG-13140,order_items,260536.32,254.43,40890282,2768,MIXED_OLTP,ADD_COLUMN_DEFAULT,HIGH,2.21,8.8,1,0
MIG-13141,orders,106506.24,104.01,13000884,1068,WRITE_HEAVY,DROP_COLUMN,MEDIUM,0.75,1.29,1,0
MIG-13142,customer_sessions,32614.4,31.85,7280661,3338,WRITE_HEAVY,ADD_INDEX_CONCURRENTLY,CRITICAL,0.24,2.44,1,0
MIG-13143,orders,123914.24,121.01,15126400,260,MIXED_OLTP,ADD_COLUMN_DEFAULT,LOW,1.61,1.49,1,0
MIG-13144,order_shipments,68597.76,66.99,17864210,1681,READ_HEAVY,ADD_COLUMN_DEFAULT,HIGH,0.81,1.86,1,0
MIG-13145,order_items,415866.88,406.12,65268791,1266,WRITE_HEAVY,DROP_COLUMN,MEDIUM,2.21,3.19,1,0
MIG-13146,order_payments,57262.08,55.92,13764498,2520,ANALYTICAL_BATCH,DROP_COLUMN,HIGH,0.52,1.81,1,0
MIG-13147,order_payments,51353.6,50.15,12345019,1888,WRITE_HEAVY,ADD_COLUMN_DEFAULT,HIGH,0.67,3.4,1,0
MIG-13148,order_shipments,86978.56,84.94,22649336,2784,READ_HEAVY,ADD_COLUMN_DEFAULT,HIGH,1.02,2.22,1,0
MIG-13149,orders,69662.72,68.03,8503530,4898,WRITE_HEAVY,ADD_COLUMN_DEFAULT,CRITICAL,0.97,10.71,1,0
MIG-13150,orders,162580.48,158.77,19846216,2904,MIXED_OLTP,ADD_INDEX_LOCKING,HIGH,16.97,301.79,0,1
MIG-13151,order_items,383344.64,374.36,60165430,211,MIXED_OLTP,ADD_INDEX_LOCKING,LOW,42.66,33.85,0,1
MIG-13152,order_items,410992.64,401.36,64505081,169,READ_HEAVY,ADD_INDEX_CONCURRENTLY,LOW,1.44,1.26,1,0
MIG-13153,orders,245043.2,239.3,29912553,980,MIXED_OLTP,ADD_INDEX_CONCURRENTLY,MEDIUM,0.84,1.12,1,0
MIG-13154,orders,187156.48,182.77,22845676,765,ANALYTICAL_BATCH,DROP_COLUMN,MEDIUM,1.31,2.25,1,0
MIG-13155,order_items,617175.04,602.71,96864335,1239,MIXED_OLTP,ADD_INDEX_LOCKING,MEDIUM,43.91,97.09,0,1
MIG-13156,orders,241879.04,236.21,29526533,2138,READ_HEAVY,ADD_INDEX_CONCURRENTLY,HIGH,0.93,2.79,1,0
MIG-13157,orders,96645.12,94.38,11797987,2441,READ_HEAVY,ADD_COLUMN_DEFAULT,HIGH,1.44,2.25,1,0
MIG-13158,order_shipments,38440.96,37.54,10009559,3429,MIXED_OLTP,ADD_COLUMN_DEFAULT,CRITICAL,0.59,3.55,1,0
MIG-13159,order_items,292628.48,285.77,45926705,585,WRITE_HEAVY,ADD_INDEX_LOCKING,MEDIUM,32.39,36.69,0,1
MIG-13160,customer_sessions,39598.08,38.67,8837807,2906,WRITE_HEAVY,ADD_INDEX_CONCURRENTLY,HIGH,0.26,1.24,1,0
MIG-13161,customer_sessions,50012.16,48.84,11163129,2169,WRITE_HEAVY,ADD_INDEX_LOCKING,HIGH,10.29,56.52,0,1
MIG-13162,orders,100577.28,98.22,12277841,3348,MIXED_OLTP,DROP_COLUMN,CRITICAL,0.89,6.92,1,0
MIG-13163,order_payments,53258.24,52.01,12803541,2717,WRITE_HEAVY,ALTER_COLUMN_TYPE,HIGH,26.85,197.91,0,1
MIG-13164,order_items,311521.28,304.22,48892586,632,WRITE_HEAVY,TABLE_REWRITE,MEDIUM,144.24,117.31,0,1
MIG-13165,order_payments,107141.12,104.63,25754265,498,READ_HEAVY,ADD_COLUMN_DEFAULT,LOW,1.22,1.48,1,0
MIG-13166,orders,201359.36,196.64,24579391,3965,WRITE_HEAVY,DROP_COLUMN,CRITICAL,1.41,10.66,1,0
MIG-13167,orders,265052.16,258.84,32355151,2200,WRITE_HEAVY,ADD_INDEX_LOCKING,HIGH,33.37,207.69,0,1
MIG-13168,orders,93921.28,91.72,11465216,1889,READ_HEAVY,ALTER_COLUMN_TYPE,HIGH,40.47,139.49,0,1
MIG-13169,order_items,317440.0,310.0,49821591,1628,WRITE_HEAVY,ADD_COLUMN_DEFAULT,HIGH,2.36,4.74,1,0
MIG-13170,customer_sessions,76564.48,74.77,17091355,2113,ANALYTICAL_BATCH,ADD_INDEX_CONCURRENTLY,HIGH,0.51,1.6,1,0
MIG-13171,order_payments,109291.52,106.73,26272251,2049,WRITE_HEAVY,TABLE_REWRITE,HIGH,72.04,263.38,0,1
MIG-13172,order_payments,97587.2,95.3,23457621,4120,MIXED_OLTP,ADD_INDEX_CONCURRENTLY,CRITICAL,0.46,3.8,1,0
MIG-13173,customer_sessions,49152.0,48.0,10970903,4224,READ_HEAVY,TABLE_REWRITE,CRITICAL,32.89,609.56,0,1
MIG-13174,order_payments,35665.92,34.83,8574698,1130,WRITE_HEAVY,ADD_INDEX_CONCURRENTLY,MEDIUM,0.26,0.56,1,0
MIG-13175,orders,246753.28,240.97,30121092,129,WRITE_HEAVY,ADD_COLUMN_DEFAULT,LOW,2.08,2.18,1,0
MIG-13176,order_shipments,70318.08,68.67,18310912,245,READ_HEAVY,TABLE_REWRITE,LOW,57.47,64.69,0,1
MIG-13177,order_items,409722.88,400.12,64305060,1364,READ_HEAVY,DROP_COLUMN,MEDIUM,2.15,4.4,1,0
MIG-13178,orders,168478.72,164.53,20566509,2927,WRITE_HEAVY,DROP_COLUMN,HIGH,1.1,5.46,1,0
MIG-13179,order_items,316948.48,309.52,49745050,2308,ANALYTICAL_BATCH,ADD_COLUMN_DEFAULT,HIGH,2.61,10.84,1,0
MIG-13180,customer_sessions,30760.96,30.04,6867171,866,READ_HEAVY,ADD_INDEX_CONCURRENTLY,MEDIUM,0.23,0.47,1,0
MIG-13181,orders,216217.6,211.15,26393693,916,ANALYTICAL_BATCH,ADD_INDEX_CONCURRENTLY,MEDIUM,0.99,0.91,1,0
MIG-13182,order_items,377671.68,368.82,59274968,1282,WRITE_HEAVY,DROP_COLUMN,MEDIUM,2.29,4.29,1,0
MIG-13183,orders,56657.92,55.33,6916367,2095,WRITE_HEAVY,ADD_COLUMN_DEFAULT,HIGH,0.97,2.2,1,0
MIG-13184,orders,137420.8,134.2,16775551,2917,READ_HEAVY,ADD_INDEX_CONCURRENTLY,HIGH,0.7,1.77,1,0
MIG-13185,orders,254545.92,248.58,31072298,111,WRITE_HEAVY,ADD_COLUMN_DEFAULT,LOW,2.2,1.91,1,0
MIG-13186,order_payments,71424.0,69.75,17168163,1105,WRITE_HEAVY,TABLE_REWRITE,MEDIUM,56.71,103.6,0,1
MIG-13187,order_shipments,52705.28,51.47,13725832,1018,WRITE_HEAVY,ALTER_COLUMN_TYPE,MEDIUM,23.56,39.76,0,1
MIG-13188,orders,187166.72,182.78,22846950,951,WRITE_HEAVY,ADD_COLUMN_DEFAULT,MEDIUM,1.74,3.25,1,0
MIG-13189,orders,226467.84,221.16,27645219,2213,MIXED_OLTP,TABLE_REWRITE,HIGH,101.91,474.11,0,1
MIG-13190,orders,197007.36,192.39,24048450,3397,WRITE_HEAVY,ADD_COLUMN_DEFAULT,CRITICAL,2.08,16.37,1,0
MIG-13191,orders,237168.64,231.61,28951477,238,ANALYTICAL_BATCH,ADD_COLUMN_DEFAULT,LOW,2.52,1.89,1,0
MIG-13192,order_items,173506.56,169.44,27231617,853,WRITE_HEAVY,ADD_COLUMN_DEFAULT,MEDIUM,1.71,3.17,1,0
MIG-13193,order_payments,137400.32,134.18,33028265,1158,READ_HEAVY,ALTER_COLUMN_TYPE,MEDIUM,48.79,85.96,0,1
MIG-13194,order_items,581201.92,567.58,91217676,1098,READ_HEAVY,ADD_INDEX_CONCURRENTLY,MEDIUM,1.74,2.13,1,0
MIG-13195,order_items,382617.6,373.65,60051035,911,READ_HEAVY,ADD_INDEX_CONCURRENTLY,MEDIUM,1.23,1.96,1,0
MIG-13196,order_items,437114.88,426.87,68604121,306,MIXED_OLTP,TABLE_REWRITE,LOW,204.02,149.2,0,1
MIG-13197,orders,96225.28,93.97,11745952,328,MIXED_OLTP,ADD_INDEX_LOCKING,LOW,12.66,12.45,1,0
MIG-13198,orders,148234.24,144.76,18094580,1570,WRITE_HEAVY,ADD_INDEX_LOCKING,HIGH,17.25,108.79,0,1
MIG-13199,customer_sessions,27412.48,26.77,6118928,454,READ_HEAVY,ADD_INDEX_LOCKING,LOW,5.8,8.23,1,0
MIG-13200,order_payments,29255.68,28.57,7032928,2838,MIXED_OLTP,DROP_COLUMN,HIGH,0.39,1.3,1,0
MIG-13201,customer_sessions,77619.2,75.8,17325004,863,WRITE_HEAVY,ADD_INDEX_CONCURRENTLY,MEDIUM,0.47,0.75,1,0
MIG-13202,order_shipments,39925.76,38.99,10397564,1261,READ_HEAVY,ADD_INDEX_LOCKING,MEDIUM,7.72,13.37,1,0
MIG-13203,order_items,420792.32,410.93,66041773,259,WRITE_HEAVY,ADD_INDEX_CONCURRENTLY,LOW,1.27,1.14,1,0
MIG-13204,customer_sessions,33710.08,32.92,7523605,127,READ_HEAVY,ADD_INDEX_CONCURRENTLY,LOW,0.24,0.24,1,0
MIG-13205,order_items,305960.96,298.79,48020351,1365,READ_HEAVY,TABLE_REWRITE,MEDIUM,140.62,172.4,0,1
MIG-13206,orders,137134.08,133.92,16739562,1901,READ_HEAVY,ADD_INDEX_CONCURRENTLY,HIGH,0.54,1.97,1,0
MIG-13207,orders,123258.88,120.37,15046261,3895,MIXED_OLTP,ADD_INDEX_CONCURRENTLY,CRITICAL,0.5,4.62,1,0
MIG-13208,orders,190136.32,185.68,23209793,330,READ_HEAVY,ADD_COLUMN_DEFAULT,LOW,1.68,2.99,1,0
MIG-13209,orders,261693.44,255.56,31945279,275,ANALYTICAL_BATCH,ALTER_COLUMN_TYPE,LOW,71.88,83.21,0,1
MIG-13210,order_items,335902.72,328.03,52719406,206,MIXED_OLTP,TABLE_REWRITE,LOW,119.84,112.87,0,1
MIG-13211,order_payments,143237.12,139.88,34431809,2701,READ_HEAVY,ADD_INDEX_CONCURRENTLY,HIGH,0.72,2.01,1,0
MIG-13212,order_payments,106629.12,104.13,25632560,856,READ_HEAVY,ADD_COLUMN_DEFAULT,MEDIUM,1.34,1.74,1,0
MIG-13213,order_items,428032.0,418.0,67178031,1091,READ_HEAVY,ADD_INDEX_LOCKING,MEDIUM,45.6,49.37,0,1
MIG-13214,orders,101591.04,99.21,12401803,4663,MIXED_OLTP,DROP_COLUMN,CRITICAL,0.94,8.37,1,0
MIG-13215,order_payments,34160.64,33.36,8212116,5334,WRITE_HEAVY,ADD_INDEX_CONCURRENTLY,CRITICAL,0.26,2.39,1,0
MIG-13216,order_items,554373.12,541.38,87006716,2218,ANALYTICAL_BATCH,ADD_COLUMN_DEFAULT,HIGH,4.44,20.68,1,0
MIG-13217,orders,176107.52,171.98,21497488,288,READ_HEAVY,DROP_COLUMN,LOW,1.04,1.21,1,0
MIG-13218,orders,140810.24,137.51,17189174,1413,READ_HEAVY,ADD_INDEX_CONCURRENTLY,MEDIUM,0.57,1.25,1,0
MIG-13219,order_items,533739.52,521.23,83769353,979,READ_HEAVY,ADD_INDEX_LOCKING,MEDIUM,51.94,63.85,0,1
MIG-13220,orders,117852.16,115.09,14385670,1946,READ_HEAVY,ADD_INDEX_CONCURRENTLY,HIGH,0.64,1.76,1,0
MIG-13221,order_shipments,83425.28,81.47,21726132,1564,MIXED_OLTP,ALTER_COLUMN_TYPE,HIGH,36.15,222.21,0,1
MIG-13222,order_payments,65914.88,64.37,15845358,229,MIXED_OLTP,DROP_COLUMN,LOW,0.64,0.74,1,0
MIG-13223,order_payments,136949.76,133.74,32921378,3493,WRITE_HEAVY,DROP_COLUMN,CRITICAL,1.16,9.29,1,0
MIG-13224,orders,108421.12,105.88,13235105,804,READ_HEAVY,ADD_INDEX_LOCKING,MEDIUM,16.83,19.14,1,0
MIG-13225,order_shipments,29839.36,29.14,7771168,2309,READ_HEAVY,ADD_INDEX_CONCURRENTLY,HIGH,0.2,0.79,1,0
MIG-13226,order_payments,110264.32,107.68,26505185,309,READ_HEAVY,ADD_INDEX_CONCURRENTLY,LOW,0.58,0.58,1,0
MIG-13227,orders,85176.32,83.18,10396875,687,READ_HEAVY,ADD_COLUMN_DEFAULT,MEDIUM,0.93,2.22,1,0
MIG-13228,order_items,604651.52,590.48,94898407,285,WRITE_HEAVY,ADD_INDEX_LOCKING,LOW,57.11,45.43,0,1
MIG-13229,order_items,453017.6,442.4,71099964,2180,MIXED_OLTP,ALTER_COLUMN_TYPE,HIGH,109.42,910.73,0,1
MIG-13230,order_items,233830.4,228.35,36699713,117,READ_HEAVY,ADD_COLUMN_DEFAULT,LOW,2.42,1.7,1,0
MIG-13231,orders,95334.4,93.1,11638111,783,READ_HEAVY,ADD_INDEX_LOCKING,MEDIUM,15.26,15.86,1,0
MIG-13232,order_items,591493.12,577.63,92833878,2584,MIXED_OLTP,ADD_INDEX_CONCURRENTLY,HIGH,1.66,6.88,1,0
MIG-13233,orders,183603.2,179.3,22412163,1531,MIXED_OLTP,ADD_INDEX_CONCURRENTLY,HIGH,0.87,2.05,1,0
MIG-13234,orders,246835.2,241.05,30130872,1951,MIXED_OLTP,ADD_INDEX_CONCURRENTLY,HIGH,0.82,2.4,1,0
MIG-13235,orders,73533.44,71.81,8976080,2212,WRITE_HEAVY,ALTER_COLUMN_TYPE,HIGH,27.26,325.79,0,1
MIG-13236,customer_sessions,74035.2,72.3,16525647,1749,WRITE_HEAVY,ADD_COLUMN_DEFAULT,HIGH,1.17,3.25,1,0
MIG-13237,orders,164177.92,160.33,20041331,2469,MIXED_OLTP,ADD_COLUMN_DEFAULT,HIGH,1.91,4.76,1,0
MIG-13238,order_items,459653.12,448.88,72142175,1215,WRITE_HEAVY,ADD_INDEX_LOCKING,MEDIUM,44.73,86.18,0,1
MIG-13239,order_items,307128.32,299.93,48202913,235,WRITE_HEAVY,ADD_INDEX_CONCURRENTLY,LOW,1.08,0.89,1,0
MIG-13240,order_shipments,23336.96,22.79,6077430,730,WRITE_HEAVY,ADD_INDEX_CONCURRENTLY,MEDIUM,0.17,0.25,1,0
MIG-13241,order_items,609095.68,594.82,95595767,410,WRITE_HEAVY,ADD_INDEX_CONCURRENTLY,LOW,1.84,2.1,1,0
MIG-13242,order_shipments,100925.44,98.56,26283323,715,ANALYTICAL_BATCH,ADD_INDEX_CONCURRENTLY,MEDIUM,0.47,0.77,1,0
MIG-13243,orders,129781.76,126.74,15842764,646,WRITE_HEAVY,ADD_COLUMN_DEFAULT,MEDIUM,1.27,2.17,1,0
MIG-13244,orders,257925.12,251.88,31484434,113,WRITE_HEAVY,ADD_INDEX_CONCURRENTLY,LOW,0.85,0.98,1,0
MIG-13245,order_items,201246.72,196.53,31585829,1636,ANALYTICAL_BATCH,ADD_INDEX_LOCKING,HIGH,25.11,249.0,0,1
MIG-13246,order_items,194519.04,189.96,30529440,2807,ANALYTICAL_BATCH,ALTER_COLUMN_TYPE,HIGH,66.81,580.41,0,1
MIG-13247,order_shipments,24494.08,23.92,6379215,1434,WRITE_HEAVY,TABLE_REWRITE,MEDIUM,21.09,51.81,0,1
MIG-13248,order_shipments,50882.56,49.69,13251419,4364,MIXED_OLTP,ADD_INDEX_CONCURRENTLY,CRITICAL,0.38,2.43,1,0
MIG-13249,order_items,141680.64,138.36,22236482,1421,WRITE_HEAVY,ADD_COLUMN_DEFAULT,MEDIUM,1.58,2.69,1,0
MIG-13250,customer_sessions,39792.64,38.86,8883063,1206,MIXED_OLTP,ADD_INDEX_CONCURRENTLY,MEDIUM,0.22,0.51,1,0
MIG-13251,order_items,186112.0,181.75,29209624,262,WRITE_HEAVY,ADD_INDEX_CONCURRENTLY,LOW,0.81,0.93,1,0
MIG-13252,orders,210728.96,205.79,25724250,1213,READ_HEAVY,DROP_COLUMN,MEDIUM,1.38,1.76,1,0
MIG-13253,order_items,544778.24,532.01,85502374,919,WRITE_HEAVY,ADD_COLUMN_DEFAULT,MEDIUM,4.53,8.46,1,0
MIG-13254,orders,201287.68,196.57,24571016,5404,MIXED_OLTP,DROP_COLUMN,CRITICAL,1.21,11.87,1,0
MIG-13255,order_shipments,35061.76,34.24,9130673,1351,WRITE_HEAVY,ALTER_COLUMN_TYPE,MEDIUM,18.19,41.95,0,1
MIG-13256,orders,218767.36,213.64,26704901,1344,READ_HEAVY,ADD_INDEX_CONCURRENTLY,MEDIUM,1.06,1.37,1,0
MIG-13257,order_items,243456.0,237.75,38209515,1030,MIXED_OLTP,TABLE_REWRITE,MEDIUM,96.65,182.97,0,1
MIG-13258,order_items,506654.72,494.78,79518576,1018,WRITE_HEAVY,ADD_INDEX_CONCURRENTLY,MEDIUM,1.62,2.9,1,0
MIG-13259,orders,174653.44,170.56,21319734,1675,MIXED_OLTP,TABLE_REWRITE,HIGH,85.25,632.5,0,1
MIG-13260,orders,130263.04,127.21,15901237,2479,READ_HEAVY,DROP_COLUMN,HIGH,1.07,3.29,1,0
MIG-13261,order_payments,36628.48,35.77,8804580,1672,WRITE_HEAVY,ADD_INDEX_CONCURRENTLY,HIGH,0.29,0.75,1,0
MIG-13262,orders,232181.76,226.74,28342756,2310,WRITE_HEAVY,ADD_COLUMN_DEFAULT,HIGH,1.9,7.76,1,0
MIG-13263,order_items,599644.16,585.59,94111886,631,WRITE_HEAVY,ADD_INDEX_CONCURRENTLY,MEDIUM,1.5,1.84,1,0
MIG-13264,order_items,458362.88,447.62,71939340,975,WRITE_HEAVY,ADD_INDEX_LOCKING,MEDIUM,44.27,83.57,0,1
MIG-13265,orders,262492.16,256.34,32042622,2671,READ_HEAVY,ADD_INDEX_CONCURRENTLY,HIGH,0.87,2.94,1,0
MIG-13266,orders,255764.48,249.77,31221008,808,READ_HEAVY,ALTER_COLUMN_TYPE,MEDIUM,79.47,99.26,0,1
MIG-13267,order_payments,49940.48,48.77,12004721,1101,READ_HEAVY,ADD_COLUMN_DEFAULT,MEDIUM,0.74,1.03,1,0
MIG-13268,customer_sessions,61511.68,60.07,13729457,203,READ_HEAVY,TABLE_REWRITE,LOW,37.4,29.15,0,1
MIG-13269,orders,126412.8,123.45,15431230,1949,MIXED_OLTP,ADD_INDEX_CONCURRENTLY,HIGH,0.72,1.85,1,0
MIG-13270,customer_sessions,45783.04,44.71,10220249,173,WRITE_HEAVY,DROP_COLUMN,LOW,0.44,0.45,1,0
MIG-13271,order_items,195696.64,191.11,30714199,3405,READ_HEAVY,ADD_INDEX_LOCKING,CRITICAL,22.23,506.47,0,1
MIG-13272,order_items,617768.96,603.29,96957133,248,MIXED_OLTP,ADD_INDEX_CONCURRENTLY,LOW,1.96,2.0,1,0
MIG-13273,order_payments,113623.04,110.96,27312756,623,WRITE_HEAVY,ADD_INDEX_CONCURRENTLY,MEDIUM,0.46,0.88,1,0
MIG-13274,order_payments,58603.52,57.23,14086959,1391,READ_HEAVY,DROP_COLUMN,MEDIUM,0.66,1.04,1,0
MIG-13275,order_shipments,49244.16,48.09,12823788,1241,ANALYTICAL_BATCH,DROP_COLUMN,MEDIUM,0.57,1.0,1,0
MIG-13276,order_items,332728.32,324.93,52221117,721,READ_HEAVY,ADD_INDEX_LOCKING,MEDIUM,31.99,42.88,0,1
MIG-13277,order_items,500490.24,488.76,78550231,2828,ANALYTICAL_BATCH,ADD_INDEX_CONCURRENTLY,HIGH,1.85,5.92,1,0
MIG-13278,order_items,592435.2,578.55,92981478,246,WRITE_HEAVY,ALTER_COLUMN_TYPE,LOW,121.15,148.98,0,1
MIG-13279,orders,120248.32,117.43,14678883,1031,READ_HEAVY,ALTER_COLUMN_TYPE,MEDIUM,38.09,61.13,0,1
MIG-13280,order_payments,83230.72,81.28,20008002,379,WRITE_HEAVY,ADD_INDEX_LOCKING,LOW,14.66,20.02,1,0
MIG-13281,orders,180357.12,176.13,22016604,1272,WRITE_HEAVY,ADD_INDEX_CONCURRENTLY,MEDIUM,0.65,1.69,1,0
MIG-13282,orders,136151.04,132.96,16620287,3019,ANALYTICAL_BATCH,ADD_INDEX_CONCURRENTLY,CRITICAL,0.75,4.12,1,0
MIG-13283,orders,160665.6,156.9,19612895,783,WRITE_HEAVY,TABLE_REWRITE,MEDIUM,71.45,136.88,0,1
MIG-13284,orders,72529.92,70.83,8854105,2004,ANALYTICAL_BATCH,ADD_INDEX_LOCKING,HIGH,11.57,72.5,0,1
MIG-13285,order_items,201226.24,196.51,31581625,1085,MIXED_OLTP,DROP_COLUMN,MEDIUM,1.27,2.11,1,0
MIG-13286,order_items,321699.84,314.16,50489201,1372,ANALYTICAL_BATCH,ALTER_COLUMN_TYPE,MEDIUM,91.31,156.87,0,1
MIG-13287,order_items,586885.12,573.13,92110059,2157,ANALYTICAL_BATCH,ADD_INDEX_CONCURRENTLY,HIGH,2.01,7.55,1,0
MIG-13288,orders,126423.04,123.46,15432667,285,READ_HEAVY,ADD_INDEX_LOCKING,LOW,19.88,24.31,1,0
MIG-13289,order_items,243609.6,237.9,38233217,3219,ANALYTICAL_BATCH,DROP_COLUMN,CRITICAL,1.6,12.11,1,0
MIG-13290,order_items,498073.6,486.4,78171839,1026,MIXED_OLTP,ALTER_COLUMN_TYPE,MEDIUM,109.33,188.64,0,1
MIG-13291,order_payments,140339.2,137.05,33734948,987,READ_HEAVY,ADD_INDEX_LOCKING,MEDIUM,21.11,25.71,0,1
MIG-13292,order_items,351641.6,343.4,55189012,4591,MIXED_OLTP,ADD_COLUMN_DEFAULT,CRITICAL,2.77,45.55,0,1
MIG-13293,order_items,119132.16,116.34,18697001,1346,WRITE_HEAVY,ADD_INDEX_CONCURRENTLY,MEDIUM,0.63,1.2,1,0
MIG-13294,order_items,469841.92,458.83,73740095,4417,WRITE_HEAVY,ALTER_COLUMN_TYPE,CRITICAL,98.15,3882.31,0,1
MIG-13295,customer_sessions,41113.6,40.15,9176875,3129,WRITE_HEAVY,ADD_INDEX_LOCKING,CRITICAL,7.32,116.65,0,1
MIG-13296,order_payments,107335.68,104.82,25800991,1317,READ_HEAVY,ADD_COLUMN_DEFAULT,MEDIUM,1.33,2.43,1,0
MIG-13297,order_items,258017.28,251.97,40495037,977,WRITE_HEAVY,TABLE_REWRITE,MEDIUM,98.37,214.76,0,1
MIG-13298,order_items,115927.04,113.21,18195059,2229,READ_HEAVY,ADD_COLUMN_DEFAULT,HIGH,1.4,3.84,1,0
MIG-13299,orders,125347.84,122.41,15301397,449,MIXED_OLTP,ADD_COLUMN_DEFAULT,LOW,1.36,1.45,1,0
MIG-13300,customer_sessions,59801.6,58.4,13349009,2384,MIXED_OLTP,TABLE_REWRITE,HIGH,39.67,446.29,0,1
MIG-13301,order_items,317573.12,310.13,49842175,416,MIXED_OLTP,DROP_COLUMN,LOW,2.15,2.0,1,0
MIG-13302,orders,97628.16,95.34,11917701,1380,ANALYTICAL_BATCH,ALTER_COLUMN_TYPE,MEDIUM,39.48,61.16,0,1
MIG-13303,customer_sessions,44267.52,43.23,9881698,993,MIXED_OLTP,ALTER_COLUMN_TYPE,MEDIUM,21.48,29.14,0,1
MIG-13304,order_payments,116756.48,114.02,28067637,2973,READ_HEAVY,ADD_COLUMN_DEFAULT,HIGH,1.21,4.66,1,0
MIG-13305,orders,75571.2,73.8,9224693,1757,WRITE_HEAVY,ADD_INDEX_CONCURRENTLY,HIGH,0.36,1.22,1,0
MIG-13306,orders,202158.08,197.42,24677304,2806,ANALYTICAL_BATCH,ALTER_COLUMN_TYPE,HIGH,68.39,1117.92,0,1
MIG-13307,orders,196761.6,192.15,24018288,1348,WRITE_HEAVY,ADD_COLUMN_DEFAULT,MEDIUM,1.83,2.67,1,0
MIG-13308,order_items,306022.4,298.85,48029768,599,WRITE_HEAVY,DROP_COLUMN,MEDIUM,1.97,2.47,1,0
MIG-13309,orders,263772.16,257.59,32199077,653,WRITE_HEAVY,ADD_COLUMN_DEFAULT,MEDIUM,2.09,2.62,1,0
MIG-13310,customer_sessions,72058.88,70.37,16083756,536,READ_HEAVY,ADD_INDEX_CONCURRENTLY,MEDIUM,0.37,0.34,1,0
MIG-13311,customer_sessions,34734.08,33.92,7752725,776,MIXED_OLTP,ADD_INDEX_CONCURRENTLY,MEDIUM,0.21,0.33,1,0
MIG-13312,order_items,130734.08,127.67,20518378,1491,WRITE_HEAVY,DROP_COLUMN,MEDIUM,0.86,1.78,1,0
MIG-13313,order_items,273807.36,267.39,42972689,624,MIXED_OLTP,ADD_INDEX_LOCKING,MEDIUM,27.8,35.75,0,1
MIG-13314,orders,94433.28,92.22,11527492,113,WRITE_HEAVY,ADD_COLUMN_DEFAULT,LOW,1.0,1.14,1,0
MIG-13315,orders,170199.04,166.21,20775801,2188,WRITE_HEAVY,ADD_INDEX_CONCURRENTLY,HIGH,0.83,2.49,1,0
MIG-13316,order_payments,136693.76,133.49,32859839,241,WRITE_HEAVY,ADD_COLUMN_DEFAULT,LOW,1.69,1.81,1,0
MIG-13317,orders,241653.76,235.99,29499112,4572,WRITE_HEAVY,ADD_INDEX_LOCKING,CRITICAL,24.82,408.04,0,1
MIG-13318,orders,116797.44,114.06,14257387,1106,MIXED_OLTP,ADD_INDEX_CONCURRENTLY,MEDIUM,0.56,1.05,1,0
MIG-13319,order_items,335882.24,328.01,52716400,430,WRITE_HEAVY,DROP_COLUMN,LOW,1.57,2.08,1,0
MIG-13320,orders,57231.36,55.89,6986639,4037,WRITE_HEAVY,ADD_INDEX_LOCKING,CRITICAL,9.97,291.81,0,1
MIG-13321,order_items,395530.24,386.26,62077244,961,WRITE_HEAVY,ADD_COLUMN_DEFAULT,MEDIUM,3.11,7.17,1,0
MIG-13322,order_payments,34211.84,33.41,8224997,1533,MIXED_OLTP,DROP_COLUMN,HIGH,0.44,0.75,1,0
MIG-13323,order_shipments,96286.72,94.03,25073893,1470,ANALYTICAL_BATCH,ALTER_COLUMN_TYPE,MEDIUM,32.25,97.7,0,1
MIG-13324,order_items,562104.32,548.93,88221640,713,MIXED_OLTP,ADD_INDEX_CONCURRENTLY,MEDIUM,1.88,1.6,1,0
MIG-13325,order_shipments,36198.4,35.35,9426452,2393,READ_HEAVY,ADD_INDEX_CONCURRENTLY,HIGH,0.29,0.55,1,0
MIG-13326,order_items,475627.52,464.48,74648863,1380,ANALYTICAL_BATCH,ADD_INDEX_CONCURRENTLY,MEDIUM,1.39,3.79,1,0
MIG-13327,order_shipments,65546.24,64.01,17069240,1104,WRITE_HEAVY,ADD_INDEX_LOCKING,MEDIUM,9.49,20.12,1,0
MIG-13328,order_items,528261.12,515.88,82909974,1125,WRITE_HEAVY,ALTER_COLUMN_TYPE,MEDIUM,136.25,203.63,0,1
MIG-13329,orders,154357.76,150.74,18842606,675,READ_HEAVY,DROP_COLUMN,MEDIUM,1.11,2.17,1,0
MIG-13330,customer_sessions,26705.92,26.08,5961516,383,WRITE_HEAVY,TABLE_REWRITE,LOW,20.62,37.72,0,1
MIG-13331,orders,190679.04,186.21,23275771,1785,READ_HEAVY,ADD_INDEX_LOCKING,HIGH,26.66,172.66,0,1
MIG-13332,orders,66908.16,65.34,8167568,1191,READ_HEAVY,ADD_INDEX_CONCURRENTLY,MEDIUM,0.37,0.66,1,0
MIG-13333,orders,178452.48,174.27,21783875,4441,WRITE_HEAVY,ADD_INDEX_CONCURRENTLY,CRITICAL,0.71,7.85,1,0
MIG-13334,order_items,224460.8,219.2,35229089,989,READ_HEAVY,DROP_COLUMN,MEDIUM,1.36,2.16,1,0
MIG-13335,order_items,468183.04,457.21,73479851,1220,READ_HEAVY,DROP_COLUMN,MEDIUM,2.19,3.83,1,0
MIG-13336,order_items,542033.92,529.33,85071496,1219,WRITE_HEAVY,ADD_COLUMN_DEFAULT,MEDIUM,3.48,7.46,1,0
MIG-13337,order_shipments,27514.88,26.87,7165734,1807,MIXED_OLTP,ADD_COLUMN_DEFAULT,HIGH,0.58,1.75,1,0
MIG-13338,orders,137687.04,134.46,16807250,2063,MIXED_OLTP,ADD_COLUMN_DEFAULT,HIGH,1.62,4.76,1,0
MIG-13339,order_items,493250.56,481.69,77415248,984,WRITE_HEAVY,ADD_COLUMN_DEFAULT,MEDIUM,4.0,9.06,1,0
MIG-13340,order_items,199178.24,194.51,31259947,651,WRITE_HEAVY,DROP_COLUMN,MEDIUM,1.53,2.1,1,0
MIG-13341,order_shipments,65423.36,63.89,17036911,2034,WRITE_HEAVY,ADD_INDEX_LOCKING,HIGH,10.78,100.8,0,1
MIG-13342,orders,197754.88,193.12,24139652,116,WRITE_HEAVY,ADD_INDEX_LOCKING,LOW,19.88,20.53,1,0
MIG-13343,orders,127631.36,124.64,15579427,938,WRITE_HEAVY,ADD_COLUMN_DEFAULT,MEDIUM,1.43,2.55,1,0
MIG-13344,order_items,544071.68,531.32,85390564,1808,WRITE_HEAVY,ALTER_COLUMN_TYPE,HIGH,114.63,682.23,0,1
MIG-13345,order_payments,87808.0,85.75,21106955,722,MIXED_OLTP,ADD_COLUMN_DEFAULT,MEDIUM,1.22,1.37,1,0
MIG-13346,order_payments,101744.64,99.36,24457451,2727,MIXED_OLTP,ADD_COLUMN_DEFAULT,HIGH,1.23,4.57,1,0
MIG-13347,order_items,187392.0,183.0,29410696,1711,MIXED_OLTP,ADD_INDEX_LOCKING,HIGH,23.33,153.02,0,1
MIG-13348,order_payments,29399.04,28.71,7067013,148,READ_HEAVY,TABLE_REWRITE,LOW,21.62,29.52,0,1
MIG-13349,order_items,140881.92,137.58,22110634,820,MIXED_OLTP,TABLE_REWRITE,MEDIUM,90.0,112.06,0,1
MIG-13350,orders,249088.0,243.25,30405844,523,MIXED_OLTP,ADD_INDEX_CONCURRENTLY,MEDIUM,0.98,1.24,1,0
MIG-13351,orders,244377.6,238.65,29831344,2803,MIXED_OLTP,ADD_INDEX_CONCURRENTLY,HIGH,0.88,3.34,1,0
MIG-13352,orders,227778.56,222.44,27804968,1486,MIXED_OLTP,ADD_INDEX_LOCKING,MEDIUM,28.16,38.61,0,1
MIG-13353,order_items,217702.4,212.6,34168579,1305,MIXED_OLTP,ADD_INDEX_LOCKING,MEDIUM,22.82,40.18,0,1
MIG-13354,order_items,385873.92,376.83,60562150,1299,MIXED_OLTP,ADD_COLUMN_DEFAULT,MEDIUM,3.12,7.33,1,0
MIG-13355,order_items,525557.76,513.24,82485485,140,READ_HEAVY,ADD_INDEX_CONCURRENTLY,LOW,1.8,1.64,1,0
MIG-13356,order_items,462878.72,452.03,72648203,321,WRITE_HEAVY,ADD_COLUMN_DEFAULT,LOW,4.12,4.42,1,0
MIG-13357,order_items,174305.28,170.22,27357216,587,WRITE_HEAVY,ADD_INDEX_CONCURRENTLY,MEDIUM,0.9,0.77,1,0
MIG-13358,order_payments,133918.72,130.78,32191586,220,READ_HEAVY,ADD_INDEX_CONCURRENTLY,LOW,0.52,0.48,1,0
MIG-13359,order_payments,45875.2,44.8,11027652,297,WRITE_HEAVY,DROP_COLUMN,LOW,0.53,0.38,1,0
MIG-13360,order_items,203356.16,198.59,31915451,2522,WRITE_HEAVY,ADD_INDEX_CONCURRENTLY,HIGH,0.69,4.03,1,0
MIG-13361,order_items,579696.64,566.11,90981698,1916,WRITE_HEAVY,ADD_INDEX_LOCKING,HIGH,50.96,541.11,0,1
MIG-13362,order_items,364800.0,356.25,57253972,202,WRITE_HEAVY,DROP_COLUMN,LOW,2.39,1.81,1,0
MIG-13363,order_items,307138.56,299.94,48204237,1323,ANALYTICAL_BATCH,ADD_COLUMN_DEFAULT,MEDIUM,3.03,3.98,1,0
MIG-13364,order_items,400424.96,391.04,62846196,189,READ_HEAVY,ADD_COLUMN_DEFAULT,LOW,3.3,3.64,1,0
MIG-13365,order_items,621178.88,606.62,97493183,986,WRITE_HEAVY,ALTER_COLUMN_TYPE,MEDIUM,146.56,238.37,0,1
MIG-13366,order_payments,40960.0,40.0,9845357,3717,READ_HEAVY,DROP_COLUMN,CRITICAL,0.38,2.35,1,0
MIG-13367,order_items,505344.0,493.5,79312856,1352,WRITE_HEAVY,ALTER_COLUMN_TYPE,MEDIUM,119.99,182.06,0,1
MIG-13368,orders,123095.04,120.21,15026798,313,MIXED_OLTP,ADD_COLUMN_DEFAULT,LOW,1.34,2.01,1,0
MIG-13369,order_items,175093.76,170.99,27480990,608,READ_HEAVY,DROP_COLUMN,MEDIUM,1.0,1.69,1,0
MIG-13370,order_shipments,53432.32,52.18,13913760,1721,WRITE_HEAVY,TABLE_REWRITE,HIGH,35.97,258.12,0,1
MIG-13371,orders,170526.72,166.53,20816327,1470,READ_HEAVY,ADD_INDEX_CONCURRENTLY,MEDIUM,0.66,1.31,1,0
MIG-13372,order_shipments,35512.32,34.68,9248771,5350,WRITE_HEAVY,ADD_INDEX_CONCURRENTLY,CRITICAL,0.24,2.15,1,0
MIG-13373,orders,138792.96,135.54,16942275,1267,MIXED_OLTP,ALTER_COLUMN_TYPE,MEDIUM,52.01,58.52,0,1
MIG-13374,order_items,442757.12,432.38,69489758,131,ANALYTICAL_BATCH,ADD_COLUMN_DEFAULT,LOW,3.7,3.43,1,0
MIG-13375,order_items,412190.72,402.53,64692289,1231,ANALYTICAL_BATCH,ADD_INDEX_CONCURRENTLY,MEDIUM,1.4,2.96,1,0
MIG-13376,orders,209100.8,204.2,25525336,2491,WRITE_HEAVY,TABLE_REWRITE,HIGH,119.79,1006.81,0,1
MIG-13377,order_shipments,87808.0,85.75,22866337,1440,MIXED_OLTP,ADD_INDEX_CONCURRENTLY,MEDIUM,0.48,1.2,1,0
MIG-13378,order_items,325847.04,318.21,51140366,4215,MIXED_OLTP,DROP_COLUMN,CRITICAL,1.91,9.95,1,0
MIG-13379,customer_sessions,41625.6,40.65,9290728,4175,MIXED_OLTP,ADD_INDEX_LOCKING,CRITICAL,7.71,161.15,0,1
MIG-13380,orders,159016.96,155.29,19410687,353,WRITE_HEAVY,ADD_INDEX_LOCKING,LOW,23.32,33.69,0,1
MIG-13381,order_shipments,65402.88,63.87,17033232,159,READ_HEAVY,ADD_COLUMN_DEFAULT,LOW,0.79,1.13,1,0
MIG-13382,customer_sessions,21319.68,20.82,4759846,1245,WRITE_HEAVY,ADD_INDEX_CONCURRENTLY,MEDIUM,0.2,0.36,1,0
MIG-13383,order_items,276039.68,269.57,43323463,2245,WRITE_HEAVY,ALTER_COLUMN_TYPE,HIGH,68.46,582.65,0,1
MIG-13384,orders,87173.12,85.13,10641078,1781,MIXED_OLTP,ADD_INDEX_LOCKING,HIGH,13.03,110.46,0,1
MIG-13385,order_payments,72847.36,71.14,17512559,1315,READ_HEAVY,ADD_INDEX_CONCURRENTLY,MEDIUM,0.34,0.65,1,0
MIG-13386,order_items,617031.68,602.57,96841679,3661,WRITE_HEAVY,ADD_COLUMN_DEFAULT,CRITICAL,4.14,36.08,0,1
MIG-13387,customer_sessions,51927.04,50.71,11591325,1359,MIXED_OLTP,ADD_COLUMN_DEFAULT,MEDIUM,0.76,1.01,1,0
MIG-13388,order_items,336291.84,328.41,52779903,1909,READ_HEAVY,ADD_INDEX_CONCURRENTLY,HIGH,1.36,2.69,1,0
MIG-13389,orders,174325.76,170.24,21280296,2232,ANALYTICAL_BATCH,ALTER_COLUMN_TYPE,HIGH,53.65,778.64,0,1
MIG-13390,orders,197140.48,192.52,24065066,274,MIXED_OLTP,TABLE_REWRITE,LOW,110.83,112.92,0,1
MIG-13391,order_payments,78735.36,76.89,18926659,1232,MIXED_OLTP,ADD_COLUMN_DEFAULT,MEDIUM,1.25,1.2,1,0
MIG-13392,customer_sessions,43223.04,42.21,9647021,686,MIXED_OLTP,TABLE_REWRITE,MEDIUM,36.83,43.7,0,1
MIG-13393,orders,204288.0,199.5,24937830,3617,WRITE_HEAVY,ADD_INDEX_LOCKING,CRITICAL,19.37,544.8,0,1
MIG-13394,order_payments,33914.88,33.12,8152842,692,WRITE_HEAVY,ADD_INDEX_LOCKING,MEDIUM,7.71,9.82,1,0
MIG-13395,customer_sessions,49182.72,48.03,10977160,1845,ANALYTICAL_BATCH,TABLE_REWRITE,HIGH,36.3,409.72,0,1
MIG-13396,orders,170209.28,166.22,20777850,952,WRITE_HEAVY,ADD_COLUMN_DEFAULT,MEDIUM,1.83,2.87,1,0
MIG-13397,orders,216535.04,211.46,26432311,1086,READ_HEAVY,ALTER_COLUMN_TYPE,MEDIUM,63.86,84.07,0,1
MIG-13398,order_payments,144353.28,140.97,34700168,5159,READ_HEAVY,ADD_INDEX_CONCURRENTLY,CRITICAL,0.72,6.53,1,0
MIG-13399,order_items,525373.44,513.06,82456137,921,WRITE_HEAVY,ADD_COLUMN_DEFAULT,MEDIUM,4.3,6.32,1,0
MIG-13400,orders,160583.68,156.82,19602292,2114,WRITE_HEAVY,DROP_COLUMN,HIGH,1.14,2.74,1,0
MIG-13401,order_shipments,32491.52,31.73,8460188,661,READ_HEAVY,ADD_INDEX_CONCURRENTLY,MEDIUM,0.26,0.34,1,0
MIG-13402,order_items,418283.52,408.48,65649138,139,READ_HEAVY,ADD_INDEX_LOCKING,LOW,39.75,31.07,0,1
MIG-13403,order_shipments,87633.92,85.58,22820855,404,MIXED_OLTP,ADD_COLUMN_DEFAULT,LOW,0.93,0.95,1,0
MIG-13404,order_shipments,95774.72,93.53,24940143,1132,WRITE_HEAVY,ADD_COLUMN_DEFAULT,MEDIUM,1.38,1.87,1,0
MIG-13405,order_shipments,86886.4,84.85,22626704,2298,READ_HEAVY,DROP_COLUMN,HIGH,0.87,2.0,1,0
MIG-13406,order_items,212213.76,207.24,33306457,944,WRITE_HEAVY,ADD_INDEX_CONCURRENTLY,MEDIUM,0.88,1.52,1,0
MIG-13407,orders,206766.08,201.92,25239548,1020,READ_HEAVY,ADD_INDEX_CONCURRENTLY,MEDIUM,0.7,1.32,1,0
MIG-13408,order_items,568934.4,555.6,89292550,438,WRITE_HEAVY,ADD_INDEX_CONCURRENTLY,LOW,1.59,1.71,1,0
MIG-13409,orders,199782.4,195.1,24387458,1783,WRITE_HEAVY,TABLE_REWRITE,HIGH,112.35,843.64,0,1
MIG-13410,order_payments,108779.52,106.23,26149658,2248,MIXED_OLTP,ADD_INDEX_LOCKING,HIGH,16.42,144.22,0,1
MIG-13411,orders,159784.96,156.04,19504381,1861,WRITE_HEAVY,ADD_COLUMN_DEFAULT,HIGH,1.45,5.16,1,0
MIG-13412,order_items,443432.96,433.04,69595073,3262,MIXED_OLTP,DROP_COLUMN,CRITICAL,2.46,11.14,1,0
MIG-13413,orders,114268.16,111.59,13948279,377,WRITE_HEAVY,DROP_COLUMN,LOW,0.81,1.46,1,0
MIG-13414,orders,68792.32,67.18,8397872,381,WRITE_HEAVY,ADD_INDEX_CONCURRENTLY,LOW,0.37,0.53,1,0
MIG-13415,orders,232232.96,226.79,28348302,1351,WRITE_HEAVY,ADD_INDEX_CONCURRENTLY,MEDIUM,0.79,1.48,1,0
MIG-13416,order_items,601436.16,587.34,94394688,521,MIXED_OLTP,DROP_COLUMN,MEDIUM,2.56,4.87,1,0
MIG-13417,order_payments,129280.0,126.25,31076483,1765,READ_HEAVY,ADD_INDEX_CONCURRENTLY,HIGH,0.53,1.35,1,0
MIG-13418,orders,123013.12,120.13,15015665,2361,WRITE_HEAVY,ALTER_COLUMN_TYPE,HIGH,47.82,434.88,0,1
MIG-13419,order_shipments,26193.92,25.58,6820251,424,READ_HEAVY,ADD_INDEX_CONCURRENTLY,LOW,0.19,0.24,1,0
MIG-13420,order_shipments,41666.56,40.69,10850989,5350,READ_HEAVY,DROP_COLUMN,CRITICAL,0.53,4.63,1,0
MIG-13421,order_items,549672.96,536.79,86269665,415,MIXED_OLTP,ADD_COLUMN_DEFAULT,LOW,4.59,4.3,1,0
MIG-13422,order_payments,105195.52,102.73,25287457,2857,ANALYTICAL_BATCH,ADD_INDEX_LOCKING,HIGH,14.45,137.93,0,1
MIG-13423,order_items,613591.04,599.21,96302233,1314,READ_HEAVY,TABLE_REWRITE,MEDIUM,252.41,421.05,0,1
MIG-13424,orders,124948.48,122.02,15252387,1973,READ_HEAVY,ADD_COLUMN_DEFAULT,HIGH,1.29,4.32,1,0
MIG-13425,order_items,399298.56,389.94,62669241,332,WRITE_HEAVY,ADD_INDEX_CONCURRENTLY,LOW,1.15,1.54,1,0
MIG-13426,orders,223897.6,218.65,27331031,4588,ANALYTICAL_BATCH,DROP_COLUMN,CRITICAL,1.51,15.23,1,0
MIG-13427,order_shipments,37836.8,36.95,9854225,3879,READ_HEAVY,ADD_INDEX_CONCURRENTLY,CRITICAL,0.3,1.89,1,0
MIG-13428,customer_sessions,76533.76,74.74,17082895,1385,WRITE_HEAVY,ADD_INDEX_CONCURRENTLY,MEDIUM,0.36,0.59,1,0
MIG-13429,order_shipments,67563.52,65.98,17595789,1271,ANALYTICAL_BATCH,DROP_COLUMN,MEDIUM,0.62,1.35,1,0
MIG-13430,order_items,118763.52,115.98,18639702,2275,ANALYTICAL_BATCH,ADD_INDEX_CONCURRENTLY,HIGH,0.49,2.39,1,0
MIG-13431,order_items,127672.32,124.68,20037415,979,READ_HEAVY,ADD_INDEX_CONCURRENTLY,MEDIUM,0.51,1.14,1,0
MIG-13432,customer_sessions,71249.92,69.58,15903910,1292,WRITE_HEAVY,ADD_COLUMN_DEFAULT,MEDIUM,0.95,2.05,1,0
MIG-13433,orders,191877.12,187.38,23422601,721,MIXED_OLTP,ADD_COLUMN_DEFAULT,MEDIUM,2.19,3.09,1,0
MIG-13434,orders,217927.68,212.82,26602958,3546,MIXED_OLTP,ALTER_COLUMN_TYPE,CRITICAL,59.85,1307.35,0,1
MIG-13435,order_items,519311.36,507.14,81505296,2103,READ_HEAVY,ADD_INDEX_CONCURRENTLY,HIGH,1.75,4.11,1,0
MIG-13436,order_items,331683.84,323.91,52057241,151,WRITE_HEAVY,ADD_COLUMN_DEFAULT,LOW,2.75,3.13,1,0
MIG-13437,order_items,526848.0,514.5,82687510,4144,WRITE_HEAVY,ADD_INDEX_LOCKING,CRITICAL,41.85,844.76,0,1
MIG-13438,orders,256522.24,250.51,31313376,932,WRITE_HEAVY,ALTER_COLUMN_TYPE,MEDIUM,67.53,105.6,0,1
MIG-13439,order_items,203540.48,198.77,31945859,302,WRITE_HEAVY,ADD_COLUMN_DEFAULT,LOW,2.22,2.26,1,0
MIG-13440,orders,218163.2,213.05,26631682,4153,MIXED_OLTP,DROP_COLUMN,CRITICAL,1.46,13.74,1,0
MIG-13441,orders,117227.52,114.48,14310384,1397,WRITE_HEAVY,DROP_COLUMN,MEDIUM,0.99,1.49,1,0
MIG-13442,orders,120258.56,117.44,14680311,209,READ_HEAVY,ADD_COLUMN_DEFAULT,LOW,1.19,1.54,1,0
MIG-13443,order_items,327710.72,320.03,51433142,911,MIXED_OLTP,ADD_INDEX_CONCURRENTLY,MEDIUM,1.38,2.01,1,0
MIG-13444,order_shipments,90071.04,87.96,23456341,2607,READ_HEAVY,DROP_COLUMN,HIGH,0.65,2.21,1,0
MIG-13445,order_items,126074.88,123.12,19786541,213,WRITE_HEAVY,ADD_INDEX_CONCURRENTLY,LOW,0.57,0.72,1,0
MIG-13446,order_payments,78612.48,76.77,18897074,1156,ANALYTICAL_BATCH,ADD_COLUMN_DEFAULT,MEDIUM,0.86,1.43,1,0
MIG-13447,order_payments,108103.68,105.57,25985372,484,WRITE_HEAVY,DROP_COLUMN,LOW,0.89,1.33,1,0
MIG-13448,order_items,171673.6,167.65,26943652,875,MIXED_OLTP,ADD_INDEX_CONCURRENTLY,MEDIUM,0.72,1.17,1,0
MIG-13449,order_shipments,84142.08,82.17,21912677,741,WRITE_HEAVY,ADD_INDEX_CONCURRENTLY,MEDIUM,0.45,0.41,1,0
MIG-13450,order_payments,139468.8,136.2,33526794,176,READ_HEAVY,ADD_COLUMN_DEFAULT,LOW,1.32,1.59,1,0
MIG-13451,order_items,161617.92,157.83,25365720,3027,READ_HEAVY,ALTER_COLUMN_TYPE,CRITICAL,42.18,809.01,0,1
MIG-13452,orders,82984.96,81.04,10129599,1926,READ_HEAVY,ADD_INDEX_LOCKING,HIGH,14.14,80.67,0,1
MIG-13453,orders,264611.84,258.41,32300625,2774,READ_HEAVY,ADD_COLUMN_DEFAULT,HIGH,2.26,4.96,1,0
MIG-13454,customer_sessions,27095.04,26.46,6049121,3636,WRITE_HEAVY,ADD_COLUMN_DEFAULT,CRITICAL,0.49,3.14,1,0
MIG-13455,order_payments,36085.76,35.24,8673462,5386,READ_HEAVY,TABLE_REWRITE,CRITICAL,25.92,511.38,0,1
MIG-13456,customer_sessions,75765.76,73.99,16911572,2929,WRITE_HEAVY,DROP_COLUMN,HIGH,0.65,2.76,1,0
MIG-13457,order_shipments,92467.2,90.3,24080650,1182,MIXED_OLTP,DROP_COLUMN,MEDIUM,0.65,1.56,1,0
MIG-13458,orders,194191.36,189.64,23704587,2971,READ_HEAVY,ADD_INDEX_CONCURRENTLY,HIGH,0.89,2.95,1,0
MIG-13459,order_payments,92692.48,90.52,22281210,907,READ_HEAVY,ADD_INDEX_CONCURRENTLY,MEDIUM,0.46,0.56,1,0
MIG-13460,order_items,589096.96,575.29,92457848,1456,WRITE_HEAVY,ADD_INDEX_CONCURRENTLY,MEDIUM,1.5,5.09,1,0
MIG-13461,order_payments,105164.8,102.7,25278978,1043,READ_HEAVY,ALTER_COLUMN_TYPE,MEDIUM,41.37,58.57,0,1
MIG-13462,orders,194775.04,190.21,23776709,580,READ_HEAVY,ALTER_COLUMN_TYPE,MEDIUM,56.95,76.66,0,1
MIG-13463,orders,235765.76,230.24,28779510,1332,WRITE_HEAVY,ADD_INDEX_CONCURRENTLY,MEDIUM,1.04,2.1,1,0
MIG-13464,order_payments,104888.32,102.43,25213475,2925,MIXED_OLTP,ADD_INDEX_LOCKING,HIGH,15.93,205.96,0,1
MIG-13465,order_payments,86968.32,84.93,20905894,1385,WRITE_HEAVY,ALTER_COLUMN_TYPE,MEDIUM,38.82,67.5,0,1
MIG-13466,order_items,315822.08,308.42,49567441,916,WRITE_HEAVY,ALTER_COLUMN_TYPE,MEDIUM,79.18,115.65,0,1
MIG-13467,order_items,374353.92,365.58,58753845,141,MIXED_OLTP,ADD_COLUMN_DEFAULT,LOW,3.18,2.81,1,0
MIG-13468,order_items,384337.92,375.33,60320770,4463,WRITE_HEAVY,ADD_INDEX_CONCURRENTLY,CRITICAL,1.37,10.25,1,0
MIG-13469,customer_sessions,37611.52,36.73,8395979,1367,WRITE_HEAVY,TABLE_REWRITE,MEDIUM,36.54,80.21,0,1
MIG-13470,order_items,345958.4,337.85,54297591,1340,MIXED_OLTP,ADD_INDEX_CONCURRENTLY,MEDIUM,1.28,2.6,1,0
MIG-13471,order_items,528527.36,516.14,82951626,2426,MIXED_OLTP,ADD_INDEX_CONCURRENTLY,HIGH,1.4,5.69,1,0
MIG-13472,order_items,329646.08,321.92,51737582,2679,WRITE_HEAVY,ADD_INDEX_CONCURRENTLY,HIGH,1.25,4.0,1,0
MIG-13473,order_items,127877.12,124.88,20070341,532,WRITE_HEAVY,ADD_COLUMN_DEFAULT,MEDIUM,1.44,1.68,1,0
MIG-13474,order_items,260751.36,254.64,40924565,2435,READ_HEAVY,ADD_INDEX_CONCURRENTLY,HIGH,0.9,2.05,1,0
MIG-13475,order_items,234291.2,228.8,36771090,608,READ_HEAVY,DROP_COLUMN,MEDIUM,1.39,1.72,1,0
MIG-13476,order_shipments,84254.72,82.28,21941371,4873,READ_HEAVY,TABLE_REWRITE,CRITICAL,46.75,818.51,0,1
MIG-13477,order_shipments,55695.36,54.39,14504730,545,READ_HEAVY,ADD_COLUMN_DEFAULT,MEDIUM,0.97,0.78,1,0
MIG-13478,customer_sessions,32419.84,31.66,7236471,2392,MIXED_OLTP,TABLE_REWRITE,HIGH,24.77,258.89,0,1
MIG-13479,order_items,533094.4,520.6,83667095,479,ANALYTICAL_BATCH,ALTER_COLUMN_TYPE,LOW,135.56,189.95,0,1
MIG-13480,order_items,124610.56,121.69,19556561,1667,WRITE_HEAVY,ADD_INDEX_LOCKING,HIGH,14.96,145.11,0,1
MIG-13481,order_payments,47503.36,46.39,11418424,926,WRITE_HEAVY,DROP_COLUMN,MEDIUM,0.57,0.62,1,0
MIG-13482,order_shipments,87019.52,84.98,22662224,540,WRITE_HEAVY,ALTER_COLUMN_TYPE,MEDIUM,33.59,35.54,0,1
MIG-13483,order_items,398878.72,389.53,62602789,2573,WRITE_HEAVY,DROP_COLUMN,HIGH,2.39,6.8,1,0
MIG-13484,order_payments,119316.48,116.52,28681113,2888,READ_HEAVY,ADD_INDEX_CONCURRENTLY,HIGH,0.5,2.41,1,0
MIG-13485,order_payments,127047.68,124.07,30539469,501,MIXED_OLTP,TABLE_REWRITE,MEDIUM,75.17,117.07,0,1
MIG-13486,order_payments,139479.04,136.21,33528548,4364,WRITE_HEAVY,ADD_COLUMN_DEFAULT,CRITICAL,1.75,10.5,1,0
MIG-13487,order_payments,34222.08,33.42,8226628,1293,WRITE_HEAVY,ALTER_COLUMN_TYPE,MEDIUM,15.39,31.04,0,1
MIG-13488,orders,225925.12,220.63,27579338,525,READ_HEAVY,ADD_COLUMN_DEFAULT,MEDIUM,2.37,3.3,1,0
MIG-13489,order_items,480481.28,469.22,75410058,292,ANALYTICAL_BATCH,ADD_COLUMN_DEFAULT,LOW,3.19,4.68,1,0
MIG-13490,order_items,221532.16,216.34,34769073,628,WRITE_HEAVY,ADD_INDEX_LOCKING,MEDIUM,29.99,33.5,0,1
MIG-13491,orders,255232.0,249.25,31155961,5309,MIXED_OLTP,DROP_COLUMN,CRITICAL,1.65,13.25,1,0
MIG-13492,order_shipments,51957.76,50.74,13530760,303,MIXED_OLTP,ADD_COLUMN_DEFAULT,LOW,0.73,0.63,1,0
MIG-13493,order_items,572784.64,559.36,89896452,4302,READ_HEAVY,ALTER_COLUMN_TYPE,CRITICAL,129.26,3011.76,0,1
MIG-13494,orders,182988.8,178.7,22338070,1497,READ_HEAVY,ADD_COLUMN_DEFAULT,MEDIUM,1.73,3.72,1,0
MIG-13495,order_shipments,62126.08,60.67,16177755,2683,READ_HEAVY,ADD_INDEX_CONCURRENTLY,HIGH,0.32,1.13,1,0
MIG-13496,order_payments,45731.84,44.66,10994289,225,WRITE_HEAVY,DROP_COLUMN,LOW,0.44,0.53,1,0
MIG-13497,order_payments,136171.52,132.98,32732635,2444,READ_HEAVY,ADD_INDEX_CONCURRENTLY,HIGH,0.62,1.37,1,0
MIG-13498,order_items,401981.44,392.56,63089614,3742,WRITE_HEAVY,ADD_COLUMN_DEFAULT,CRITICAL,3.84,21.42,1,0
MIG-13499,order_shipments,18933.76,18.49,4931595,1020,MIXED_OLTP,ADD_INDEX_CONCURRENTLY,MEDIUM,0.17,0.23,1,0
MIG-13500,order_items,124129.28,121.22,19481047,1312,MIXED_OLTP,ADD_INDEX_CONCURRENTLY,MEDIUM,0.5,1.02,1,0
MIG-13501,order_items,516024.32,503.93,80988241,2922,WRITE_HEAVY,TABLE_REWRITE,HIGH,165.77,2988.46,0,1
MIG-13502,orders,84971.52,82.98,10372281,2927,READ_HEAVY,ADD_INDEX_CONCURRENTLY,HIGH,0.49,1.12,1,0
MIG-13503,order_items,423690.24,413.76,66497813,298,WRITE_HEAVY,ADD_INDEX_LOCKING,LOW,43.98,46.33,0,1
MIG-13504,order_payments,108226.56,105.69,26015160,2842,WRITE_HEAVY,DROP_COLUMN,HIGH,1.0,2.8,1,0
MIG-13505,order_items,258867.2,252.8,40628613,2838,MIXED_OLTP,ADD_INDEX_CONCURRENTLY,HIGH,0.95,3.9,1,0
MIG-13506,order_items,408504.32,398.93,64114418,2319,WRITE_HEAVY,TABLE_REWRITE,HIGH,165.35,1547.44,0,1
MIG-13507,order_shipments,38359.04,37.46,9989588,536,MIXED_OLTP,ADD_INDEX_CONCURRENTLY,MEDIUM,0.31,0.25,1,0
MIG-13508,order_payments,140001.28,136.72,33653884,619,WRITE_HEAVY,ADD_COLUMN_DEFAULT,MEDIUM,1.42,3.18,1,0
MIG-13509,orders,239411.2,233.8,29224594,4643,MIXED_OLTP,ADD_INDEX_LOCKING,CRITICAL,22.69,741.29,0,1
MIG-13510,customer_sessions,32921.6,32.15,7347816,1330,READ_HEAVY,ADD_INDEX_LOCKING,MEDIUM,7.29,11.85,1,0
MIG-13511,order_payments,89978.88,87.87,21629857,1411,READ_HEAVY,ADD_COLUMN_DEFAULT,MEDIUM,1.03,2.63,1,0
MIG-13512,customer_sessions,46632.96,45.54,10409113,3607,MIXED_OLTP,ALTER_COLUMN_TYPE,CRITICAL,23.55,415.05,0,1
MIG-13513,customer_sessions,76267.52,74.48,17024334,1399,READ_HEAVY,TABLE_REWRITE,MEDIUM,50.15,129.56,0,1
MIG-13514,order_shipments,51118.08,49.92,13311021,1326,WRITE_HEAVY,ADD_COLUMN_DEFAULT,MEDIUM,0.92,1.74,1,0
MIG-13515,order_payments,93982.72,91.78,22592153,2227,MIXED_OLTP,DROP_COLUMN,HIGH,0.79,3.15,1,0
MIG-13516,order_items,593991.68,580.07,93225234,2061,WRITE_HEAVY,ADD_COLUMN_DEFAULT,HIGH,4.06,9.56,1,0
MIG-13517,orders,85166.08,83.17,10395898,4180,WRITE_HEAVY,ADD_COLUMN_DEFAULT,CRITICAL,1.29,5.85,1,0
MIG-13518,order_items,398786.56,389.44,62589333,2513,READ_HEAVY,ADD_COLUMN_DEFAULT,HIGH,2.74,11.1,1,0
MIG-13519,order_payments,39280.64,38.36,9443380,1310,READ_HEAVY,ADD_INDEX_CONCURRENTLY,MEDIUM,0.22,0.27,1,0
MIG-13520,order_items,433377.28,423.22,68017413,671,READ_HEAVY,DROP_COLUMN,MEDIUM,1.98,3.17,1,0
MIG-13521,order_shipments,48762.88,47.62,12698757,234,MIXED_OLTP,ADD_INDEX_CONCURRENTLY,LOW,0.34,0.29,1,0
MIG-13522,orders,263178.24,257.01,32126173,3300,READ_HEAVY,ADD_INDEX_CONCURRENTLY,CRITICAL,1.01,5.47,1,0
MIG-13523,order_items,329082.88,321.37,51648143,474,WRITE_HEAVY,ADD_COLUMN_DEFAULT,LOW,3.07,4.02,1,0
MIG-13524,order_items,184975.36,180.64,29031198,907,WRITE_HEAVY,ADD_INDEX_CONCURRENTLY,MEDIUM,0.68,0.85,1,0
MIG-13525,order_items,545116.16,532.34,85553996,750,WRITE_HEAVY,DROP_COLUMN,MEDIUM,2.99,4.43,1,0
MIG-13526,orders,230717.44,225.31,28163400,181,MIXED_OLTP,ADD_COLUMN_DEFAULT,LOW,2.41,2.74,1,0
MIG-13527,orders,202844.16,198.09,24761209,574,WRITE_HEAVY,ADD_INDEX_CONCURRENTLY,MEDIUM,0.78,1.5,1,0
MIG-13528,order_shipments,80537.6,78.65,20974334,2206,READ_HEAVY,ADD_INDEX_CONCURRENTLY,HIGH,0.46,1.25,1,0
MIG-13529,order_items,251310.08,245.42,39441932,408,READ_HEAVY,ADD_INDEX_CONCURRENTLY,LOW,1.07,1.42,1,0
MIG-13530,orders,191160.32,186.68,23335444,3807,MIXED_OLTP,DROP_COLUMN,CRITICAL,1.18,11.61,1,0
MIG-13531,orders,57559.04,56.21,7026536,4011,WRITE_HEAVY,ADD_INDEX_CONCURRENTLY,CRITICAL,0.3,3.32,1,0
MIG-13532,order_items,216299.52,211.23,33948101,354,WRITE_HEAVY,ADD_INDEX_LOCKING,LOW,27.29,24.44,1,0
MIG-13533,orders,255354.88,249.37,31171545,3889,ANALYTICAL_BATCH,DROP_COLUMN,CRITICAL,1.67,19.51,1,0
MIG-13534,order_payments,115189.76,112.49,27689976,1239,READ_HEAVY,ADD_COLUMN_DEFAULT,MEDIUM,1.18,3.13,1,0
MIG-13535,order_payments,54261.76,52.99,13043369,228,READ_HEAVY,ADD_INDEX_CONCURRENTLY,LOW,0.35,0.32,1,0
MIG-13536,orders,73789.44,72.06,9007343,946,MIXED_OLTP,ADD_COLUMN_DEFAULT,MEDIUM,1.07,1.8,1,0
MIG-13537,order_items,604426.24,590.26,94862475,2970,ANALYTICAL_BATCH,ADD_COLUMN_DEFAULT,HIGH,3.79,24.08,1,0
MIG-13538,orders,73963.52,72.23,9029066,2754,WRITE_HEAVY,ADD_COLUMN_DEFAULT,HIGH,0.95,3.01,1,0
MIG-13539,order_items,247357.44,241.56,38822673,1071,ANALYTICAL_BATCH,TABLE_REWRITE,MEDIUM,120.37,260.15,0,1
MIG-13540,order_shipments,33576.96,32.79,8744894,2087,WRITE_HEAVY,ADD_INDEX_CONCURRENTLY,HIGH,0.24,0.51,1,0
MIG-13541,order_items,118538.24,115.76,18604569,2987,ANALYTICAL_BATCH,ADD_INDEX_CONCURRENTLY,HIGH,0.53,3.02,1,0
MIG-13542,order_shipments,44482.56,43.44,11585311,2193,WRITE_HEAVY,ALTER_COLUMN_TYPE,HIGH,23.16,250.8,0,1
MIG-13543,orders,264622.08,258.42,32302829,843,WRITE_HEAVY,TABLE_REWRITE,MEDIUM,140.53,194.28,0,1
MIG-13544,order_items,291143.68,284.32,45694167,2394,WRITE_HEAVY,ADD_COLUMN_DEFAULT,HIGH,2.39,9.76,1,0
MIG-13545,order_items,374958.08,366.17,58848695,2120,MIXED_OLTP,ADD_COLUMN_DEFAULT,HIGH,3.23,8.78,1,0
MIG-13546,order_items,499660.8,487.95,78420798,455,ANALYTICAL_BATCH,ADD_INDEX_CONCURRENTLY,LOW,1.67,2.51,1,0
MIG-13547,customer_sessions,49889.28,48.72,11135553,1817,WRITE_HEAVY,ADD_INDEX_LOCKING,HIGH,8.72,104.97,0,1
MIG-13548,orders,213626.88,208.62,26076970,550,WRITE_HEAVY,DROP_COLUMN,MEDIUM,1.22,2.71,1,0
MIG-13549,order_shipments,73308.16,71.59,19091334,2145,WRITE_HEAVY,ADD_COLUMN_DEFAULT,HIGH,0.84,2.91,1,0
MIG-13550,order_shipments,68904.96,67.29,17944961,2922,WRITE_HEAVY,ADD_COLUMN_DEFAULT,HIGH,1.06,5.82,1,0
MIG-13551,order_items,449966.08,439.42,70621561,562,MIXED_OLTP,ADD_COLUMN_DEFAULT,MEDIUM,3.42,5.19,1,0
MIG-13552,order_items,527134.72,514.78,82732313,423,WRITE_HEAVY,ADD_INDEX_LOCKING,LOW,51.36,33.72,0,1
MIG-13553,order_items,481218.56,469.94,75525502,1500,ANALYTICAL_BATCH,ADD_INDEX_CONCURRENTLY,HIGH,1.4,3.96,1,0
MIG-13554,orders,224276.48,219.02,27377922,2336,ANALYTICAL_BATCH,ADD_COLUMN_DEFAULT,HIGH,2.17,11.59,1,0
MIG-13555,order_payments,44062.72,43.03,10593211,2179,WRITE_HEAVY,ADD_INDEX_CONCURRENTLY,HIGH,0.25,0.94,1,0
MIG-13556,order_items,464435.2,453.55,72891572,1739,READ_HEAVY,ADD_INDEX_LOCKING,HIGH,39.86,191.1,0,1
MIG-13557,customer_sessions,61880.32,60.43,13813115,1246,ANALYTICAL_BATCH,ADD_INDEX_CONCURRENTLY,MEDIUM,0.38,0.72,1,0
MIG-13558,order_items,269496.32,263.18,42297281,675,MIXED_OLTP,ALTER_COLUMN_TYPE,MEDIUM,67.56,145.06,0,1
MIG-13559,order_items,566056.96,552.79,88840763,2155,MIXED_OLTP,ADD_COLUMN_DEFAULT,HIGH,3.57,14.76,1,0
MIG-13560,order_payments,63129.6,61.65,15175694,1058,WRITE_HEAVY,ADD_COLUMN_DEFAULT,MEDIUM,0.98,1.5,1,0
MIG-13561,order_items,240527.36,234.89,37750401,2277,WRITE_HEAVY,ADD_COLUMN_DEFAULT,HIGH,2.36,8.78,1,0
MIG-13562,order_shipments,90347.52,88.23,23529291,531,MIXED_OLTP,ADD_COLUMN_DEFAULT,MEDIUM,1.12,1.14,1,0
MIG-13563,orders,103792.64,101.36,12669535,278,READ_HEAVY,ADD_COLUMN_DEFAULT,LOW,1.42,1.36,1,0
MIG-13564,customer_sessions,41144.32,40.18,9183235,2482,MIXED_OLTP,ADD_COLUMN_DEFAULT,HIGH,0.71,1.74,1,0
MIG-13565,order_shipments,48947.2,47.8,12747133,2290,MIXED_OLTP,ADD_INDEX_CONCURRENTLY,HIGH,0.34,0.68,1,0
MIG-13566,order_shipments,92917.76,90.74,24198135,2595,READ_HEAVY,ADD_COLUMN_DEFAULT,HIGH,0.96,4.67,1,0
MIG-13567,order_items,349634.56,341.44,54874094,1275,WRITE_HEAVY,ADD_INDEX_LOCKING,MEDIUM,35.34,57.85,0,1
MIG-13568,order_shipments,76021.76,74.24,19797072,1769,READ_HEAVY,ADD_INDEX_CONCURRENTLY,HIGH,0.46,0.78,1,0
MIG-13569,order_items,524492.8,512.2,82317151,1303,MIXED_OLTP,ALTER_COLUMN_TYPE,MEDIUM,94.88,192.91,0,1
MIG-13570,order_payments,101847.04,99.46,24483623,2842,WRITE_HEAVY,ALTER_COLUMN_TYPE,HIGH,43.16,616.92,0,1
MIG-13571,orders,257884.16,251.84,31479751,2757,WRITE_HEAVY,DROP_COLUMN,HIGH,1.68,5.24,1,0
MIG-13572,order_items,528855.04,516.46,83003109,1351,ANALYTICAL_BATCH,ADD_INDEX_CONCURRENTLY,MEDIUM,1.8,4.31,1,0
MIG-13573,order_items,321228.8,313.7,50416736,1818,MIXED_OLTP,DROP_COLUMN,HIGH,2.08,5.29,1,0
MIG-13574,order_items,605399.04,591.21,95015759,1152,READ_HEAVY,ALTER_COLUMN_TYPE,MEDIUM,103.34,200.26,0,1
MIG-13575,order_items,385423.36,376.39,60490561,957,MIXED_OLTP,ADD_COLUMN_DEFAULT,MEDIUM,3.01,3.18,1,0
MIG-13576,order_shipments,20305.92,19.83,5287670,2976,READ_HEAVY,ADD_INDEX_CONCURRENTLY,HIGH,0.2,0.52,1,0
MIG-13577,orders,106659.84,104.16,13020358,432,ANALYTICAL_BATCH,ADD_COLUMN_DEFAULT,LOW,1.45,1.74,1,0
MIG-13578,order_payments,101109.76,98.74,24305812,3403,MIXED_OLTP,ADD_COLUMN_DEFAULT,CRITICAL,1.06,10.63,1,0
MIG-13579,orders,83834.88,81.87,10234002,1441,WRITE_HEAVY,ADD_INDEX_CONCURRENTLY,MEDIUM,0.38,1.11,1,0
MIG-13580,order_payments,96604.16,94.34,23221159,1197,READ_HEAVY,ADD_INDEX_CONCURRENTLY,MEDIUM,0.46,0.73,1,0
MIG-13581,order_payments,69949.44,68.31,16814023,2314,WRITE_HEAVY,DROP_COLUMN,HIGH,0.7,2.71,1,0
MIG-13582,order_items,390481.92,381.33,61285223,946,MIXED_OLTP,ADD_COLUMN_DEFAULT,MEDIUM,3.73,4.6,1,0
MIG-13583,order_payments,26849.28,26.22,6453995,4232,READ_HEAVY,ADD_INDEX_CONCURRENTLY,CRITICAL,0.21,1.37,1,0
MIG-13584,order_shipments,88801.28,86.72,23125901,1270,READ_HEAVY,TABLE_REWRITE,MEDIUM,53.11,82.09,0,1
MIG-13585,order_shipments,48455.68,47.32,12617590,1264,ANALYTICAL_BATCH,ADD_INDEX_CONCURRENTLY,MEDIUM,0.33,0.54,1,0
MIG-13586,order_items,187023.36,182.64,29352833,320,READ_HEAVY,ADD_INDEX_CONCURRENTLY,LOW,0.73,1.02,1,0
MIG-13587,order_items,340695.04,332.71,53471184,496,MIXED_OLTP,ADD_INDEX_CONCURRENTLY,LOW,1.23,2.02,1,0
MIG-13588,order_payments,84869.12,82.88,20401906,192,MIXED_OLTP,ADD_INDEX_CONCURRENTLY,LOW,0.39,0.61,1,0
MIG-13589,orders,190136.32,185.68,23209873,270,READ_HEAVY,ADD_COLUMN_DEFAULT,LOW,2.31,2.69,1,0
MIG-13590,order_shipments,61941.76,60.49,16130548,1098,WRITE_HEAVY,ADD_INDEX_CONCURRENTLY,MEDIUM,0.4,0.42,1,0
MIG-13591,order_items,137154.56,133.94,21525410,665,MIXED_OLTP,ALTER_COLUMN_TYPE,MEDIUM,49.7,60.83,0,1
MIG-13592,order_shipments,90716.16,88.59,23624666,998,READ_HEAVY,ALTER_COLUMN_TYPE,MEDIUM,29.02,46.35,0,1
MIG-13593,orders,150128.64,146.61,18325741,1334,WRITE_HEAVY,ADD_COLUMN_DEFAULT,MEDIUM,1.35,2.5,1,0
MIG-13594,orders,66181.12,64.63,8078669,370,MIXED_OLTP,ADD_INDEX_LOCKING,LOW,9.87,14.51,1,0
MIG-13595,customer_sessions,64194.56,62.69,14328726,384,READ_HEAVY,DROP_COLUMN,LOW,0.64,0.63,1,0
MIG-13596,order_shipments,73185.28,71.47,19059335,164,WRITE_HEAVY,ALTER_COLUMN_TYPE,LOW,24.18,24.27,1,0
MIG-13597,order_shipments,72294.4,70.6,18827855,645,MIXED_OLTP,ADD_INDEX_CONCURRENTLY,MEDIUM,0.34,0.6,1,0
MIG-13598,customer_sessions,41881.6,40.9,9347561,276,WRITE_HEAVY,DROP_COLUMN,LOW,0.42,0.38,1,0
MIG-13599,order_items,326543.36,318.89,51250262,823,READ_HEAVY,ADD_INDEX_CONCURRENTLY,MEDIUM,0.96,2.04,1,0
MIG-13600,orders,167782.4,163.85,20481143,3025,READ_HEAVY,ADD_INDEX_CONCURRENTLY,CRITICAL,0.78,4.71,1,0
MIG-13601,orders,60344.32,58.93,7366049,1053,WRITE_HEAVY,ALTER_COLUMN_TYPE,MEDIUM,23.34,50.38,0,1
MIG-13602,order_items,268974.08,262.67,42215578,401,READ_HEAVY,ADD_INDEX_CONCURRENTLY,LOW,1.14,1.25,1,0
MIG-13603,orders,267663.36,261.39,32673142,2597,WRITE_HEAVY,ADD_COLUMN_DEFAULT,HIGH,2.31,9.55,1,0
MIG-13604,customer_sessions,57057.28,55.72,12735571,603,WRITE_HEAVY,ADD_INDEX_CONCURRENTLY,MEDIUM,0.36,0.52,1,0
MIG-13605,orders,141813.76,138.49,17311222,412,MIXED_OLTP,ALTER_COLUMN_TYPE,LOW,54.08,51.47,0,1
MIG-13606,orders,98334.72,96.03,12003803,2071,WRITE_HEAVY,ADD_COLUMN_DEFAULT,HIGH,1.0,2.95,1,0
MIG-13607,orders,213985.28,208.97,26120652,1733,ANALYTICAL_BATCH,ADD_INDEX_CONCURRENTLY,HIGH,0.73,3.16,1,0
MIG-13608,orders,106721.28,104.22,13027838,4179,READ_HEAVY,DROP_COLUMN,CRITICAL,0.97,7.38,1,0
MIG-13609,orders,85063.68,83.07,10383992,3541,WRITE_HEAVY,ADD_INDEX_CONCURRENTLY,CRITICAL,0.5,3.08,1,0
MIG-13610,order_payments,45137.92,44.08,10850029,1172,ANALYTICAL_BATCH,ADD_INDEX_CONCURRENTLY,MEDIUM,0.29,0.66,1,0
MIG-13611,order_items,491059.2,479.55,77070325,2616,READ_HEAVY,DROP_COLUMN,HIGH,2.19,7.9,1,0
MIG-13612,order_items,446443.52,435.98,70067630,1225,READ_HEAVY,TABLE_REWRITE,MEDIUM,164.95,254.75,0,1
MIG-13613,order_shipments,24217.6,23.65,6307811,3290,MIXED_OLTP,ADD_INDEX_LOCKING,CRITICAL,6.24,67.28,0,1
MIG-13614,order_items,174059.52,169.98,27318468,848,MIXED_OLTP,ADD_INDEX_CONCURRENTLY,MEDIUM,0.64,1.02,1,0
MIG-13615,order_payments,102563.84,100.16,24654789,998,WRITE_HEAVY,ADD_COLUMN_DEFAULT,MEDIUM,1.35,2.81,1,0
MIG-13616,order_items,409436.16,399.84,64260404,493,WRITE_HEAVY,ADD_INDEX_LOCKING,LOW,32.51,31.64,0,1
MIG-13617,orders,200888.32,196.18,24521974,1045,ANALYTICAL_BATCH,ADD_INDEX_CONCURRENTLY,MEDIUM,0.87,1.32,1,0
MIG-13618,order_items,206571.52,201.73,32421151,1153,WRITE_HEAVY,ADD_INDEX_LOCKING,MEDIUM,22.89,48.22,0,1
MIG-13619,customer_sessions,61214.72,59.78,13662865,2009,MIXED_OLTP,ADD_COLUMN_DEFAULT,HIGH,0.81,2.63,1,0
MIG-13620,order_items,597800.96,583.79,93823813,218,READ_HEAVY,ALTER_COLUMN_TYPE,LOW,110.54,148.99,0,1
MIG-13621,orders,182097.92,177.83,22228358,2694,READ_HEAVY,ADD_COLUMN_DEFAULT,HIGH,2.01,6.83,1,0
MIG-13622,order_items,215910.4,210.85,33886531,433,MIXED_OLTP,TABLE_REWRITE,LOW,89.25,149.22,0,1
MIG-13623,order_shipments,74792.96,73.04,19478147,555,ANALYTICAL_BATCH,ADD_COLUMN_DEFAULT,MEDIUM,1.06,1.08,1,0
MIG-13624,order_payments,67727.36,66.14,16280752,1038,WRITE_HEAVY,ADD_INDEX_LOCKING,MEDIUM,9.04,22.94,1,0
MIG-13625,order_items,140124.16,136.84,21992307,1277,READ_HEAVY,ADD_INDEX_CONCURRENTLY,MEDIUM,0.64,1.16,1,0
MIG-13626,order_shipments,43509.76,42.49,11330515,657,MIXED_OLTP,ADD_COLUMN_DEFAULT,MEDIUM,0.71,0.96,1,0
MIG-13627,order_payments,135116.8,131.95,32480850,1146,WRITE_HEAVY,ADD_COLUMN_DEFAULT,MEDIUM,1.29,2.73,1,0
MIG-13628,order_items,326871.04,319.21,51302284,289,MIXED_OLTP,ADD_INDEX_CONCURRENTLY,LOW,1.22,1.16,1,0
MIG-13629,orders,240404.48,234.77,29345964,2260,READ_HEAVY,ADD_COLUMN_DEFAULT,HIGH,1.95,6.47,1,0
MIG-13630,orders,161658.88,157.87,19733802,1093,WRITE_HEAVY,ADD_INDEX_CONCURRENTLY,MEDIUM,0.79,1.3,1,0
MIG-13631,customer_sessions,47687.68,46.57,10644483,2808,MIXED_OLTP,TABLE_REWRITE,HIGH,30.76,634.32,0,1
MIG-13632,order_items,117381.12,114.63,18422522,1630,ANALYTICAL_BATCH,ADD_INDEX_LOCKING,HIGH,14.26,182.67,0,1
MIG-13633,order_items,443494.4,433.1,69605429,180,WRITE_HEAVY,ADD_INDEX_LOCKING,LOW,45.57,38.94,0,1
MIG-13634,order_items,170332.16,166.34,26732921,3862,MIXED_OLTP,ADD_COLUMN_DEFAULT,CRITICAL,1.73,8.21,1,0
MIG-13635,orders,155043.84,151.41,18926207,2701,WRITE_HEAVY,ADD_INDEX_CONCURRENTLY,HIGH,0.6,3.49,1,0
MIG-13636,order_shipments,40028.16,39.09,10422844,2388,WRITE_HEAVY,ADD_COLUMN_DEFAULT,HIGH,0.6,1.74,1,0
MIG-13637,orders,135936.0,132.75,16594340,1781,WRITE_HEAVY,ADD_INDEX_CONCURRENTLY,HIGH,0.73,2.02,1,0
MIG-13638,order_shipments,62976.0,61.5,16400870,523,MIXED_OLTP,DROP_COLUMN,MEDIUM,0.62,0.57,1,0
MIG-13639,order_items,122152.96,119.29,19171593,5476,WRITE_HEAVY,ADD_INDEX_LOCKING,CRITICAL,16.39,651.38,0,1
MIG-13640,orders,112097.28,109.47,13683756,155,WRITE_HEAVY,ADD_INDEX_CONCURRENTLY,LOW,0.48,0.57,1,0
MIG-13641,orders,268042.24,261.76,32719522,113,MIXED_OLTP,ADD_INDEX_CONCURRENTLY,LOW,0.93,0.89,1,0
MIG-13642,order_shipments,23193.6,22.65,6039821,2109,READ_HEAVY,ADD_INDEX_CONCURRENTLY,HIGH,0.18,0.56,1,0
MIG-13643,orders,119797.76,116.99,14623624,1053,WRITE_HEAVY,ADD_COLUMN_DEFAULT,MEDIUM,1.25,3.09,1,0
MIG-13644,orders,120248.32,117.43,14678379,1887,WRITE_HEAVY,ADD_INDEX_CONCURRENTLY,HIGH,0.59,2.32,1,0
MIG-13645,order_payments,72079.36,70.39,17326314,668,MIXED_OLTP,ADD_COLUMN_DEFAULT,MEDIUM,1.06,1.59,1,0
MIG-13646,order_items,468101.12,457.13,73467254,586,READ_HEAVY,ADD_INDEX_CONCURRENTLY,MEDIUM,1.8,1.63,1,0
MIG-13647,order_items,242544.64,236.86,38067247,4019,MIXED_OLTP,ADD_INDEX_CONCURRENTLY,CRITICAL,0.92,5.74,1,0
MIG-13648,orders,150958.08,147.42,18427272,480,WRITE_HEAVY,ADD_INDEX_LOCKING,LOW,22.13,26.87,0,1
MIG-13649,order_shipments,71915.52,70.23,18729053,159,READ_HEAVY,TABLE_REWRITE,LOW,42.14,46.16,0,1
MIG-13650,orders,120442.88,117.62,14702695,2359,MIXED_OLTP,ADD_INDEX_CONCURRENTLY,HIGH,0.61,1.98,1,0
MIG-13651,orders,259000.32,252.93,31616859,1790,WRITE_HEAVY,ADD_INDEX_CONCURRENTLY,HIGH,0.89,2.69,1,0
MIG-13652,order_items,620298.24,605.76,97353483,2510,WRITE_HEAVY,ADD_INDEX_CONCURRENTLY,HIGH,1.62,7.85,1,0
MIG-13653,orders,75622.4,73.85,9231186,560,READ_HEAVY,ADD_INDEX_LOCKING,MEDIUM,14.1,13.91,1,0
MIG-13654,order_items,292136.96,285.29,45849410,3508,WRITE_HEAVY,ADD_COLUMN_DEFAULT,CRITICAL,3.11,19.85,1,0
MIG-13655,orders,95150.08,92.92,11615245,1512,WRITE_HEAVY,DROP_COLUMN,HIGH,0.69,1.68,1,0
MIG-13656,orders,90470.4,88.35,11043319,2472,ANALYTICAL_BATCH,ADD_COLUMN_DEFAULT,HIGH,0.98,3.27,1,0
MIG-13657,order_items,368076.8,359.45,57769366,387,READ_HEAVY,TABLE_REWRITE,LOW,134.8,139.8,0,1
MIG-13658,order_shipments,65198.08,63.67,16978665,671,READ_HEAVY,ADD_INDEX_CONCURRENTLY,MEDIUM,0.44,0.46,1,0
MIG-13659,orders,143298.56,139.94,17492605,953,WRITE_HEAVY,ADD_INDEX_CONCURRENTLY,MEDIUM,0.7,1.2,1,0
MIG-13660,orders,109434.88,106.87,13358981,793,READ_HEAVY,ADD_COLUMN_DEFAULT,MEDIUM,1.45,1.8,1,0
MIG-13661,order_shipments,41543.68,40.57,10818226,118,READ_HEAVY,ADD_COLUMN_DEFAULT,LOW,0.62,0.75,1,0
MIG-13662,order_shipments,100720.64,98.36,26229968,537,ANALYTICAL_BATCH,ADD_INDEX_CONCURRENTLY,MEDIUM,0.47,0.71,1,0
MIG-13663,order_payments,137287.68,134.07,33001908,2908,READ_HEAVY,ALTER_COLUMN_TYPE,HIGH,52.91,412.29,0,1
MIG-13664,orders,65935.36,64.39,8049268,1147,MIXED_OLTP,DROP_COLUMN,MEDIUM,0.53,0.97,1,0
MIG-13665,order_items,453529.6,442.9,71180602,1165,WRITE_HEAVY,TABLE_REWRITE,MEDIUM,160.17,396.49,0,1
MIG-13666,orders,150210.56,146.69,18335695,795,READ_HEAVY,TABLE_REWRITE,MEDIUM,83.98,133.28,0,1
MIG-13667,orders,201502.72,196.78,24597980,3660,ANALYTICAL_BATCH,ADD_COLUMN_DEFAULT,CRITICAL,1.94,22.09,1,0
MIG-13668,order_items,422778.88,412.87,66353817,1294,READ_HEAVY,ALTER_COLUMN_TYPE,MEDIUM,101.78,193.59,0,1
MIG-13669,order_items,573624.32,560.18,90029444,938,MIXED_OLTP,ADD_INDEX_LOCKING,MEDIUM,47.52,56.74,0,1
MIG-13670,order_items,149258.24,145.76,23426053,3255,MIXED_OLTP,ADD_COLUMN_DEFAULT,CRITICAL,1.57,6.29,1,0
MIG-13671,order_items,295116.8,288.2,46317430,2233,ANALYTICAL_BATCH,DROP_COLUMN,HIGH,1.58,5.12,1,0
MIG-13672,orders,267130.88,260.87,32608341,1021,WRITE_HEAVY,TABLE_REWRITE,MEDIUM,131.43,236.41,0,1
MIG-13673,order_items,208762.88,203.87,32765113,2354,WRITE_HEAVY,ADD_INDEX_LOCKING,HIGH,19.95,321.97,0,1
MIG-13674,order_payments,41881.6,40.9,10067203,4342,READ_HEAVY,ADD_INDEX_LOCKING,CRITICAL,7.58,147.55,0,1
MIG-13675,order_shipments,78899.2,77.05,20545795,442,ANALYTICAL_BATCH,ADD_INDEX_CONCURRENTLY,LOW,0.42,0.63,1,0
MIG-13676,order_items,515921.92,503.83,80972247,1866,READ_HEAVY,ALTER_COLUMN_TYPE,HIGH,128.52,893.58,0,1
MIG-13677,order_items,461649.92,450.83,72454157,335,WRITE_HEAVY,ADD_COLUMN_DEFAULT,LOW,3.44,5.13,1,0
MIG-13678,orders,220835.84,215.66,26957287,2831,READ_HEAVY,DROP_COLUMN,HIGH,1.34,4.74,1,0
MIG-13679,orders,202588.16,197.84,24730482,2968,WRITE_HEAVY,DROP_COLUMN,HIGH,1.38,5.45,1,0
MIG-13680,order_payments,42895.36,41.89,10310195,5412,WRITE_HEAVY,ADD_COLUMN_DEFAULT,CRITICAL,0.57,8.11,1,0
MIG-13681,orders,183685.12,179.38,22421991,2590,WRITE_HEAVY,ADD_INDEX_CONCURRENTLY,HIGH,0.88,3.38,1,0
MIG-13682,order_items,515635.2,503.55,80927011,142,WRITE_HEAVY,DROP_COLUMN,LOW,2.43,3.27,1,0
MIG-13683,order_items,561377.28,548.22,88106845,1488,MIXED_OLTP,ADD_INDEX_CONCURRENTLY,MEDIUM,1.66,2.66,1,0
MIG-13684,orders,103618.56,101.19,12648351,3080,WRITE_HEAVY,ADD_INDEX_CONCURRENTLY,CRITICAL,0.52,2.55,1,0
MIG-13685,orders,77342.72,75.53,9440630,1050,WRITE_HEAVY,ADD_INDEX_CONCURRENTLY,MEDIUM,0.42,0.8,1,0
MIG-13686,order_items,517806.08,505.67,81268325,278,READ_HEAVY,DROP_COLUMN,LOW,2.46,2.93,1,0
MIG-13687,customer_sessions,30883.84,30.16,6894296,2517,WRITE_HEAVY,ADD_INDEX_CONCURRENTLY,HIGH,0.19,1.07,1,0
MIG-13688,order_items,131164.16,128.09,20586287,1282,READ_HEAVY,ADD_COLUMN_DEFAULT,MEDIUM,1.74,2.21,1,0
MIG-13689,order_items,540579.84,527.91,84842298,395,WRITE_HEAVY,ALTER_COLUMN_TYPE,LOW,134.76,118.39,0,1
MIG-13690,orders,161064.96,157.29,19661760,726,WRITE_HEAVY,ADD_COLUMN_DEFAULT,MEDIUM,1.41,2.74,1,0
MIG-13691,order_items,283258.88,276.62,44457283,1254,MIXED_OLTP,ALTER_COLUMN_TYPE,MEDIUM,79.38,131.75,0,1
MIG-13692,orders,51681.28,50.47,6308585,2636,WRITE_HEAVY,ADD_COLUMN_DEFAULT,HIGH,0.75,3.45,1,0
MIG-13693,order_items,132925.44,129.81,20861523,524,WRITE_HEAVY,ADD_INDEX_CONCURRENTLY,MEDIUM,0.58,0.72,1,0
MIG-13694,order_payments,121589.76,118.74,29227550,1137,WRITE_HEAVY,ADD_INDEX_LOCKING,MEDIUM,19.36,37.19,0,1
MIG-13695,order_items,367421.44,358.81,57666176,1691,WRITE_HEAVY,ADD_COLUMN_DEFAULT,HIGH,2.93,9.4,1,0
MIG-13696,orders,82268.16,80.34,10042495,1062,WRITE_HEAVY,TABLE_REWRITE,MEDIUM,44.54,114.01,0,1
MIG-13697,orders,128450.56,125.44,15679651,1841,WRITE_HEAVY,ADD_INDEX_CONCURRENTLY,HIGH,0.68,1.82,1,0
MIG-13698,orders,85719.04,83.71,10463238,858,WRITE_HEAVY,ALTER_COLUMN_TYPE,MEDIUM,32.16,43.3,0,1
MIG-13699,order_items,172943.36,168.89,27143405,771,WRITE_HEAVY,ADD_COLUMN_DEFAULT,MEDIUM,2.11,2.98,1,0
MIG-13700,order_shipments,41349.12,40.38,10768248,1362,MIXED_OLTP,ALTER_COLUMN_TYPE,MEDIUM,18.61,40.15,0,1
MIG-13701,orders,170690.56,166.69,20836730,2858,WRITE_HEAVY,ADD_INDEX_CONCURRENTLY,HIGH,0.7,2.21,1,0
MIG-13702,order_items,223068.16,217.84,35010535,4995,WRITE_HEAVY,DROP_COLUMN,CRITICAL,1.52,20.66,1,0
MIG-13703,order_payments,67799.04,66.21,16297727,1222,READ_HEAVY,ADD_INDEX_CONCURRENTLY,MEDIUM,0.33,0.54,1,0
MIG-13704,orders,154859.52,151.23,18904133,245,WRITE_HEAVY,ADD_INDEX_LOCKING,LOW,21.24,21.79,1,0
MIG-13705,orders,142059.52,138.73,17340802,643,MIXED_OLTP,ADD_INDEX_CONCURRENTLY,MEDIUM,0.57,1.01,1,0
MIG-13706,order_items,181073.92,176.83,28418851,1068,WRITE_HEAVY,ADD_COLUMN_DEFAULT,MEDIUM,2.04,3.28,1,0
MIG-13707,order_payments,31283.2,30.55,7519330,926,READ_HEAVY,DROP_COLUMN,MEDIUM,0.3,0.54,1,0
MIG-13708,order_items,132986.88,129.87,20872156,3705,ANALYTICAL_BATCH,ADD_COLUMN_DEFAULT,CRITICAL,1.71,13.26,1,0
MIG-13709,order_payments,68577.28,66.97,16485155,1864,WRITE_HEAVY,ADD_INDEX_LOCKING,HIGH,11.86,72.5,0,1
MIG-13710,order_shipments,78049.28,76.22,20326124,660,WRITE_HEAVY,DROP_COLUMN,MEDIUM,0.66,1.12,1,0
MIG-13711,order_payments,42352.64,41.36,10180152,1329,READ_HEAVY,ADD_INDEX_CONCURRENTLY,MEDIUM,0.26,0.53,1,0
MIG-13712,customer_sessions,65105.92,63.58,14532513,228,ANALYTICAL_BATCH,ADD_INDEX_LOCKING,LOW,10.4,15.78,1,0
MIG-13713,order_payments,112363.52,109.73,27011420,1417,READ_HEAVY,ADD_COLUMN_DEFAULT,MEDIUM,1.26,2.49,1,0
MIG-13714,order_shipments,18759.68,18.32,4885179,1169,READ_HEAVY,DROP_COLUMN,MEDIUM,0.27,0.4,1,0
MIG-13715,order_shipments,20654.08,20.17,5377754,3410,WRITE_HEAVY,ADD_INDEX_CONCURRENTLY,CRITICAL,0.15,1.05,1,0
MIG-13716,order_payments,49991.68,48.82,12016956,562,READ_HEAVY,ADD_COLUMN_DEFAULT,MEDIUM,0.69,0.76,1,0
MIG-13717,order_shipments,23091.2,22.55,6012211,266,WRITE_HEAVY,ADD_INDEX_LOCKING,LOW,5.67,6.62,1,0
MIG-13718,customer_sessions,48609.28,47.47,10851340,132,READ_HEAVY,TABLE_REWRITE,LOW,31.25,32.53,0,1
MIG-13719,order_items,135137.28,131.97,21209808,481,WRITE_HEAVY,TABLE_REWRITE,LOW,78.52,71.38,0,1
MIG-13720,order_items,528926.72,516.53,83014312,5268,READ_HEAVY,ADD_INDEX_LOCKING,CRITICAL,38.59,1175.59,0,1
MIG-13721,order_items,369100.8,360.45,57929927,2485,WRITE_HEAVY,ADD_INDEX_CONCURRENTLY,HIGH,1.26,5.23,1,0
MIG-13722,order_shipments,78807.04,76.96,20523814,1939,MIXED_OLTP,ADD_COLUMN_DEFAULT,HIGH,0.97,3.18,1,0
MIG-13723,order_items,502118.4,490.35,78806906,2802,MIXED_OLTP,ADD_INDEX_CONCURRENTLY,HIGH,1.37,6.64,1,0
MIG-13724,order_shipments,60467.2,59.05,15746101,358,MIXED_OLTP,DROP_COLUMN,LOW,0.69,1.0,1,0
MIG-13725,order_payments,137492.48,134.27,33050450,2036,ANALYTICAL_BATCH,ADD_INDEX_CONCURRENTLY,HIGH,0.69,2.25,1,0
MIG-13726,customer_sessions,78223.36,76.39,17459467,2819,READ_HEAVY,TABLE_REWRITE,HIGH,45.56,621.34,0,1
MIG-13727,orders,128604.16,125.59,15698796,709,MIXED_OLTP,ADD_INDEX_CONCURRENTLY,MEDIUM,0.53,1.05,1,0
MIG-13728,order_payments,41707.52,40.73,10024887,1067,WRITE_HEAVY,ADD_INDEX_CONCURRENTLY,MEDIUM,0.29,0.39,1,0
MIG-13729,order_payments,70144.0,68.5,16861259,2536,ANALYTICAL_BATCH,ALTER_COLUMN_TYPE,HIGH,28.58,258.41,0,1
MIG-13730,customer_sessions,28743.68,28.07,6416296,5269,READ_HEAVY,ADD_INDEX_CONCURRENTLY,CRITICAL,0.19,1.78,1,0
MIG-13731,order_shipments,62474.24,61.01,16269722,154,READ_HEAVY,ADD_INDEX_CONCURRENTLY,LOW,0.41,0.35,1,0
MIG-13732,order_items,309975.04,302.71,48649395,3719,READ_HEAVY,ADD_COLUMN_DEFAULT,CRITICAL,2.74,14.91,1,0
MIG-13733,order_items,362649.6,354.15,56916402,5099,MIXED_OLTP,TABLE_REWRITE,CRITICAL,180.49,5535.44,0,1
MIG-13734,orders,217958.4,212.85,26606064,4249,MIXED_OLTP,ADD_INDEX_CONCURRENTLY,CRITICAL,0.85,7.34,1,0
MIG-13735,customer_sessions,32010.24,31.26,7145902,401,MIXED_OLTP,ADD_COLUMN_DEFAULT,LOW,0.51,0.62,1,0
MIG-13736,orders,168028.16,164.09,20511817,1273,READ_HEAVY,ADD_INDEX_CONCURRENTLY,MEDIUM,0.86,0.92,1,0
MIG-13737,order_payments,66775.04,65.21,16052643,1957,READ_HEAVY,DROP_COLUMN,HIGH,0.65,1.74,1,0
MIG-13738,order_payments,120668.16,117.84,29006872,831,ANALYTICAL_BATCH,ADD_COLUMN_DEFAULT,MEDIUM,1.18,2.72,1,0
MIG-13739,order_items,444753.92,434.33,69802467,299,READ_HEAVY,DROP_COLUMN,LOW,2.65,1.96,1,0
MIG-13740,orders,51036.16,49.84,6229627,1541,READ_HEAVY,ADD_COLUMN_DEFAULT,HIGH,0.69,1.64,1,0
MIG-13741,orders,195143.68,190.57,23821386,419,READ_HEAVY,TABLE_REWRITE,LOW,116.86,111.55,0,1
MIG-13742,order_shipments,32542.72,31.78,8475499,615,READ_HEAVY,DROP_COLUMN,MEDIUM,0.34,0.56,1,0
MIG-13743,order_items,488581.12,477.13,76682377,5337,MIXED_OLTP,DROP_COLUMN,CRITICAL,2.93,27.91,0,1
MIG-13744,orders,174643.2,170.55,21318144,1278,READ_HEAVY,ADD_COLUMN_DEFAULT,MEDIUM,2.02,2.02,1,0
MIG-13745,order_payments,74721.28,72.97,17962701,3880,MIXED_OLTP,ADD_COLUMN_DEFAULT,CRITICAL,1.08,10.15,1,0
MIG-13746,orders,202670.08,197.92,24739793,572,MIXED_OLTP,ADD_COLUMN_DEFAULT,MEDIUM,2.31,2.93,1,0
MIG-13747,order_shipments,89477.12,87.38,23302414,1289,READ_HEAVY,ADD_COLUMN_DEFAULT,MEDIUM,1.35,1.88,1,0
MIG-13748,order_items,516597.76,504.49,81078240,279,WRITE_HEAVY,ADD_INDEX_CONCURRENTLY,LOW,1.87,2.07,1,0
MIG-13749,orders,169779.2,165.8,20725240,694,READ_HEAVY,ADD_INDEX_CONCURRENTLY,MEDIUM,0.75,1.27,1,0
MIG-13750,orders,208998.4,204.1,25512746,929,READ_HEAVY,ADD_COLUMN_DEFAULT,MEDIUM,2.32,2.9,1,0
MIG-13751,order_items,328304.64,320.61,51527078,2855,READ_HEAVY,ADD_INDEX_CONCURRENTLY,HIGH,1.23,3.73,1,0
MIG-13752,order_items,521902.08,509.67,81911115,4721,MIXED_OLTP,ADD_INDEX_CONCURRENTLY,CRITICAL,1.81,10.71,1,0
MIG-13753,order_payments,125952.0,123.0,30276694,374,WRITE_HEAVY,ADD_COLUMN_DEFAULT,LOW,1.52,1.59,1,0
MIG-13754,order_items,185548.8,181.2,29120800,305,WRITE_HEAVY,ADD_INDEX_LOCKING,LOW,23.25,27.69,0,1
MIG-13755,order_items,237537.28,231.97,37280540,1729,MIXED_OLTP,ADD_INDEX_CONCURRENTLY,HIGH,1.05,2.39,1,0
MIG-13756,orders,108871.68,106.32,13289695,1449,ANALYTICAL_BATCH,ADD_INDEX_LOCKING,MEDIUM,15.44,30.69,1,0
MIG-13757,orders,85882.88,83.87,10484206,1239,READ_HEAVY,ADD_INDEX_CONCURRENTLY,MEDIUM,0.44,1.0,1,0
MIG-13758,customer_sessions,39659.52,38.73,8852504,1015,WRITE_HEAVY,TABLE_REWRITE,MEDIUM,37.58,58.11,0,1
MIG-13759,orders,91852.8,89.7,11211896,1224,READ_HEAVY,ADD_COLUMN_DEFAULT,MEDIUM,1.36,1.98,1,0
MIG-13760,customer_sessions,52756.48,51.52,11775766,862,READ_HEAVY,ADD_COLUMN_DEFAULT,MEDIUM,0.92,1.25,1,0
MIG-13761,order_items,167127.04,163.21,26230850,396,READ_HEAVY,DROP_COLUMN,LOW,1.19,1.56,1,0
MIG-13762,orders,108851.2,106.3,13287817,2951,WRITE_HEAVY,ADD_COLUMN_DEFAULT,HIGH,1.34,5.82,1,0
MIG-13763,orders,196352.0,191.75,23969057,844,WRITE_HEAVY,ADD_COLUMN_DEFAULT,MEDIUM,2.22,2.6,1,0
MIG-13764,orders,137308.16,134.09,16760718,508,MIXED_OLTP,ADD_COLUMN_DEFAULT,MEDIUM,1.38,2.16,1,0
MIG-13765,order_payments,77117.44,75.31,18538126,1239,READ_HEAVY,TABLE_REWRITE,MEDIUM,54.06,101.94,0,1
MIG-13766,order_items,526489.6,514.15,82631945,1352,MIXED_OLTP,ALTER_COLUMN_TYPE,MEDIUM,130.48,229.13,0,1
MIG-13767,order_items,622786.56,608.19,97745435,5066,READ_HEAVY,ADD_COLUMN_DEFAULT,CRITICAL,5.1,40.12,0,1
MIG-13768,order_payments,94320.64,92.11,22673952,2962,WRITE_HEAVY,ALTER_COLUMN_TYPE,HIGH,40.18,461.62,0,1
MIG-13769,order_items,155494.4,151.85,24404440,3867,READ_HEAVY,ADD_INDEX_CONCURRENTLY,CRITICAL,0.59,4.37,1,0
MIG-13770,customer_sessions,20971.52,20.48,4681802,1418,ANALYTICAL_BATCH,ADD_COLUMN_DEFAULT,MEDIUM,0.37,0.95,1,0
MIG-13771,customer_sessions,76820.48,75.02,17146410,707,READ_HEAVY,ADD_COLUMN_DEFAULT,MEDIUM,1.21,1.23,1,0
MIG-13772,order_payments,108001.28,105.47,25961965,1087,READ_HEAVY,ADD_COLUMN_DEFAULT,MEDIUM,1.51,2.58,1,0
MIG-13773,order_shipments,80844.8,78.95,21053332,1387,READ_HEAVY,ALTER_COLUMN_TYPE,MEDIUM,33.52,58.18,0,1
MIG-13774,order_payments,107581.44,105.06,25861996,1415,MIXED_OLTP,ALTER_COLUMN_TYPE,MEDIUM,44.57,64.52,0,1
MIG-13775,order_items,207390.72,202.53,32549025,1120,READ_HEAVY,ALTER_COLUMN_TYPE,MEDIUM,64.76,74.2,0,1
MIG-13776,order_payments,80343.04,78.46,19312830,318,READ_HEAVY,DROP_COLUMN,LOW,0.79,0.93,1,0
MIG-13777,orders,225679.36,220.39,27548171,960,MIXED_OLTP,ADD_COLUMN_DEFAULT,MEDIUM,2.02,2.81,1,0
MIG-13778,order_payments,130416.64,127.36,31351253,447,WRITE_HEAVY,ADD_INDEX_LOCKING,LOW,15.0,20.9,1,0
MIG-13779,customer_sessions,29644.8,28.95,6617631,1379,READ_HEAVY,ADD_INDEX_CONCURRENTLY,MEDIUM,0.18,0.39,1,0
MIG-13780,orders,180971.52,176.73,22090968,739,READ_HEAVY,ALTER_COLUMN_TYPE,MEDIUM,64.2,60.69,0,1
MIG-13781,order_shipments,31467.52,30.73,8193401,3340,ANALYTICAL_BATCH,ADD_INDEX_CONCURRENTLY,CRITICAL,0.26,1.76,1,0
MIG-13782,customer_sessions,76154.88,74.37,16999186,425,MIXED_OLTP,ADD_INDEX_LOCKING,LOW,10.54,17.17,1,0
MIG-13783,orders,104939.52,102.48,12809515,424,WRITE_HEAVY,ADD_INDEX_LOCKING,LOW,13.81,12.88,1,0
MIG-13784,order_items,489697.28,478.22,76857445,599,MIXED_OLTP,ADD_INDEX_CONCURRENTLY,MEDIUM,1.81,2.54,1,0
MIG-13785,customer_sessions,29245.44,28.56,6528026,296,MIXED_OLTP,ADD_INDEX_CONCURRENTLY,LOW,0.2,0.25,1,0
MIG-13786,customer_sessions,54077.44,52.81,12071176,2259,READ_HEAVY,ADD_COLUMN_DEFAULT,HIGH,0.87,2.01,1,0
MIG-13787,orders,194969.6,190.4,23800136,117,WRITE_HEAVY,ADD_INDEX_CONCURRENTLY,LOW,0.87,0.6,1,0
MIG-13788,order_items,284190.72,277.53,44602676,4660,WRITE_HEAVY,ALTER_COLUMN_TYPE,CRITICAL,83.32,1616.2,0,1
MIG-13789,order_payments,124723.2,121.8,29982415,5431,READ_HEAVY,ADD_INDEX_CONCURRENTLY,CRITICAL,0.67,4.74,1,0
MIG-13790,orders,244981.76,239.24,29905014,711,READ_HEAVY,ADD_COLUMN_DEFAULT,MEDIUM,2.0,3.98,1,0
MIG-13791,order_items,555991.04,542.96,87260664,4945,MIXED_OLTP,ADD_INDEX_CONCURRENTLY,CRITICAL,1.6,11.17,1,0
MIG-13792,orders,122316.8,119.45,14931551,1621,WRITE_HEAVY,ADD_INDEX_CONCURRENTLY,HIGH,0.66,1.59,1,0
MIG-13793,orders,213790.72,208.78,26097186,3536,READ_HEAVY,ADD_INDEX_CONCURRENTLY,CRITICAL,0.76,6.07,1,0
MIG-13794,order_items,403435.52,393.98,63318751,1065,WRITE_HEAVY,ALTER_COLUMN_TYPE,MEDIUM,99.77,227.41,0,1
MIG-13795,order_payments,97628.16,95.34,23467695,5309,READ_HEAVY,ADD_INDEX_LOCKING,CRITICAL,15.81,500.36,0,1
MIG-13796,order_items,361082.88,352.62,56671431,454,WRITE_HEAVY,ALTER_COLUMN_TYPE,LOW,103.67,66.49,0,1
MIG-13797,order_payments,98539.52,96.23,23687521,1435,READ_HEAVY,ADD_COLUMN_DEFAULT,MEDIUM,1.41,1.49,1,0
MIG-13798,order_items,184698.88,180.37,28987986,5468,WRITE_HEAVY,ADD_INDEX_CONCURRENTLY,CRITICAL,0.85,7.68,1,0
MIG-13799,orders,139581.44,136.31,17038875,1300,READ_HEAVY,ADD_INDEX_CONCURRENTLY,MEDIUM,0.63,1.36,1,0
MIG-13800,orders,88453.12,86.38,10797137,863,WRITE_HEAVY,ADD_COLUMN_DEFAULT,MEDIUM,0.92,1.62,1,0
MIG-13801,orders,111104.0,108.5,13562849,150,MIXED_OLTP,ADD_INDEX_CONCURRENTLY,LOW,0.66,0.62,1,0
MIG-13802,order_items,180654.08,176.42,28352977,428,WRITE_HEAVY,ADD_INDEX_CONCURRENTLY,LOW,0.71,0.83,1,0
MIG-13803,orders,96153.6,93.9,11737381,686,READ_HEAVY,DROP_COLUMN,MEDIUM,0.8,0.81,1,0
MIG-13804,orders,222105.6,216.9,27112089,1020,READ_HEAVY,ADD_INDEX_CONCURRENTLY,MEDIUM,1.05,1.29,1,0
MIG-13805,orders,170762.24,166.76,20845584,1254,WRITE_HEAVY,DROP_COLUMN,MEDIUM,1.36,2.52,1,0
MIG-13806,order_payments,29460.48,28.77,7080921,1551,WRITE_HEAVY,DROP_COLUMN,HIGH,0.34,1.17,1,0
MIG-13807,order_items,521646.08,509.42,81870483,465,WRITE_HEAVY,ADD_INDEX_LOCKING,LOW,48.73,54.28,0,1
MIG-13808,customer_sessions,73011.2,71.3,16296344,1955,READ_HEAVY,ADD_COLUMN_DEFAULT,HIGH,0.87,2.81,1,0
MIG-13809,order_payments,132106.24,129.01,31756363,715,ANALYTICAL_BATCH,ADD_INDEX_LOCKING,MEDIUM,20.2,27.33,1,0
MIG-13810,order_items,539443.2,526.8,84664367,2057,WRITE_HEAVY,ADD_COLUMN_DEFAULT,HIGH,4.09,13.83,1,0
MIG-13811,orders,268615.68,262.32,32789843,2191,MIXED_OLTP,ADD_INDEX_CONCURRENTLY,HIGH,1.13,2.67,1,0
MIG-13812,order_items,417331.2,407.55,65498558,4136,MIXED_OLTP,ADD_COLUMN_DEFAULT,CRITICAL,2.97,21.69,1,0
MIG-13813,orders,262062.08,255.92,31989865,161,MIXED_OLTP,ADD_INDEX_CONCURRENTLY,LOW,0.99,0.81,1,0
MIG-13814,order_items,604385.28,590.22,94856382,689,READ_HEAVY,ADD_COLUMN_DEFAULT,MEDIUM,4.49,5.22,1,0
MIG-13815,order_items,276346.88,269.87,43372337,4195,ANALYTICAL_BATCH,ADD_INDEX_LOCKING,CRITICAL,27.7,936.23,0,1
MIG-13816,order_items,560302.08,547.17,87938134,1839,READ_HEAVY,ADD_INDEX_LOCKING,HIGH,40.94,286.62,0,1
MIG-13817,orders,224430.08,219.17,27396761,357,MIXED_OLTP,ADD_INDEX_CONCURRENTLY,LOW,0.91,1.1,1,0
MIG-13818,order_payments,119572.48,116.77,28743004,2848,WRITE_HEAVY,ADD_INDEX_CONCURRENTLY,HIGH,0.63,2.5,1,0
MIG-13819,order_shipments,92774.4,90.6,24159664,1527,MIXED_OLTP,ADD_INDEX_CONCURRENTLY,HIGH,0.42,1.43,1,0
MIG-13820,order_payments,72652.8,70.95,17464672,536,ANALYTICAL_BATCH,TABLE_REWRITE,MEDIUM,43.22,111.47,0,1
MIG-13821,order_items,321157.12,313.63,50404452,2464,ANALYTICAL_BATCH,ADD_COLUMN_DEFAULT,HIGH,2.92,12.05,1,0
MIG-13822,order_items,445020.16,434.59,69844237,1542,WRITE_HEAVY,ADD_COLUMN_DEFAULT,HIGH,3.08,10.7,1,0
MIG-13823,orders,212346.88,207.37,25920722,1139,MIXED_OLTP,ADD_INDEX_CONCURRENTLY,MEDIUM,0.73,1.54,1,0
MIG-13824,order_payments,132024.32,128.93,31736428,296,WRITE_HEAVY,ADD_INDEX_LOCKING,LOW,18.0,26.94,0,1
MIG-13825,order_items,566712.32,553.43,88943470,955,MIXED_OLTP,ADD_COLUMN_DEFAULT,MEDIUM,3.83,6.34,1,0
MIG-13826,orders,208701.44,203.81,25476169,1106,WRITE_HEAVY,ADD_INDEX_CONCURRENTLY,MEDIUM,0.84,1.29,1,0
MIG-13827,order_items,608532.48,594.27,95508315,1395,MIXED_OLTP,ADD_COLUMN_DEFAULT,MEDIUM,3.68,9.2,1,0
MIG-13828,customer_sessions,25856.0,25.25,5772252,1691,READ_HEAVY,ADD_INDEX_LOCKING,HIGH,6.23,32.78,0,1
MIG-13829,order_items,605153.28,590.97,94977527,634,WRITE_HEAVY,ADD_COLUMN_DEFAULT,MEDIUM,5.05,6.25,1,0
MIG-13830,order_items,147814.4,144.35,23199510,4741,WRITE_HEAVY,TABLE_REWRITE,CRITICAL,66.01,1270.13,0,1
MIG-13831,order_items,401438.72,392.03,63005372,1576,WRITE_HEAVY,ALTER_COLUMN_TYPE,HIGH,106.46,496.48,0,1
MIG-13832,order_items,161239.04,157.46,25305953,2143,READ_HEAVY,ADD_COLUMN_DEFAULT,HIGH,1.64,6.7,1,0
MIG-13833,order_items,407828.48,398.27,64008078,995,MIXED_OLTP,TABLE_REWRITE,MEDIUM,136.51,273.4,0,1
MIG-13834,orders,135434.24,132.26,16532962,256,MIXED_OLTP,ADD_INDEX_LOCKING,LOW,16.37,27.09,0,1
MIG-13835,order_items,156805.12,153.13,24610363,2299,MIXED_OLTP,ADD_COLUMN_DEFAULT,HIGH,1.43,5.91,1,0
MIG-13836,order_payments,104273.92,101.83,25065763,145,MIXED_OLTP,ADD_INDEX_LOCKING,LOW,16.0,13.53,1,0
MIG-13837,orders,210882.56,205.94,25742345,766,READ_HEAVY,ADD_COLUMN_DEFAULT,MEDIUM,1.88,2.64,1,0
MIG-13838,order_payments,47493.12,46.38,11416539,102,READ_HEAVY,ADD_COLUMN_DEFAULT,LOW,0.7,0.82,1,0
MIG-13839,orders,202752.0,198.0,24749791,1461,READ_HEAVY,ADD_COLUMN_DEFAULT,MEDIUM,2.36,3.17,1,0
MIG-13840,order_payments,48076.8,46.95,11556569,2747,WRITE_HEAVY,ADD_INDEX_LOCKING,HIGH,8.35,101.96,0,1
MIG-13841,order_items,185600.0,181.25,29129112,753,READ_HEAVY,ALTER_COLUMN_TYPE,MEDIUM,61.71,107.25,0,1
MIG-13842,order_payments,44277.76,43.24,10644062,536,MIXED_OLTP,ADD_COLUMN_DEFAULT,MEDIUM,0.58,0.55,1,0
MIG-13843,order_items,423874.56,413.94,66525355,208,READ_HEAVY,DROP_COLUMN,LOW,2.15,1.5,1,0
MIG-13844,customer_sessions,64573.44,63.06,14414587,1456,MIXED_OLTP,DROP_COLUMN,MEDIUM,0.65,0.87,1,0
MIG-13845,order_items,422737.92,412.83,66348389,1310,WRITE_HEAVY,ALTER_COLUMN_TYPE,MEDIUM,82.95,221.07,0,1
MIG-13846,order_payments,123586.56,120.69,29709321,4647,MIXED_OLTP,ADD_COLUMN_DEFAULT,CRITICAL,1.65,15.17,1,0
MIG-13847,order_payments,97484.8,95.2,23434547,5307,WRITE_HEAVY,ADD_INDEX_CONCURRENTLY,CRITICAL,0.51,5.62,1,0
MIG-13848,orders,225505.28,220.22,27527673,3441,MIXED_OLTP,ADD_INDEX_CONCURRENTLY,CRITICAL,0.95,6.65,1,0
MIG-13849,orders,265144.32,258.93,32366107,314,WRITE_HEAVY,ADD_INDEX_CONCURRENTLY,LOW,0.85,0.97,1,0
MIG-13850,order_items,316456.96,309.04,49667744,1293,READ_HEAVY,ADD_INDEX_CONCURRENTLY,MEDIUM,1.17,1.53,1,0
MIG-13851,orders,82319.36,80.39,10048438,519,READ_HEAVY,ADD_COLUMN_DEFAULT,MEDIUM,1.18,0.92,1,0
MIG-13852,order_items,184565.76,180.24,28967141,2152,WRITE_HEAVY,ADD_INDEX_CONCURRENTLY,HIGH,0.82,3.05,1,0
MIG-13853,order_items,423045.12,413.13,66395685,2033,READ_HEAVY,ALTER_COLUMN_TYPE,HIGH,111.85,1132.24,0,1
MIG-13854,order_items,397045.76,387.74,62315348,1765,WRITE_HEAVY,ADD_COLUMN_DEFAULT,HIGH,3.71,10.47,1,0
MIG-13855,orders,89896.96,87.79,10974355,723,READ_HEAVY,ADD_COLUMN_DEFAULT,MEDIUM,1.02,1.48,1,0
MIG-13856,order_shipments,91596.8,89.45,23853467,1468,ANALYTICAL_BATCH,ADD_INDEX_LOCKING,MEDIUM,13.78,24.21,1,0
MIG-13857,order_items,608460.8,594.2,95496617,4277,WRITE_HEAVY,ADD_COLUMN_DEFAULT,CRITICAL,4.97,45.69,0,1
MIG-13858,order_payments,56965.12,55.63,13692610,581,READ_HEAVY,ADD_INDEX_LOCKING,MEDIUM,8.49,12.99,1,0
MIG-13859,orders,94914.56,92.69,11585839,2523,MIXED_OLTP,ALTER_COLUMN_TYPE,HIGH,30.11,241.67,0,1
MIG-13860,order_items,225095.68,219.82,35327670,2386,READ_HEAVY,ADD_COLUMN_DEFAULT,HIGH,2.15,8.68,1,0
MIG-13861,orders,134840.32,131.68,16460381,256,MIXED_OLTP,ADD_COLUMN_DEFAULT,LOW,1.59,1.46,1,0
MIG-13862,order_payments,128849.92,125.83,30972942,3992,READ_HEAVY,ADD_COLUMN_DEFAULT,CRITICAL,1.75,6.23,1,0
MIG-13863,order_items,422256.64,412.36,66272809,4343,READ_HEAVY,ADD_COLUMN_DEFAULT,CRITICAL,3.6,23.8,1,0
MIG-13864,customer_sessions,18698.24,18.26,4172769,2893,WRITE_HEAVY,DROP_COLUMN,HIGH,0.29,1.13,1,0
MIG-13865,order_items,358789.12,350.38,56311305,403,WRITE_HEAVY,ADD_COLUMN_DEFAULT,LOW,2.77,2.82,1,0
MIG-13866,order_items,161310.72,157.53,25316866,260,READ_HEAVY,ADD_COLUMN_DEFAULT,LOW,1.81,1.76,1,0
MIG-13867,orders,138997.76,135.74,16967781,1869,MIXED_OLTP,ADD_COLUMN_DEFAULT,HIGH,1.5,3.82,1,0
MIG-13868,order_items,322938.88,315.37,50685131,143,WRITE_HEAVY,ADD_INDEX_CONCURRENTLY,LOW,1.37,1.71,1,0
MIG-13869,order_items,449300.48,438.77,70516565,178,ANALYTICAL_BATCH,ADD_INDEX_CONCURRENTLY,LOW,1.73,1.22,1,0
MIG-13870,order_items,398254.08,388.92,62505771,637,READ_HEAVY,ADD_COLUMN_DEFAULT,MEDIUM,2.88,3.95,1,0
MIG-13871,orders,242636.8,236.95,29618379,422,READ_HEAVY,ADD_INDEX_CONCURRENTLY,LOW,1.02,0.85,1,0
MIG-13872,orders,52756.48,51.52,6439429,2363,MIXED_OLTP,ADD_INDEX_LOCKING,HIGH,8.4,86.9,0,1
MIG-13873,orders,220344.32,215.18,26897968,537,MIXED_OLTP,ALTER_COLUMN_TYPE,MEDIUM,68.9,87.13,0,1
MIG-13874,customer_sessions,15800.32,15.43,3526280,470,READ_HEAVY,ADD_INDEX_LOCKING,LOW,3.47,5.78,1,0
MIG-13875,order_items,271728.64,265.36,42647476,650,WRITE_HEAVY,ADD_COLUMN_DEFAULT,MEDIUM,2.21,3.58,1,0
MIG-13876,orders,243722.24,238.01,29750904,358,WRITE_HEAVY,ADD_COLUMN_DEFAULT,LOW,2.69,3.05,1,0
MIG-13877,customer_sessions,58880.0,57.5,13141964,104,WRITE_HEAVY,DROP_COLUMN,LOW,0.48,0.48,1,0
MIG-13878,orders,87193.6,85.15,10643910,1088,MIXED_OLTP,DROP_COLUMN,MEDIUM,0.65,1.62,1,0
MIG-13879,order_items,367984.64,359.36,57753548,1055,WRITE_HEAVY,TABLE_REWRITE,MEDIUM,151.84,266.24,0,1
MIG-13880,order_payments,113111.04,110.46,27190840,1408,MIXED_OLTP,ADD_COLUMN_DEFAULT,MEDIUM,1.19,3.27,1,0
MIG-13881,order_shipments,96174.08,93.92,25046615,2400,WRITE_HEAVY,ADD_INDEX_CONCURRENTLY,HIGH,0.51,1.77,1,0
MIG-13882,order_payments,102625.28,100.22,24668450,989,READ_HEAVY,ADD_COLUMN_DEFAULT,MEDIUM,1.35,1.71,1,0
MIG-13883,order_items,127426.56,124.44,19998708,1031,READ_HEAVY,TABLE_REWRITE,MEDIUM,71.7,96.24,0,1
MIG-13884,customer_sessions,46571.52,45.48,10395706,1133,READ_HEAVY,DROP_COLUMN,MEDIUM,0.49,0.59,1,0
MIG-13885,orders,82984.96,81.04,10129964,2121,READ_HEAVY,ALTER_COLUMN_TYPE,HIGH,32.94,273.01,0,1
MIG-13886,customer_sessions,17418.24,17.01,3888025,1213,ANALYTICAL_BATCH,ADD_INDEX_LOCKING,MEDIUM,3.74,9.77,1,0
MIG-13887,order_shipments,68075.52,66.48,17727829,311,MIXED_OLTP,TABLE_REWRITE,LOW,50.08,48.72,0,1
MIG-13888,customer_sessions,64460.8,62.95,14387675,2953,MIXED_OLTP,ADD_COLUMN_DEFAULT,HIGH,0.86,3.8,1,0
MIG-13889,orders,57128.96,55.79,6973634,1790,WRITE_HEAVY,TABLE_REWRITE,HIGH,39.64,441.47,0,1
MIG-13890,orders,222474.24,217.26,27156910,391,ANALYTICAL_BATCH,ALTER_COLUMN_TYPE,LOW,73.14,89.21,0,1
MIG-13891,order_payments,111257.6,108.65,26743970,2739,MIXED_OLTP,ALTER_COLUMN_TYPE,HIGH,42.88,318.14,0,1
MIG-13892,order_items,502784.0,491.0,78910937,2577,MIXED_OLTP,TABLE_REWRITE,HIGH,156.17,2323.55,0,1
MIG-13893,order_items,240988.16,235.34,37822998,492,READ_HEAVY,ADD_COLUMN_DEFAULT,LOW,2.62,2.33,1,0
MIG-13894,customer_sessions,39731.2,38.8,8867774,4085,WRITE_HEAVY,ADD_INDEX_LOCKING,CRITICAL,6.39,212.42,0,1
MIG-13895,order_items,176486.4,172.35,27699817,1040,MIXED_OLTP,DROP_COLUMN,MEDIUM,1.15,1.27,1,0
MIG-13896,order_items,237977.6,232.4,37350166,1730,READ_HEAVY,ADD_INDEX_LOCKING,HIGH,30.77,208.7,0,1
MIG-13897,order_items,270960.64,264.61,42525963,3935,WRITE_HEAVY,ADD_INDEX_LOCKING,CRITICAL,33.45,494.0,0,1
MIG-13898,orders,119808.0,117.0,14624789,3399,READ_HEAVY,ADD_INDEX_LOCKING,CRITICAL,14.28,222.34,0,1
MIG-13899,orders,87869.44,85.81,10726076,1291,READ_HEAVY,ADD_COLUMN_DEFAULT,MEDIUM,0.94,2.0,1,0
MIG-13900,orders,90890.24,88.76,11095218,2673,WRITE_HEAVY,ADD_INDEX_LOCKING,HIGH,12.67,189.51,0,1
MIG-13901,order_shipments,93204.48,91.02,24271760,693,MIXED_OLTP,ALTER_COLUMN_TYPE,MEDIUM,39.81,42.63,0,1
MIG-13902,order_payments,120545.28,117.72,28976136,1302,READ_HEAVY,DROP_COLUMN,MEDIUM,0.89,1.55,1,0
MIG-13903,order_items,292474.88,285.62,45902693,3801,READ_HEAVY,ADD_COLUMN_DEFAULT,CRITICAL,3.12,20.0,1,0
MIG-13904,order_items,603760.64,589.61,94759126,1229,WRITE_HEAVY,ALTER_COLUMN_TYPE,MEDIUM,122.33,273.34,0,1
MIG-13905,order_payments,55244.8,53.95,13280974,2909,ANALYTICAL_BATCH,ADD_INDEX_LOCKING,HIGH,10.13,83.04,0,1
MIG-13906,order_shipments,52172.8,50.95,13587321,431,READ_HEAVY,ADD_COLUMN_DEFAULT,LOW,0.83,0.94,1,0
MIG-13907,order_shipments,85913.6,83.9,22372146,686,READ_HEAVY,DROP_COLUMN,MEDIUM,0.6,1.14,1,0
MIG-13908,order_items,343255.04,335.21,53873795,172,READ_HEAVY,DROP_COLUMN,LOW,2.29,1.2,1,0
MIG-13909,order_shipments,37888.0,37.0,9867906,612,READ_HEAVY,DROP_COLUMN,MEDIUM,0.43,0.65,1,0
MIG-13910,order_items,304885.76,297.74,47851372,436,MIXED_OLTP,ADD_COLUMN_DEFAULT,LOW,2.53,2.08,1,0
MIG-13911,order_items,373104.64,364.36,58558406,1046,WRITE_HEAVY,ADD_INDEX_CONCURRENTLY,MEDIUM,1.38,2.48,1,0
MIG-13912,order_shipments,69908.48,68.27,18205918,3389,MIXED_OLTP,ALTER_COLUMN_TYPE,CRITICAL,30.68,579.4,0,1
MIG-13913,order_items,324024.32,316.43,50854126,2381,WRITE_HEAVY,TABLE_REWRITE,HIGH,126.54,1582.34,0,1
MIG-13914,order_items,337285.12,329.38,52935650,2294,ANALYTICAL_BATCH,ADD_COLUMN_DEFAULT,HIGH,2.9,10.96,1,0
MIG-13915,order_items,250910.72,245.03,39379432,338,READ_HEAVY,ALTER_COLUMN_TYPE,LOW,78.22,67.72,0,1
MIG-13916,order_items,390983.68,381.82,61363131,1134,WRITE_HEAVY,ADD_COLUMN_DEFAULT,MEDIUM,2.7,4.25,1,0
MIG-13917,order_items,227952.64,222.61,35775954,1746,READ_HEAVY,ADD_INDEX_CONCURRENTLY,HIGH,1.04,1.33,1,0
MIG-13918,order_payments,130560.0,127.5,31384755,254,WRITE_HEAVY,ADD_INDEX_LOCKING,LOW,15.4,22.99,1,0
MIG-13919,order_items,500398.08,488.67,78536732,1221,ANALYTICAL_BATCH,ADD_INDEX_CONCURRENTLY,MEDIUM,1.38,2.32,1,0
MIG-13920,orders,139898.88,136.62,17077532,5272,MIXED_OLTP,ADD_INDEX_CONCURRENTLY,CRITICAL,0.7,9.61,1,0
MIG-13921,order_shipments,80414.72,78.53,20940121,196,READ_HEAVY,TABLE_REWRITE,LOW,51.71,41.64,0,1
MIG-13922,order_items,118302.72,115.53,18566671,4427,READ_HEAVY,ADD_COLUMN_DEFAULT,CRITICAL,1.62,7.52,1,0
MIG-13923,customer_sessions,36556.8,35.7,8160644,479,ANALYTICAL_BATCH,ADD_INDEX_CONCURRENTLY,LOW,0.25,0.19,1,0
MIG-13924,orders,146544.64,143.11,17888130,340,MIXED_OLTP,ADD_COLUMN_DEFAULT,LOW,1.59,1.34,1,0
MIG-13925,order_items,357150.72,348.78,56053679,191,READ_HEAVY,DROP_COLUMN,LOW,1.77,1.67,1,0
MIG-13926,order_items,501104.64,489.36,78647249,4459,READ_HEAVY,DROP_COLUMN,CRITICAL,2.23,17.54,1,0
MIG-13927,order_shipments,98293.76,95.99,25596640,1525,WRITE_HEAVY,ADD_COLUMN_DEFAULT,HIGH,1.0,3.68,1,0
MIG-13928,orders,133201.92,130.08,16259922,2233,MIXED_OLTP,ADD_COLUMN_DEFAULT,HIGH,1.73,4.2,1,0
MIG-13929,order_shipments,47513.6,46.4,12372956,1067,READ_HEAVY,ADD_COLUMN_DEFAULT,MEDIUM,0.76,1.24,1,0
MIG-13930,order_items,429772.8,419.7,67451733,3141,MIXED_OLTP,DROP_COLUMN,CRITICAL,1.92,18.49,1,0
MIG-13931,order_items,259840.0,253.75,40781542,702,READ_HEAVY,TABLE_REWRITE,MEDIUM,99.61,150.11,0,1
MIG-13932,order_items,187637.76,183.24,29449377,1488,READ_HEAVY,ADD_COLUMN_DEFAULT,MEDIUM,1.86,2.98,1,0
MIG-13933,orders,261826.56,255.69,31961603,2442,READ_HEAVY,ALTER_COLUMN_TYPE,HIGH,76.07,596.54,0,1
MIG-13934,order_items,532480.0,520.0,83571926,2187,MIXED_OLTP,TABLE_REWRITE,HIGH,171.59,2120.99,0,1
MIG-13935,orders,261160.96,255.04,31879487,1843,READ_HEAVY,ADD_COLUMN_DEFAULT,HIGH,2.59,5.91,1,0
MIG-13936,order_items,227112.96,221.79,35644463,149,MIXED_OLTP,ADD_INDEX_CONCURRENTLY,LOW,0.79,1.04,1,0
MIG-13937,order_items,123883.52,120.98,19442546,4070,WRITE_HEAVY,DROP_COLUMN,CRITICAL,1.01,8.13,1,0
MIG-13938,order_items,340357.12,332.38,53418187,1045,MIXED_OLTP,ALTER_COLUMN_TYPE,MEDIUM,97.4,134.01,0,1
MIG-13939,orders,255651.84,249.66,31207442,3448,MIXED_OLTP,ADD_INDEX_CONCURRENTLY,CRITICAL,1.17,9.76,1,0
MIG-13940,orders,79749.12,77.88,9734784,1300,MIXED_OLTP,ADD_INDEX_CONCURRENTLY,MEDIUM,0.36,0.83,1,0
MIG-13941,orders,75069.44,73.31,9164009,271,WRITE_HEAVY,DROP_COLUMN,LOW,0.6,0.88,1,0
MIG-13942,orders,64399.36,62.89,7861725,555,MIXED_OLTP,ADD_INDEX_LOCKING,MEDIUM,9.74,15.15,1,0
MIG-13943,order_items,509511.68,497.57,79966457,636,WRITE_HEAVY,ADD_INDEX_CONCURRENTLY,MEDIUM,1.89,2.26,1,0
MIG-13944,orders,222986.24,217.76,27220016,1361,WRITE_HEAVY,ADD_COLUMN_DEFAULT,MEDIUM,2.11,2.56,1,0
MIG-13945,order_shipments,76113.92,74.33,19820122,2006,MIXED_OLTP,ADD_INDEX_CONCURRENTLY,HIGH,0.47,1.09,1,0
MIG-13946,orders,60938.24,59.51,7438879,2059,MIXED_OLTP,TABLE_REWRITE,HIGH,38.88,330.52,0,1
MIG-13947,orders,209131.52,204.23,25528785,698,WRITE_HEAVY,DROP_COLUMN,MEDIUM,1.25,2.1,1,0
MIG-13948,order_shipments,55644.16,54.34,14490382,1307,ANALYTICAL_BATCH,ADD_COLUMN_DEFAULT,MEDIUM,0.89,1.79,1,0
MIG-13949,orders,84080.64,82.11,10263149,2724,READ_HEAVY,ALTER_COLUMN_TYPE,HIGH,31.39,223.06,0,1
MIG-13950,order_items,266997.76,260.74,41905206,3606,ANALYTICAL_BATCH,ADD_COLUMN_DEFAULT,CRITICAL,2.34,27.03,1,0
MIG-13951,customer_sessions,46663.68,45.57,10416514,1229,MIXED_OLTP,ALTER_COLUMN_TYPE,MEDIUM,24.44,26.19,0,1
MIG-13952,customer_sessions,35604.48,34.77,7946981,4130,ANALYTICAL_BATCH,ADD_INDEX_CONCURRENTLY,CRITICAL,0.27,2.26,1,0
MIG-13953,order_payments,142807.04,139.46,34328777,166,MIXED_OLTP,ADD_INDEX_CONCURRENTLY,LOW,0.56,0.81,1,0
MIG-13954,orders,154152.96,150.54,18818027,2693,ANALYTICAL_BATCH,ADD_COLUMN_DEFAULT,HIGH,1.95,6.28,1,0
MIG-13955,order_items,306749.44,299.56,48144191,1624,READ_HEAVY,ADD_INDEX_CONCURRENTLY,HIGH,1.01,2.9,1,0
MIG-13956,customer_sessions,57763.84,56.41,12893582,1374,WRITE_HEAVY,ALTER_COLUMN_TYPE,MEDIUM,25.48,45.67,0,1
MIG-13957,customer_sessions,56299.52,54.98,12567848,110,READ_HEAVY,ADD_COLUMN_DEFAULT,LOW,0.94,1.18,1,0
MIG-13958,orders,49694.72,48.53,6065860,1984,MIXED_OLTP,ADD_INDEX_CONCURRENTLY,HIGH,0.37,0.81,1,0
MIG-13959,order_items,433879.04,423.71,68096369,726,WRITE_HEAVY,ADD_INDEX_LOCKING,MEDIUM,39.53,68.97,0,1
MIG-13960,order_items,240496.64,234.86,37745286,194,ANALYTICAL_BATCH,ADD_COLUMN_DEFAULT,LOW,2.18,2.2,1,0
MIG-13961,orders,132147.2,129.05,16131308,292,WRITE_HEAVY,ADD_COLUMN_DEFAULT,LOW,1.24,1.71,1,0
MIG-13962,order_payments,111247.36,108.64,26742848,2627,MIXED_OLTP,ADD_INDEX_CONCURRENTLY,HIGH,0.55,1.45,1,0
MIG-13963,orders,172441.6,168.4,21049427,259,READ_HEAVY,TABLE_REWRITE,LOW,77.22,106.28,0,1
MIG-13964,order_items,304947.2,297.8,47861066,1015,MIXED_OLTP,DROP_COLUMN,MEDIUM,1.56,3.55,1,0
MIG-13965,orders,86179.84,84.16,10520079,5428,ANALYTICAL_BATCH,ALTER_COLUMN_TYPE,CRITICAL,38.28,942.55,0,1
MIG-13966,order_items,375562.24,366.76,58944057,2246,READ_HEAVY,ADD_INDEX_LOCKING,HIGH,31.93,172.39,0,1
MIG-13967,orders,119787.52,116.98,14622882,1292,MIXED_OLTP,ADD_COLUMN_DEFAULT,MEDIUM,1.36,2.29,1,0
MIG-13968,order_items,585850.88,572.12,91947152,884,WRITE_HEAVY,ADD_INDEX_CONCURRENTLY,MEDIUM,2.05,2.76,1,0
MIG-13969,orders,167342.08,163.42,20427359,131,MIXED_OLTP,DROP_COLUMN,LOW,1.09,0.91,1,0
MIG-13970,customer_sessions,70205.44,68.56,15669881,755,MIXED_OLTP,ADD_INDEX_CONCURRENTLY,MEDIUM,0.42,0.71,1,0
MIG-13971,orders,135454.72,132.28,16534887,163,WRITE_HEAVY,TABLE_REWRITE,LOW,75.91,58.21,0,1
MIG-13972,order_items,541726.72,529.03,85022410,462,WRITE_HEAVY,ADD_INDEX_CONCURRENTLY,LOW,1.58,1.96,1,0
MIG-13973,orders,61655.04,60.21,7526496,110,READ_HEAVY,ADD_COLUMN_DEFAULT,LOW,0.73,0.76,1,0
MIG-13974,orders,115087.36,112.39,14049213,2733,WRITE_HEAVY,DROP_COLUMN,HIGH,0.91,4.33,1,0
MIG-13975,orders,66447.36,64.89,8110750,155,MIXED_OLTP,ADD_COLUMN_DEFAULT,LOW,0.87,1.44,1,0
MIG-13976,orders,56156.16,54.84,6854554,160,WRITE_HEAVY,DROP_COLUMN,LOW,0.55,0.37,1,0
MIG-13977,orders,252385.28,246.47,30809280,4323,ANALYTICAL_BATCH,ADD_INDEX_LOCKING,CRITICAL,26.32,596.37,0,1
MIG-13978,order_items,484659.2,473.3,76066368,132,ANALYTICAL_BATCH,ADD_INDEX_LOCKING,LOW,44.19,46.77,0,1
MIG-13979,order_payments,101519.36,99.14,24403169,1615,ANALYTICAL_BATCH,ALTER_COLUMN_TYPE,HIGH,34.32,304.02,0,1
MIG-13980,orders,166932.48,163.02,20377305,1275,READ_HEAVY,ADD_COLUMN_DEFAULT,MEDIUM,1.48,3.41,1,0
MIG-13981,order_items,408637.44,399.06,64133876,559,WRITE_HEAVY,ADD_COLUMN_DEFAULT,MEDIUM,3.39,4.72,1,0
MIG-13982,order_items,444313.6,433.9,69733920,338,MIXED_OLTP,ALTER_COLUMN_TYPE,LOW,90.27,127.48,0,1
MIG-13983,orders,231976.96,226.54,28317654,147,MIXED_OLTP,ADD_INDEX_CONCURRENTLY,LOW,0.96,0.8,1,0
MIG-13984,order_items,422737.92,412.83,66347973,1628,ANALYTICAL_BATCH,ADD_INDEX_CONCURRENTLY,HIGH,1.53,4.81,1,0
MIG-13985,orders,214722.56,209.69,26211680,1169,READ_HEAVY,ADD_INDEX_CONCURRENTLY,MEDIUM,1.03,1.44,1,0
MIG-13986,orders,111298.56,108.69,13586407,256,WRITE_HEAVY,ADD_INDEX_LOCKING,LOW,17.56,12.77,1,0
MIG-13987,order_items,618792.96,604.29,97117700,519,ANALYTICAL_BATCH,DROP_COLUMN,MEDIUM,2.95,4.06,1,0
MIG-13988,customer_sessions,16394.24,16.01,3659319,1181,MIXED_OLTP,ADD_INDEX_CONCURRENTLY,MEDIUM,0.12,0.22,1,0
MIG-13989,customer_sessions,39270.4,38.35,8766702,487,WRITE_HEAVY,ADD_INDEX_CONCURRENTLY,LOW,0.25,0.53,1,0
MIG-13990,customer_sessions,71239.68,69.57,15901513,1061,MIXED_OLTP,ADD_INDEX_CONCURRENTLY,MEDIUM,0.4,0.79,1,0
MIG-13991,order_items,207851.52,202.98,32622359,880,WRITE_HEAVY,ADD_COLUMN_DEFAULT,MEDIUM,2.16,3.39,1,0
MIG-13992,orders,80414.72,78.53,9816128,2765,READ_HEAVY,ADD_INDEX_CONCURRENTLY,HIGH,0.42,1.85,1,0
MIG-13993,order_items,303288.32,296.18,47599892,2004,READ_HEAVY,ADD_INDEX_LOCKING,HIGH,26.67,349.58,0,1
MIG-13994,orders,143861.76,140.49,17561256,1113,READ_HEAVY,TABLE_REWRITE,MEDIUM,94.81,117.76,0,1
MIG-13995,orders,255600.64,249.61,31201639,4187,WRITE_HEAVY,ADD_INDEX_LOCKING,CRITICAL,25.2,792.53,0,1
MIG-13996,orders,234086.4,228.6,28575227,1226,WRITE_HEAVY,ALTER_COLUMN_TYPE,MEDIUM,54.13,160.08,0,1
MIG-13997,order_items,354201.6,345.9,55591260,1017,READ_HEAVY,TABLE_REWRITE,MEDIUM,140.29,233.7,0,1
MIG-13998,order_items,616837.12,602.38,96810983,2222,WRITE_HEAVY,ADD_INDEX_LOCKING,HIGH,51.94,609.43,0,1
MIG-13999,orders,191211.52,186.73,23341516,2130,READ_HEAVY,DROP_COLUMN,HIGH,1.15,4.29,1,0
MIG-14000,order_payments,131297.28,128.22,31561371,218,READ_HEAVY,ADD_INDEX_LOCKING,LOW,19.99,20.5,1,0
MIG-14001,order_items,241674.24,236.01,37930615,4215,MIXED_OLTP,DROP_COLUMN,CRITICAL,1.32,13.6,1,0
MIG-14002,order_shipments,58992.64,57.61,15361624,3151,MIXED_OLTP,ADD_COLUMN_DEFAULT,CRITICAL,0.97,6.65,1,0
MIG-14003,orders,55726.08,54.42,6802364,839,WRITE_HEAVY,ADD_INDEX_CONCURRENTLY,MEDIUM,0.35,0.63,1,0
MIG-14004,order_items,119275.52,116.48,18719295,576,WRITE_HEAVY,DROP_COLUMN,MEDIUM,0.98,1.05,1,0
MIG-14005,orders,205189.12,200.38,25047236,1983,MIXED_OLTP,ALTER_COLUMN_TYPE,HIGH,54.71,435.04,0,1
MIG-14006,order_items,175738.88,171.62,27581783,3879,MIXED_OLTP,DROP_COLUMN,CRITICAL,1.15,8.05,1,0
MIG-14007,orders,170321.92,166.33,20790822,527,ANALYTICAL_BATCH,ADD_COLUMN_DEFAULT,MEDIUM,1.47,2.43,1,0
MIG-14008,orders,203100.16,198.34,24792202,218,ANALYTICAL_BATCH,DROP_COLUMN,LOW,1.61,1.58,1,0
MIG-14009,order_items,131328.0,128.25,20611001,2507,READ_HEAVY,ADD_INDEX_LOCKING,HIGH,15.99,150.37,0,1
MIG-14010,orders,148408.32,144.93,18116017,487,MIXED_OLTP,ADD_INDEX_LOCKING,LOW,18.74,16.88,1,0
MIG-14011,orders,200478.72,195.78,24472102,2425,READ_HEAVY,ADD_COLUMN_DEFAULT,HIGH,2.12,6.09,1,0
MIG-14012,customer_sessions,71731.2,70.05,16012126,1211,MIXED_OLTP,ADD_COLUMN_DEFAULT,MEDIUM,0.94,2.02,1,0
MIG-14013,orders,115333.12,112.63,14079212,2503,ANALYTICAL_BATCH,ADD_COLUMN_DEFAULT,HIGH,1.24,5.3,1,0
MIG-14014,order_items,617482.24,603.01,96911538,477,MIXED_OLTP,ALTER_COLUMN_TYPE,LOW,118.68,159.91,0,1
MIG-14015,order_items,550553.6,537.65,86407861,1441,READ_HEAVY,ADD_INDEX_CONCURRENTLY,MEDIUM,1.73,3.58,1,0
MIG-14016,orders,193064.96,188.54,23567146,1671,READ_HEAVY,ALTER_COLUMN_TYPE,HIGH,51.85,406.92,0,1
MIG-14017,order_items,316958.72,309.53,49745966,973,WRITE_HEAVY,ADD_INDEX_CONCURRENTLY,MEDIUM,1.26,2.5,1,0
MIG-14018,orders,206438.4,201.6,25199980,463,READ_HEAVY,TABLE_REWRITE,LOW,115.82,126.46,0,1
MIG-14019,order_payments,124405.76,121.49,29906366,1381,MIXED_OLTP,ADD_COLUMN_DEFAULT,MEDIUM,1.17,2.81,1,0
MIG-14020,orders,116234.24,113.51,14189096,4336,MIXED_OLTP,ADD_INDEX_LOCKING,CRITICAL,18.75,265.62,0,1
MIG-14021,orders,268748.8,262.45,32806411,943,WRITE_HEAVY,ADD_INDEX_LOCKING,MEDIUM,32.94,59.53,0,1
MIG-14022,order_items,583618.56,569.94,91598168,1587,MIXED_OLTP,ADD_INDEX_LOCKING,HIGH,56.48,232.15,0,1
MIG-14023,order_shipments,58705.92,57.33,15286831,977,READ_HEAVY,ADD_INDEX_LOCKING,MEDIUM,10.7,12.91,1,0
MIG-14024,order_payments,113223.68,110.57,27217501,2259,READ_HEAVY,ADD_INDEX_CONCURRENTLY,HIGH,0.55,1.71,1,0
MIG-14025,customer_sessions,48138.24,47.01,10745728,1132,READ_HEAVY,ADD_INDEX_CONCURRENTLY,MEDIUM,0.32,0.39,1,0
MIG-14026,order_payments,117790.72,115.03,28314799,308,READ_HEAVY,ADD_INDEX_CONCURRENTLY,LOW,0.61,0.72,1,0
MIG-14027,order_payments,125706.24,122.76,30217087,186,MIXED_OLTP,DROP_COLUMN,LOW,0.92,1.07,1,0
MIG-14028,order_items,126668.8,123.7,19881026,487,MIXED_OLTP,DROP_COLUMN,LOW,0.86,1.0,1,0
MIG-14029,order_shipments,24995.84,24.41,6509251,1826,MIXED_OLTP,ADD_INDEX_CONCURRENTLY,HIGH,0.17,0.4,1,0
MIG-14030,order_items,288337.92,281.58,45253860,2073,READ_HEAVY,ADD_INDEX_LOCKING,HIGH,34.5,286.35,0,1
MIG-14031,order_items,588267.52,574.48,92326704,2264,MIXED_OLTP,ADD_COLUMN_DEFAULT,HIGH,3.86,16.32,1,0
MIG-14032,order_items,320235.52,312.73,50260160,1939,WRITE_HEAVY,ADD_COLUMN_DEFAULT,HIGH,3.03,9.24,1,0
MIG-14033,order_items,572733.44,559.31,89888489,1602,READ_HEAVY,ADD_COLUMN_DEFAULT,HIGH,4.43,6.6,1,0
MIG-14034,orders,151439.36,147.89,18485715,4528,READ_HEAVY,ADD_INDEX_LOCKING,CRITICAL,16.73,302.98,0,1
MIG-14035,order_items,263761.92,257.58,41397086,1854,MIXED_OLTP,ADD_INDEX_CONCURRENTLY,HIGH,0.9,3.26,1,0
MIG-14036,order_items,579512.32,565.93,90952259,1379,ANALYTICAL_BATCH,ALTER_COLUMN_TYPE,MEDIUM,106.05,212.44,0,1
MIG-14037,order_shipments,64931.84,63.41,16910488,417,WRITE_HEAVY,DROP_COLUMN,LOW,0.71,0.63,1,0
MIG-14038,order_items,300728.32,293.68,47199227,928,MIXED_OLTP,DROP_COLUMN,MEDIUM,1.61,2.81,1,0
MIG-14039,order_shipments,22118.4,21.6,5759191,2195,WRITE_HEAVY,ADD_INDEX_CONCURRENTLY,HIGH,0.21,0.64,1,0
MIG-14040,order_items,171939.84,167.91,26985583,1449,READ_HEAVY,ADD_INDEX_LOCKING,MEDIUM,23.12,27.81,0,1
MIG-14041,order_payments,43315.2,42.3,10412137,526,MIXED_OLTP,ALTER_COLUMN_TYPE,MEDIUM,17.8,26.1,0,1
MIG-14042,orders,129843.2,126.8,15850579,2068,MIXED_OLTP,ADD_COLUMN_DEFAULT,HIGH,1.41,3.99,1,0
MIG-14043,customer_sessions,53514.24,52.26,11945594,560,MIXED_OLTP,ADD_INDEX_CONCURRENTLY,MEDIUM,0.27,0.38,1,0
MIG-14044,order_items,273438.72,267.03,42914799,638,MIXED_OLTP,ADD_COLUMN_DEFAULT,MEDIUM,2.77,3.58,1,0
MIG-14045,orders,63641.6,62.15,7769246,2879,WRITE_HEAVY,ADD_COLUMN_DEFAULT,HIGH,0.78,3.11,1,0
MIG-14046,orders,107724.8,105.2,13149835,601,ANALYTICAL_BATCH,ADD_COLUMN_DEFAULT,MEDIUM,1.43,1.78,1,0
MIG-14047,orders,139550.72,136.28,17034404,1456,ANALYTICAL_BATCH,ADD_INDEX_LOCKING,MEDIUM,19.87,38.45,1,0
MIG-14048,order_items,626790.4,612.1,98373864,1283,READ_HEAVY,ADD_COLUMN_DEFAULT,MEDIUM,4.07,7.75,1,0
MIG-14049,order_payments,73707.52,71.98,17718022,1141,WRITE_HEAVY,ALTER_COLUMN_TYPE,MEDIUM,33.75,45.07,0,1
MIG-14050,customer_sessions,20090.88,19.62,4484414,1241,WRITE_HEAVY,ADD_COLUMN_DEFAULT,MEDIUM,0.38,0.83,1,0
MIG-14051,order_payments,96245.76,93.99,23136106,173,MIXED_OLTP,DROP_COLUMN,LOW,0.88,0.96,1,0
MIG-14052,order_items,589312.0,575.5,92490845,1675,ANALYTICAL_BATCH,TABLE_REWRITE,HIGH,211.93,2304.11,0,1
MIG-14053,order_items,520693.76,508.49,81722351,2052,MIXED_OLTP,ADD_COLUMN_DEFAULT,HIGH,3.49,9.45,1,0
MIG-14054,order_shipments,87787.52,85.73,22862315,405,READ_HEAVY,ADD_INDEX_CONCURRENTLY,LOW,0.44,0.67,1,0
MIG-14055,order_shipments,95426.56,93.19,24849806,805,WRITE_HEAVY,ADD_COLUMN_DEFAULT,MEDIUM,1.1,1.8,1,0
MIG-14056,orders,189941.76,185.49,23186674,675,READ_HEAVY,ADD_COLUMN_DEFAULT,MEDIUM,2.27,2.33,1,0
MIG-14057,customer_sessions,78520.32,76.68,17526887,1285,READ_HEAVY,ADD_INDEX_LOCKING,MEDIUM,11.98,21.11,1,0
MIG-14058,order_items,131860.48,128.77,20695807,1134,WRITE_HEAVY,ALTER_COLUMN_TYPE,MEDIUM,51.92,65.56,0,1
MIG-14059,order_shipments,87674.88,85.62,22832537,1037,WRITE_HEAVY,ADD_INDEX_LOCKING,MEDIUM,13.72,22.93,1,0
MIG-14060,customer_sessions,69621.76,67.99,15540953,912,WRITE_HEAVY,TABLE_REWRITE,MEDIUM,53.59,47.1,0,1
MIG-14061,order_payments,136448.0,133.25,32800971,2669,WRITE_HEAVY,ADD_INDEX_CONCURRENTLY,HIGH,0.71,1.89,1,0
MIG-14062,orders,154910.72,151.28,18910575,1234,MIXED_OLTP,ADD_INDEX_CONCURRENTLY,MEDIUM,0.69,0.74,1,0
MIG-14063,order_items,521246.72,509.03,81808229,3901,READ_HEAVY,ADD_INDEX_CONCURRENTLY,CRITICAL,1.37,11.53,1,0
MIG-14064,orders,92303.36,90.14,11267170,629,READ_HEAVY,DROP_COLUMN,MEDIUM,0.7,1.01,1,0
MIG-14065,order_payments,98887.68,96.57,23770150,2804,READ_HEAVY,ADD_INDEX_CONCURRENTLY,HIGH,0.56,1.35,1,0
MIG-14066,orders,128481.28,125.47,15683419,636,ANALYTICAL_BATCH,ADD_INDEX_CONCURRENTLY,MEDIUM,0.64,0.85,1,0
MIG-14067,order_payments,98048.0,95.75,23569801,2143,MIXED_OLTP,TABLE_REWRITE,HIGH,63.11,527.97,0,1
MIG-14068,order_shipments,74465.28,72.72,19392106,5239,READ_HEAVY,ADD_COLUMN_DEFAULT,CRITICAL,0.93,9.03,1,0
MIG-14069,orders,125921.28,122.97,15370854,917,MIXED_OLTP,ADD_INDEX_CONCURRENTLY,MEDIUM,0.71,0.84,1,0
MIG-14070,order_items,226283.52,220.98,35515302,1331,MIXED_OLTP,ADD_COLUMN_DEFAULT,MEDIUM,2.01,4.45,1,0
MIG-14071,order_items,280709.12,274.13,44056720,4222,MIXED_OLTP,ADD_INDEX_CONCURRENTLY,CRITICAL,1.17,7.93,1,0
MIG-14072,order_items,457349.12,446.63,71780536,4862,READ_HEAVY,ADD_INDEX_CONCURRENTLY,CRITICAL,1.32,11.51,1,0
MIG-14073,orders,198860.8,194.2,24275604,4479,READ_HEAVY,ADD_COLUMN_DEFAULT,CRITICAL,2.34,13.96,1,0
MIG-14074,orders,213114.88,208.12,26015557,212,READ_HEAVY,ADD_COLUMN_DEFAULT,LOW,2.15,1.45,1,0
MIG-14075,order_items,179988.48,175.77,28249465,457,READ_HEAVY,ADD_INDEX_LOCKING,LOW,19.01,24.93,1,0
MIG-14076,order_items,537118.72,524.53,84299908,967,WRITE_HEAVY,ADD_COLUMN_DEFAULT,MEDIUM,4.19,4.78,1,0
MIG-14077,order_items,469841.92,458.83,73739971,2186,READ_HEAVY,ADD_INDEX_LOCKING,HIGH,42.12,285.88,0,1
MIG-14078,orders,55900.16,54.59,6823637,363,READ_HEAVY,ADD_INDEX_LOCKING,LOW,8.12,14.62,1,0
MIG-14079,order_items,287887.36,281.14,45183425,1430,READ_HEAVY,ADD_INDEX_LOCKING,MEDIUM,29.8,60.52,0,1
MIG-14080,order_items,355553.28,347.22,55803611,1371,READ_HEAVY,ALTER_COLUMN_TYPE,MEDIUM,102.57,165.73,0,1
MIG-14081,orders,128911.36,125.89,15736672,893,WRITE_HEAVY,ADD_COLUMN_DEFAULT,MEDIUM,1.7,2.69,1,0
MIG-14082,order_payments,40693.76,39.74,9781606,1846,WRITE_HEAVY,ADD_INDEX_CONCURRENTLY,HIGH,0.33,0.89,1,0
MIG-14083,order_items,221696.0,216.5,34795049,824,READ_HEAVY,ADD_INDEX_CONCURRENTLY,MEDIUM,0.77,1.31,1,0
MIG-14084,order_items,127365.12,124.38,19989472,1893,MIXED_OLTP,ADD_INDEX_CONCURRENTLY,HIGH,0.68,1.83,1,0
MIG-14085,customer_sessions,20336.64,19.86,4540311,795,WRITE_HEAVY,ALTER_COLUMN_TYPE,MEDIUM,10.98,22.51,1,0
MIG-14086,order_items,252129.28,246.22,39570309,930,WRITE_HEAVY,DROP_COLUMN,MEDIUM,1.54,3.72,1,0
MIG-14087,order_items,537876.48,525.27,84417591,521,WRITE_HEAVY,ADD_INDEX_CONCURRENTLY,MEDIUM,1.84,2.38,1,0
MIG-14088,orders,165632.0,161.75,20219212,1033,READ_HEAVY,ADD_INDEX_CONCURRENTLY,MEDIUM,0.74,1.15,1,0
MIG-14089,orders,143042.56,139.69,17461443,1349,WRITE_HEAVY,ALTER_COLUMN_TYPE,MEDIUM,45.75,61.39,0,1
MIG-14090,orders,195614.72,191.03,23878399,2145,READ_HEAVY,ADD_COLUMN_DEFAULT,HIGH,2.19,7.64,1,0
MIG-14091,order_payments,91504.64,89.36,21995504,579,READ_HEAVY,ADD_INDEX_CONCURRENTLY,MEDIUM,0.45,0.77,1,0
MIG-14092,order_shipments,29337.6,28.65,7640700,255,ANALYTICAL_BATCH,ALTER_COLUMN_TYPE,LOW,17.24,14.95,1,0
MIG-14093,orders,98396.16,96.09,12010830,2001,MIXED_OLTP,ADD_INDEX_LOCKING,HIGH,16.71,105.95,0,1
MIG-14094,orders,98365.44,96.06,12008103,337,WRITE_HEAVY,ADD_COLUMN_DEFAULT,LOW,1.43,1.8,1,0
MIG-14095,order_items,424325.12,414.38,66596153,750,READ_HEAVY,ADD_COLUMN_DEFAULT,MEDIUM,3.16,5.37,1,0
MIG-14096,order_items,352931.84,344.66,55391573,800,MIXED_OLTP,DROP_COLUMN,MEDIUM,1.72,3.26,1,0
MIG-14097,order_items,314716.16,307.34,49394390,1244,WRITE_HEAVY,ADD_COLUMN_DEFAULT,MEDIUM,3.01,5.53,1,0
MIG-14098,order_payments,93317.12,91.13,22431208,170,ANALYTICAL_BATCH,TABLE_REWRITE,LOW,48.93,61.84,0,1
MIG-14099,order_shipments,98897.92,96.58,25754500,1432,READ_HEAVY,ADD_INDEX_LOCKING,MEDIUM,13.79,21.21,1,0
MIG-14100,orders,118650.88,115.87,14483223,219,WRITE_HEAVY,DROP_COLUMN,LOW,1.02,0.85,1,0
MIG-14101,order_payments,88944.64,86.86,21381628,1316,WRITE_HEAVY,DROP_COLUMN,MEDIUM,0.82,1.13,1,0
MIG-14102,order_items,362608.64,354.11,56909971,1623,ANALYTICAL_BATCH,TABLE_REWRITE,HIGH,141.95,875.76,0,1
MIG-14103,order_items,484546.56,473.19,76048085,1979,ANALYTICAL_BATCH,ADD_INDEX_CONCURRENTLY,HIGH,1.39,3.41,1,0
MIG-14104,order_shipments,79001.6,77.15,20574269,250,MIXED_OLTP,ADD_INDEX_CONCURRENTLY,LOW,0.42,0.36,1,0
MIG-14105,orders,210411.52,205.48,25684909,282,WRITE_HEAVY,ADD_INDEX_LOCKING,LOW,21.78,27.69,0,1
MIG-14106,order_payments,50769.92,49.58,12203763,1637,MIXED_OLTP,ADD_INDEX_CONCURRENTLY,HIGH,0.29,0.93,1,0
MIG-14107,order_payments,80424.96,78.54,19333882,747,WRITE_HEAVY,DROP_COLUMN,MEDIUM,0.78,1.02,1,0
MIG-14108,order_shipments,85719.04,83.71,22321373,2815,READ_HEAVY,ADD_COLUMN_DEFAULT,HIGH,0.94,2.97,1,0
MIG-14109,order_items,311592.96,304.29,48903943,1423,MIXED_OLTP,ADD_COLUMN_DEFAULT,MEDIUM,3.1,4.71,1,0
MIG-14110,order_items,622653.44,608.06,97724664,276,ANALYTICAL_BATCH,ADD_INDEX_CONCURRENTLY,LOW,1.6,2.09,1,0
MIG-14111,order_shipments,48691.2,47.55,12679393,618,READ_HEAVY,ADD_INDEX_LOCKING,MEDIUM,9.25,9.69,1,0
MIG-14112,order_payments,86251.52,84.23,20732804,1913,READ_HEAVY,ADD_INDEX_CONCURRENTLY,HIGH,0.54,0.74,1,0
MIG-14113,order_items,359587.84,351.16,56436573,1451,WRITE_HEAVY,ADD_INDEX_CONCURRENTLY,MEDIUM,1.09,2.63,1,0
MIG-14114,order_payments,78581.76,76.74,18889517,467,READ_HEAVY,ADD_COLUMN_DEFAULT,LOW,1.19,1.35,1,0
MIG-14115,orders,236195.84,230.66,28832046,425,WRITE_HEAVY,ADD_INDEX_CONCURRENTLY,LOW,0.94,0.97,1,0
MIG-14116,order_items,194826.24,190.26,30577294,2794,MIXED_OLTP,DROP_COLUMN,HIGH,1.22,6.04,1,0
MIG-14117,order_shipments,65515.52,63.98,17061557,1211,WRITE_HEAVY,TABLE_REWRITE,MEDIUM,38.87,83.19,0,1
MIG-14118,order_items,433950.72,423.78,68106727,2435,MIXED_OLTP,ADD_INDEX_LOCKING,HIGH,34.2,427.92,0,1
MIG-14119,order_items,554004.48,541.02,86948925,1273,WRITE_HEAVY,DROP_COLUMN,MEDIUM,2.22,5.65,1,0
MIG-14120,customer_sessions,53637.12,52.38,11972482,1146,READ_HEAVY,ADD_COLUMN_DEFAULT,MEDIUM,0.75,0.76,1,0
MIG-14121,order_payments,141639.68,138.32,34048586,839,WRITE_HEAVY,TABLE_REWRITE,MEDIUM,93.37,112.16,0,1
MIG-14122,order_shipments,90777.6,88.65,23638822,4603,READ_HEAVY,ALTER_COLUMN_TYPE,CRITICAL,27.73,762.78,0,1
MIG-14123,order_items,294666.24,287.76,46247935,218,READ_HEAVY,ALTER_COLUMN_TYPE,LOW,66.71,79.19,0,1
MIG-14124,customer_sessions,69806.08,68.17,15582652,350,READ_HEAVY,ADD_INDEX_CONCURRENTLY,LOW,0.36,0.63,1,0
MIG-14125,orders,261150.72,255.03,31878900,2072,ANALYTICAL_BATCH,ADD_INDEX_CONCURRENTLY,HIGH,0.92,4.84,1,0
MIG-14126,order_items,247429.12,241.63,38832971,294,WRITE_HEAVY,ADD_INDEX_CONCURRENTLY,LOW,1.03,1.09,1,0
MIG-14127,order_items,429619.2,419.55,67426913,681,READ_HEAVY,ADD_INDEX_CONCURRENTLY,MEDIUM,1.46,1.47,1,0
MIG-14128,order_payments,60385.28,58.97,14515952,1457,ANALYTICAL_BATCH,ADD_INDEX_CONCURRENTLY,MEDIUM,0.3,0.92,1,0
MIG-14129,order_shipments,72304.64,70.61,18830653,2619,WRITE_HEAVY,ALTER_COLUMN_TYPE,HIGH,33.08,333.93,0,1
MIG-14130,order_payments,37847.04,36.96,9096912,607,MIXED_OLTP,ADD_INDEX_CONCURRENTLY,MEDIUM,0.26,0.46,1,0
MIG-14131,order_items,493598.72,482.03,77469229,2212,ANALYTICAL_BATCH,ADD_INDEX_CONCURRENTLY,HIGH,1.69,5.28,1,0
MIG-14132,order_items,331356.16,323.59,52005406,2181,MIXED_OLTP,ALTER_COLUMN_TYPE,HIGH,81.18,757.73,0,1
MIG-14133,order_items,417792.0,408.0,65571881,1385,READ_HEAVY,TABLE_REWRITE,MEDIUM,184.58,393.44,0,1
MIG-14134,order_items,128030.72,125.03,20094854,1255,MIXED_OLTP,ADD_INDEX_CONCURRENTLY,MEDIUM,0.67,0.88,1,0
MIG-14135,orders,202977.28,198.22,24776919,2817,READ_HEAVY,ADD_INDEX_CONCURRENTLY,HIGH,0.98,3.27,1,0
MIG-14136,order_items,370667.52,361.98,58175299,4166,READ_HEAVY,ADD_INDEX_LOCKING,CRITICAL,41.04,750.93,0,1
MIG-14137,order_shipments,70297.6,68.65,18305421,1733,ANALYTICAL_BATCH,TABLE_REWRITE,HIGH,51.5,565.48,0,1
MIG-14138,order_payments,64440.32,62.93,15491237,388,WRITE_HEAVY,DROP_COLUMN,LOW,0.59,0.9,1,0
MIG-14139,order_payments,44093.44,43.06,10599620,1828,MIXED_OLTP,ADD_COLUMN_DEFAULT,HIGH,0.77,3.06,1,0
MIG-14140,order_items,339415.04,331.46,53269744,2454,READ_HEAVY,DROP_COLUMN,HIGH,2.04,7.31,1,0
MIG-14141,order_items,601876.48,587.77,94462308,4026,WRITE_HEAVY,ADD_INDEX_LOCKING,CRITICAL,52.76,715.41,0,1
MIG-14142,orders,99532.8,97.2,12150438,849,READ_HEAVY,ADD_INDEX_CONCURRENTLY,MEDIUM,0.43,0.73,1,0
MIG-14143,order_items,463482.88,452.62,72742959,1678,MIXED_OLTP,ADD_COLUMN_DEFAULT,HIGH,3.67,7.07,1,0
MIG-14144,order_items,140410.88,137.12,22037327,2700,READ_HEAVY,ALTER_COLUMN_TYPE,HIGH,48.14,350.31,0,1
MIG-14145,orders,207984.64,203.11,25388694,4723,MIXED_OLTP,ADD_INDEX_LOCKING,CRITICAL,28.71,476.58,0,1
MIG-14146,orders,101888.0,99.5,12437804,2012,READ_HEAVY,ADD_INDEX_CONCURRENTLY,HIGH,0.55,0.89,1,0
MIG-14147,order_payments,80721.92,78.83,19403691,4843,ANALYTICAL_BATCH,ADD_INDEX_LOCKING,CRITICAL,11.95,407.67,0,1
MIG-14148,order_items,304486.4,297.35,47788001,1486,READ_HEAVY,DROP_COLUMN,MEDIUM,1.56,3.75,1,0
MIG-14149,order_items,172922.88,168.87,27140067,388,MIXED_OLTP,ADD_INDEX_CONCURRENTLY,LOW,0.71,0.87,1,0
MIG-14150,orders,125593.6,122.65,15330712,1449,WRITE_HEAVY,ADD_COLUMN_DEFAULT,MEDIUM,1.42,3.01,1,0
MIG-14151,order_items,295383.04,288.46,46360121,2205,READ_HEAVY,ADD_COLUMN_DEFAULT,HIGH,2.19,7.38,1,0
MIG-14152,order_items,384143.36,375.14,60290556,250,ANALYTICAL_BATCH,TABLE_REWRITE,LOW,173.38,204.36,0,1
MIG-14153,order_items,616519.68,602.07,96760474,2764,WRITE_HEAVY,ADD_INDEX_CONCURRENTLY,HIGH,2.15,7.06,1,0
MIG-14154,order_items,357263.36,348.89,56071419,4657,READ_HEAVY,ALTER_COLUMN_TYPE,CRITICAL,81.01,1839.36,0,1
MIG-14155,orders,251412.48,245.52,30689506,4514,MIXED_OLTP,ADD_COLUMN_DEFAULT,CRITICAL,2.15,19.0,1,0
MIG-14156,order_shipments,56719.36,55.39,14769645,2462,MIXED_OLTP,ALTER_COLUMN_TYPE,HIGH,25.34,301.2,0,1
MIG-14157,orders,72939.52,71.23,8903669,2990,MIXED_OLTP,TABLE_REWRITE,HIGH,57.66,512.07,0,1
MIG-14158,order_items,233472.0,228.0,36642384,374,MIXED_OLTP,TABLE_REWRITE,LOW,129.8,143.51,0,1
MIG-14159,orders,139284.48,136.02,17002977,1315,ANALYTICAL_BATCH,ALTER_COLUMN_TYPE,MEDIUM,53.51,89.49,0,1
MIG-14160,order_items,282613.76,275.99,44354870,535,READ_HEAVY,ADD_COLUMN_DEFAULT,MEDIUM,2.34,3.49,1,0
MIG-14161,orders,240660.48,235.02,29377390,2583,READ_HEAVY,ADD_INDEX_CONCURRENTLY,HIGH,0.84,3.99,1,0
MIG-14162,order_shipments,74721.28,72.97,19458745,817,MIXED_OLTP,ADD_COLUMN_DEFAULT,MEDIUM,0.87,1.79,1,0
MIG-14163,order_items,413153.28,403.47,64842984,149,MIXED_OLTP,DROP_COLUMN,LOW,2.58,2.31,1,0
MIG-14164,order_items,368209.92,359.58,57789593,1914,WRITE_HEAVY,ADD_COLUMN_DEFAULT,HIGH,3.21,6.15,1,0
MIG-14165,orders,137021.44,133.81,16726306,1332,READ_HEAVY,ADD_COLUMN_DEFAULT,MEDIUM,1.26,2.24,1,0
MIG-14166,orders,184555.52,180.23,22529195,2726,READ_HEAVY,ADD_INDEX_CONCURRENTLY,HIGH,0.68,1.95,1,0
MIG-14167,order_items,178995.2,174.8,28093180,805,MIXED_OLTP,ADD_INDEX_LOCKING,MEDIUM,19.38,32.1,0,1
MIG-14168,order_items,198574.08,193.92,31165188,1788,READ_HEAVY,ADD_INDEX_CONCURRENTLY,HIGH,0.76,2.42,1,0
MIG-14169,order_items,271124.48,264.77,42552424,918,MIXED_OLTP,ADD_COLUMN_DEFAULT,MEDIUM,2.72,3.75,1,0
MIG-14170,customer_sessions,25374.72,24.78,5665058,1997,MIXED_OLTP,DROP_COLUMN,HIGH,0.32,0.92,1,0
MIG-14171,order_payments,107745.28,105.22,25900443,2194,WRITE_HEAVY,ADD_COLUMN_DEFAULT,HIGH,1.43,3.81,1,0
MIG-14172,customer_sessions,15933.44,15.56,3556663,1284,READ_HEAVY,ALTER_COLUMN_TYPE,MEDIUM,11.27,17.16,1,0
MIG-14173,orders,84582.4,82.6,10324792,831,READ_HEAVY,DROP_COLUMN,MEDIUM,0.79,1.11,1,0
MIG-14174,order_payments,134768.64,131.61,32395113,3433,WRITE_HEAVY,ADD_INDEX_LOCKING,CRITICAL,16.95,461.13,0,1
MIG-14175,order_items,629514.24,614.76,98800995,608,READ_HEAVY,ADD_COLUMN_DEFAULT,MEDIUM,4.5,5.47,1,0
MIG-14176,order_items,366336.0,357.75,57494828,2527,READ_HEAVY,ADD_INDEX_CONCURRENTLY,HIGH,1.06,3.76,1,0
MIG-14177,customer_sessions,46295.04,45.21,10333329,179,MIXED_OLTP,ADD_INDEX_LOCKING,LOW,9.8,6.07,1,0
MIG-14178,order_payments,119285.76,116.49,28673884,1829,READ_HEAVY,ADD_INDEX_CONCURRENTLY,HIGH,0.5,1.76,1,0
MIG-14179,order_shipments,21432.32,20.93,5581694,1303,WRITE_HEAVY,ALTER_COLUMN_TYPE,MEDIUM,10.26,30.02,0,1
MIG-14180,order_payments,77783.04,75.96,18698218,592,READ_HEAVY,TABLE_REWRITE,MEDIUM,52.12,48.68,0,1
MIG-14181,orders,71229.44,69.56,8695352,1152,MIXED_OLTP,ADD_INDEX_CONCURRENTLY,MEDIUM,0.36,0.65,1,0
MIG-14182,order_payments,74659.84,72.91,17946679,511,READ_HEAVY,ADD_INDEX_LOCKING,MEDIUM,10.35,13.74,1,0
MIG-14183,order_items,622438.4,607.85,97689569,1442,WRITE_HEAVY,ADD_COLUMN_DEFAULT,MEDIUM,3.88,9.75,1,0
MIG-14184,order_shipments,80936.96,79.04,21078478,4783,ANALYTICAL_BATCH,ADD_INDEX_CONCURRENTLY,CRITICAL,0.51,4.41,1,0
MIG-14185,order_shipments,100136.96,97.79,26076990,2731,WRITE_HEAVY,ADD_COLUMN_DEFAULT,HIGH,1.35,6.08,1,0
MIG-14186,orders,214169.6,209.15,26143312,4665,WRITE_HEAVY,DROP_COLUMN,CRITICAL,1.18,10.78,1,0
MIG-14187,orders,183654.4,179.35,22418971,2103,READ_HEAVY,TABLE_REWRITE,HIGH,106.73,851.54,0,1
MIG-14188,orders,215971.84,210.91,26363962,2992,MIXED_OLTP,ADD_COLUMN_DEFAULT,HIGH,1.74,7.83,1,0
MIG-14189,order_items,454840.32,444.18,71386425,1286,MIXED_OLTP,ADD_INDEX_LOCKING,MEDIUM,49.41,100.67,0,1
MIG-14190,orders,151797.76,148.24,18529782,3221,WRITE_HEAVY,ADD_COLUMN_DEFAULT,CRITICAL,1.76,12.84,1,0
MIG-14191,order_payments,61675.52,60.23,14825334,1076,MIXED_OLTP,ADD_INDEX_CONCURRENTLY,MEDIUM,0.43,0.79,1,0
MIG-14192,order_items,383150.08,374.17,60134422,1042,MIXED_OLTP,DROP_COLUMN,MEDIUM,1.9,2.4,1,0
MIG-14193,order_shipments,39874.56,38.94,10383459,1929,MIXED_OLTP,ADD_INDEX_LOCKING,HIGH,8.0,54.26,0,1
MIG-14194,orders,156794.88,153.12,19140261,4140,ANALYTICAL_BATCH,ADD_INDEX_LOCKING,CRITICAL,22.13,345.57,0,1
MIG-14195,order_items,190105.6,185.65,29836967,1475,MIXED_OLTP,TABLE_REWRITE,MEDIUM,98.02,162.87,0,1
MIG-14196,orders,174213.12,170.13,21265667,134,WRITE_HEAVY,ADD_INDEX_CONCURRENTLY,LOW,0.77,0.54,1,0
MIG-14197,order_shipments,38778.88,37.87,10098127,2892,WRITE_HEAVY,ADD_COLUMN_DEFAULT,HIGH,0.62,2.01,1,0
MIG-14198,orders,114094.08,111.42,13927418,2550,ANALYTICAL_BATCH,ADD_INDEX_CONCURRENTLY,HIGH,0.67,2.06,1,0
MIG-14199,orders,159528.96,155.79,19473759,612,READ_HEAVY,ADD_INDEX_LOCKING,MEDIUM,18.61,29.33,0,1
MIG-14200,orders,85104.64,83.11,10388208,1957,READ_HEAVY,ADD_INDEX_CONCURRENTLY,HIGH,0.52,1.06,1,0
MIG-14201,order_shipments,98252.8,95.95,25587405,1339,ANALYTICAL_BATCH,ADD_INDEX_CONCURRENTLY,MEDIUM,0.47,0.97,1,0
MIG-14202,orders,148008.96,144.54,18067496,1203,MIXED_OLTP,ADD_INDEX_LOCKING,MEDIUM,17.55,36.34,0,1
MIG-14203,order_items,296499.2,289.55,46534617,1616,MIXED_OLTP,ADD_COLUMN_DEFAULT,HIGH,2.84,6.66,1,0
MIG-14204,order_payments,30126.08,29.42,7240862,647,MIXED_OLTP,DROP_COLUMN,MEDIUM,0.37,0.54,1,0
MIG-14205,order_payments,127651.84,124.66,30685725,2893,WRITE_HEAVY,TABLE_REWRITE,HIGH,77.96,1064.99,0,1
MIG-14206,orders,187576.32,183.18,22897515,163,MIXED_OLTP,ADD_COLUMN_DEFAULT,LOW,2.15,1.78,1,0
MIG-14207,orders,141250.56,137.94,17242939,2436,ANALYTICAL_BATCH,ADD_COLUMN_DEFAULT,HIGH,1.7,7.42,1,0
MIG-14208,order_items,241408.0,235.75,37888156,1495,WRITE_HEAVY,TABLE_REWRITE,MEDIUM,135.25,189.64,0,1
MIG-14209,orders,213964.8,208.95,26118710,3416,WRITE_HEAVY,ADD_INDEX_LOCKING,CRITICAL,21.43,400.11,0,1
MIG-14210,order_payments,139898.88,136.62,33629667,1566,MIXED_OLTP,ADD_INDEX_CONCURRENTLY,HIGH,0.68,1.77,1,0
MIG-14211,order_items,311224.32,303.93,48845586,1317,READ_HEAVY,ADD_INDEX_LOCKING,MEDIUM,28.01,55.13,0,1
MIG-14212,order_items,184299.52,179.98,28924961,5374,WRITE_HEAVY,ADD_COLUMN_DEFAULT,CRITICAL,1.66,21.41,1,0
MIG-14213,orders,73308.16,71.59,8948258,1015,WRITE_HEAVY,ADD_INDEX_LOCKING,MEDIUM,10.64,16.71,1,0
MIG-14214,order_items,117975.04,115.21,18515319,733,WRITE_HEAVY,DROP_COLUMN,MEDIUM,0.88,1.64,1,0
MIG-14215,orders,213698.56,208.69,26086796,3148,WRITE_HEAVY,ADD_INDEX_CONCURRENTLY,CRITICAL,0.95,3.62,1,0
MIG-14216,order_payments,144199.68,140.82,34664187,5278,MIXED_OLTP,ADD_INDEX_LOCKING,CRITICAL,18.87,450.19,0,1
MIG-14217,orders,268748.8,262.45,32806079,2697,MIXED_OLTP,ADD_INDEX_CONCURRENTLY,HIGH,1.08,3.41,1,0
MIG-14218,customer_sessions,64921.6,63.4,14492440,5241,MIXED_OLTP,ALTER_COLUMN_TYPE,CRITICAL,29.49,748.63,0,1
MIG-14219,order_payments,46059.52,44.98,11070892,1288,WRITE_HEAVY,ADD_INDEX_LOCKING,MEDIUM,9.85,15.47,1,0
MIG-14220,orders,265410.56,259.19,32398155,932,READ_HEAVY,TABLE_REWRITE,MEDIUM,131.57,152.55,0,1
MIG-14221,orders,121661.44,118.81,14850962,292,WRITE_HEAVY,ADD_INDEX_CONCURRENTLY,LOW,0.51,0.4,1,0
MIG-14222,order_items,286863.36,280.14,45023188,882,MIXED_OLTP,ADD_COLUMN_DEFAULT,MEDIUM,2.74,4.19,1,0
MIG-14223,orders,201175.04,196.46,24558097,2596,ANALYTICAL_BATCH,ADD_INDEX_CONCURRENTLY,HIGH,0.96,2.75,1,0
MIG-14224,orders,59996.16,58.59,7324328,600,READ_HEAVY,ADD_COLUMN_DEFAULT,MEDIUM,0.82,1.24,1,0
MIG-14225,order_shipments,86927.36,84.89,22636626,540,ANALYTICAL_BATCH,ADD_COLUMN_DEFAULT,MEDIUM,1.0,1.64,1,0
MIG-14226,order_items,629391.36,614.64,98781079,484,WRITE_HEAVY,DROP_COLUMN,LOW,2.93,3.32,1,0
MIG-14227,orders,220590.08,215.42,26926884,818,WRITE_HEAVY,ADD_COLUMN_DEFAULT,MEDIUM,2.11,4.19,1,0
MIG-14228,order_items,518103.04,505.96,81315795,1551,MIXED_OLTP,TABLE_REWRITE,HIGH,208.36,1536.25,0,1
MIG-14229,orders,135485.44,132.31,16538469,369,READ_HEAVY,ADD_INDEX_CONCURRENTLY,LOW,0.71,0.78,1,0
MIG-14230,customer_sessions,18585.6,18.15,4149268,2098,ANALYTICAL_BATCH,ADD_COLUMN_DEFAULT,HIGH,0.38,1.39,1,0
MIG-14231,orders,224481.28,219.22,27402020,1845,WRITE_HEAVY,ADD_INDEX_LOCKING,HIGH,25.13,225.14,0,1
MIG-14232,order_payments,98170.88,95.87,23598152,934,MIXED_OLTP,ADD_INDEX_CONCURRENTLY,MEDIUM,0.47,0.74,1,0
MIG-14233,order_payments,135567.36,132.39,32588954,4126,WRITE_HEAVY,ADD_INDEX_LOCKING,CRITICAL,17.11,309.82,0,1
MIG-14234,orders,74803.2,73.05,9130998,4529,WRITE_HEAVY,ADD_INDEX_LOCKING,CRITICAL,12.34,214.7,0,1
MIG-14235,orders,116643.84,113.91,14238322,472,READ_HEAVY,ADD_INDEX_LOCKING,LOW,14.53,15.48,1,0
MIG-14236,order_items,300820.48,293.77,47213148,2821,ANALYTICAL_BATCH,DROP_COLUMN,HIGH,1.86,7.67,1,0
MIG-14237,order_shipments,75110.4,73.35,19558841,1326,READ_HEAVY,ADD_INDEX_LOCKING,MEDIUM,10.69,18.47,1,0
MIG-14238,order_items,521236.48,509.02,81807358,992,READ_HEAVY,TABLE_REWRITE,MEDIUM,195.02,232.84,0,1
MIG-14239,order_payments,141762.56,138.44,34077387,2336,WRITE_HEAVY,ADD_INDEX_CONCURRENTLY,HIGH,0.72,2.38,1,0
MIG-14240,order_payments,62013.44,60.56,14907726,1698,WRITE_HEAVY,ADD_COLUMN_DEFAULT,HIGH,1.04,3.16,1,0
MIG-14241,order_shipments,59371.52,57.98,15462546,2365,WRITE_HEAVY,ADD_INDEX_LOCKING,HIGH,11.78,115.11,0,1
MIG-14242,order_items,129638.4,126.6,20345835,2507,MIXED_OLTP,ADD_INDEX_CONCURRENTLY,HIGH,0.63,2.36,1,0
MIG-14243,order_items,245258.24,239.51,38492018,2830,WRITE_HEAVY,ADD_COLUMN_DEFAULT,HIGH,2.51,12.49,1,0
MIG-14244,order_payments,71434.24,69.76,17171301,546,WRITE_HEAVY,DROP_COLUMN,MEDIUM,0.57,0.95,1,0
MIG-14245,orders,180490.24,176.26,22032767,445,READ_HEAVY,ADD_INDEX_CONCURRENTLY,LOW,0.92,0.6,1,0
MIG-14246,order_shipments,57487.36,56.14,14970262,307,READ_HEAVY,ADD_COLUMN_DEFAULT,LOW,0.84,0.77,1,0
MIG-14247,orders,129771.52,126.73,15840826,588,READ_HEAVY,ADD_INDEX_LOCKING,MEDIUM,15.45,19.85,1,0
MIG-14248,orders,187187.2,182.8,22850105,2993,WRITE_HEAVY,ADD_INDEX_CONCURRENTLY,HIGH,0.95,3.87,1,0
MIG-14249,order_shipments,87162.88,85.12,22698098,286,READ_HEAVY,ADD_INDEX_CONCURRENTLY,LOW,0.5,0.49,1,0
MIG-14250,order_items,239421.44,233.81,37576171,911,MIXED_OLTP,ADD_INDEX_LOCKING,MEDIUM,29.31,53.48,0,1
MIG-14251,orders,124989.44,122.06,15257648,690,WRITE_HEAVY,ADD_INDEX_LOCKING,MEDIUM,20.04,31.01,0,1
MIG-14252,orders,205066.24,200.26,25032938,573,MIXED_OLTP,DROP_COLUMN,MEDIUM,1.19,1.21,1,0
MIG-14253,order_items,516177.92,504.08,81013188,583,WRITE_HEAVY,ADD_COLUMN_DEFAULT,MEDIUM,3.97,6.15,1,0
MIG-14254,order_shipments,86896.64,84.86,22628572,767,ANALYTICAL_BATCH,ADD_INDEX_CONCURRENTLY,MEDIUM,0.39,0.57,1,0
MIG-14255,orders,95457.28,93.22,11651942,216,ANALYTICAL_BATCH,ADD_INDEX_LOCKING,LOW,15.78,19.91,1,0
MIG-14256,orders,168427.52,164.48,20560207,963,WRITE_HEAVY,ADD_INDEX_CONCURRENTLY,MEDIUM,0.87,1.41,1,0
MIG-14257,order_items,579184.64,565.61,90900898,1110,READ_HEAVY,ALTER_COLUMN_TYPE,MEDIUM,146.27,187.8,0,1
MIG-14258,customer_sessions,39618.56,38.69,8844086,5479,READ_HEAVY,ADD_INDEX_LOCKING,CRITICAL,6.39,197.86,0,1
MIG-14259,orders,144230.4,140.85,17606843,1294,MIXED_OLTP,ADD_INDEX_CONCURRENTLY,MEDIUM,0.77,1.4,1,0
MIG-14260,customer_sessions,77864.96,76.04,17381450,985,READ_HEAVY,DROP_COLUMN,MEDIUM,0.81,0.9,1,0
MIG-14261,order_shipments,27811.84,27.16,7241937,1412,READ_HEAVY,TABLE_REWRITE,MEDIUM,27.83,33.85,0,1
MIG-14262,orders,205219.84,200.41,25051253,2336,WRITE_HEAVY,ALTER_COLUMN_TYPE,HIGH,65.86,589.85,0,1
MIG-14263,order_shipments,88944.64,86.86,23163977,922,WRITE_HEAVY,DROP_COLUMN,MEDIUM,0.63,1.21,1,0
MIG-14264,order_payments,44687.36,43.64,10742853,186,MIXED_OLTP,ADD_INDEX_CONCURRENTLY,LOW,0.34,0.38,1,0
MIG-14265,order_items,483409.92,472.08,75870712,4055,READ_HEAVY,DROP_COLUMN,CRITICAL,2.4,18.84,1,0
MIG-14266,order_items,357120.0,348.75,56048795,3102,MIXED_OLTP,DROP_COLUMN,CRITICAL,1.91,15.36,1,0
MIG-14267,order_shipments,89169.92,87.08,23222443,653,MIXED_OLTP,DROP_COLUMN,MEDIUM,0.84,0.84,1,0
MIG-14268,order_payments,135342.08,132.17,32534626,1444,READ_HEAVY,ADD_INDEX_CONCURRENTLY,MEDIUM,0.63,0.75,1,0
MIG-14269,order_payments,131153.92,128.08,31527565,177,READ_HEAVY,ALTER_COLUMN_TYPE,LOW,42.54,51.4,0,1
MIG-14270,customer_sessions,18493.44,18.06,4127145,326,ANALYTICAL_BATCH,ADD_COLUMN_DEFAULT,LOW,0.31,0.32,1,0
MIG-14271,order_items,505303.04,493.46,79305277,140,MIXED_OLTP,ADD_INDEX_CONCURRENTLY,LOW,1.62,2.09,1,0
MIG-14272,order_shipments,94863.36,92.64,24704995,2401,MIXED_OLTP,ADD_INDEX_CONCURRENTLY,HIGH,0.52,1.93,1,0
MIG-14273,order_shipments,69969.92,68.33,18221126,1475,ANALYTICAL_BATCH,ADD_INDEX_CONCURRENTLY,MEDIUM,0.38,0.93,1,0
MIG-14274,orders,182056.96,177.79,22223653,283,READ_HEAVY,ADD_COLUMN_DEFAULT,LOW,2.06,1.57,1,0
MIG-14275,orders,59105.28,57.72,7215145,151,MIXED_OLTP,ADD_INDEX_CONCURRENTLY,LOW,0.38,0.37,1,0
MIG-14276,order_items,556482.56,543.44,87338674,109,MIXED_OLTP,ADD_COLUMN_DEFAULT,LOW,3.77,4.01,1,0
MIG-14277,order_shipments,22282.24,21.76,5802316,1256,WRITE_HEAVY,ADD_INDEX_CONCURRENTLY,MEDIUM,0.18,0.37,1,0
MIG-14278,orders,118497.28,115.72,14464759,602,READ_HEAVY,ADD_INDEX_CONCURRENTLY,MEDIUM,0.52,1.0,1,0
MIG-14279,order_payments,137553.92,134.33,33064856,817,READ_HEAVY,ADD_INDEX_CONCURRENTLY,MEDIUM,0.7,0.73,1,0
MIG-14280,orders,259215.36,253.14,31643118,1343,READ_HEAVY,ADD_COLUMN_DEFAULT,MEDIUM,2.76,3.8,1,0
MIG-14281,order_items,626606.08,611.92,98343943,1037,WRITE_HEAVY,ADD_COLUMN_DEFAULT,MEDIUM,4.76,7.6,1,0
MIG-14282,order_items,360560.64,352.11,56588585,2809,MIXED_OLTP,ADD_COLUMN_DEFAULT,HIGH,3.51,14.77,1,0
MIG-14283,orders,88391.68,86.32,10790597,1372,MIXED_OLTP,ADD_INDEX_LOCKING,MEDIUM,12.04,24.93,1,0
MIG-14284,order_shipments,58900.48,57.52,15339600,1161,READ_HEAVY,ADD_COLUMN_DEFAULT,MEDIUM,0.99,1.53,1,0
MIG-14285,orders,71782.4,70.1,8762448,5340,WRITE_HEAVY,DROP_COLUMN,CRITICAL,0.6,9.43,1,0
MIG-14286,order_shipments,90808.32,88.68,23646779,1554,READ_HEAVY,ADD_INDEX_CONCURRENTLY,HIGH,0.48,1.16,1,0
MIG-14287,orders,173137.92,169.08,21134505,740,WRITE_HEAVY,ADD_COLUMN_DEFAULT,MEDIUM,1.74,2.57,1,0
MIG-14288,customer_sessions,40427.52,39.48,9024884,776,WRITE_HEAVY,ADD_INDEX_CONCURRENTLY,MEDIUM,0.27,0.53,1,0
MIG-14289,order_items,155729.92,152.08,24441986,464,READ_HEAVY,ADD_COLUMN_DEFAULT,LOW,1.96,2.57,1,0
MIG-14290,orders,138782.72,135.53,16941498,348,MIXED_OLTP,DROP_COLUMN,LOW,1.22,1.3,1,0
MIG-14291,orders,240742.4,235.1,29387173,3630,READ_HEAVY,ADD_INDEX_LOCKING,CRITICAL,31.77,283.14,0,1
MIG-14292,orders,204738.56,199.94,24991960,708,READ_HEAVY,DROP_COLUMN,MEDIUM,1.32,1.09,1,0
MIG-14293,order_items,157245.44,153.56,24678896,421,MIXED_OLTP,ADD_COLUMN_DEFAULT,LOW,1.98,2.27,1,0
MIG-14294,order_shipments,31692.8,30.95,8253995,443,READ_HEAVY,ADD_INDEX_CONCURRENTLY,LOW,0.19,0.25,1,0
MIG-14295,order_items,317153.28,309.72,49776987,515,MIXED_OLTP,TABLE_REWRITE,MEDIUM,127.24,117.34,0,1
MIG-14296,order_items,167004.16,163.09,26211381,865,WRITE_HEAVY,ADD_INDEX_CONCURRENTLY,MEDIUM,0.77,1.37,1,0
MIG-14297,order_items,596746.24,582.76,93657336,1035,READ_HEAVY,ADD_INDEX_CONCURRENTLY,MEDIUM,1.87,3.05,1,0
MIG-14298,order_items,451338.24,440.76,70835655,735,WRITE_HEAVY,ADD_INDEX_CONCURRENTLY,MEDIUM,1.36,2.57,1,0
MIG-14299,order_payments,37980.16,37.09,9130902,4814,READ_HEAVY,TABLE_REWRITE,CRITICAL,37.08,712.94,0,1
MIG-14300,order_items,521400.32,509.18,81832654,2636,ANALYTICAL_BATCH,ALTER_COLUMN_TYPE,HIGH,132.16,1486.39,0,1
MIG-14301,order_payments,70758.4,69.1,17010090,5097,MIXED_OLTP,ADD_COLUMN_DEFAULT,CRITICAL,1.11,5.37,1,0
MIG-14302,customer_sessions,30136.32,29.43,6726137,4965,READ_HEAVY,ADD_INDEX_CONCURRENTLY,CRITICAL,0.24,1.61,1,0
MIG-14303,order_items,408852.48,399.27,64168780,5102,WRITE_HEAVY,ADD_INDEX_LOCKING,CRITICAL,43.49,737.95,0,1
MIG-14304,orders,52111.36,50.89,6361047,3914,ANALYTICAL_BATCH,ADD_COLUMN_DEFAULT,CRITICAL,0.84,8.29,1,0
MIG-14305,orders,152094.72,148.53,18565736,798,READ_HEAVY,ADD_INDEX_CONCURRENTLY,MEDIUM,0.59,0.62,1,0
MIG-14306,order_items,550174.72,537.28,86348204,816,WRITE_HEAVY,ADD_COLUMN_DEFAULT,MEDIUM,4.69,8.33,1,0
MIG-14307,order_items,593653.76,579.74,93172665,441,ANALYTICAL_BATCH,ADD_COLUMN_DEFAULT,LOW,4.63,5.37,1,0
MIG-14308,customer_sessions,36433.92,35.58,8132787,2473,READ_HEAVY,ADD_COLUMN_DEFAULT,HIGH,0.67,1.82,1,0
MIG-14309,order_items,446248.96,435.79,70037363,1985,READ_HEAVY,DROP_COLUMN,HIGH,2.27,4.41,1,0
MIG-14310,order_items,231751.68,226.32,36372698,388,WRITE_HEAVY,ADD_INDEX_LOCKING,LOW,22.72,20.11,1,0
MIG-14311,order_payments,93736.96,91.54,22534136,1850,WRITE_HEAVY,DROP_COLUMN,HIGH,0.83,2.06,1,0
MIG-14312,orders,105338.88,102.87,12858748,1899,MIXED_OLTP,ADD_INDEX_CONCURRENTLY,HIGH,0.54,1.72,1,0
MIG-14313,order_shipments,65822.72,64.28,17141300,1502,READ_HEAVY,ADD_INDEX_CONCURRENTLY,HIGH,0.4,1.25,1,0
MIG-14314,orders,87132.16,85.09,10636497,1466,ANALYTICAL_BATCH,ALTER_COLUMN_TYPE,MEDIUM,33.06,66.37,0,1
MIG-14315,order_items,600453.12,586.38,94239837,194,WRITE_HEAVY,ADD_INDEX_CONCURRENTLY,LOW,1.48,1.55,1,0
MIG-14316,customer_sessions,71557.12,69.88,15971611,1252,READ_HEAVY,ADD_COLUMN_DEFAULT,MEDIUM,0.95,1.44,1,0
MIG-14317,order_payments,66990.08,65.42,16103245,147,MIXED_OLTP,ADD_INDEX_CONCURRENTLY,LOW,0.38,0.32,1,0
MIG-14318,order_shipments,82851.84,80.91,21575918,1554,READ_HEAVY,ADD_INDEX_CONCURRENTLY,HIGH,0.4,1.11,1,0
MIG-14319,order_items,163973.12,160.13,25735834,1174,READ_HEAVY,ADD_COLUMN_DEFAULT,MEDIUM,1.76,1.71,1,0
MIG-14320,order_shipments,79841.28,77.97,20791795,598,READ_HEAVY,ADD_INDEX_CONCURRENTLY,MEDIUM,0.38,0.47,1,0
MIG-14321,order_items,260464.64,254.36,40879189,644,MIXED_OLTP,DROP_COLUMN,MEDIUM,1.54,2.63,1,0
MIG-14322,order_items,184688.64,180.36,28986983,830,MIXED_OLTP,ADD_COLUMN_DEFAULT,MEDIUM,1.88,3.28,1,0
MIG-14323,orders,199157.76,194.49,24311162,1085,WRITE_HEAVY,ADD_INDEX_LOCKING,MEDIUM,25.9,29.01,0,1
MIG-14324,orders,153067.52,149.48,18684784,3045,READ_HEAVY,DROP_COLUMN,CRITICAL,0.93,4.22,1,0
MIG-14325,order_items,388290.56,379.19,60941307,150,READ_HEAVY,ADD_INDEX_CONCURRENTLY,LOW,1.59,1.18,1,0
MIG-14326,orders,164280.32,160.43,20054304,3844,WRITE_HEAVY,ADD_INDEX_LOCKING,CRITICAL,22.03,469.23,0,1
MIG-14327,order_payments,33751.04,32.96,8112101,381,WRITE_HEAVY,TABLE_REWRITE,LOW,32.51,29.58,0,1
MIG-14328,order_shipments,22691.84,22.16,5909813,597,ANALYTICAL_BATCH,ADD_INDEX_CONCURRENTLY,MEDIUM,0.17,0.3,1,0
MIG-14329,customer_sessions,53114.88,51.87,11856812,3713,WRITE_HEAVY,DROP_COLUMN,CRITICAL,0.48,5.05,1,0
MIG-14330,orders,187136.0,182.75,22844345,1789,WRITE_HEAVY,DROP_COLUMN,HIGH,1.42,2.58,1,0
MIG-14331,customer_sessions,17377.28,16.97,3879313,1963,READ_HEAVY,DROP_COLUMN,HIGH,0.26,0.66,1,0
MIG-14332,orders,132853.76,129.74,16217861,1886,WRITE_HEAVY,ADD_INDEX_CONCURRENTLY,HIGH,0.71,2.8,1,0
MIG-14333,order_items,430981.12,420.88,67640953,1140,WRITE_HEAVY,ADD_INDEX_CONCURRENTLY,MEDIUM,1.7,3.08,1,0
MIG-14334,order_shipments,72898.56,71.19,18984302,1600,WRITE_HEAVY,ADD_INDEX_CONCURRENTLY,HIGH,0.48,1.06,1,0
MIG-14335,orders,232355.84,226.91,28363445,475,WRITE_HEAVY,ADD_INDEX_CONCURRENTLY,LOW,1.1,1.2,1,0
MIG-14336,orders,142213.12,138.88,17359771,1866,READ_HEAVY,ADD_COLUMN_DEFAULT,HIGH,1.31,3.02,1,0
MIG-14337,orders,170414.08,166.42,20802960,5479,MIXED_OLTP,ALTER_COLUMN_TYPE,CRITICAL,52.55,1182.7,0,1
MIG-14338,order_items,413276.16,403.59,64863390,4823,WRITE_HEAVY,ADD_COLUMN_DEFAULT,CRITICAL,3.38,33.68,0,1
MIG-14339,order_shipments,44318.72,43.28,11540178,2035,READ_HEAVY,ADD_COLUMN_DEFAULT,HIGH,0.67,2.44,1,0
MIG-14340,orders,61061.12,59.63,7453285,1953,READ_HEAVY,ADD_INDEX_CONCURRENTLY,HIGH,0.37,0.86,1,0
MIG-14341,orders,50083.84,48.91,6114100,1446,WRITE_HEAVY,ADD_COLUMN_DEFAULT,MEDIUM,0.87,1.49,1,0
MIG-14342,order_items,546211.84,533.41,85726158,1496,READ_HEAVY,ADD_INDEX_LOCKING,MEDIUM,43.61,73.27,0,1
MIG-14343,orders,93440.0,91.25,11406259,4530,READ_HEAVY,ALTER_COLUMN_TYPE,CRITICAL,40.16,750.6,0,1
MIG-14344,order_payments,102133.76,99.74,24551334,1570,WRITE_HEAVY,ADD_COLUMN_DEFAULT,HIGH,1.17,2.38,1,0
MIG-14345,customer_sessions,51558.4,50.35,11509483,1406,READ_HEAVY,ADD_COLUMN_DEFAULT,MEDIUM,0.8,1.21,1,0
MIG-14346,order_payments,74506.24,72.76,17909432,2215,WRITE_HEAVY,ADD_INDEX_CONCURRENTLY,HIGH,0.38,1.47,1,0
MIG-14347,order_shipments,87562.24,85.51,22803455,111,MIXED_OLTP,TABLE_REWRITE,LOW,65.23,59.14,0,1
MIG-14348,order_items,475125.76,463.99,74570529,2702,ANALYTICAL_BATCH,ADD_COLUMN_DEFAULT,HIGH,3.19,22.36,1,0
MIG-14349,order_shipments,20316.16,19.84,5291215,1549,MIXED_OLTP,ADD_COLUMN_DEFAULT,HIGH,0.39,1.07,1,0
MIG-14350,orders,220948.48,215.77,26970739,871,WRITE_HEAVY,ADD_COLUMN_DEFAULT,MEDIUM,2.51,3.72,1,0
MIG-14351,orders,161290.24,157.51,19688968,129,MIXED_OLTP,ADD_INDEX_CONCURRENTLY,LOW,0.85,0.9,1,0
MIG-14352,order_payments,68198.4,66.6,16394155,2155,READ_HEAVY,ADD_COLUMN_DEFAULT,HIGH,0.85,2.18,1,0
MIG-14353,orders,209930.24,205.01,25625885,421,WRITE_HEAVY,TABLE_REWRITE,LOW,117.5,133.75,0,1
MIG-14354,order_shipments,75335.68,73.57,19619017,3322,ANALYTICAL_BATCH,ADD_INDEX_CONCURRENTLY,CRITICAL,0.36,3.77,1,0
MIG-14355,order_payments,63836.16,62.34,15344941,155,MIXED_OLTP,ADD_INDEX_CONCURRENTLY,LOW,0.32,0.43,1,0
MIG-14356,customer_sessions,77752.32,75.93,17355759,1456,WRITE_HEAVY,ADD_INDEX_CONCURRENTLY,MEDIUM,0.45,0.92,1,0
MIG-14357,order_items,449484.8,438.95,70545387,170,ANALYTICAL_BATCH,ADD_INDEX_CONCURRENTLY,LOW,1.41,1.6,1,0
MIG-14358,order_items,427325.44,417.31,67068156,1668,WRITE_HEAVY,TABLE_REWRITE,HIGH,201.72,1234.06,0,1
MIG-14359,order_payments,35000.32,34.18,8412554,1085,READ_HEAVY,ADD_INDEX_LOCKING,MEDIUM,7.39,11.63,1,0
MIG-14360,orders,110929.92,108.33,13541607,1915,WRITE_HEAVY,ALTER_COLUMN_TYPE,HIGH,36.43,320.65,0,1
MIG-14361,order_items,345364.48,337.27,54204894,5393,WRITE_HEAVY,ALTER_COLUMN_TYPE,CRITICAL,92.44,1824.1,0,1
MIG-14362,order_payments,102174.72,99.78,24562020,1745,ANALYTICAL_BATCH,DROP_COLUMN,HIGH,0.92,3.78,1,0
MIG-14363,customer_sessions,47411.2,46.3,10583796,1067,READ_HEAVY,DROP_COLUMN,MEDIUM,0.49,0.87,1,0
MIG-14364,order_payments,118036.48,115.27,28375348,468,WRITE_HEAVY,ADD_COLUMN_DEFAULT,LOW,1.19,2.03,1,0
MIG-14365,orders,107223.04,104.71,13089328,4831,MIXED_OLTP,DROP_COLUMN,CRITICAL,0.91,6.63,1,0
MIG-14366,order_items,477071.36,465.89,74874716,528,MIXED_OLTP,ADD_INDEX_LOCKING,MEDIUM,35.78,55.12,0,1
MIG-14367,order_items,536125.44,523.56,84144360,3469,ANALYTICAL_BATCH,DROP_COLUMN,CRITICAL,3.02,26.07,1,0
MIG-14368,orders,218368.0,213.25,26656349,3312,ANALYTICAL_BATCH,ADD_COLUMN_DEFAULT,CRITICAL,1.94,16.23,1,0
MIG-14369,order_items,512522.24,500.51,80438573,2871,ANALYTICAL_BATCH,DROP_COLUMN,HIGH,2.51,14.55,1,0
MIG-14370,orders,245678.08,239.92,29989690,1802,READ_HEAVY,ADD_INDEX_CONCURRENTLY,HIGH,0.94,2.36,1,0
MIG-14371,orders,67768.32,66.18,8272820,3139,WRITE_HEAVY,DROP_COLUMN,CRITICAL,0.55,4.55,1,0
MIG-14372,order_items,474501.12,463.38,74472517,2074,ANALYTICAL_BATCH,ADD_COLUMN_DEFAULT,HIGH,3.08,13.11,1,0
MIG-14373,orders,263403.52,257.23,32154311,1924,WRITE_HEAVY,ADD_COLUMN_DEFAULT,HIGH,2.88,7.39,1,0
MIG-14374,order_items,410746.88,401.12,64465702,663,WRITE_HEAVY,ADD_COLUMN_DEFAULT,MEDIUM,2.75,4.64,1,0
MIG-14375,orders,97218.56,94.94,11867540,953,READ_HEAVY,ADD_INDEX_LOCKING,MEDIUM,16.75,19.34,1,0
MIG-14376,order_payments,146278.4,142.85,35164109,1400,WRITE_HEAVY,ADD_INDEX_LOCKING,MEDIUM,16.28,38.53,0,1
MIG-14377,orders,87787.52,85.73,10716286,3565,READ_HEAVY,ADD_COLUMN_DEFAULT,CRITICAL,1.22,6.97,1,0
MIG-14378,order_shipments,46264.32,45.18,12048046,2972,ANALYTICAL_BATCH,ADD_COLUMN_DEFAULT,HIGH,0.62,3.54,1,0
MIG-14379,orders,87214.08,85.17,10645679,2495,READ_HEAVY,ADD_INDEX_CONCURRENTLY,HIGH,0.43,1.36,1,0
MIG-14380,order_items,354416.64,346.11,55625542,252,READ_HEAVY,ADD_INDEX_CONCURRENTLY,LOW,1.18,1.34,1,0
MIG-14381,order_items,330864.64,323.11,51928956,4696,READ_HEAVY,ADD_INDEX_CONCURRENTLY,CRITICAL,1.25,10.81,1,0
MIG-14382,orders,157808.64,154.11,19263504,848,MIXED_OLTP,ADD_INDEX_LOCKING,MEDIUM,23.09,38.47,0,1
MIG-14383,order_items,593612.8,579.7,93166655,1817,WRITE_HEAVY,ADD_INDEX_LOCKING,HIGH,43.71,350.12,0,1
MIG-14384,order_shipments,58101.76,56.74,15131806,193,WRITE_HEAVY,ADD_INDEX_CONCURRENTLY,LOW,0.29,0.3,1,0
MIG-14385,order_shipments,61112.32,59.68,15915928,3021,READ_HEAVY,ALTER_COLUMN_TYPE,CRITICAL,27.41,327.99,0,1
MIG-14386,order_items,572303.36,558.89,89821250,2472,READ_HEAVY,ADD_COLUMN_DEFAULT,HIGH,3.53,18.23,1,0
MIG-14387,orders,230031.36,224.64,28079465,574,READ_HEAVY,ADD_INDEX_LOCKING,MEDIUM,27.96,34.48,0,1
MIG-14388,order_payments,55347.2,54.05,13303994,698,WRITE_HEAVY,ADD_COLUMN_DEFAULT,MEDIUM,0.8,1.46,1,0
MIG-14389,order_items,121354.24,118.51,19047002,500,WRITE_HEAVY,ADD_INDEX_LOCKING,MEDIUM,16.05,18.64,1,0
MIG-14390,orders,188385.28,183.97,22996488,565,MIXED_OLTP,ADD_COLUMN_DEFAULT,MEDIUM,1.99,1.89,1,0
MIG-14391,order_payments,127846.4,124.85,30731674,462,READ_HEAVY,ADD_INDEX_CONCURRENTLY,LOW,0.68,0.79,1,0
MIG-14392,order_items,400015.36,390.64,62780859,523,READ_HEAVY,ADD_INDEX_CONCURRENTLY,MEDIUM,1.55,1.36,1,0
MIG-14393,order_payments,51927.04,50.71,12481895,1121,MIXED_OLTP,DROP_COLUMN,MEDIUM,0.6,0.94,1,0
MIG-14394,order_items,497295.36,485.64,78049762,827,MIXED_OLTP,ALTER_COLUMN_TYPE,MEDIUM,110.07,209.63,0,1
MIG-14395,order_items,460236.8,449.45,72232681,1707,WRITE_HEAVY,DROP_COLUMN,HIGH,2.38,6.44,1,0
MIG-14396,orders,174131.2,170.05,21255878,799,MIXED_OLTP,ADD_INDEX_LOCKING,MEDIUM,24.52,31.57,0,1
MIG-14397,order_payments,130058.24,127.01,31264081,137,WRITE_HEAVY,ADD_INDEX_CONCURRENTLY,LOW,0.62,0.86,1,0
MIG-14398,orders,222617.6,217.4,27174543,3782,WRITE_HEAVY,ADD_INDEX_LOCKING,CRITICAL,28.73,399.09,0,1
MIG-14399,order_payments,106649.6,104.15,25637020,1317,MIXED_OLTP,ALTER_COLUMN_TYPE,MEDIUM,33.67,84.61,0,1
MIG-14400,order_payments,106270.72,103.78,25545049,2430,WRITE_HEAVY,ADD_COLUMN_DEFAULT,HIGH,1.33,6.4,1,0
MIG-14401,order_payments,105963.52,103.48,25471435,5027,WRITE_HEAVY,ADD_COLUMN_DEFAULT,CRITICAL,1.25,9.76,1,0
MIG-14402,orders,165314.56,161.44,20179448,2544,MIXED_OLTP,ADD_INDEX_CONCURRENTLY,HIGH,0.65,2.46,1,0
MIG-14403,orders,151767.04,148.21,18525884,1427,MIXED_OLTP,ADD_INDEX_CONCURRENTLY,MEDIUM,0.7,1.35,1,0
MIG-14404,order_items,480911.36,469.64,75477637,608,ANALYTICAL_BATCH,ADD_INDEX_CONCURRENTLY,MEDIUM,1.58,2.68,1,0
MIG-14405,order_items,429762.56,419.69,67450052,1738,MIXED_OLTP,ADD_INDEX_LOCKING,HIGH,32.63,216.05,0,1
MIG-14406,order_shipments,59074.56,57.69,15383580,2117,WRITE_HEAVY,ADD_INDEX_LOCKING,HIGH,11.49,98.58,0,1
MIG-14407,order_items,180060.16,175.84,28259569,308,READ_HEAVY,ADD_INDEX_CONCURRENTLY,LOW,0.79,0.84,1,0
MIG-14408,order_shipments,76656.64,74.86,19961661,2675,READ_HEAVY,TABLE_REWRITE,HIGH,43.25,204.92,0,1
MIG-14409,orders,192040.96,187.54,23441961,3303,MIXED_OLTP,ALTER_COLUMN_TYPE,CRITICAL,54.61,1135.54,0,1
MIG-14410,order_items,291317.76,284.49,45722122,1665,WRITE_HEAVY,DROP_COLUMN,HIGH,1.87,4.29,1,0
MIG-14411,orders,127969.28,124.97,15620725,418,WRITE_HEAVY,TABLE_REWRITE,LOW,74.4,75.56,0,1
MIG-14412,order_payments,56186.88,54.87,13505604,1049,WRITE_HEAVY,ALTER_COLUMN_TYPE,MEDIUM,25.95,25.13,0,1
MIG-14413,orders,261908.48,255.77,31971711,912,MIXED_OLTP,ADD_INDEX_CONCURRENTLY,MEDIUM,1.05,2.02,1,0
MIG-14414,orders,239411.2,233.8,29225436,722,WRITE_HEAVY,TABLE_REWRITE,MEDIUM,110.52,205.15,0,1
MIG-14415,order_payments,93839.36,91.64,22558212,2543,READ_HEAVY,ADD_COLUMN_DEFAULT,HIGH,1.2,4.87,1,0
MIG-14416,order_items,321976.32,314.43,50533904,1302,MIXED_OLTP,ADD_INDEX_CONCURRENTLY,MEDIUM,1.28,3.01,1,0
MIG-14417,orders,212121.6,207.15,25894282,530,MIXED_OLTP,ADD_INDEX_CONCURRENTLY,MEDIUM,0.78,1.17,1,0
MIG-14418,orders,165877.76,161.99,20248660,553,READ_HEAVY,DROP_COLUMN,MEDIUM,1.05,1.32,1,0
MIG-14419,order_items,618321.92,603.83,97043933,4944,WRITE_HEAVY,TABLE_REWRITE,CRITICAL,189.54,6089.83,0,1
MIG-14420,order_items,143134.72,139.78,22464931,5209,ANALYTICAL_BATCH,ADD_COLUMN_DEFAULT,CRITICAL,1.31,20.4,1,0
MIG-14421,orders,56739.84,55.41,6925714,1844,READ_HEAVY,DROP_COLUMN,HIGH,0.62,1.19,1,0
MIG-14422,order_items,408145.92,398.58,64057492,4764,READ_HEAVY,ADD_COLUMN_DEFAULT,CRITICAL,3.83,14.79,1,0
MIG-14423,orders,94115.84,91.91,11488539,5107,ANALYTICAL_BATCH,ALTER_COLUMN_TYPE,CRITICAL,39.78,1429.48,0,1
MIG-14424,order_items,426567.68,416.57,66948637,613,WRITE_HEAVY,ADD_INDEX_CONCURRENTLY,MEDIUM,1.37,2.22,1,0
MIG-14425,order_items,517980.16,505.84,81295265,174,READ_HEAVY,DROP_COLUMN,LOW,2.34,2.03,1,0
MIG-14426,orders,79697.92,77.83,9728963,1695,WRITE_HEAVY,DROP_COLUMN,HIGH,0.82,2.37,1,0
MIG-14427,orders,146606.08,143.17,17896422,2685,WRITE_HEAVY,ADD_INDEX_CONCURRENTLY,HIGH,0.56,3.48,1,0
MIG-14428,orders,201472.0,196.75,24594011,1271,READ_HEAVY,TABLE_REWRITE,MEDIUM,99.69,245.88,0,1
MIG-14429,orders,233584.64,228.11,28514316,3335,MIXED_OLTP,TABLE_REWRITE,CRITICAL,129.14,1804.37,0,1
MIG-14430,order_items,370851.84,362.16,58203871,674,WRITE_HEAVY,ADD_COLUMN_DEFAULT,MEDIUM,2.65,4.92,1,0
MIG-14431,order_shipments,35532.8,34.7,9252917,4658,MIXED_OLTP,ADD_INDEX_LOCKING,CRITICAL,7.09,212.96,0,1
MIG-14432,order_shipments,67020.8,65.45,17453263,1397,MIXED_OLTP,ALTER_COLUMN_TYPE,MEDIUM,23.11,51.71,0,1
MIG-14433,order_items,349265.92,341.08,54815882,411,MIXED_OLTP,ADD_INDEX_CONCURRENTLY,LOW,1.16,2.02,1,0
MIG-14434,order_items,513075.2,501.05,80525959,3419,WRITE_HEAVY,ADD_INDEX_CONCURRENTLY,CRITICAL,1.68,15.64,1,0
MIG-14435,order_items,401418.24,392.01,63001661,2079,MIXED_OLTP,DROP_COLUMN,HIGH,1.89,6.26,1,0
MIG-14436,order_shipments,41605.12,40.63,10835533,1599,WRITE_HEAVY,DROP_COLUMN,HIGH,0.4,0.78,1,0
MIG-14437,orders,216012.8,210.95,26368608,1866,MIXED_OLTP,DROP_COLUMN,HIGH,1.17,4.38,1,0
MIG-14438,orders,163665.92,159.83,19979169,1063,READ_HEAVY,DROP_COLUMN,MEDIUM,1.03,1.28,1,0
MIG-14439,order_items,206315.52,201.48,32381270,844,MIXED_OLTP,ADD_INDEX_LOCKING,MEDIUM,24.66,39.16,0,1
MIG-14440,orders,173690.88,169.62,21202952,342,WRITE_HEAVY,ADD_INDEX_CONCURRENTLY,LOW,0.83,0.97,1,0
MIG-14441,order_items,604108.8,589.95,94813924,218,READ_HEAVY,ADD_INDEX_CONCURRENTLY,LOW,1.98,2.45,1,0
MIG-14442,order_shipments,76953.6,75.15,20039151,1063,WRITE_HEAVY,ADD_INDEX_CONCURRENTLY,MEDIUM,0.35,0.48,1,0
MIG-14443,order_shipments,43212.8,42.2,11254152,1133,WRITE_HEAVY,ADD_COLUMN_DEFAULT,MEDIUM,0.67,1.48,1,0
MIG-14444,orders,206387.2,201.55,25193575,177,READ_HEAVY,ADD_INDEX_LOCKING,LOW,24.72,24.21,1,0
MIG-14445,order_items,260536.32,254.43,40891111,544,WRITE_HEAVY,ALTER_COLUMN_TYPE,MEDIUM,62.09,130.26,0,1
MIG-14446,order_items,394772.48,385.52,61957795,838,MIXED_OLTP,ADD_COLUMN_DEFAULT,MEDIUM,3.57,5.69,1,0
MIG-14447,order_items,386457.6,377.4,60654256,541,MIXED_OLTP,DROP_COLUMN,MEDIUM,1.84,2.88,1,0
MIG-14448,order_items,242370.56,236.69,38038661,3398,READ_HEAVY,ADD_INDEX_CONCURRENTLY,CRITICAL,1.0,4.46,1,0
MIG-14449,orders,126095.36,123.14,15392792,3719,MIXED_OLTP,ADD_COLUMN_DEFAULT,CRITICAL,1.35,10.22,1,0
MIG-14450,order_shipments,96583.68,94.32,25151119,2007,MIXED_OLTP,TABLE_REWRITE,HIGH,65.12,429.17,0,1
MIG-14451,customer_sessions,30504.96,29.79,6808618,210,ANALYTICAL_BATCH,ADD_INDEX_CONCURRENTLY,LOW,0.18,0.23,1,0
MIG-14452,order_payments,122593.28,119.72,29469578,1580,WRITE_HEAVY,ADD_INDEX_LOCKING,HIGH,15.09,188.82,0,1
MIG-14453,order_payments,106577.92,104.08,25620272,170,READ_HEAVY,ADD_INDEX_CONCURRENTLY,LOW,0.5,0.49,1,0
MIG-14454,order_items,389580.8,380.45,61142959,1382,MIXED_OLTP,ADD_COLUMN_DEFAULT,MEDIUM,2.6,4.81,1,0
MIG-14455,order_items,185661.44,181.31,29138704,4792,WRITE_HEAVY,DROP_COLUMN,CRITICAL,1.28,10.67,1,0
MIG-14456,orders,94402.56,92.19,11523410,944,WRITE_HEAVY,ADD_INDEX_LOCKING,MEDIUM,15.78,37.69,0,1
MIG-14457,order_items,207052.8,202.2,32497187,3059,WRITE_HEAVY,DROP_COLUMN,CRITICAL,1.56,9.47,1,0
MIG-14458,orders,178944.0,174.75,21843444,2037,READ_HEAVY,ALTER_COLUMN_TYPE,HIGH,55.65,534.28,0,1
MIG-14459,order_shipments,99164.16,96.84,25825077,1424,READ_HEAVY,ALTER_COLUMN_TYPE,MEDIUM,39.62,58.61,0,1
MIG-14460,order_items,567429.12,554.13,89056380,423,MIXED_OLTP,DROP_COLUMN,LOW,2.91,4.03,1,0
MIG-14461,order_items,127723.52,124.73,20045402,2636,READ_HEAVY,ADD_COLUMN_DEFAULT,HIGH,1.52,4.91,1,0
MIG-14462,order_items,255959.04,249.96,40171856,748,MIXED_OLTP,ADD_COLUMN_DEFAULT,MEDIUM,2.16,3.38,1,0
MIG-14463,customer_sessions,24483.84,23.91,5464507,261,WRITE_HEAVY,DROP_COLUMN,LOW,0.37,0.31,1,0
MIG-14464,orders,264960.0,258.75,32343301,111,MIXED_OLTP,DROP_COLUMN,LOW,1.45,2.31,1,0
MIG-14465,orders,101263.36,98.89,12361476,5147,MIXED_OLTP,ADD_COLUMN_DEFAULT,CRITICAL,1.02,12.81,1,0
MIG-14466,orders,93675.52,91.48,11435455,613,WRITE_HEAVY,ADD_COLUMN_DEFAULT,MEDIUM,1.38,1.39,1,0
MIG-14467,order_payments,101007.36,98.64,24281208,4545,WRITE_HEAVY,ADD_INDEX_CONCURRENTLY,CRITICAL,0.54,5.07,1,0
MIG-14468,customer_sessions,50216.96,49.04,11209086,1923,WRITE_HEAVY,ADD_INDEX_CONCURRENTLY,HIGH,0.31,0.62,1,0
MIG-14469,orders,99102.72,96.78,12097990,1070,ANALYTICAL_BATCH,ADD_COLUMN_DEFAULT,MEDIUM,1.11,2.07,1,0
MIG-14470,order_shipments,74035.2,72.3,19279881,1327,WRITE_HEAVY,ALTER_COLUMN_TYPE,MEDIUM,33.03,48.84,0,1
MIG-14471,orders,70604.8,68.95,8619194,1969,WRITE_HEAVY,ADD_INDEX_LOCKING,HIGH,12.04,82.64,0,1
MIG-14472,order_items,124682.24,121.76,19568894,516,WRITE_HEAVY,TABLE_REWRITE,MEDIUM,62.94,106.54,0,1
MIG-14473,orders,67379.2,65.8,8225199,365,WRITE_HEAVY,DROP_COLUMN,LOW,0.56,0.7,1,0
MIG-14474,order_items,302991.36,295.89,47554326,1032,READ_HEAVY,ADD_INDEX_CONCURRENTLY,MEDIUM,1.15,1.48,1,0
MIG-14475,order_payments,143441.92,140.08,34480470,3349,MIXED_OLTP,DROP_COLUMN,CRITICAL,1.2,6.81,1,0
MIG-14476,order_items,397117.44,387.81,62327006,1572,READ_HEAVY,ALTER_COLUMN_TYPE,HIGH,101.51,813.56,0,1
MIG-14477,orders,216084.48,211.02,26377604,1024,MIXED_OLTP,DROP_COLUMN,MEDIUM,1.27,2.25,1,0
MIG-14478,order_shipments,45096.96,44.04,11744308,1113,WRITE_HEAVY,ADD_COLUMN_DEFAULT,MEDIUM,0.66,1.03,1,0
MIG-14479,customer_sessions,60743.68,59.32,13558482,616,READ_HEAVY,DROP_COLUMN,MEDIUM,0.57,0.9,1,0
MIG-14480,order_items,613335.04,598.96,96260677,2398,MIXED_OLTP,ADD_INDEX_CONCURRENTLY,HIGH,1.52,6.23,1,0
MIG-14481,order_items,299325.44,292.31,46978632,278,MIXED_OLTP,ADD_INDEX_CONCURRENTLY,LOW,0.97,0.96,1,0
MIG-14482,order_payments,146319.36,142.89,35172911,3343,MIXED_OLTP,ADD_INDEX_CONCURRENTLY,CRITICAL,0.67,5.07,1,0
MIG-14483,orders,190361.6,185.9,23237068,4540,WRITE_HEAVY,ADD_COLUMN_DEFAULT,CRITICAL,2.02,20.13,1,0
MIG-14484,order_shipments,80527.36,78.64,20969574,1145,READ_HEAVY,ALTER_COLUMN_TYPE,MEDIUM,34.42,40.16,0,1
MIG-14485,orders,104929.28,102.47,12808515,3388,MIXED_OLTP,ADD_INDEX_CONCURRENTLY,CRITICAL,0.56,3.18,1,0
MIG-14486,order_payments,103669.76,101.24,24921014,2510,WRITE_HEAVY,ADD_INDEX_CONCURRENTLY,HIGH,0.57,2.29,1,0
MIG-14487,orders,162181.12,158.38,19797168,1833,MIXED_OLTP,ADD_INDEX_LOCKING,HIGH,23.47,228.75,0,1
MIG-14488,orders,260689.92,254.58,31822871,338,WRITE_HEAVY,ALTER_COLUMN_TYPE,LOW,81.11,96.13,0,1
MIG-14489,order_items,581591.04,567.96,91278678,5033,WRITE_HEAVY,ADD_COLUMN_DEFAULT,CRITICAL,4.6,42.11,0,1
MIG-14490,order_items,319406.08,311.92,50130480,1437,MIXED_OLTP,ADD_COLUMN_DEFAULT,MEDIUM,2.51,5.42,1,0
MIG-14491,order_shipments,96972.8,94.7,25252386,1883,MIXED_OLTP,ADD_COLUMN_DEFAULT,HIGH,1.0,4.15,1,0
MIG-14492,customer_sessions,71413.76,69.74,15941300,838,MIXED_OLTP,DROP_COLUMN,MEDIUM,0.69,0.72,1,0
MIG-14493,orders,179732.48,175.52,21940363,595,MIXED_OLTP,ALTER_COLUMN_TYPE,MEDIUM,44.81,74.73,0,1
MIG-14494,orders,67317.76,65.74,8217183,5422,WRITE_HEAVY,ADD_INDEX_CONCURRENTLY,CRITICAL,0.33,4.37,1,0
MIG-14495,order_items,197672.96,193.04,31024009,830,READ_HEAVY,ALTER_COLUMN_TYPE,MEDIUM,67.74,51.7,0,1
MIG-14496,order_items,154357.76,150.74,24226813,420,ANALYTICAL_BATCH,DROP_COLUMN,LOW,1.2,1.55,1,0
MIG-14497,order_items,170424.32,166.43,26747442,2902,WRITE_HEAVY,ADD_INDEX_LOCKING,HIGH,24.98,358.09,0,1
MIG-14498,order_shipments,99461.12,97.13,25902171,975,READ_HEAVY,ADD_INDEX_CONCURRENTLY,MEDIUM,0.54,0.62,1,0
MIG-14499,order_payments,52039.68,50.82,12510418,4734,ANALYTICAL_BATCH,ALTER_COLUMN_TYPE,CRITICAL,22.84,613.59,0,1
MIG-14500,orders,201953.28,197.22,24653073,4180,WRITE_HEAVY,ADD_COLUMN_DEFAULT,CRITICAL,2.15,21.92,1,0
MIG-14501,order_items,443197.44,432.81,69558788,330,ANALYTICAL_BATCH,ADD_COLUMN_DEFAULT,LOW,3.5,4.07,1,0
MIG-14502,order_items,440422.4,430.1,69122734,749,READ_HEAVY,ADD_COLUMN_DEFAULT,MEDIUM,3.06,4.49,1,0
MIG-14503,order_items,221368.32,216.18,34743023,5101,MIXED_OLTP,ADD_INDEX_CONCURRENTLY,CRITICAL,0.88,8.86,1,0
MIG-14504,orders,177295.36,173.14,21642358,3307,READ_HEAVY,ADD_INDEX_CONCURRENTLY,CRITICAL,0.83,4.72,1,0
MIG-14505,order_items,437524.48,427.27,68668606,1160,MIXED_OLTP,ADD_INDEX_CONCURRENTLY,MEDIUM,1.2,2.9,1,0
MIG-14506,order_items,409067.52,399.48,64202830,2879,MIXED_OLTP,ADD_INDEX_CONCURRENTLY,HIGH,1.43,4.51,1,0
MIG-14507,orders,90327.04,88.21,11026386,2716,WRITE_HEAVY,ADD_COLUMN_DEFAULT,HIGH,1.07,5.25,1,0
MIG-14508,order_payments,113254.4,110.6,27224145,1258,READ_HEAVY,DROP_COLUMN,MEDIUM,0.98,1.88,1,0
MIG-14509,order_items,152483.84,148.91,23932696,2485,ANALYTICAL_BATCH,ADD_INDEX_LOCKING,HIGH,22.36,251.54,0,1
MIG-14510,order_items,419799.04,409.96,65887200,1445,ANALYTICAL_BATCH,DROP_COLUMN,MEDIUM,2.13,4.44,1,0
MIG-14511,order_items,339834.88,331.87,53337005,1364,ANALYTICAL_BATCH,ADD_INDEX_CONCURRENTLY,MEDIUM,1.26,2.69,1,0
MIG-14512,order_shipments,39188.48,38.27,10206190,774,READ_HEAVY,ADD_COLUMN_DEFAULT,MEDIUM,0.59,0.86,1,0
MIG-14513,orders,227737.6,222.4,27799502,4560,READ_HEAVY,DROP_COLUMN,CRITICAL,1.45,9.11,1,0
MIG-14514,orders,88053.76,85.99,10749099,928,READ_HEAVY,ADD_INDEX_LOCKING,MEDIUM,12.14,13.7,1,0
MIG-14515,order_items,596193.28,582.22,93571522,764,READ_HEAVY,ADD_COLUMN_DEFAULT,MEDIUM,4.64,4.94,1,0
MIG-14516,order_items,571207.68,557.82,89649767,427,READ_HEAVY,TABLE_REWRITE,LOW,225.38,293.49,0,1
MIG-14517,orders,128911.36,125.89,15735863,116,WRITE_HEAVY,ADD_INDEX_LOCKING,LOW,18.68,15.66,1,0
MIG-14518,order_payments,63180.8,61.7,15188404,3320,WRITE_HEAVY,ALTER_COLUMN_TYPE,CRITICAL,30.75,436.8,0,1
MIG-14519,orders,79564.8,77.7,9712140,605,READ_HEAVY,DROP_COLUMN,MEDIUM,0.78,0.98,1,0
MIG-14520,orders,251832.32,245.93,30740851,180,WRITE_HEAVY,ADD_COLUMN_DEFAULT,LOW,1.98,2.31,1,0
MIG-14521,order_items,438558.72,428.28,68830080,4281,WRITE_HEAVY,TABLE_REWRITE,CRITICAL,198.07,3708.51,0,1
MIG-14522,order_payments,30433.28,29.72,7315367,476,WRITE_HEAVY,ALTER_COLUMN_TYPE,LOW,15.72,18.53,1,0
MIG-14523,order_shipments,60815.36,59.39,15837587,1471,MIXED_OLTP,ALTER_COLUMN_TYPE,MEDIUM,24.16,63.02,0,1
MIG-14524,order_payments,36904.96,36.04,8871009,2850,ANALYTICAL_BATCH,ALTER_COLUMN_TYPE,HIGH,15.52,294.25,0,1
MIG-14525,order_items,410798.08,401.17,64473805,2639,READ_HEAVY,ALTER_COLUMN_TYPE,HIGH,100.92,1153.02,0,1
MIG-14526,order_payments,87603.2,85.55,21058097,283,ANALYTICAL_BATCH,ADD_INDEX_LOCKING,LOW,15.37,16.95,1,0
MIG-14527,order_payments,36546.56,35.69,8785966,2663,MIXED_OLTP,ADD_INDEX_CONCURRENTLY,HIGH,0.24,0.85,1,0
MIG-14528,orders,229611.52,224.23,28028236,1902,WRITE_HEAVY,ADD_COLUMN_DEFAULT,HIGH,2.3,8.26,1,0
MIG-14529,order_items,250071.04,244.21,39247691,2495,WRITE_HEAVY,DROP_COLUMN,HIGH,1.85,7.45,1,0
MIG-14530,order_payments,91494.4,89.35,21994749,508,WRITE_HEAVY,ADD_INDEX_LOCKING,MEDIUM,12.73,18.78,1,0
MIG-14531,order_items,444497.92,434.08,69762149,2855,WRITE_HEAVY,ADD_COLUMN_DEFAULT,HIGH,3.35,12.23,1,0
MIG-14532,order_payments,141916.16,138.59,34114370,1471,READ_HEAVY,ADD_COLUMN_DEFAULT,MEDIUM,1.61,2.61,1,0
MIG-14533,order_items,369541.12,360.88,57998747,2603,WRITE_HEAVY,TABLE_REWRITE,HIGH,138.35,1602.63,0,1
MIG-14534,order_items,588113.92,574.33,92302577,3436,ANALYTICAL_BATCH,ADD_COLUMN_DEFAULT,CRITICAL,4.8,26.1,1,0
MIG-14535,orders,127641.6,124.65,15581148,3645,READ_HEAVY,ADD_INDEX_CONCURRENTLY,CRITICAL,0.7,3.56,1,0
MIG-14536,order_payments,129351.68,126.32,31094191,2609,READ_HEAVY,ADD_INDEX_LOCKING,HIGH,15.61,275.8,0,1
MIG-14537,order_shipments,37990.4,37.1,9893846,999,ANALYTICAL_BATCH,ADD_COLUMN_DEFAULT,MEDIUM,0.58,1.39,1,0
MIG-14538,orders,205639.68,200.82,25101953,319,ANALYTICAL_BATCH,ADD_INDEX_CONCURRENTLY,LOW,0.7,1.11,1,0
MIG-14539,order_items,160419.84,156.66,25177571,904,MIXED_OLTP,DROP_COLUMN,MEDIUM,1.17,1.78,1,0
MIG-14540,orders,267253.76,260.99,32623359,434,MIXED_OLTP,TABLE_REWRITE,LOW,109.19,118.28,0,1
MIG-14541,orders,260147.2,254.05,31756282,1748,ANALYTICAL_BATCH,ADD_COLUMN_DEFAULT,HIGH,2.36,4.63,1,0
MIG-14542,customer_sessions,42864.64,41.86,9567876,2162,READ_HEAVY,ADD_COLUMN_DEFAULT,HIGH,0.71,1.69,1,0
MIG-14543,order_items,385085.44,376.06,60438752,722,MIXED_OLTP,ADD_COLUMN_DEFAULT,MEDIUM,2.6,4.42,1,0
MIG-14544,order_items,423198.72,413.28,66419763,376,WRITE_HEAVY,DROP_COLUMN,LOW,2.09,2.08,1,0
MIG-14545,orders,109987.84,107.41,13426014,3712,READ_HEAVY,ADD_COLUMN_DEFAULT,CRITICAL,1.13,8.85,1,0
MIG-14546,customer_sessions,57845.76,56.49,12912388,799,READ_HEAVY,ADD_COLUMN_DEFAULT,MEDIUM,0.92,1.3,1,0
MIG-14547,orders,203663.36,198.89,24861172,673,WRITE_HEAVY,ADD_INDEX_LOCKING,MEDIUM,20.9,31.98,0,1
MIG-14548,order_payments,89528.32,87.43,21522202,1363,WRITE_HEAVY,TABLE_REWRITE,MEDIUM,51.53,112.05,0,1
MIG-14549,orders,81827.84,79.91,9988998,186,WRITE_HEAVY,ADD_COLUMN_DEFAULT,LOW,0.98,1.12,1,0
MIG-14550,orders,252456.96,246.54,30818020,2802,WRITE_HEAVY,DROP_COLUMN,HIGH,1.54,7.26,1,0
MIG-14551,order_payments,40407.04,39.46,9713298,466,WRITE_HEAVY,ADD_INDEX_LOCKING,LOW,6.79,7.85,1,0
MIG-14552,orders,188313.6,183.9,22987648,1464,READ_HEAVY,ADD_INDEX_CONCURRENTLY,MEDIUM,0.85,2.17,1,0
MIG-14553,order_payments,38973.44,38.06,9368951,237,MIXED_OLTP,ADD_INDEX_LOCKING,LOW,6.86,5.95,1,0
MIG-14554,orders,81469.44,79.56,9944719,1154,READ_HEAVY,ADD_COLUMN_DEFAULT,MEDIUM,0.98,1.44,1,0
MIG-14555,order_payments,29081.6,28.4,6991503,1327,MIXED_OLTP,ADD_INDEX_CONCURRENTLY,MEDIUM,0.22,0.42,1,0
MIG-14556,order_payments,70154.24,68.51,16864885,131,WRITE_HEAVY,ADD_INDEX_CONCURRENTLY,LOW,0.45,0.57,1,0
MIG-14557,order_payments,103249.92,100.83,24819977,3160,MIXED_OLTP,ADD_INDEX_CONCURRENTLY,CRITICAL,0.45,2.91,1,0
MIG-14558,orders,164505.6,160.65,20081693,1810,WRITE_HEAVY,ADD_INDEX_LOCKING,HIGH,23.16,116.48,0,1
MIG-14559,order_payments,107438.08,104.92,25826727,492,WRITE_HEAVY,DROP_COLUMN,LOW,0.88,0.88,1,0
MIG-14560,customer_sessions,57886.72,56.53,12920271,135,READ_HEAVY,ADD_INDEX_LOCKING,LOW,9.78,8.76,1,0
MIG-14561,orders,80158.72,78.28,9784691,2647,ANALYTICAL_BATCH,ADD_INDEX_LOCKING,HIGH,13.22,128.99,0,1
MIG-14562,orders,61829.12,60.38,7548109,435,ANALYTICAL_BATCH,ADD_COLUMN_DEFAULT,LOW,1.03,1.51,1,0
MIG-14563,order_shipments,70297.6,68.65,18307735,1406,MIXED_OLTP,TABLE_REWRITE,MEDIUM,53.67,105.08,0,1
MIG-14564,orders,193638.4,189.1,23637056,311,MIXED_OLTP,ALTER_COLUMN_TYPE,LOW,63.72,76.61,0,1
MIG-14565,order_payments,93317.12,91.13,22433067,1025,READ_HEAVY,ADD_COLUMN_DEFAULT,MEDIUM,1.25,2.2,1,0
MIG-14566,order_payments,56064.0,54.75,13477959,4855,MIXED_OLTP,ADD_INDEX_LOCKING,CRITICAL,10.56,203.46,0,1
MIG-14567,orders,228485.12,223.13,27890660,353,WRITE_HEAVY,ADD_INDEX_LOCKING,LOW,29.52,29.86,0,1
MIG-14568,order_items,153753.6,150.15,24130567,4966,WRITE_HEAVY,ADD_COLUMN_DEFAULT,CRITICAL,1.81,13.8,1,0
MIG-14569,order_items,441026.56,430.69,69217254,3902,ANALYTICAL_BATCH,ADD_INDEX_CONCURRENTLY,CRITICAL,1.65,8.68,1,0
MIG-14570,order_items,176834.56,172.69,27753334,5333,ANALYTICAL_BATCH,ADD_COLUMN_DEFAULT,CRITICAL,1.86,21.91,1,0
MIG-14571,order_shipments,72714.24,71.01,18936070,2148,WRITE_HEAVY,TABLE_REWRITE,HIGH,52.59,537.62,0,1
MIG-14572,orders,141547.52,138.23,17278596,3620,WRITE_HEAVY,ADD_INDEX_LOCKING,CRITICAL,18.82,505.04,0,1
MIG-14573,order_items,485294.08,473.92,76166347,1250,WRITE_HEAVY,ADD_INDEX_LOCKING,MEDIUM,50.33,78.69,0,1
MIG-14574,order_shipments,22763.52,22.23,5927351,4552,READ_HEAVY,ALTER_COLUMN_TYPE,CRITICAL,12.87,356.19,0,1
MIG-14575,orders,171929.6,167.9,20987240,119,WRITE_HEAVY,ADD_INDEX_CONCURRENTLY,LOW,0.78,0.88,1,0
MIG-14576,order_shipments,30453.76,29.74,7929362,1749,READ_HEAVY,TABLE_REWRITE,HIGH,30.8,207.81,0,1
MIG-14577,orders,200079.36,195.39,24424304,1554,WRITE_HEAVY,ADD_COLUMN_DEFAULT,HIGH,2.11,6.98,1,0
MIG-14578,order_items,176599.04,172.46,27716406,330,WRITE_HEAVY,ADD_INDEX_LOCKING,LOW,19.6,22.91,1,0
MIG-14579,orders,65423.36,63.89,7986749,1374,WRITE_HEAVY,ADD_COLUMN_DEFAULT,MEDIUM,0.95,1.09,1,0
MIG-14580,order_payments,112066.56,109.44,26937936,822,MIXED_OLTP,ADD_COLUMN_DEFAULT,MEDIUM,1.22,1.77,1,0
MIG-14581,order_payments,34232.32,33.43,8229719,610,WRITE_HEAVY,ADD_COLUMN_DEFAULT,MEDIUM,0.54,0.86,1,0
MIG-14582,order_shipments,37058.56,36.19,9649865,440,READ_HEAVY,ADD_COLUMN_DEFAULT,LOW,0.51,0.86,1,0
MIG-14583,customer_sessions,67543.04,65.96,15076186,1221,MIXED_OLTP,ADD_INDEX_CONCURRENTLY,MEDIUM,0.34,0.75,1,0
MIG-14584,order_payments,123627.52,120.73,29719023,1045,MIXED_OLTP,ADD_COLUMN_DEFAULT,MEDIUM,1.21,2.12,1,0
MIG-14585,order_payments,128952.32,125.93,30998821,699,WRITE_HEAVY,DROP_COLUMN,MEDIUM,0.95,1.72,1,0
MIG-14586,order_items,282982.4,276.35,44414091,368,MIXED_OLTP,ALTER_COLUMN_TYPE,LOW,88.82,54.37,0,1
MIG-14587,order_shipments,62228.48,60.77,16205837,866,WRITE_HEAVY,ADD_INDEX_CONCURRENTLY,MEDIUM,0.36,0.85,1,0
MIG-14588,order_items,513812.48,501.77,80641135,745,READ_HEAVY,ADD_INDEX_CONCURRENTLY,MEDIUM,1.74,1.92,1,0
MIG-14589,order_shipments,29798.4,29.1,7758887,793,READ_HEAVY,DROP_COLUMN,MEDIUM,0.39,0.57,1,0
MIG-14590,orders,209377.28,204.47,25558553,124,ANALYTICAL_BATCH,DROP_COLUMN,LOW,1.23,1.32,1,0
MIG-14591,order_items,164997.12,161.13,25896394,4225,ANALYTICAL_BATCH,DROP_COLUMN,CRITICAL,1.34,14.39,1,0
MIG-14592,order_payments,136038.4,132.85,32701617,1253,MIXED_OLTP,TABLE_REWRITE,MEDIUM,83.01,83.33,0,1
MIG-14593,orders,190115.84,185.66,23207374,1326,ANALYTICAL_BATCH,ADD_INDEX_CONCURRENTLY,MEDIUM,0.8,1.46,1,0
MIG-14594,orders,158259.2,154.55,19319243,1224,WRITE_HEAVY,ADD_COLUMN_DEFAULT,MEDIUM,1.77,2.43,1,0
MIG-14595,customer_sessions,45608.96,44.54,10180101,5188,MIXED_OLTP,ALTER_COLUMN_TYPE,CRITICAL,21.64,886.88,0,1
MIG-14596,order_items,208291.84,203.41,32690325,1463,WRITE_HEAVY,DROP_COLUMN,MEDIUM,1.51,2.15,1,0
MIG-14597,orders,125665.28,122.72,15339769,722,WRITE_HEAVY,DROP_COLUMN,MEDIUM,1.07,1.95,1,0
MIG-14598,order_items,489953.28,478.47,76897016,933,READ_HEAVY,TABLE_REWRITE,MEDIUM,204.87,232.02,0,1
MIG-14599,order_items,393871.36,384.64,61816433,837,MIXED_OLTP,ADD_COLUMN_DEFAULT,MEDIUM,3.26,3.46,1,0
MIG-14600,order_items,387860.48,378.77,60873802,1184,MIXED_OLTP,ADD_INDEX_CONCURRENTLY,MEDIUM,1.27,1.92,1,0
MIG-14601,customer_sessions,26931.2,26.3,6011540,5092,MIXED_OLTP,ADD_INDEX_CONCURRENTLY,CRITICAL,0.19,1.55,1,0
MIG-14602,customer_sessions,58869.76,57.49,13141217,5224,READ_HEAVY,ALTER_COLUMN_TYPE,CRITICAL,23.45,547.6,0,1
MIG-14603,order_payments,73594.88,71.87,17690576,589,ANALYTICAL_BATCH,ALTER_COLUMN_TYPE,MEDIUM,25.42,46.1,0,1
MIG-14604,order_payments,48517.12,47.38,11663296,305,MIXED_OLTP,ADD_INDEX_CONCURRENTLY,LOW,0.35,0.39,1,0
MIG-14605,order_items,601774.08,587.67,94446564,616,MIXED_OLTP,ADD_COLUMN_DEFAULT,MEDIUM,4.81,6.88,1,0
MIG-14606,order_shipments,60467.2,59.05,15746852,3824,WRITE_HEAVY,DROP_COLUMN,CRITICAL,0.55,4.56,1,0
MIG-14607,orders,165949.44,162.06,20256989,4198,READ_HEAVY,ADD_INDEX_CONCURRENTLY,CRITICAL,0.72,4.74,1,0
MIG-14608,orders,266219.52,259.98,32497041,1119,MIXED_OLTP,ALTER_COLUMN_TYPE,MEDIUM,75.41,115.17,0,1
MIG-14609,customer_sessions,37969.92,37.08,8476248,416,ANALYTICAL_BATCH,ADD_COLUMN_DEFAULT,LOW,0.66,0.54,1,0
MIG-14610,order_shipments,96645.12,94.38,25169246,497,WRITE_HEAVY,ALTER_COLUMN_TYPE,LOW,37.69,50.5,0,1
MIG-14611,order_items,473333.76,462.24,74288954,2003,WRITE_HEAVY,ADD_INDEX_LOCKING,HIGH,42.34,527.48,0,1
MIG-14612,order_payments,102471.68,100.07,24633154,1059,WRITE_HEAVY,ADD_INDEX_CONCURRENTLY,MEDIUM,0.59,1.14,1,0
MIG-14613,order_items,235673.6,230.15,36987882,569,WRITE_HEAVY,ADD_INDEX_LOCKING,MEDIUM,21.6,34.65,0,1
MIG-14614,order_items,141393.92,138.08,22192209,611,MIXED_OLTP,ADD_INDEX_LOCKING,MEDIUM,17.18,31.1,0,1
MIG-14615,orders,145981.44,142.56,17820163,1467,WRITE_HEAVY,ADD_COLUMN_DEFAULT,MEDIUM,1.65,4.06,1,0
MIG-14616,orders,51404.8,50.2,6274615,5345,READ_HEAVY,ADD_INDEX_CONCURRENTLY,CRITICAL,0.28,2.77,1,0
MIG-14617,order_items,151336.96,147.79,23751203,1438,MIXED_OLTP,ALTER_COLUMN_TYPE,MEDIUM,42.35,70.48,0,1
MIG-14618,order_items,421928.96,412.04,66221467,761,READ_HEAVY,DROP_COLUMN,MEDIUM,2.49,2.83,1,0
MIG-14619,order_items,488581.12,477.13,76682218,2477,WRITE_HEAVY,ADD_INDEX_LOCKING,HIGH,48.21,568.75,0,1
MIG-14620,orders,86302.72,84.28,10534604,1843,READ_HEAVY,ADD_COLUMN_DEFAULT,HIGH,1.21,2.88,1,0
MIG-14621,customer_sessions,61593.6,60.15,13748005,2522,READ_HEAVY,ADD_INDEX_LOCKING,HIGH,10.77,107.88,0,1
MIG-14622,order_items,604835.84,590.66,94927791,2226,ANALYTICAL_BATCH,ADD_INDEX_LOCKING,HIGH,50.35,412.21,0,1
MIG-14623,order_shipments,80076.8,78.2,20852603,473,MIXED_OLTP,ADD_COLUMN_DEFAULT,LOW,1.25,1.06,1,0
MIG-14624,orders,222720.0,217.5,27187310,249,ANALYTICAL_BATCH,ADD_INDEX_CONCURRENTLY,LOW,0.75,0.71,1,0
MIG-14625,order_items,476323.84,465.16,74757719,357,WRITE_HEAVY,ADD_COLUMN_DEFAULT,LOW,4.3,4.54,1,0
MIG-14626,order_shipments,37068.8,36.2,9654328,2488,MIXED_OLTP,ADD_INDEX_LOCKING,HIGH,7.05,59.42,0,1
MIG-14627,order_items,300943.36,293.89,47232085,4971,READ_HEAVY,ADD_INDEX_CONCURRENTLY,CRITICAL,1.0,8.5,1,0
MIG-14628,orders,259112.96,253.04,31630207,552,MIXED_OLTP,ALTER_COLUMN_TYPE,MEDIUM,68.84,88.95,0,1
MIG-14629,orders,195399.68,190.82,23852685,2195,READ_HEAVY,ADD_INDEX_CONCURRENTLY,HIGH,0.71,1.79,1,0
MIG-14630,orders,223672.32,218.43,27303667,2178,WRITE_HEAVY,ALTER_COLUMN_TYPE,HIGH,60.85,792.62,0,1
MIG-14631,order_items,614625.28,600.22,96464264,3570,WRITE_HEAVY,ADD_INDEX_CONCURRENTLY,CRITICAL,1.86,13.15,1,0
MIG-14632,order_items,234127.36,228.64,36746390,1304,MIXED_OLTP,ADD_INDEX_LOCKING,MEDIUM,21.36,49.43,0,1
MIG-14633,orders,120299.52,117.48,14685540,433,MIXED_OLTP,DROP_COLUMN,LOW,1.04,1.5,1,0
MIG-14634,order_items,447467.52,436.98,70228933,1622,WRITE_HEAVY,DROP_COLUMN,HIGH,2.43,5.45,1,0
MIG-14635,orders,54538.24,53.26,6657651,2526,READ_HEAVY,TABLE_REWRITE,HIGH,44.67,562.95,0,1
MIG-14636,order_items,409487.36,399.89,64268745,2792,MIXED_OLTP,ADD_INDEX_CONCURRENTLY,HIGH,1.41,4.98,1,0
MIG-14637,order_payments,123514.88,120.62,29690225,3723,READ_HEAVY,ADD_INDEX_CONCURRENTLY,CRITICAL,0.64,4.05,1,0
MIG-14638,orders,184176.64,179.86,22481971,1132,WRITE_HEAVY,ADD_INDEX_CONCURRENTLY,MEDIUM,0.91,1.56,1,0
MIG-14639,orders,114483.2,111.8,13975618,2434,MIXED_OLTP,ADD_COLUMN_DEFAULT,HIGH,1.32,5.35,1,0
MIG-14640,orders,209315.84,204.41,25550810,518,READ_HEAVY,ADD_INDEX_LOCKING,MEDIUM,26.14,30.47,0,1
MIG-14641,orders,81448.96,79.54,9942853,1316,MIXED_OLTP,ADD_INDEX_CONCURRENTLY,MEDIUM,0.43,0.78,1,0
MIG-14642,order_items,576481.28,562.97,90476651,1250,MIXED_OLTP,ADD_INDEX_LOCKING,MEDIUM,43.39,85.81,0,1
MIG-14643,orders,71475.2,69.8,8724705,208,MIXED_OLTP,ADD_COLUMN_DEFAULT,LOW,1.01,1.23,1,0
MIG-14644,orders,240138.24,234.51,29314260,225,WRITE_HEAVY,TABLE_REWRITE,LOW,95.01,133.64,0,1
MIG-14645,customer_sessions,46448.64,45.36,10368455,2652,ANALYTICAL_BATCH,ADD_COLUMN_DEFAULT,HIGH,0.65,3.22,1,0
MIG-14646,order_shipments,53985.28,52.72,14058775,5004,WRITE_HEAVY,TABLE_REWRITE,CRITICAL,44.69,1388.16,0,1
MIG-14647,orders,159887.36,156.14,19517867,572,MIXED_OLTP,DROP_COLUMN,MEDIUM,1.04,1.18,1,0
MIG-14648,order_items,218009.6,212.9,34216710,858,MIXED_OLTP,TABLE_REWRITE,MEDIUM,118.09,147.56,0,1
MIG-14649,order_items,350894.08,342.67,55072531,349,MIXED_OLTP,DROP_COLUMN,LOW,2.16,1.76,1,0
MIG-14650,order_shipments,88913.92,86.83,23153948,627,READ_HEAVY,ADD_COLUMN_DEFAULT,MEDIUM,0.96,1.76,1,0
MIG-14651,order_shipments,84869.12,82.88,22100633,1498,WRITE_HEAVY,ADD_INDEX_LOCKING,MEDIUM,13.21,38.38,0,1
MIG-14652,orders,85217.28,83.22,10402310,709,READ_HEAVY,ADD_COLUMN_DEFAULT,MEDIUM,1.07,1.32,1,0
MIG-14653,orders,198103.04,193.46,24182366,5165,READ_HEAVY,ADD_COLUMN_DEFAULT,CRITICAL,2.3,14.82,1,0
MIG-14654,order_items,556902.4,543.85,87403818,564,WRITE_HEAVY,ADD_COLUMN_DEFAULT,MEDIUM,4.24,5.72,1,0
MIG-14655,order_shipments,86425.6,84.4,22506979,2813,WRITE_HEAVY,ALTER_COLUMN_TYPE,HIGH,33.04,270.45,0,1
MIG-14656,order_shipments,53739.52,52.48,13993660,1560,ANALYTICAL_BATCH,ADD_INDEX_LOCKING,HIGH,7.97,63.35,0,1
MIG-14657,orders,59791.36,58.39,7298506,372,WRITE_HEAVY,ADD_INDEX_CONCURRENTLY,LOW,0.32,0.38,1,0
MIG-14658,order_items,595261.44,581.31,93424723,860,WRITE_HEAVY,ALTER_COLUMN_TYPE,MEDIUM,140.95,210.7,0,1
MIG-14659,orders,136714.24,133.51,16688898,284,WRITE_HEAVY,ADD_COLUMN_DEFAULT,LOW,1.61,1.42,1,0
MIG-14660,order_payments,69867.52,68.23,16796127,608,READ_HEAVY,ADD_INDEX_CONCURRENTLY,MEDIUM,0.43,0.37,1,0
MIG-14661,order_shipments,81428.48,79.52,21205522,4693,READ_HEAVY,ADD_INDEX_CONCURRENTLY,CRITICAL,0.53,3.62,1,0
MIG-14662,order_items,250920.96,245.04,39381749,1122,MIXED_OLTP,ADD_INDEX_CONCURRENTLY,MEDIUM,0.93,1.16,1,0
MIG-14663,orders,233789.44,228.31,28538193,821,READ_HEAVY,DROP_COLUMN,MEDIUM,1.48,1.71,1,0
MIG-14664,order_items,153937.92,150.33,24160176,972,WRITE_HEAVY,ADD_INDEX_CONCURRENTLY,MEDIUM,0.62,0.84,1,0
MIG-14665,order_items,496967.68,485.32,77997607,1052,READ_HEAVY,ADD_INDEX_CONCURRENTLY,MEDIUM,1.29,2.77,1,0
MIG-14666,order_shipments,98539.52,96.23,25661052,4719,WRITE_HEAVY,ADD_COLUMN_DEFAULT,CRITICAL,1.32,13.11,1,0
MIG-14667,order_items,628602.88,613.87,98657272,1039,MIXED_OLTP,ALTER_COLUMN_TYPE,MEDIUM,131.98,238.06,0,1
MIG-14668,order_shipments,95057.92,92.83,24754174,1588,WRITE_HEAVY,DROP_COLUMN,HIGH,0.66,2.35,1,0
MIG-14669,orders,241745.92,236.08,29510584,317,WRITE_HEAVY,ADD_COLUMN_DEFAULT,LOW,2.54,3.3,1,0
MIG-14670,orders,110837.76,108.24,13529766,239,READ_HEAVY,ADD_INDEX_LOCKING,LOW,17.21,17.12,1,0
MIG-14671,order_items,613570.56,599.19,96298517,911,WRITE_HEAVY,ADD_INDEX_CONCURRENTLY,MEDIUM,1.74,2.68,1,0
MIG-14672,orders,254392.32,248.43,31053208,3926,READ_HEAVY,ALTER_COLUMN_TYPE,CRITICAL,58.32,842.38,0,1
MIG-14673,orders,167342.08,163.42,20428057,852,READ_HEAVY,ADD_INDEX_CONCURRENTLY,MEDIUM,0.6,1.1,1,0
MIG-14674,order_payments,74792.96,73.04,17979836,1854,ANALYTICAL_BATCH,ADD_INDEX_CONCURRENTLY,HIGH,0.46,1.54,1,0
MIG-14675,orders,73318.4,71.6,8950215,232,WRITE_HEAVY,ADD_COLUMN_DEFAULT,LOW,0.95,1.12,1,0
MIG-14676,orders,179793.92,175.58,21947120,2568,READ_HEAVY,ADD_INDEX_CONCURRENTLY,HIGH,0.64,3.03,1,0
MIG-14677,orders,204103.68,199.32,24914740,724,MIXED_OLTP,ADD_INDEX_CONCURRENTLY,MEDIUM,0.85,1.17,1,0
MIG-14678,orders,138506.24,135.26,16907907,2638,WRITE_HEAVY,ADD_INDEX_LOCKING,HIGH,16.2,208.44,0,1
MIG-14679,order_shipments,52111.36,50.89,13570238,938,READ_HEAVY,ADD_COLUMN_DEFAULT,MEDIUM,0.9,1.57,1,0
MIG-14680,customer_sessions,51322.88,50.12,11455684,344,MIXED_OLTP,ADD_INDEX_CONCURRENTLY,LOW,0.37,0.35,1,0
MIG-14681,orders,55296.0,54.0,6750170,3294,MIXED_OLTP,DROP_COLUMN,CRITICAL,0.51,2.22,1,0
MIG-14682,order_payments,141383.68,138.07,33986537,707,ANALYTICAL_BATCH,ADD_INDEX_LOCKING,MEDIUM,16.52,21.22,1,0
MIG-14683,order_payments,61358.08,59.92,14749284,1401,MIXED_OLTP,ALTER_COLUMN_TYPE,MEDIUM,30.2,66.79,0,1
MIG-14684,customer_sessions,23429.12,22.88,5228828,1331,READ_HEAVY,ADD_INDEX_CONCURRENTLY,MEDIUM,0.18,0.35,1,0
MIG-14685,order_items,117524.48,114.77,18444560,127,ANALYTICAL_BATCH,ALTER_COLUMN_TYPE,LOW,42.81,39.34,1,0
MIG-14686,orders,238684.16,233.09,29136071,1403,WRITE_HEAVY,ADD_INDEX_LOCKING,MEDIUM,22.46,77.64,0,1
MIG-14687,order_items,560189.44,547.06,87919797,1337,READ_HEAVY,DROP_COLUMN,MEDIUM,3.13,4.82,1,0
MIG-14688,order_shipments,26337.28,25.72,6858622,154,MIXED_OLTP,ADD_INDEX_CONCURRENTLY,LOW,0.24,0.25,1,0
MIG-14689,order_payments,44861.44,43.81,10784549,741,MIXED_OLTP,ADD_COLUMN_DEFAULT,MEDIUM,0.76,0.81,1,0
MIG-14690,order_items,345845.76,337.74,54280080,1766,ANALYTICAL_BATCH,ADD_INDEX_CONCURRENTLY,HIGH,1.41,3.7,1,0
MIG-14691,orders,90224.64,88.11,11014012,5133,WRITE_HEAVY,ADD_INDEX_LOCKING,CRITICAL,12.0,398.44,0,1
MIG-14692,order_payments,114780.16,112.09,27591648,2780,MIXED_OLTP,ADD_INDEX_LOCKING,HIGH,13.83,142.75,0,1
MIG-14693,order_shipments,23244.8,22.7,6053658,1220,WRITE_HEAVY,ADD_INDEX_CONCURRENTLY,MEDIUM,0.22,0.44,1,0
MIG-14694,order_items,398387.2,389.05,62526455,1875,MIXED_OLTP,ADD_INDEX_CONCURRENTLY,HIGH,1.47,4.26,1,0
MIG-14695,order_payments,72488.96,70.79,17424397,1420,MIXED_OLTP,ALTER_COLUMN_TYPE,MEDIUM,23.8,40.35,0,1
MIG-14696,order_items,354641.92,346.33,55660665,2771,WRITE_HEAVY,ADD_COLUMN_DEFAULT,HIGH,2.93,11.98,1,0
MIG-14697,order_items,333905.92,326.08,52405326,448,MIXED_OLTP,DROP_COLUMN,LOW,1.62,1.88,1,0
MIG-14698,order_items,193730.56,189.19,30405893,243,READ_HEAVY,TABLE_REWRITE,LOW,109.46,115.17,0,1
MIG-14699,order_payments,53012.48,51.77,12744106,2551,READ_HEAVY,ADD_INDEX_CONCURRENTLY,HIGH,0.39,0.93,1,0
MIG-14700,customer_sessions,18513.92,18.08,4133230,370,ANALYTICAL_BATCH,DROP_COLUMN,LOW,0.21,0.19,1,0
MIG-14701,order_items,174182.4,170.1,27338131,1727,MIXED_OLTP,ADD_INDEX_LOCKING,HIGH,18.44,221.41,0,1
MIG-14702,order_items,619376.64,604.86,97209480,2374,READ_HEAVY,ADD_COLUMN_DEFAULT,HIGH,3.72,10.3,1,0
MIG-14703,order_items,259082.24,253.01,40662731,319,WRITE_HEAVY,ADD_COLUMN_DEFAULT,LOW,2.87,2.26,1,0
MIG-14704,orders,117063.68,114.32,14289689,1084,WRITE_HEAVY,ALTER_COLUMN_TYPE,MEDIUM,38.15,71.35,0,1
MIG-14705,orders,77260.8,75.45,9431870,2009,WRITE_HEAVY,ADD_INDEX_CONCURRENTLY,HIGH,0.42,1.71,1,0
MIG-14706,orders,216186.88,211.12,26389433,2503,WRITE_HEAVY,ADD_INDEX_CONCURRENTLY,HIGH,0.72,4.22,1,0
MIG-14707,order_items,591636.48,577.77,92855567,2828,WRITE_HEAVY,ADD_COLUMN_DEFAULT,HIGH,4.57,16.79,1,0
MIG-14708,orders,223836.16,218.59,27323264,1104,READ_HEAVY,ADD_INDEX_LOCKING,MEDIUM,23.49,34.23,0,1
MIG-14709,order_items,430858.24,420.76,67621882,2808,MIXED_OLTP,ADD_COLUMN_DEFAULT,HIGH,3.02,14.33,1,0
MIG-14710,order_payments,124057.6,121.15,29821107,1271,WRITE_HEAVY,ADD_INDEX_CONCURRENTLY,MEDIUM,0.49,0.99,1,0
MIG-14711,orders,138557.44,135.31,16914216,225,READ_HEAVY,ADD_COLUMN_DEFAULT,LOW,1.39,1.62,1,0
MIG-14712,order_items,558274.56,545.19,87619285,2603,ANALYTICAL_BATCH,ADD_COLUMN_DEFAULT,HIGH,4.09,17.8,1,0
MIG-14713,order_shipments,84664.32,82.68,22048007,1171,WRITE_HEAVY,ADD_INDEX_LOCKING,MEDIUM,11.91,20.12,1,0
MIG-14714,order_items,115578.88,112.87,18139696,477,MIXED_OLTP,ALTER_COLUMN_TYPE,LOW,42.34,46.49,0,1
MIG-14715,orders,157040.64,153.36,19170441,838,WRITE_HEAVY,ADD_COLUMN_DEFAULT,MEDIUM,1.98,2.91,1,0
MIG-14716,order_items,251258.88,245.37,39433942,1745,READ_HEAVY,ADD_INDEX_LOCKING,HIGH,28.68,131.56,0,1
MIG-14717,order_items,159191.04,155.46,24984866,4695,MIXED_OLTP,ADD_INDEX_LOCKING,CRITICAL,19.35,721.26,0,1
MIG-14718,order_items,551403.52,538.48,86541879,4580,WRITE_HEAVY,ADD_INDEX_LOCKING,CRITICAL,55.99,1366.41,0,1
MIG-14719,orders,50913.28,49.72,6214641,1113,WRITE_HEAVY,DROP_COLUMN,MEDIUM,0.57,0.75,1,0
MIG-14720,order_items,491520.0,480.0,77143243,1239,MIXED_OLTP,ADD_INDEX_CONCURRENTLY,MEDIUM,1.82,3.42,1,0
MIG-14721,order_items,624691.2,610.05,98043561,2266,WRITE_HEAVY,DROP_COLUMN,HIGH,2.86,8.08,1,0
MIG-14722,orders,155770.88,152.12,19014533,530,MIXED_OLTP,DROP_COLUMN,MEDIUM,0.96,1.1,1,0
MIG-14723,order_items,306288.64,299.11,48070482,1378,READ_HEAVY,DROP_COLUMN,MEDIUM,2.02,3.12,1,0
MIG-14724,orders,183152.64,178.86,22357489,777,WRITE_HEAVY,ADD_INDEX_CONCURRENTLY,MEDIUM,0.7,1.1,1,0
MIG-14725,order_items,529991.68,517.57,83180524,746,MIXED_OLTP,ADD_INDEX_CONCURRENTLY,MEDIUM,1.4,3.14,1,0
MIG-14726,order_shipments,38359.04,37.46,9989443,2721,READ_HEAVY,ADD_INDEX_CONCURRENTLY,HIGH,0.26,0.55,1,0
MIG-14727,orders,104601.6,102.15,12768938,1297,WRITE_HEAVY,ADD_INDEX_CONCURRENTLY,MEDIUM,0.6,1.04,1,0
MIG-14728,order_items,428052.48,418.02,67181419,302,ANALYTICAL_BATCH,ADD_INDEX_CONCURRENTLY,LOW,1.43,1.96,1,0
MIG-14729,order_items,599756.8,585.7,94130265,2534,READ_HEAVY,ADD_INDEX_CONCURRENTLY,HIGH,1.88,3.49,1,0
MIG-14730,order_items,268707.84,262.41,42173638,1621,MIXED_OLTP,ADD_INDEX_CONCURRENTLY,HIGH,1.15,2.46,1,0
MIG-14731,order_shipments,49684.48,48.52,12937900,781,WRITE_HEAVY,ADD_INDEX_CONCURRENTLY,MEDIUM,0.3,0.58,1,0
MIG-14732,order_items,627343.36,612.64,98459997,742,WRITE_HEAVY,TABLE_REWRITE,MEDIUM,189.81,336.67,0,1
MIG-14733,orders,88125.44,86.06,10757998,4054,MIXED_OLTP,ADD_COLUMN_DEFAULT,CRITICAL,1.14,8.51,1,0
MIG-14734,order_shipments,24811.52,24.23,6462512,2035,MIXED_OLTP,ADD_COLUMN_DEFAULT,HIGH,0.49,1.71,1,0
MIG-14735,order_payments,97280.0,95.0,23384950,569,WRITE_HEAVY,ADD_INDEX_LOCKING,MEDIUM,15.41,21.42,1,0
MIG-14736,order_payments,29532.16,28.84,7098889,2532,MIXED_OLTP,ADD_COLUMN_DEFAULT,HIGH,0.43,1.58,1,0
MIG-14737,orders,89057.28,86.97,10871697,4493,READ_HEAVY,ADD_INDEX_CONCURRENTLY,CRITICAL,0.47,4.6,1,0
MIG-14738,orders,186777.6,182.4,22799647,879,WRITE_HEAVY,ADD_COLUMN_DEFAULT,MEDIUM,2.0,2.98,1,0
MIG-14739,order_items,455055.36,444.39,71420504,1387,MIXED_OLTP,ADD_COLUMN_DEFAULT,MEDIUM,3.7,4.92,1,0
MIG-14740,orders,162048.0,158.25,19781481,860,READ_HEAVY,DROP_COLUMN,MEDIUM,1.29,1.65,1,0
MIG-14741,orders,134031.36,130.89,16361197,1676,READ_HEAVY,ADD_INDEX_CONCURRENTLY,HIGH,0.69,1.47,1,0
MIG-14742,order_payments,95662.08,93.42,22994490,439,MIXED_OLTP,ADD_COLUMN_DEFAULT,LOW,1.26,1.52,1,0
MIG-14743,orders,191457.28,186.97,23371415,631,READ_HEAVY,ADD_INDEX_CONCURRENTLY,MEDIUM,0.66,1.18,1,0
MIG-14744,orders,226867.2,221.55,27694015,571,ANALYTICAL_BATCH,ADD_INDEX_CONCURRENTLY,MEDIUM,1.04,0.92,1,0
MIG-14745,orders,224491.52,219.23,27404272,2211,MIXED_OLTP,DROP_COLUMN,HIGH,1.5,4.37,1,0
MIG-14746,order_items,457789.44,447.06,71848862,2368,READ_HEAVY,ADD_INDEX_CONCURRENTLY,HIGH,1.26,4.84,1,0
MIG-14747,order_items,576194.56,562.69,90432839,781,READ_HEAVY,ADD_COLUMN_DEFAULT,MEDIUM,4.41,5.81,1,0
MIG-14748,order_shipments,87941.12,85.88,22901345,1339,ANALYTICAL_BATCH,ADD_INDEX_CONCURRENTLY,MEDIUM,0.55,0.87,1,0
MIG-14749,orders,78622.72,76.78,9597642,1915,MIXED_OLTP,DROP_COLUMN,HIGH,0.75,2.33,1,0
MIG-14750,orders,260751.36,254.64,31830344,485,WRITE_HEAVY,ADD_COLUMN_DEFAULT,LOW,2.76,3.43,1,0
MIG-14751,order_items,574914.56,561.44,90231126,2458,WRITE_HEAVY,ADD_INDEX_LOCKING,HIGH,46.06,450.31,0,1
MIG-14752,order_items,280320.0,273.75,43995101,684,READ_HEAVY,ADD_COLUMN_DEFAULT,MEDIUM,2.65,3.32,1,0
MIG-14753,order_items,125102.08,122.17,19634937,4025,MIXED_OLTP,TABLE_REWRITE,CRITICAL,80.13,763.85,0,1
MIG-14754,customer_sessions,53299.2,52.05,11897253,575,ANALYTICAL_BATCH,ADD_INDEX_CONCURRENTLY,MEDIUM,0.37,0.45,1,0
MIG-14755,order_items,340951.04,332.96,53511823,2766,MIXED_OLTP,ADD_INDEX_LOCKING,HIGH,28.43,307.88,0,1
MIG-14756,order_items,501534.72,489.78,78714899,359,WRITE_HEAVY,ADD_COLUMN_DEFAULT,LOW,4.41,5.98,1,0
MIG-14757,customer_sessions,48179.2,47.05,10754236,928,MIXED_OLTP,ADD_COLUMN_DEFAULT,MEDIUM,0.86,0.95,1,0
MIG-14758,orders,66068.48,64.52,8065241,2518,WRITE_HEAVY,ADD_INDEX_LOCKING,HIGH,8.96,68.12,0,1
MIG-14759,customer_sessions,30126.08,29.42,6723498,1115,READ_HEAVY,TABLE_REWRITE,MEDIUM,22.81,40.21,0,1
MIG-14760,order_items,570152.96,556.79,89484424,2399,READ_HEAVY,ADD_INDEX_LOCKING,HIGH,52.8,531.23,0,1
MIG-14761,order_items,134144.0,131.0,21052865,897,READ_HEAVY,ADD_COLUMN_DEFAULT,MEDIUM,1.27,2.08,1,0
MIG-14762,customer_sessions,61859.84,60.41,13808043,851,READ_HEAVY,ADD_COLUMN_DEFAULT,MEDIUM,0.88,1.02,1,0
MIG-14763,order_items,265359.36,259.14,41647424,3640,WRITE_HEAVY,ADD_INDEX_CONCURRENTLY,CRITICAL,1.07,9.46,1,0
MIG-14764,order_items,348293.12,340.13,54663824,1286,WRITE_HEAVY,DROP_COLUMN,MEDIUM,1.68,3.65,1,0
MIG-14765,orders,166604.8,162.7,20337146,4178,MIXED_OLTP,ADD_COLUMN_DEFAULT,CRITICAL,1.82,8.2,1,0
MIG-14766,order_payments,56586.24,55.26,13602343,968,WRITE_HEAVY,ADD_INDEX_CONCURRENTLY,MEDIUM,0.4,0.41,1,0
MIG-14767,order_items,451164.16,440.59,70808795,1220,READ_HEAVY,ADD_INDEX_CONCURRENTLY,MEDIUM,1.53,1.88,1,0
MIG-14768,orders,202526.72,197.78,24722939,2296,WRITE_HEAVY,TABLE_REWRITE,HIGH,101.95,1195.5,0,1
MIG-14769,order_payments,36812.8,35.95,8849713,481,WRITE_HEAVY,ADD_INDEX_CONCURRENTLY,LOW,0.28,0.28,1,0
MIG-14770,order_items,307671.04,300.46,48288093,196,WRITE_HEAVY,ADD_COLUMN_DEFAULT,LOW,2.93,3.02,1,0
MIG-14771,order_items,498862.08,487.17,78294561,116,MIXED_OLTP,ADD_INDEX_CONCURRENTLY,LOW,1.43,1.38,1,0
MIG-14772,orders,208762.88,203.87,25484214,921,READ_HEAVY,ADD_COLUMN_DEFAULT,MEDIUM,2.12,2.37,1,0
MIG-14773,order_items,395755.52,386.48,62112870,2297,WRITE_HEAVY,ADD_INDEX_CONCURRENTLY,HIGH,1.4,5.8,1,0
MIG-14774,orders,221163.52,215.98,26997219,428,MIXED_OLTP,ADD_INDEX_LOCKING,LOW,28.61,25.65,0,1
MIG-14775,orders,72960.0,71.25,8906412,354,WRITE_HEAVY,ADD_INDEX_CONCURRENTLY,LOW,0.47,0.45,1,0
MIG-14776,order_items,175697.92,171.58,27575112,1439,MIXED_OLTP,ADD_INDEX_CONCURRENTLY,MEDIUM,0.82,1.45,1,0
MIG-14777,orders,194580.48,190.02,23752211,585,WRITE_HEAVY,ADD_INDEX_CONCURRENTLY,MEDIUM,0.93,0.98,1,0
MIG-14778,orders,202506.24,197.76,24720014,314,ANALYTICAL_BATCH,ADD_INDEX_CONCURRENTLY,LOW,0.92,1.47,1,0
MIG-14779,order_payments,124211.2,121.3,29858373,431,WRITE_HEAVY,DROP_COLUMN,LOW,0.98,1.32,1,0
MIG-14780,order_items,208117.76,203.24,32663987,2253,READ_HEAVY,ADD_INDEX_CONCURRENTLY,HIGH,0.93,1.79,1,0
MIG-14781,customer_sessions,47677.44,46.56,10641511,1913,READ_HEAVY,DROP_COLUMN,HIGH,0.4,0.76,1,0
MIG-14782,order_shipments,73246.72,71.53,19073956,1268,READ_HEAVY,ADD_COLUMN_DEFAULT,MEDIUM,1.16,1.97,1,0
MIG-14783,order_items,230133.76,224.74,36119665,1374,MIXED_OLTP,ADD_INDEX_CONCURRENTLY,MEDIUM,1.01,1.79,1,0
MIG-14784,customer_sessions,47687.68,46.57,10643761,203,WRITE_HEAVY,ADD_INDEX_CONCURRENTLY,LOW,0.34,0.35,1,0
MIG-14785,order_shipments,71383.04,69.71,18590412,1052,READ_HEAVY,ADD_COLUMN_DEFAULT,MEDIUM,1.07,1.44,1,0
MIG-14786,order_items,225361.92,220.08,35370410,1304,MIXED_OLTP,ADD_COLUMN_DEFAULT,MEDIUM,2.36,3.68,1,0
MIG-14787,order_payments,71618.56,69.94,17216226,3380,MIXED_OLTP,ADD_COLUMN_DEFAULT,CRITICAL,1.17,7.59,1,0
MIG-14788,orders,97003.52,94.73,11841147,1516,READ_HEAVY,ADD_INDEX_LOCKING,HIGH,13.1,91.63,0,1
MIG-14789,order_payments,134799.36,131.64,32404755,1239,READ_HEAVY,ADD_INDEX_CONCURRENTLY,MEDIUM,0.65,0.71,1,0
MIG-14790,order_items,236902.4,231.35,37180709,400,MIXED_OLTP,ADD_COLUMN_DEFAULT,LOW,1.95,1.55,1,0
MIG-14791,orders,75878.4,74.1,9262534,1735,MIXED_OLTP,ADD_COLUMN_DEFAULT,HIGH,1.08,1.84,1,0
MIG-14792,orders,56924.16,55.59,6949193,4492,MIXED_OLTP,ADD_INDEX_CONCURRENTLY,CRITICAL,0.38,2.47,1,0
MIG-14793,customer_sessions,17233.92,16.83,3847330,388,MIXED_OLTP,ADD_COLUMN_DEFAULT,LOW,0.41,0.37,1,0
MIG-14794,order_items,213565.44,208.56,33518485,2944,READ_HEAVY,DROP_COLUMN,HIGH,1.37,3.26,1,0
MIG-14795,orders,183674.88,179.37,22421629,423,READ_HEAVY,DROP_COLUMN,LOW,1.22,1.56,1,0
MIG-14796,orders,53053.44,51.81,6476546,1829,READ_HEAVY,DROP_COLUMN,HIGH,0.55,1.49,1,0
MIG-14797,order_items,262676.48,256.52,41226257,330,WRITE_HEAVY,ADD_INDEX_CONCURRENTLY,LOW,1.18,1.29,1,0
MIG-14798,order_shipments,23255.04,22.71,6056404,2599,MIXED_OLTP,ADD_COLUMN_DEFAULT,HIGH,0.48,1.87,1,0
MIG-14799,order_payments,74987.52,73.23,18025372,771,READ_HEAVY,ADD_INDEX_LOCKING,MEDIUM,13.88,14.68,1,0
MIG-14800,order_items,139755.52,136.48,21934715,662,WRITE_HEAVY,ADD_COLUMN_DEFAULT,MEDIUM,1.64,2.42,1,0
MIG-14801,orders,183531.52,179.23,22403627,2156,MIXED_OLTP,DROP_COLUMN,HIGH,1.19,4.63,1,0
MIG-14802,orders,201420.8,196.7,24587455,2579,WRITE_HEAVY,DROP_COLUMN,HIGH,1.24,5.86,1,0
MIG-14803,order_items,492124.16,480.59,77238341,2292,WRITE_HEAVY,ADD_COLUMN_DEFAULT,HIGH,4.18,14.29,1,0
MIG-14804,order_shipments,37038.08,36.17,9645817,341,READ_HEAVY,ADD_INDEX_CONCURRENTLY,LOW,0.24,0.35,1,0
MIG-14805,order_payments,130672.64,127.61,31412804,2498,MIXED_OLTP,DROP_COLUMN,HIGH,1.04,3.19,1,0
MIG-14806,order_items,470947.84,459.91,73913341,482,READ_HEAVY,ADD_COLUMN_DEFAULT,LOW,4.36,3.89,1,0
MIG-14807,order_items,143923.2,140.55,22588667,2450,WRITE_HEAVY,ADD_INDEX_CONCURRENTLY,HIGH,0.57,2.59,1,0
MIG-14808,order_items,342169.6,334.15,53702103,153,READ_HEAVY,ADD_INDEX_CONCURRENTLY,LOW,1.23,1.27,1,0
MIG-14809,order_items,510924.8,498.95,80188275,900,WRITE_HEAVY,ADD_INDEX_CONCURRENTLY,MEDIUM,1.87,2.67,1,0
MIG-14810,order_items,275138.56,268.69,43182408,669,ANALYTICAL_BATCH,DROP_COLUMN,MEDIUM,1.65,1.74,1,0
MIG-14811,order_payments,72335.36,70.64,17388892,4895,WRITE_HEAVY,ADD_INDEX_CONCURRENTLY,CRITICAL,0.46,5.05,1,0
MIG-14812,order_items,439623.68,429.32,68997910,2995,MIXED_OLTP,ALTER_COLUMN_TYPE,HIGH,102.97,1258.34,0,1
MIG-14813,customer_sessions,17920.0,17.5,3998924,408,WRITE_HEAVY,TABLE_REWRITE,LOW,15.88,20.81,1,0
MIG-14814,order_items,613724.16,599.34,96321738,1868,WRITE_HEAVY,TABLE_REWRITE,HIGH,250.2,1382.33,0,1
MIG-14815,orders,87746.56,85.69,10710987,378,READ_HEAVY,ADD_INDEX_CONCURRENTLY,LOW,0.39,0.46,1,0
MIG-14816,orders,55050.24,53.76,6720143,521,MIXED_OLTP,ADD_COLUMN_DEFAULT,MEDIUM,0.73,1.06,1,0
MIG-14817,order_items,117432.32,114.68,18431161,772,ANALYTICAL_BATCH,ALTER_COLUMN_TYPE,MEDIUM,36.65,51.13,0,1
MIG-14818,order_items,320901.12,313.38,50363904,1954,READ_HEAVY,DROP_COLUMN,HIGH,1.57,7.47,1,0
MIG-14819,order_items,571043.84,557.66,89624522,4173,READ_HEAVY,ADD_INDEX_CONCURRENTLY,CRITICAL,1.46,11.33,1,0
MIG-14820,order_payments,124835.84,121.91,30009147,3801,WRITE_HEAVY,ALTER_COLUMN_TYPE,CRITICAL,38.3,879.32,0,1
MIG-14821,orders,250880.0,245.0,30625236,273,READ_HEAVY,DROP_COLUMN,LOW,1.78,2.0,1,0
MIG-14822,order_payments,90572.8,88.45,21772930,103,READ_HEAVY,ADD_INDEX_LOCKING,LOW,15.07,14.39,1,0
MIG-14823,order_payments,80384.0,78.5,19323891,2725,ANALYTICAL_BATCH,TABLE_REWRITE,HIGH,52.17,521.09,0,1
MIG-14824,order_items,313825.28,306.47,49254739,895,READ_HEAVY,TABLE_REWRITE,MEDIUM,159.99,226.79,0,1
MIG-14825,order_items,138639.36,135.39,21759864,1308,MIXED_OLTP,ADD_COLUMN_DEFAULT,MEDIUM,1.3,2.94,1,0
MIG-14826,orders,250327.04,244.46,30557073,3144,MIXED_OLTP,ADD_INDEX_CONCURRENTLY,CRITICAL,0.86,5.6,1,0
MIG-14827,order_items,370759.68,362.07,58190263,446,WRITE_HEAVY,DROP_COLUMN,LOW,2.32,1.71,1,0
MIG-14828,order_payments,81141.76,79.24,19505942,1126,READ_HEAVY,DROP_COLUMN,MEDIUM,0.61,1.14,1,0
MIG-14829,order_shipments,61163.52,59.73,15927617,3577,MIXED_OLTP,DROP_COLUMN,CRITICAL,0.57,3.29,1,0
MIG-14830,order_items,524544.0,512.25,82326515,2628,READ_HEAVY,ADD_COLUMN_DEFAULT,HIGH,4.35,12.69,1,0
MIG-14831,orders,98805.76,96.49,12060719,4871,READ_HEAVY,DROP_COLUMN,CRITICAL,0.69,7.26,1,0
MIG-14832,order_payments,111677.44,109.06,26845139,2589,MIXED_OLTP,ADD_COLUMN_DEFAULT,HIGH,1.44,5.22,1,0
MIG-14833,order_payments,111779.84,109.16,26870168,1370,WRITE_HEAVY,TABLE_REWRITE,MEDIUM,62.72,79.34,0,1
MIG-14834,order_items,553134.08,540.17,86813775,2930,MIXED_OLTP,ALTER_COLUMN_TYPE,HIGH,107.03,1047.26,0,1
MIG-14835,order_shipments,19148.8,18.7,4987565,1749,READ_HEAVY,ADD_COLUMN_DEFAULT,HIGH,0.43,0.79,1,0
MIG-14836,orders,86845.44,84.81,10600679,3705,READ_HEAVY,DROP_COLUMN,CRITICAL,0.7,4.71,1,0
MIG-14837,orders,153344.0,149.75,18718265,539,WRITE_HEAVY,DROP_COLUMN,MEDIUM,1.18,1.66,1,0
MIG-14838,orders,237281.28,231.72,28964590,566,READ_HEAVY,ADD_COLUMN_DEFAULT,MEDIUM,2.4,2.88,1,0
MIG-14839,orders,262625.28,256.47,32058155,605,WRITE_HEAVY,ADD_INDEX_CONCURRENTLY,MEDIUM,0.96,1.84,1,0
MIG-14840,order_shipments,67768.32,66.18,17649162,1191,WRITE_HEAVY,ADD_INDEX_LOCKING,MEDIUM,13.0,16.93,1,0
MIG-14841,order_items,224174.08,218.92,35182852,4515,READ_HEAVY,ADD_INDEX_LOCKING,CRITICAL,21.56,522.67,0,1
MIG-14842,orders,89978.88,87.87,10983786,3086,WRITE_HEAVY,ADD_COLUMN_DEFAULT,CRITICAL,1.17,9.04,1,0
MIG-14843,order_items,444702.72,434.28,69794960,921,READ_HEAVY,ALTER_COLUMN_TYPE,MEDIUM,85.38,157.08,0,1
MIG-14844,order_items,223098.88,217.87,35015600,3276,WRITE_HEAVY,TABLE_REWRITE,CRITICAL,103.45,954.12,0,1
MIG-14845,order_items,400138.24,390.76,62800081,695,WRITE_HEAVY,ADD_INDEX_LOCKING,MEDIUM,33.01,38.69,0,1
MIG-14846,orders,233799.68,228.32,28539922,1583,WRITE_HEAVY,TABLE_REWRITE,HIGH,111.43,642.66,0,1
MIG-14847,order_payments,73328.64,71.61,17626805,2292,READ_HEAVY,ADD_COLUMN_DEFAULT,HIGH,0.93,2.6,1,0
MIG-14848,orders,132864.0,129.75,16218749,1621,WRITE_HEAVY,ALTER_COLUMN_TYPE,HIGH,43.34,272.82,0,1
MIG-14849,order_payments,30955.52,30.23,7440841,2678,WRITE_HEAVY,TABLE_REWRITE,HIGH,32.42,189.58,0,1
MIG-14850,orders,105349.12,102.88,12860283,2898,READ_HEAVY,DROP_COLUMN,HIGH,0.95,3.89,1,0
MIG-14851,order_payments,110274.56,107.69,26507914,5139,MIXED_OLTP,ADD_INDEX_CONCURRENTLY,CRITICAL,0.62,6.73,1,0
MIG-14852,order_shipments,48322.56,47.19,12584450,1323,MIXED_OLTP,ADD_INDEX_CONCURRENTLY,MEDIUM,0.25,0.74,1,0
MIG-14853,orders,84162.56,82.19,10274070,2627,WRITE_HEAVY,ADD_COLUMN_DEFAULT,HIGH,0.96,4.02,1,0
MIG-14854,orders,72550.4,70.85,8855728,464,MIXED_OLTP,ADD_INDEX_LOCKING,LOW,12.11,17.05,1,0
MIG-14855,customer_sessions,20469.76,19.99,4568768,454,READ_HEAVY,ADD_COLUMN_DEFAULT,LOW,0.36,0.48,1,0
MIG-14856,order_items,454860.8,444.2,71389808,1824,READ_HEAVY,ADD_INDEX_LOCKING,HIGH,38.35,208.25,0,1
MIG-14857,order_items,430858.24,420.76,67622339,2406,WRITE_HEAVY,ADD_INDEX_LOCKING,HIGH,35.16,661.31,0,1
MIG-14858,orders,163840.0,160.0,20000067,3765,WRITE_HEAVY,ADD_INDEX_CONCURRENTLY,CRITICAL,0.86,3.51,1,0
MIG-14859,orders,159815.68,156.07,19508814,1337,READ_HEAVY,ADD_INDEX_CONCURRENTLY,MEDIUM,0.6,1.16,1,0
MIG-14860,order_items,193720.32,189.18,30404085,104,WRITE_HEAVY,ADD_INDEX_LOCKING,LOW,23.97,23.63,1,0
MIG-14861,order_shipments,59955.2,58.55,15613051,917,MIXED_OLTP,ADD_COLUMN_DEFAULT,MEDIUM,0.73,1.5,1,0
MIG-14862,orders,62412.8,60.95,7618319,3947,WRITE_HEAVY,TABLE_REWRITE,CRITICAL,44.37,671.88,0,1
MIG-14863,order_payments,137553.92,134.33,33064723,5131,WRITE_HEAVY,ALTER_COLUMN_TYPE,CRITICAL,37.27,1093.77,0,1
MIG-14864,order_payments,33576.96,32.79,8071193,3736,WRITE_HEAVY,ADD_COLUMN_DEFAULT,CRITICAL,0.59,6.46,1,0
MIG-14865,orders,142827.52,139.48,17435315,1395,WRITE_HEAVY,DROP_COLUMN,MEDIUM,0.98,1.74,1,0
MIG-14866,orders,49274.88,48.12,6015418,4240,READ_HEAVY,ALTER_COLUMN_TYPE,CRITICAL,25.59,538.23,0,1
MIG-14867,orders,223037.44,217.81,27226061,1186,WRITE_HEAVY,ALTER_COLUMN_TYPE,MEDIUM,74.28,69.84,0,1
MIG-14868,order_items,200448.0,195.75,31459785,4326,READ_HEAVY,DROP_COLUMN,CRITICAL,1.53,10.66,1,0
MIG-14869,order_items,592035.84,578.16,92918197,931,WRITE_HEAVY,TABLE_REWRITE,MEDIUM,243.74,381.42,0,1
MIG-14870,order_items,137379.84,134.16,21562197,804,READ_HEAVY,ADD_COLUMN_DEFAULT,MEDIUM,1.53,1.88,1,0
MIG-14871,orders,230696.96,225.29,28161258,781,ANALYTICAL_BATCH,ADD_INDEX_CONCURRENTLY,MEDIUM,0.82,1.44,1,0
MIG-14872,order_payments,105297.92,102.83,25311169,2460,MIXED_OLTP,DROP_COLUMN,HIGH,0.77,2.96,1,0
MIG-14873,order_items,243578.88,237.87,38228593,825,READ_HEAVY,ADD_INDEX_LOCKING,MEDIUM,27.03,45.97,0,1
MIG-14874,order_items,219156.48,214.02,34395988,445,READ_HEAVY,TABLE_REWRITE,LOW,124.06,120.7,0,1
MIG-14875,order_items,299284.48,292.27,46971912,1698,MIXED_OLTP,ADD_INDEX_CONCURRENTLY,HIGH,0.96,2.91,1,0
MIG-14876,orders,232386.56,226.94,28366877,3538,ANALYTICAL_BATCH,ADD_COLUMN_DEFAULT,CRITICAL,2.65,16.06,1,0
MIG-14877,order_payments,129894.4,126.85,31224348,1570,READ_HEAVY,DROP_COLUMN,HIGH,0.88,1.77,1,0
MIG-14878,order_items,205148.16,200.34,32198115,445,WRITE_HEAVY,ALTER_COLUMN_TYPE,LOW,56.82,92.87,0,1
MIG-14879,order_items,297103.36,290.14,46629291,2121,MIXED_OLTP,ADD_INDEX_LOCKING,HIGH,31.56,184.51,0,1
MIG-14880,orders,101683.2,99.3,12412267,114,WRITE_HEAVY,ADD_INDEX_CONCURRENTLY,LOW,0.53,0.59,1,0
MIG-14881,order_items,177981.44,173.81,27934070,542,MIXED_OLTP,ALTER_COLUMN_TYPE,MEDIUM,58.83,90.08,0,1
MIG-14882,order_items,448317.44,437.81,70362400,467,WRITE_HEAVY,DROP_COLUMN,LOW,2.04,2.28,1,0
MIG-14883,order_items,293191.68,286.32,46015552,1380,WRITE_HEAVY,ALTER_COLUMN_TYPE,MEDIUM,83.82,203.47,0,1
MIG-14884,order_shipments,37130.24,36.26,9668295,776,MIXED_OLTP,ALTER_COLUMN_TYPE,MEDIUM,20.06,20.99,1,0
MIG-14885,order_shipments,90265.6,88.15,23505551,359,MIXED_OLTP,ADD_INDEX_CONCURRENTLY,LOW,0.56,0.54,1,0
MIG-14886,orders,214671.36,209.64,26204584,752,READ_HEAVY,TABLE_REWRITE,MEDIUM,122.07,156.46,0,1
MIG-14887,order_payments,119326.72,116.53,28684321,2765,MIXED_OLTP,ADD_COLUMN_DEFAULT,HIGH,1.47,4.51,1,0
MIG-14888,order_items,134912.0,131.75,21174867,1215,MIXED_OLTP,TABLE_REWRITE,MEDIUM,62.43,149.6,0,1
MIG-14889,customer_sessions,73369.6,71.65,16377878,277,READ_HEAVY,ADD_INDEX_CONCURRENTLY,LOW,0.46,0.63,1,0
MIG-14890,orders,176271.36,172.14,21517936,1428,ANALYTICAL_BATCH,ADD_INDEX_LOCKING,MEDIUM,20.95,58.11,0,1
MIG-14891,orders,160583.68,156.82,19602675,1835,READ_HEAVY,ADD_COLUMN_DEFAULT,HIGH,1.51,3.08,1,0
MIG-14892,order_items,120156.16,117.34,18857413,2995,WRITE_HEAVY,ADD_INDEX_CONCURRENTLY,HIGH,0.61,2.76,1,0
MIG-14893,orders,247705.6,241.9,30236879,790,MIXED_OLTP,TABLE_REWRITE,MEDIUM,120.2,131.43,0,1
MIG-14894,order_payments,91791.36,89.64,22064045,2833,READ_HEAVY,ADD_COLUMN_DEFAULT,HIGH,0.96,4.19,1,0
MIG-14895,order_items,540549.12,527.88,84837430,2782,MIXED_OLTP,ADD_INDEX_CONCURRENTLY,HIGH,1.92,5.55,1,0
MIG-14896,orders,194140.16,189.59,23698795,2344,WRITE_HEAVY,ALTER_COLUMN_TYPE,HIGH,59.03,765.57,0,1
MIG-14897,order_items,525854.72,513.53,82532182,621,WRITE_HEAVY,ADD_COLUMN_DEFAULT,MEDIUM,4.59,5.64,1,0
MIG-14898,order_shipments,75909.12,74.13,19767325,400,WRITE_HEAVY,DROP_COLUMN,LOW,0.73,0.85,1,0
MIG-14899,order_payments,136960.0,133.75,32923760,1198,READ_HEAVY,TABLE_REWRITE,MEDIUM,82.01,91.07,0,1
MIG-14900,order_items,231055.36,225.64,36264219,1365,MIXED_OLTP,ADD_COLUMN_DEFAULT,MEDIUM,2.03,4.37,1,0
MIG-14901,orders,93849.6,91.65,11456702,725,READ_HEAVY,ADD_INDEX_CONCURRENTLY,MEDIUM,0.4,0.4,1,0
MIG-14902,orders,206755.84,201.91,25238622,3598,WRITE_HEAVY,DROP_COLUMN,CRITICAL,1.2,9.09,1,0
MIG-14903,order_shipments,60016.64,58.61,15630127,853,READ_HEAVY,ADD_INDEX_LOCKING,MEDIUM,11.5,21.72,1,0
MIG-14904,order_payments,98406.4,96.1,23655841,868,WRITE_HEAVY,ADD_INDEX_CONCURRENTLY,MEDIUM,0.59,0.62,1,0
MIG-14905,order_items,480368.64,469.11,75391940,3007,READ_HEAVY,ADD_COLUMN_DEFAULT,CRITICAL,4.11,18.78,1,0
MIG-14906,order_shipments,63836.16,62.34,16624449,1730,MIXED_OLTP,ADD_COLUMN_DEFAULT,HIGH,0.89,3.03,1,0
MIG-14907,orders,223375.36,218.14,27267723,979,WRITE_HEAVY,ADD_INDEX_CONCURRENTLY,MEDIUM,0.98,1.69,1,0
MIG-14908,order_payments,64829.44,63.31,15583379,5417,READ_HEAVY,ADD_COLUMN_DEFAULT,CRITICAL,0.91,9.87,1,0
MIG-14909,orders,239144.96,233.54,29192741,628,READ_HEAVY,ALTER_COLUMN_TYPE,MEDIUM,73.86,86.88,0,1
MIG-14910,orders,72970.24,71.26,8907261,196,WRITE_HEAVY,ADD_COLUMN_DEFAULT,LOW,0.81,0.63,1,0
MIG-14911,order_items,441896.96,431.54,69354322,1359,READ_HEAVY,ADD_INDEX_CONCURRENTLY,MEDIUM,1.73,2.8,1,0
MIG-14912,order_items,574085.12,560.63,90100733,539,READ_HEAVY,TABLE_REWRITE,MEDIUM,229.55,314.3,0,1
MIG-14913,customer_sessions,30638.08,29.92,6838795,1646,READ_HEAVY,ADD_COLUMN_DEFAULT,HIGH,0.55,1.51,1,0
MIG-14914,order_items,283361.28,276.72,44473608,1389,WRITE_HEAVY,TABLE_REWRITE,MEDIUM,110.74,186.07,0,1
MIG-14915,order_shipments,43765.76,42.74,11397542,1875,WRITE_HEAVY,ALTER_COLUMN_TYPE,HIGH,19.32,194.68,0,1
MIG-14916,order_payments,94228.48,92.02,22650794,223,MIXED_OLTP,ADD_COLUMN_DEFAULT,LOW,1.33,1.36,1,0
MIG-14917,order_payments,76093.44,74.31,18290708,3036,WRITE_HEAVY,ADD_COLUMN_DEFAULT,CRITICAL,1.02,6.27,1,0
MIG-14918,customer_sessions,21299.2,20.8,4754613,262,MIXED_OLTP,ADD_INDEX_CONCURRENTLY,LOW,0.19,0.21,1,0
MIG-14919,order_items,574679.04,561.21,90194264,5482,READ_HEAVY,ADD_INDEX_CONCURRENTLY,CRITICAL,2.0,13.85,1,0
MIG-14920,order_items,220323.84,215.16,34578806,494,READ_HEAVY,ADD_INDEX_CONCURRENTLY,LOW,0.78,1.01,1,0
MIG-14921,orders,167280.64,163.36,20420160,4603,MIXED_OLTP,ADD_COLUMN_DEFAULT,CRITICAL,1.9,10.74,1,0
MIG-14922,orders,180715.52,176.48,22059732,2512,READ_HEAVY,ADD_COLUMN_DEFAULT,HIGH,1.77,5.32,1,0
MIG-14923,order_shipments,21811.2,21.3,5680239,1143,WRITE_HEAVY,ADD_INDEX_LOCKING,MEDIUM,4.36,9.86,1,0
MIG-14924,order_items,164085.76,160.24,25752698,377,WRITE_HEAVY,ADD_INDEX_CONCURRENTLY,LOW,0.75,0.81,1,0
MIG-14925,order_items,616171.52,601.73,96706866,2278,MIXED_OLTP,ADD_COLUMN_DEFAULT,HIGH,4.25,11.13,1,0
MIG-14926,orders,196126.72,191.53,23941833,1808,READ_HEAVY,ADD_INDEX_CONCURRENTLY,HIGH,0.9,2.18,1,0
MIG-14927,order_items,132014.08,128.92,20718779,1368,MIXED_OLTP,ADD_INDEX_CONCURRENTLY,MEDIUM,0.64,1.22,1,0
MIG-14928,order_payments,121774.08,118.92,29272937,2819,READ_HEAVY,ADD_INDEX_LOCKING,HIGH,18.7,140.0,0,1
MIG-14929,orders,161638.4,157.85,19730655,3360,READ_HEAVY,ADD_INDEX_LOCKING,CRITICAL,18.71,279.87,0,1
MIG-14930,order_payments,35635.2,34.8,8565747,3236,WRITE_HEAVY,ADD_COLUMN_DEFAULT,CRITICAL,0.6,3.61,1,0
MIG-14931,order_items,466022.4,455.1,73140919,1292,WRITE_HEAVY,DROP_COLUMN,MEDIUM,2.23,3.55,1,0
MIG-14932,order_payments,86446.08,84.42,20781332,119,MIXED_OLTP,ADD_COLUMN_DEFAULT,LOW,1.31,1.54,1,0
MIG-14933,orders,94474.24,92.26,11532834,422,WRITE_HEAVY,ALTER_COLUMN_TYPE,LOW,29.07,49.77,0,1
MIG-14934,order_items,567664.64,554.36,89093884,2972,ANALYTICAL_BATCH,ADD_COLUMN_DEFAULT,HIGH,4.01,24.91,1,0
MIG-14935,orders,113602.56,110.94,13867256,3090,WRITE_HEAVY,ADD_INDEX_LOCKING,CRITICAL,18.79,271.05,0,1
MIG-14936,order_items,261550.08,255.42,41049087,1298,READ_HEAVY,ADD_INDEX_CONCURRENTLY,MEDIUM,1.15,1.69,1,0
MIG-14937,order_payments,59299.84,57.91,14255879,153,WRITE_HEAVY,ADD_COLUMN_DEFAULT,LOW,0.82,0.87,1,0
MIG-14938,order_items,510771.2,498.8,80163917,790,MIXED_OLTP,ADD_COLUMN_DEFAULT,MEDIUM,3.64,5.47,1,0
MIG-14939,orders,205332.48,200.52,25065204,1047,WRITE_HEAVY,ADD_INDEX_CONCURRENTLY,MEDIUM,0.87,1.67,1,0
MIG-14940,order_shipments,93337.6,91.15,24307946,4700,READ_HEAVY,DROP_COLUMN,CRITICAL,0.9,4.61,1,0
MIG-14941,orders,99880.96,97.54,12192158,1635,ANALYTICAL_BATCH,DROP_COLUMN,HIGH,0.85,2.68,1,0
MIG-14942,order_items,520529.92,508.33,81695532,143,READ_HEAVY,ADD_INDEX_CONCURRENTLY,LOW,1.53,1.58,1,0
MIG-14943,customer_sessions,51302.4,50.1,11451856,782,WRITE_HEAVY,TABLE_REWRITE,MEDIUM,40.28,54.96,0,1
MIG-14944,order_items,273991.68,267.57,43003048,372,MIXED_OLTP,ADD_INDEX_CONCURRENTLY,LOW,1.21,1.29,1,0
MIG-14945,order_shipments,21370.88,20.87,5565809,2105,READ_HEAVY,ALTER_COLUMN_TYPE,HIGH,10.13,123.31,0,1
MIG-14946,order_items,537344.0,524.75,84334751,1913,WRITE_HEAVY,ADD_COLUMN_DEFAULT,HIGH,3.89,12.59,1,0
MIG-14947,order_payments,55511.04,54.21,13342855,162,READ_HEAVY,ADD_INDEX_CONCURRENTLY,LOW,0.39,0.35,1,0
MIG-14948,order_payments,102307.84,99.91,24594199,1468,MIXED_OLTP,ADD_INDEX_CONCURRENTLY,MEDIUM,0.56,1.2,1,0
MIG-14949,order_payments,92385.28,90.22,22207396,4760,READ_HEAVY,DROP_COLUMN,CRITICAL,0.74,7.77,1,0
MIG-14950,orders,50135.04,48.96,6120137,2978,MIXED_OLTP,ADD_INDEX_LOCKING,HIGH,10.5,84.73,0,1
MIG-14951,order_payments,145756.16,142.34,35037096,995,MIXED_OLTP,DROP_COLUMN,MEDIUM,1.25,1.57,1,0
MIG-14952,orders,229273.6,223.9,27986892,1318,READ_HEAVY,ADD_COLUMN_DEFAULT,MEDIUM,1.91,4.14,1,0
MIG-14953,customer_sessions,45721.6,44.65,10205186,4599,WRITE_HEAVY,ADD_INDEX_CONCURRENTLY,CRITICAL,0.32,2.8,1,0
MIG-14954,orders,199628.8,194.95,24369216,2287,MIXED_OLTP,ADD_INDEX_LOCKING,HIGH,21.44,218.7,0,1
MIG-14955,orders,154562.56,150.94,18868044,4185,READ_HEAVY,ALTER_COLUMN_TYPE,CRITICAL,47.26,833.63,0,1
MIG-14956,order_shipments,80189.44,78.31,20883063,300,WRITE_HEAVY,ADD_COLUMN_DEFAULT,LOW,1.06,1.03,1,0
MIG-14957,orders,78858.24,77.01,9626870,912,WRITE_HEAVY,ALTER_COLUMN_TYPE,MEDIUM,31.91,48.94,0,1
MIG-14958,order_items,345047.04,336.96,54154430,355,MIXED_OLTP,DROP_COLUMN,LOW,2.2,1.46,1,0
MIG-14959,order_payments,66826.24,65.26,16063470,4230,WRITE_HEAVY,ADD_COLUMN_DEFAULT,CRITICAL,1.04,9.31,1,0
MIG-14960,orders,150824.96,147.29,18410691,2956,WRITE_HEAVY,DROP_COLUMN,HIGH,1.16,4.31,1,0
MIG-14961,orders,148787.2,145.3,18162761,459,WRITE_HEAVY,ADD_INDEX_CONCURRENTLY,LOW,0.65,0.94,1,0
MIG-14962,order_items,188538.88,184.12,29590609,4160,WRITE_HEAVY,ADD_INDEX_CONCURRENTLY,CRITICAL,0.91,8.04,1,0
MIG-14963,orders,265134.08,258.92,32365191,3990,ANALYTICAL_BATCH,ADD_INDEX_LOCKING,CRITICAL,25.68,583.69,0,1
MIG-14964,orders,52582.4,51.35,6418287,1258,READ_HEAVY,TABLE_REWRITE,MEDIUM,41.44,85.86,0,1
MIG-14965,orders,51384.32,50.18,6271969,2463,MIXED_OLTP,ADD_COLUMN_DEFAULT,HIGH,0.86,2.16,1,0
MIG-14966,order_items,307415.04,300.21,48248746,1847,MIXED_OLTP,ADD_INDEX_CONCURRENTLY,HIGH,1.04,2.45,1,0
MIG-14967,order_items,434862.08,424.67,68250484,433,READ_HEAVY,ADD_INDEX_CONCURRENTLY,LOW,1.58,1.25,1,0
MIG-14968,orders,88893.44,86.81,10850637,2523,MIXED_OLTP,ADD_COLUMN_DEFAULT,HIGH,1.15,4.98,1,0
MIG-14969,order_items,389867.52,380.73,61188714,1121,ANALYTICAL_BATCH,DROP_COLUMN,MEDIUM,1.9,3.09,1,0
MIG-14970,order_items,487710.72,476.28,76544529,4955,MIXED_OLTP,ADD_INDEX_CONCURRENTLY,CRITICAL,1.69,11.41,1,0
MIG-14971,orders,69959.68,68.32,8539636,1839,MIXED_OLTP,ADD_INDEX_CONCURRENTLY,HIGH,0.4,1.08,1,0
MIG-14972,order_items,622745.6,608.15,97738215,4999,READ_HEAVY,ADD_INDEX_LOCKING,CRITICAL,55.41,1251.39,0,1
MIG-14973,order_shipments,46356.48,45.27,12072733,1682,MIXED_OLTP,ADD_INDEX_CONCURRENTLY,HIGH,0.27,0.74,1,0
MIG-14974,order_items,446238.72,435.78,70035648,417,WRITE_HEAVY,ADD_COLUMN_DEFAULT,LOW,2.96,4.02,1,0
MIG-14975,order_items,171827.2,167.8,26968308,1090,MIXED_OLTP,ADD_INDEX_LOCKING,MEDIUM,24.61,34.34,0,1
MIG-14976,order_items,480849.92,469.58,75468397,2372,READ_HEAVY,ADD_INDEX_CONCURRENTLY,HIGH,1.34,3.71,1,0
MIG-14977,orders,235048.96,229.54,28692321,1227,READ_HEAVY,ADD_COLUMN_DEFAULT,MEDIUM,2.13,2.73,1,0
MIG-14978,order_shipments,27166.72,26.53,7074159,1966,MIXED_OLTP,ADD_INDEX_CONCURRENTLY,HIGH,0.18,0.57,1,0
MIG-14979,order_shipments,28866.56,28.19,7518644,1268,READ_HEAVY,ADD_COLUMN_DEFAULT,MEDIUM,0.59,0.93,1,0
MIG-14980,order_shipments,41738.24,40.76,10870624,110,WRITE_HEAVY,ALTER_COLUMN_TYPE,LOW,16.45,16.64,1,0
MIG-14981,orders,51793.92,50.58,6322267,1193,MIXED_OLTP,DROP_COLUMN,MEDIUM,0.6,0.86,1,0
MIG-14982,order_items,623585.28,608.97,97870154,2691,ANALYTICAL_BATCH,ADD_INDEX_CONCURRENTLY,HIGH,1.94,11.37,1,0
MIG-14983,orders,181504.0,177.25,22156370,503,READ_HEAVY,ADD_INDEX_CONCURRENTLY,MEDIUM,0.79,1.0,1,0
MIG-14984,order_items,428267.52,418.23,67214745,2541,MIXED_OLTP,ADD_INDEX_CONCURRENTLY,HIGH,1.65,4.7,1,0
MIG-14985,order_items,609607.68,595.32,95675935,1273,MIXED_OLTP,ALTER_COLUMN_TYPE,MEDIUM,144.89,221.42,0,1
MIG-14986,order_items,544092.16,531.34,85394369,2283,MIXED_OLTP,ADD_INDEX_LOCKING,HIGH,46.97,451.47,0,1
MIG-14987,orders,229253.12,223.88,27984559,2406,WRITE_HEAVY,DROP_COLUMN,HIGH,1.29,5.37,1,0
MIG-14988,order_shipments,46592.0,45.5,12133251,559,READ_HEAVY,ADD_INDEX_CONCURRENTLY,MEDIUM,0.28,0.46,1,0
MIG-14989,orders,123217.92,120.33,15041311,1488,MIXED_OLTP,TABLE_REWRITE,MEDIUM,58.81,125.96,0,1
MIG-14990,orders,113684.48,111.02,13876924,1466,ANALYTICAL_BATCH,ADD_INDEX_LOCKING,MEDIUM,13.21,23.38,1,0
MIG-14991,order_shipments,47185.92,46.08,12288628,405,WRITE_HEAVY,ADD_INDEX_CONCURRENTLY,LOW,0.28,0.34,1,0
MIG-14992,order_payments,70891.52,69.23,17041852,1522,WRITE_HEAVY,ADD_COLUMN_DEFAULT,HIGH,0.96,3.17,1,0
MIG-14993,order_items,186941.44,182.56,29340298,930,WRITE_HEAVY,ADD_COLUMN_DEFAULT,MEDIUM,1.83,3.11,1,0
MIG-14994,order_items,298393.6,291.4,46831776,5044,MIXED_OLTP,DROP_COLUMN,CRITICAL,2.07,19.63,1,0
MIG-14995,orders,147968.0,144.5,18062169,2514,MIXED_OLTP,ADD_COLUMN_DEFAULT,HIGH,1.63,6.34,1,0
MIG-14996,orders,117575.68,114.82,14352378,1404,READ_HEAVY,ADD_INDEX_CONCURRENTLY,MEDIUM,0.57,0.88,1,0
MIG-14997,order_items,200017.92,195.33,31393104,2423,WRITE_HEAVY,DROP_COLUMN,HIGH,1.38,7.54,1,0
MIG-14998,order_items,307404.8,300.2,48246242,2570,WRITE_HEAVY,DROP_COLUMN,HIGH,2.01,6.74,1,0
MIG-14999,order_items,362885.12,354.38,56953529,234,MIXED_OLTP,ADD_COLUMN_DEFAULT,LOW,2.6,3.05,1,0
