migration_id,table_name,table_size_mb,table_size_gb,row_count,query_frequency,query_type,migration_type,workload_intensity,estimated_lock_duration,actual_lock_duration,migration_success,lock_risk
MIG-10000,order_payments,93634.56,91.44,22508454,2263,MIXED_OLTP,ADD_INDEX_LOCKING,HIGH,11.23,149.58,0,1
MIG-10001,order_items,578007.04,564.46,90716189,650,READ_HEAVY,ADD_INDEX_CONCURRENTLY,MEDIUM,1.6,1.9,1,0
MIG-10002,order_shipments,41492.48,40.52,10806062,224,WRITE_HEAVY,ADD_COLUMN_DEFAULT,LOW,0.72,0.47,1,0
MIG-10003,order_payments,29736.96,29.04,7148153,287,WRITE_HEAVY,ADD_INDEX_CONCURRENTLY,LOW,0.22,0.15,1,0
MIG-10004,orders,220712.96,215.54,26942685,1028,WRITE_HEAVY,ADD_COLUMN_DEFAULT,MEDIUM,2.29,4.08,1,0
MIG-10005,customer_sessions,59648.0,58.25,13314238,821,ANALYTICAL_BATCH,ALTER_COLUMN_TYPE,MEDIUM,24.38,49.4,0,1
MIG-10006,order_payments,91975.68,89.82,22110159,392,MIXED_OLTP,ALTER_COLUMN_TYPE,LOW,35.56,40.25,0,1
MIG-10007,order_payments,124313.6,121.4,29881870,2894,WRITE_HEAVY,ADD_COLUMN_DEFAULT,HIGH,1.61,3.78,1,0
MIG-10008,orders,234967.04,229.46,28682278,966,READ_HEAVY,ADD_INDEX_CONCURRENTLY,MEDIUM,0.8,1.32,1,0
MIG-10009,order_items,418099.2,408.3,65620167,2449,MIXED_OLTP,ADD_INDEX_LOCKING,HIGH,44.08,413.76,0,1
MIG-10010,order_items,613201.92,598.83,96240151,3481,READ_HEAVY,DROP_COLUMN,CRITICAL,2.96,19.35,1,0
MIG-10011,customer_sessions,60764.16,59.34,13563852,684,READ_HEAVY,ADD_COLUMN_DEFAULT,MEDIUM,1.0,1.29,1,0
MIG-10012,order_items,464025.6,453.15,72826905,3182,MIXED_OLTP,ADD_COLUMN_DEFAULT,CRITICAL,3.2,14.81,1,0
MIG-10013,order_shipments,48414.72,47.28,12606710,496,WRITE_HEAVY,ADD_COLUMN_DEFAULT,LOW,0.74,1.06,1,0
MIG-10014,order_items,115855.36,113.14,18182944,1952,READ_HEAVY,ADD_COLUMN_DEFAULT,HIGH,1.19,4.02,1,0
MIG-10015,orders,102440.96,100.04,12505452,4735,WRITE_HEAVY,ADD_COLUMN_DEFAULT,CRITICAL,1.47,10.96,1,0
MIG-10016,order_items,508948.48,497.02,79877561,2435,WRITE_HEAVY,ADD_INDEX_CONCURRENTLY,HIGH,1.32,5.28,1,0
MIG-10017,orders,206161.92,201.33,25166523,634,MIXED_OLTP,DROP_COLUMN,MEDIUM,1.27,1.12,1,0
MIG-10018,order_shipments,45885.44,44.81,11950078,666,MIXED_OLTP,ADD_COLUMN_DEFAULT,MEDIUM,0.7,0.97,1,0
MIG-10019,order_items,437544.96,427.29,68672220,1299,ANALYTICAL_BATCH,ADD_COLUMN_DEFAULT,MEDIUM,3.1,9.62,1,0
MIG-10020,order_payments,50022.4,48.85,12024279,4989,WRITE_HEAVY,ADD_COLUMN_DEFAULT,CRITICAL,0.7,7.06,1,0
MIG-10021,order_items,250746.88,244.87,39353845,1057,MIXED_OLTP,DROP_COLUMN,MEDIUM,1.62,3.13,1,0
MIG-10022,customer_sessions,75458.56,73.69,16842676,844,ANALYTICAL_BATCH,ADD_COLUMN_DEFAULT,MEDIUM,1.05,2.12,1,0
MIG-10023,order_shipments,52705.28,51.47,13724700,900,READ_HEAVY,ADD_INDEX_CONCURRENTLY,MEDIUM,0.37,0.42,1,0
MIG-10024,order_payments,55971.84,54.66,13455642,1290,ANALYTICAL_BATCH,ADD_COLUMN_DEFAULT,MEDIUM,0.7,1.6,1,0
MIG-10025,orders,156897.28,153.22,19151922,696,ANALYTICAL_BATCH,ADD_INDEX_CONCURRENTLY,MEDIUM,0.6,0.99,1,0
MIG-10026,order_items,314429.44,307.06,49348286,587,MIXED_OLTP,ADD_COLUMN_DEFAULT,MEDIUM,3.2,3.2,1,0
MIG-10027,orders,210513.92,205.58,25697284,777,ANALYTICAL_BATCH,ADD_COLUMN_DEFAULT,MEDIUM,2.31,3.68,1,0
MIG-10028,orders,261959.68,255.82,31977134,689,READ_HEAVY,ADD_COLUMN_DEFAULT,MEDIUM,2.12,3.64,1,0
MIG-10029,order_payments,97515.52,95.23,23442037,667,READ_HEAVY,ADD_COLUMN_DEFAULT,MEDIUM,1.34,1.37,1,0
MIG-10030,order_payments,97443.84,95.16,23425038,963,ANALYTICAL_BATCH,ADD_INDEX_CONCURRENTLY,MEDIUM,0.51,0.75,1,0
MIG-10031,customer_sessions,37867.52,36.98,8453607,1303,MIXED_OLTP,ADD_COLUMN_DEFAULT,MEDIUM,0.59,1.1,1,0
MIG-10032,order_items,406087.68,396.57,63735105,2537,WRITE_HEAVY,ADD_INDEX_CONCURRENTLY,HIGH,1.22,5.24,1,0
MIG-10033,order_items,279490.56,272.94,43865638,772,WRITE_HEAVY,TABLE_REWRITE,MEDIUM,137.73,135.37,0,1
MIG-10034,order_items,115251.2,112.55,18088458,924,WRITE_HEAVY,DROP_COLUMN,MEDIUM,1.04,1.67,1,0
MIG-10035,orders,240721.92,235.08,29384596,969,MIXED_OLTP,DROP_COLUMN,MEDIUM,1.41,1.62,1,0
MIG-10036,orders,144138.24,140.76,17594990,255,WRITE_HEAVY,ADD_INDEX_CONCURRENTLY,LOW,0.54,0.61,1,0
MIG-10037,order_items,368650.24,360.01,57859167,2951,WRITE_HEAVY,TABLE_REWRITE,HIGH,172.25,1756.09,0,1
MIG-10038,orders,67624.96,66.04,8254524,5374,READ_HEAVY,DROP_COLUMN,CRITICAL,0.55,4.05,1,0
MIG-10039,order_payments,126914.56,123.94,30508782,1494,WRITE_HEAVY,ADD_COLUMN_DEFAULT,MEDIUM,1.37,3.71,1,0
MIG-10040,order_items,202598.4,197.85,31797302,919,ANALYTICAL_BATCH,ADD_INDEX_LOCKING,MEDIUM,19.81,43.46,1,0
MIG-10041,order_shipments,52490.24,51.26,13669417,1291,READ_HEAVY,ADD_COLUMN_DEFAULT,MEDIUM,0.8,1.42,1,0
MIG-10042,order_payments,127293.44,124.31,30599647,2603,WRITE_HEAVY,TABLE_REWRITE,HIGH,62.83,1035.69,0,1
MIG-10043,order_items,350945.28,342.72,55080418,419,WRITE_HEAVY,ADD_INDEX_CONCURRENTLY,LOW,1.29,1.16,1,0
MIG-10044,order_shipments,95662.08,93.42,24912890,3403,MIXED_OLTP,ALTER_COLUMN_TYPE,CRITICAL,32.2,516.67,0,1
MIG-10045,order_shipments,35788.8,34.95,9321188,477,READ_HEAVY,TABLE_REWRITE,LOW,32.65,40.52,0,1
MIG-10046,order_items,483819.52,472.48,75933859,5346,READ_HEAVY,ADD_COLUMN_DEFAULT,CRITICAL,3.25,27.19,0,1
MIG-10047,orders,265472.0,259.25,32405960,418,WRITE_HEAVY,ALTER_COLUMN_TYPE,LOW,62.0,95.94,0,1
MIG-10048,order_payments,92467.2,90.3,22228872,1072,ANALYTICAL_BATCH,ADD_INDEX_CONCURRENTLY,MEDIUM,0.49,0.8,1,0
MIG-10049,orders,202250.24,197.51,24688965,950,MIXED_OLTP,DROP_COLUMN,MEDIUM,1.14,2.63,1,0
MIG-10050,orders,136130.56,132.94,16617119,748,MIXED_OLTP,ADD_COLUMN_DEFAULT,MEDIUM,1.67,2.37,1,0
MIG-10051,orders,215336.96,210.29,26286108,3150,READ_HEAVY,ADD_COLUMN_DEFAULT,CRITICAL,1.83,16.24,1,0
MIG-10052,order_payments,135516.16,132.34,32575572,1461,ANALYTICAL_BATCH,ADD_COLUMN_DEFAULT,MEDIUM,1.48,3.42,1,0
MIG-10053,order_payments,110858.24,108.26,26648000,183,MIXED_OLTP,DROP_COLUMN,LOW,0.72,0.99,1,0
MIG-10054,order_payments,138752.0,135.5,33354746,3853,READ_HEAVY,DROP_COLUMN,CRITICAL,1.14,7.76,1,0
MIG-10055,order_payments,97146.88,94.87,23353196,944,ANALYTICAL_BATCH,ADD_INDEX_CONCURRENTLY,MEDIUM,0.43,0.75,1,0
MIG-10056,order_items,412549.12,402.88,64748132,370,MIXED_OLTP,ADD_COLUMN_DEFAULT,LOW,3.77,3.22,1,0
MIG-10057,order_items,271902.72,265.53,42674818,206,MIXED_OLTP,ADD_INDEX_CONCURRENTLY,LOW,1.05,1.29,1,0
MIG-10058,orders,206110.72,201.28,25159942,715,MIXED_OLTP,DROP_COLUMN,MEDIUM,1.3,2.69,1,0
MIG-10059,orders,244224.0,238.5,29812718,3822,READ_HEAVY,ADD_INDEX_CONCURRENTLY,CRITICAL,0.88,5.67,1,0
MIG-10060,order_payments,104058.88,101.62,25013907,231,READ_HEAVY,ADD_COLUMN_DEFAULT,LOW,1.47,1.1,1,0
MIG-10061,order_items,234956.8,229.45,36876176,1588,WRITE_HEAVY,TABLE_REWRITE,HIGH,126.54,526.4,0,1
MIG-10062,order_items,395499.52,386.23,62072838,891,READ_HEAVY,TABLE_REWRITE,MEDIUM,177.62,282.19,0,1
MIG-10063,order_payments,117186.56,114.44,28170997,1052,READ_HEAVY,ADD_COLUMN_DEFAULT,MEDIUM,1.53,2.44,1,0
MIG-10064,order_items,599490.56,585.44,94088428,2170,WRITE_HEAVY,ADD_INDEX_CONCURRENTLY,HIGH,1.71,5.44,1,0
MIG-10065,order_items,195502.08,190.92,30684280,2027,ANALYTICAL_BATCH,DROP_COLUMN,HIGH,1.22,4.5,1,0
MIG-10066,order_items,180490.24,176.26,28327264,1417,WRITE_HEAVY,ADD_COLUMN_DEFAULT,MEDIUM,1.7,4.42,1,0
MIG-10067,order_items,327802.88,320.12,51448425,758,MIXED_OLTP,ADD_INDEX_CONCURRENTLY,MEDIUM,1.36,1.45,1,0
MIG-10068,orders,76933.12,75.13,9391501,437,WRITE_HEAVY,TABLE_REWRITE,LOW,51.45,58.29,0,1
MIG-10069,order_items,620687.36,606.14,97414741,2415,WRITE_HEAVY,ADD_COLUMN_DEFAULT,HIGH,4.58,10.4,1,0
MIG-10070,orders,143001.6,139.65,17456217,1152,WRITE_HEAVY,ADD_COLUMN_DEFAULT,MEDIUM,1.31,3.28,1,0
MIG-10071,order_items,390082.56,380.94,61222452,776,READ_HEAVY,ADD_COLUMN_DEFAULT,MEDIUM,3.16,4.96,1,0
MIG-10072,order_shipments,37263.36,36.39,9705096,1466,READ_HEAVY,ALTER_COLUMN_TYPE,MEDIUM,19.88,20.38,1,0
MIG-10073,orders,148490.24,145.01,18126405,2214,WRITE_HEAVY,ADD_INDEX_LOCKING,HIGH,16.96,139.03,0,1
MIG-10074,orders,266946.56,260.69,32586736,302,MIXED_OLTP,ADD_INDEX_CONCURRENTLY,LOW,1.2,1.34,1,0
MIG-10075,orders,157245.44,153.56,19194553,1869,READ_HEAVY,ADD_INDEX_LOCKING,HIGH,23.46,109.98,0,1
MIG-10076,orders,51107.84,49.91,6238245,2217,WRITE_HEAVY,ALTER_COLUMN_TYPE,HIGH,23.7,184.03,0,1
MIG-10077,order_payments,55685.12,54.38,13384792,1180,WRITE_HEAVY,ADD_INDEX_LOCKING,MEDIUM,9.8,19.02,1,0
MIG-10078,order_items,619663.36,605.14,97254841,1436,WRITE_HEAVY,ADD_INDEX_CONCURRENTLY,MEDIUM,1.73,2.25,1,0
MIG-10079,order_payments,145121.28,141.72,34885144,1354,WRITE_HEAVY,ADD_COLUMN_DEFAULT,MEDIUM,1.68,2.3,1,0
MIG-10080,order_payments,51845.12,50.63,12462200,656,WRITE_HEAVY,ALTER_COLUMN_TYPE,MEDIUM,24.56,29.92,0,1
MIG-10081,order_items,432220.16,422.09,67836391,3204,MIXED_OLTP,ADD_INDEX_CONCURRENTLY,CRITICAL,1.65,8.77,1,0
MIG-10082,order_shipments,24811.52,24.23,6461219,1452,MIXED_OLTP,ADD_COLUMN_DEFAULT,MEDIUM,0.47,1.08,1,0
MIG-10083,orders,176875.52,172.73,21590924,427,MIXED_OLTP,DROP_COLUMN,LOW,1.23,1.52,1,0
MIG-10084,orders,77004.8,75.2,9399858,651,MIXED_OLTP,DROP_COLUMN,MEDIUM,0.57,0.71,1,0
MIG-10085,orders,230225.92,224.83,28103861,2777,READ_HEAVY,ADD_INDEX_CONCURRENTLY,HIGH,0.78,3.27,1,0
MIG-10086,order_payments,139192.32,135.93,33459759,1261,WRITE_HEAVY,ADD_INDEX_CONCURRENTLY,MEDIUM,0.65,0.74,1,0
MIG-10087,order_items,203970.56,199.19,32011931,2947,WRITE_HEAVY,DROP_COLUMN,HIGH,1.27,6.22,1,0
MIG-10088,orders,151500.8,147.95,18493228,164,READ_HEAVY,ADD_INDEX_CONCURRENTLY,LOW,0.7,0.42,1,0
MIG-10089,order_items,167352.32,163.43,26265482,431,WRITE_HEAVY,ADD_COLUMN_DEFAULT,LOW,1.97,1.51,1,0
MIG-10090,orders,124160.0,121.25,15156780,865,WRITE_HEAVY,ADD_COLUMN_DEFAULT,MEDIUM,1.71,1.79,1,0
MIG-10091,order_payments,34426.88,33.62,8274815,4380,ANALYTICAL_BATCH,ADD_INDEX_CONCURRENTLY,CRITICAL,0.21,2.92,1,0
MIG-10092,order_items,251217.92,245.33,39428268,1887,WRITE_HEAVY,ADD_COLUMN_DEFAULT,HIGH,2.6,9.1,1,0
MIG-10093,order_items,625735.68,611.07,98208117,570,WRITE_HEAVY,TABLE_REWRITE,MEDIUM,220.83,260.94,0,1
MIG-10094,order_items,137707.52,134.48,21612864,1196,ANALYTICAL_BATCH,ADD_COLUMN_DEFAULT,MEDIUM,1.73,2.44,1,0
MIG-10095,order_items,557998.08,544.92,87576434,3186,WRITE_HEAVY,ADD_INDEX_CONCURRENTLY,CRITICAL,1.55,11.16,1,0
MIG-10096,order_items,154664.96,151.04,24273658,4163,READ_HEAVY,ADD_INDEX_CONCURRENTLY,CRITICAL,0.75,6.36,1,0
MIG-10097,orders,166154.24,162.26,20282917,696,WRITE_HEAVY,ADD_COLUMN_DEFAULT,MEDIUM,1.54,2.3,1,0
MIG-10098,orders,149155.84,145.66,18207234,2879,READ_HEAVY,ADD_COLUMN_DEFAULT,HIGH,1.48,5.9,1,0
MIG-10099,customer_sessions,74434.56,72.69,16614387,4117,ANALYTICAL_BATCH,ALTER_COLUMN_TYPE,CRITICAL,27.58,969.19,0,1
MIG-10100,order_shipments,34938.88,34.12,9099477,685,MIXED_OLTP,DROP_COLUMN,MEDIUM,0.39,0.51,1,0
MIG-10101,order_payments,48148.48,47.02,11574842,1455,READ_HEAVY,ADD_COLUMN_DEFAULT,MEDIUM,0.72,1.17,1,0
MIG-10102,orders,214753.28,209.72,26215280,1188,WRITE_HEAVY,ADD_COLUMN_DEFAULT,MEDIUM,2.39,4.3,1,0
MIG-10103,customer_sessions,61153.28,59.72,13650360,675,READ_HEAVY,ADD_COLUMN_DEFAULT,MEDIUM,1.01,1.27,1,0
MIG-10104,order_payments,110387.2,107.8,26536434,2031,READ_HEAVY,ADD_INDEX_CONCURRENTLY,HIGH,0.6,1.32,1,0
MIG-10105,order_payments,29757.44,29.06,7152460,1038,WRITE_HEAVY,ADD_COLUMN_DEFAULT,MEDIUM,0.59,0.99,1,0
MIG-10106,order_items,248852.48,243.02,39056734,1277,WRITE_HEAVY,ADD_INDEX_CONCURRENTLY,MEDIUM,1.01,1.89,1,0
MIG-10107,orders,234926.08,229.42,28677169,1498,MIXED_OLTP,ADD_COLUMN_DEFAULT,MEDIUM,2.37,4.83,1,0
MIG-10108,orders,182056.96,177.79,22223169,2761,MIXED_OLTP,ADD_COLUMN_DEFAULT,HIGH,1.68,7.63,1,0
MIG-10109,order_shipments,68382.72,66.78,17807410,105,ANALYTICAL_BATCH,ALTER_COLUMN_TYPE,LOW,28.62,22.73,1,0
MIG-10110,order_items,267407.36,261.14,41969245,976,MIXED_OLTP,ADD_INDEX_CONCURRENTLY,MEDIUM,1.09,2.01,1,0
MIG-10111,orders,106700.8,104.2,13024673,118,READ_HEAVY,ALTER_COLUMN_TYPE,LOW,44.1,24.36,1,0
MIG-10112,order_items,603197.44,589.06,94670945,1953,MIXED_OLTP,ADD_COLUMN_DEFAULT,HIGH,4.75,11.69,1,0
MIG-10113,order_items,490280.96,478.79,76948177,207,ANALYTICAL_BATCH,ADD_INDEX_LOCKING,LOW,43.85,51.14,0,1
MIG-10114,orders,77209.6,75.4,9425385,206,WRITE_HEAVY,DROP_COLUMN,LOW,0.77,0.71,1,0
MIG-10115,order_shipments,96204.8,93.95,25054469,1837,READ_HEAVY,ALTER_COLUMN_TYPE,HIGH,37.91,154.58,0,1
MIG-10116,order_payments,96399.36,94.14,23172260,260,WRITE_HEAVY,DROP_COLUMN,LOW,0.86,1.01,1,0
MIG-10117,order_payments,66560.0,65.0,16000836,2247,ANALYTICAL_BATCH,ADD_INDEX_CONCURRENTLY,HIGH,0.32,1.75,1,0
MIG-10118,order_items,319651.84,312.16,50168295,1454,ANALYTICAL_BATCH,ADD_COLUMN_DEFAULT,MEDIUM,2.88,6.74,1,0
MIG-10119,order_items,489062.4,477.6,76757765,2130,MIXED_OLTP,TABLE_REWRITE,HIGH,164.38,1095.59,0,1
MIG-10120,order_items,308879.36,301.64,48478084,109,WRITE_HEAVY,ADD_COLUMN_DEFAULT,LOW,2.71,2.33,1,0
MIG-10121,order_items,413378.56,403.69,64878328,333,ANALYTICAL_BATCH,ALTER_COLUMN_TYPE,LOW,98.65,123.58,0,1
MIG-10122,orders,206305.28,201.47,25183486,800,WRITE_HEAVY,ALTER_COLUMN_TYPE,MEDIUM,52.76,67.39,0,1
MIG-10123,order_items,215521.28,210.47,33825374,3367,WRITE_HEAVY,ADD_COLUMN_DEFAULT,CRITICAL,2.26,20.65,1,0
MIG-10124,orders,258007.04,251.96,31494520,2505,READ_HEAVY,ALTER_COLUMN_TYPE,HIGH,81.5,381.03,0,1
MIG-10125,order_items,298506.24,291.51,46849994,1185,MIXED_OLTP,ADD_COLUMN_DEFAULT,MEDIUM,2.8,6.65,1,0
MIG-10126,order_items,331120.64,323.36,51969355,848,MIXED_OLTP,ADD_INDEX_CONCURRENTLY,MEDIUM,1.26,1.99,1,0
MIG-10127,orders,203653.12,198.88,24859887,185,WRITE_HEAVY,DROP_COLUMN,LOW,1.59,1.86,1,0
MIG-10128,orders,183808.0,179.5,22437197,990,READ_HEAVY,ALTER_COLUMN_TYPE,MEDIUM,61.45,105.34,0,1
MIG-10129,order_items,341831.68,333.82,53649706,951,READ_HEAVY,ADD_COLUMN_DEFAULT,MEDIUM,3.25,3.98,1,0
MIG-10130,orders,192860.16,188.34,23543035,5423,WRITE_HEAVY,ADD_INDEX_CONCURRENTLY,CRITICAL,0.66,10.78,1,0
MIG-10131,customer_sessions,72581.12,70.88,16200727,113,MIXED_OLTP,DROP_COLUMN,LOW,0.7,0.88,1,0
MIG-10132,order_items,527708.16,515.34,82822972,3448,WRITE_HEAVY,ADD_INDEX_LOCKING,CRITICAL,52.82,908.63,0,1
MIG-10133,order_items,540088.32,527.43,84764979,419,WRITE_HEAVY,DROP_COLUMN,LOW,3.06,1.91,1,0
MIG-10134,order_items,248053.76,242.24,38931081,2922,READ_HEAVY,ADD_COLUMN_DEFAULT,HIGH,1.94,6.66,1,0
MIG-10135,orders,141916.16,138.59,17323890,1127,MIXED_OLTP,ADD_COLUMN_DEFAULT,MEDIUM,1.31,1.92,1,0
MIG-10136,customer_sessions,50063.36,48.89,11174995,226,MIXED_OLTP,ADD_COLUMN_DEFAULT,LOW,0.85,0.88,1,0
MIG-10137,order_items,137492.48,134.27,21579456,1813,WRITE_HEAVY,ADD_INDEX_CONCURRENTLY,HIGH,0.69,1.72,1,0
MIG-10138,order_payments,118855.68,116.07,28570014,1344,WRITE_HEAVY,ALTER_COLUMN_TYPE,MEDIUM,33.53,94.92,0,1
MIG-10139,orders,120698.88,117.87,14733512,4504,ANALYTICAL_BATCH,ADD_INDEX_CONCURRENTLY,CRITICAL,0.61,5.63,1,0
MIG-10140,order_items,260536.32,254.43,40890282,2112,READ_HEAVY,ADD_COLUMN_DEFAULT,HIGH,2.26,4.8,1,0
MIG-10141,order_items,248504.32,242.68,39002652,4092,READ_HEAVY,ALTER_COLUMN_TYPE,CRITICAL,79.53,1478.68,0,1
MIG-10142,customer_sessions,32614.4,31.85,7280661,1723,WRITE_HEAVY,ADD_COLUMN_DEFAULT,HIGH,0.67,2.27,1,0
MIG-10143,order_items,289136.64,282.36,45379201,1326,ANALYTICAL_BATCH,ADD_INDEX_LOCKING,MEDIUM,25.79,73.03,0,1
MIG-10144,order_items,426833.92,416.83,66990789,548,MIXED_OLTP,ADD_INDEX_CONCURRENTLY,MEDIUM,1.64,2.03,1,0
MIG-10145,orders,178227.2,174.05,21756263,2975,WRITE_HEAVY,ADD_COLUMN_DEFAULT,HIGH,2.18,7.93,1,0
MIG-10146,order_items,246661.12,240.88,38712652,667,WRITE_HEAVY,ADD_INDEX_LOCKING,MEDIUM,31.47,38.76,0,1
MIG-10147,order_items,221224.96,216.04,34720366,624,WRITE_HEAVY,ALTER_COLUMN_TYPE,MEDIUM,70.76,119.93,0,1
MIG-10148,order_items,541163.52,528.48,84935013,572,WRITE_HEAVY,DROP_COLUMN,MEDIUM,2.49,3.74,1,0
MIG-10149,orders,69662.72,68.03,8503530,2235,WRITE_HEAVY,ADD_INDEX_CONCURRENTLY,HIGH,0.36,1.9,1,0
MIG-10150,order_shipments,60968.96,59.54,15876973,556,WRITE_HEAVY,ADD_INDEX_CONCURRENTLY,MEDIUM,0.38,0.4,1,0
MIG-10151,order_shipments,61614.08,60.17,16044114,203,WRITE_HEAVY,ALTER_COLUMN_TYPE,LOW,24.98,29.95,0,1
MIG-10152,orders,176138.24,172.01,21501693,4997,READ_HEAVY,DROP_COLUMN,CRITICAL,1.21,11.59,1,0
MIG-10153,order_items,571770.88,558.37,89737659,2624,READ_HEAVY,ADD_INDEX_CONCURRENTLY,HIGH,2.06,4.53,1,0
MIG-10154,orders,187156.48,182.77,22845676,842,READ_HEAVY,ADD_COLUMN_DEFAULT,MEDIUM,2.28,2.89,1,0
MIG-10155,order_payments,143278.08,139.92,34440652,113,MIXED_OLTP,ADD_INDEX_CONCURRENTLY,LOW,0.63,0.72,1,0
MIG-10156,orders,241879.04,236.21,29526533,1737,WRITE_HEAVY,ADD_INDEX_CONCURRENTLY,HIGH,1.03,3.36,1,0
MIG-10157,order_payments,52346.88,51.12,12584519,1044,MIXED_OLTP,ALTER_COLUMN_TYPE,MEDIUM,26.33,35.28,0,1
MIG-10158,order_payments,55521.28,54.22,13346079,2199,ANALYTICAL_BATCH,ADD_COLUMN_DEFAULT,HIGH,0.75,3.83,1,0
MIG-10159,order_payments,67932.16,66.34,16329495,2785,ANALYTICAL_BATCH,ADD_INDEX_CONCURRENTLY,HIGH,0.43,1.66,1,0
MIG-10160,orders,135751.68,132.57,16570889,983,WRITE_HEAVY,ALTER_COLUMN_TYPE,MEDIUM,36.33,100.59,0,1
MIG-10161,order_shipments,64296.96,62.79,16744694,889,WRITE_HEAVY,TABLE_REWRITE,MEDIUM,42.8,75.7,0,1
MIG-10162,orders,100577.28,98.22,12277841,350,READ_HEAVY,ALTER_COLUMN_TYPE,LOW,30.4,35.34,0,1
MIG-10163,orders,98334.72,96.03,12003319,1337,WRITE_HEAVY,ADD_INDEX_LOCKING,MEDIUM,16.42,38.3,0,1
MIG-10164,order_items,311521.28,304.22,48892586,1317,WRITE_HEAVY,TABLE_REWRITE,MEDIUM,152.85,351.63,0,1
MIG-10165,order_items,461516.8,450.7,72433872,158,WRITE_HEAVY,ADD_INDEX_CONCURRENTLY,LOW,1.51,1.42,1,0
MIG-10166,order_shipments,75509.76,73.74,19663513,4046,READ_HEAVY,ALTER_COLUMN_TYPE,CRITICAL,24.79,283.22,0,1
MIG-10167,order_shipments,99399.68,97.07,25884121,2877,MIXED_OLTP,ADD_COLUMN_DEFAULT,HIGH,1.29,5.26,1,0
MIG-10168,order_items,219156.48,214.02,34395650,1308,WRITE_HEAVY,ADD_INDEX_CONCURRENTLY,MEDIUM,0.89,1.26,1,0
MIG-10169,customer_sessions,39680.0,38.75,8857171,1291,ANALYTICAL_BATCH,ADD_INDEX_CONCURRENTLY,MEDIUM,0.28,0.6,1,0
MIG-10170,orders,262522.88,256.37,32046292,615,MIXED_OLTP,ADD_INDEX_CONCURRENTLY,MEDIUM,0.93,1.37,1,0
MIG-10171,order_items,470794.24,459.76,73890708,891,WRITE_HEAVY,ADD_INDEX_LOCKING,MEDIUM,49.69,75.18,0,1
MIG-10172,orders,180152.32,175.93,21991520,1332,READ_HEAVY,ALTER_COLUMN_TYPE,MEDIUM,52.14,101.04,0,1
MIG-10173,customer_sessions,49152.0,48.0,10970903,152,WRITE_HEAVY,ADD_INDEX_CONCURRENTLY,LOW,0.36,0.37,1,0
MIG-10174,orders,65853.44,64.31,8038780,1217,ANALYTICAL_BATCH,ALTER_COLUMN_TYPE,MEDIUM,22.84,57.85,0,1
MIG-10175,orders,246753.28,240.97,30121092,308,MIXED_OLTP,ADD_INDEX_LOCKING,LOW,23.94,28.12,0,1
MIG-10176,order_items,437504.0,427.25,68665922,391,MIXED_OLTP,ADD_INDEX_CONCURRENTLY,LOW,1.34,2.16,1,0
MIG-10177,customer_sessions,51220.48,50.02,11432010,2505,MIXED_OLTP,ADD_INDEX_LOCKING,HIGH,10.08,138.66,0,1
MIG-10178,order_shipments,63180.8,61.7,16453207,3236,WRITE_HEAVY,ADD_INDEX_CONCURRENTLY,CRITICAL,0.37,3.05,1,0
MIG-10179,order_payments,73574.4,71.85,17687129,1693,ANALYTICAL_BATCH,ADD_INDEX_CONCURRENTLY,HIGH,0.49,1.63,1,0
MIG-10180,order_shipments,39557.12,38.63,10300757,3841,ANALYTICAL_BATCH,ADD_COLUMN_DEFAULT,CRITICAL,0.55,7.44,1,0
MIG-10181,order_shipments,81080.32,79.18,21114954,1433,MIXED_OLTP,ALTER_COLUMN_TYPE,MEDIUM,32.24,59.53,0,1
MIG-10182,order_items,377671.68,368.82,59274968,1436,READ_HEAVY,ADD_INDEX_CONCURRENTLY,MEDIUM,1.54,2.94,1,0
MIG-10183,order_items,132208.64,129.11,20749102,4906,WRITE_HEAVY,ADD_COLUMN_DEFAULT,CRITICAL,1.24,13.66,1,0
MIG-10184,order_payments,74434.56,72.69,17893921,195,WRITE_HEAVY,DROP_COLUMN,LOW,0.69,0.82,1,0
MIG-10185,order_payments,137881.6,134.65,33143784,480,WRITE_HEAVY,ADD_INDEX_LOCKING,LOW,16.59,17.67,1,0
MIG-10186,order_items,307650.56,300.44,48285459,4793,READ_HEAVY,ALTER_COLUMN_TYPE,CRITICAL,71.24,1568.62,0,1
MIG-10187,orders,140554.24,137.26,17157291,1948,MIXED_OLTP,ADD_COLUMN_DEFAULT,HIGH,1.61,5.01,1,0
MIG-10188,order_payments,101376.0,99.0,24370080,4777,ANALYTICAL_BATCH,ALTER_COLUMN_TYPE,CRITICAL,37.91,1085.51,0,1
MIG-10189,orders,226467.84,221.16,27645219,273,WRITE_HEAVY,DROP_COLUMN,LOW,1.23,1.14,1,0
MIG-10190,customer_sessions,57456.64,56.11,12825840,2217,WRITE_HEAVY,ADD_INDEX_CONCURRENTLY,HIGH,0.3,1.68,1,0
MIG-10191,orders,237168.64,231.61,28951477,740,WRITE_HEAVY,DROP_COLUMN,MEDIUM,1.64,2.28,1,0
MIG-10192,orders,74362.88,72.62,9077205,1143,ANALYTICAL_BATCH,ADD_COLUMN_DEFAULT,MEDIUM,0.94,2.24,1,0
MIG-10193,order_shipments,95119.36,92.89,24771199,3684,MIXED_OLTP,ADD_INDEX_LOCKING,CRITICAL,11.83,163.68,0,1
MIG-10194,orders,249088.0,243.25,30405892,1423,READ_HEAVY,ADD_INDEX_CONCURRENTLY,MEDIUM,1.04,1.61,1,0
MIG-10195,orders,163983.36,160.14,20017011,1717,READ_HEAVY,ADD_INDEX_CONCURRENTLY,HIGH,0.85,2.47,1,0
MIG-10196,order_items,437114.88,426.87,68604121,3629,READ_HEAVY,TABLE_REWRITE,CRITICAL,143.14,3003.52,0,1
MIG-10197,order_shipments,36085.76,35.24,9396761,3313,WRITE_HEAVY,ALTER_COLUMN_TYPE,CRITICAL,14.96,500.07,0,1
MIG-10198,orders,148234.24,144.76,18094580,196,WRITE_HEAVY,ADD_COLUMN_DEFAULT,LOW,1.45,1.46,1,0
MIG-10199,order_items,219299.84,214.16,34418972,368,WRITE_HEAVY,ADD_INDEX_LOCKING,LOW,22.76,30.04,0,1
MIG-10200,order_payments,29255.68,28.57,7032928,5364,WRITE_HEAVY,TABLE_REWRITE,CRITICAL,22.2,560.87,0,1
MIG-10201,customer_sessions,77619.2,75.8,17325004,656,READ_HEAVY,ADD_INDEX_CONCURRENTLY,MEDIUM,0.51,0.86,1,0
MIG-10202,order_items,248432.64,242.61,38990867,722,WRITE_HEAVY,DROP_COLUMN,MEDIUM,1.34,2.54,1,0
MIG-10203,orders,180336.64,176.11,22013924,153,MIXED_OLTP,ADD_INDEX_CONCURRENTLY,LOW,0.92,0.92,1,0
MIG-10204,orders,115558.4,112.85,14106760,423,READ_HEAVY,ADD_INDEX_LOCKING,LOW,14.6,12.87,1,0
MIG-10205,orders,131123.2,128.05,16006783,4336,READ_HEAVY,ADD_INDEX_CONCURRENTLY,CRITICAL,0.64,5.47,1,0
MIG-10206,orders,137134.08,133.92,16739562,863,ANALYTICAL_BATCH,ADD_INDEX_LOCKING,MEDIUM,19.16,19.03,1,0
MIG-10207,order_payments,66764.8,65.2,16049345,2555,WRITE_HEAVY,ADD_INDEX_CONCURRENTLY,HIGH,0.4,2.06,1,0
MIG-10208,orders,190136.32,185.68,23209793,584,READ_HEAVY,ADD_COLUMN_DEFAULT,MEDIUM,2.22,3.18,1,0
MIG-10209,order_items,610621.44,596.31,95835837,1278,WRITE_HEAVY,ADD_INDEX_LOCKING,MEDIUM,41.62,88.05,0,1
MIG-10210,order_payments,77977.6,76.15,18744677,594,MIXED_OLTP,ADD_INDEX_CONCURRENTLY,MEDIUM,0.41,0.54,1,0
MIG-10211,order_items,617021.44,602.56,96839464,4450,READ_HEAVY,TABLE_REWRITE,CRITICAL,190.99,5640.35,0,1
MIG-10212,orders,196853.76,192.24,24030525,531,WRITE_HEAVY,ADD_INDEX_CONCURRENTLY,MEDIUM,0.74,1.22,1,0
MIG-10213,order_shipments,68792.32,67.18,17914141,701,WRITE_HEAVY,ADD_COLUMN_DEFAULT,MEDIUM,1.05,1.23,1,0
MIG-10214,order_payments,55029.76,53.74,13228590,1124,MIXED_OLTP,ADD_INDEX_LOCKING,MEDIUM,9.01,13.29,1,0
MIG-10215,order_payments,34160.64,33.36,8212116,329,MIXED_OLTP,ADD_INDEX_CONCURRENTLY,LOW,0.25,0.29,1,0
MIG-10216,orders,237588.48,232.02,29002238,947,MIXED_OLTP,DROP_COLUMN,MEDIUM,1.61,1.67,1,0
MIG-10217,orders,176107.52,171.98,21497488,1125,READ_HEAVY,ADD_COLUMN_DEFAULT,MEDIUM,2.06,3.1,1,0
MIG-10218,customer_sessions,41072.64,40.11,9167559,434,READ_HEAVY,DROP_COLUMN,LOW,0.43,0.45,1,0
MIG-10219,order_items,533739.52,521.23,83769353,1887,READ_HEAVY,DROP_COLUMN,HIGH,2.57,7.6,1,0
MIG-10220,order_items,274974.72,268.53,43157010,488,WRITE_HEAVY,ADD_COLUMN_DEFAULT,LOW,2.19,3.8,1,0
MIG-10221,order_items,519106.56,506.94,81472997,1716,READ_HEAVY,ADD_INDEX_CONCURRENTLY,HIGH,1.72,3.26,1,0
MIG-10222,order_payments,65914.88,64.37,15845358,2967,READ_HEAVY,ADD_INDEX_CONCURRENTLY,HIGH,0.32,1.25,1,0
MIG-10223,customer_sessions,73748.48,72.02,16460689,2888,MIXED_OLTP,TABLE_REWRITE,HIGH,42.17,674.86,0,1
MIG-10224,orders,108421.12,105.88,13235105,2141,READ_HEAVY,ADD_COLUMN_DEFAULT,HIGH,1.26,2.88,1,0
MIG-10225,customer_sessions,23214.08,22.67,5180779,595,READ_HEAVY,ADD_INDEX_CONCURRENTLY,MEDIUM,0.18,0.25,1,0
MIG-10226,orders,203560.96,198.79,24848611,906,ANALYTICAL_BATCH,ADD_INDEX_CONCURRENTLY,MEDIUM,0.86,1.33,1,0
MIG-10227,order_items,198737.92,194.08,31190627,777,MIXED_OLTP,ADD_INDEX_LOCKING,MEDIUM,25.56,26.42,0,1
MIG-10228,order_items,604651.52,590.48,94898407,331,WRITE_HEAVY,ADD_COLUMN_DEFAULT,LOW,3.66,6.84,1,0
MIG-10229,orders,194150.4,189.6,23699988,1847,ANALYTICAL_BATCH,ADD_INDEX_CONCURRENTLY,HIGH,0.85,3.25,1,0
MIG-10230,orders,100218.88,97.87,12233237,127,WRITE_HEAVY,ALTER_COLUMN_TYPE,LOW,40.99,38.57,0,1
MIG-10231,order_items,222453.76,217.24,34914333,1391,MIXED_OLTP,TABLE_REWRITE,MEDIUM,111.3,225.47,0,1
MIG-10232,customer_sessions,73932.8,72.2,16503800,1366,WRITE_HEAVY,ALTER_COLUMN_TYPE,MEDIUM,27.18,61.62,0,1
MIG-10233,order_items,428400.64,418.36,67236490,2252,READ_HEAVY,DROP_COLUMN,HIGH,2.72,6.9,1,0
MIG-10234,customer_sessions,71997.44,70.31,16069798,1351,ANALYTICAL_BATCH,ADD_COLUMN_DEFAULT,MEDIUM,1.01,1.64,1,0
MIG-10235,order_shipments,27576.32,26.93,7180864,1456,WRITE_HEAVY,ADD_INDEX_CONCURRENTLY,MEDIUM,0.17,0.43,1,0
MIG-10236,order_items,592281.6,578.4,92956767,1420,MIXED_OLTP,ADD_COLUMN_DEFAULT,MEDIUM,3.81,8.43,1,0
MIG-10237,order_payments,88934.4,86.85,21377420,5070,READ_HEAVY,DROP_COLUMN,CRITICAL,0.74,5.72,1,0
MIG-10238,orders,196997.12,192.38,24047391,1565,WRITE_HEAVY,ADD_INDEX_CONCURRENTLY,HIGH,0.75,2.87,1,0
MIG-10239,orders,131624.96,128.54,16067637,1254,ANALYTICAL_BATCH,ADD_COLUMN_DEFAULT,MEDIUM,1.43,3.04,1,0
MIG-10240,order_shipments,23336.96,22.79,6077430,2878,READ_HEAVY,DROP_COLUMN,HIGH,0.27,1.1,1,0
MIG-10241,order_payments,141393.92,138.08,33989606,170,MIXED_OLTP,ADD_INDEX_LOCKING,LOW,16.72,17.62,1,0
MIG-10242,orders,269137.92,262.83,32854154,566,MIXED_OLTP,ADD_INDEX_CONCURRENTLY,MEDIUM,0.86,1.42,1,0
MIG-10243,order_items,302827.52,295.73,47528294,237,WRITE_HEAVY,ALTER_COLUMN_TYPE,LOW,76.38,66.39,0,1
MIG-10244,order_items,601815.04,587.71,94453302,1323,WRITE_HEAVY,ADD_COLUMN_DEFAULT,MEDIUM,4.81,7.66,1,0
MIG-10245,order_shipments,32348.16,31.59,8422887,2730,WRITE_HEAVY,DROP_COLUMN,HIGH,0.39,0.94,1,0
MIG-10246,order_items,194519.04,189.96,30529440,1084,READ_HEAVY,TABLE_REWRITE,MEDIUM,110.02,168.27,0,1
MIG-10247,order_items,152422.4,148.85,23922059,2975,WRITE_HEAVY,ADD_INDEX_CONCURRENTLY,HIGH,0.58,3.04,1,0
MIG-10248,order_items,316620.8,309.2,49692822,663,READ_HEAVY,ALTER_COLUMN_TYPE,MEDIUM,95.88,119.74,0,1
MIG-10249,order_items,141680.64,138.36,22236482,1377,MIXED_OLTP,ADD_INDEX_LOCKING,MEDIUM,19.27,28.22,0,1
MIG-10250,order_payments,73902.08,72.17,17766127,1370,WRITE_HEAVY,TABLE_REWRITE,MEDIUM,55.48,114.94,0,1
MIG-10251,order_shipments,29911.04,29.21,7789233,2922,MIXED_OLTP,ADD_COLUMN_DEFAULT,HIGH,0.62,2.52,1,0
MIG-10252,order_items,491714.56,480.19,77172751,792,READ_HEAVY,ADD_INDEX_CONCURRENTLY,MEDIUM,1.34,1.51,1,0
MIG-10253,orders,233482.24,228.01,28500791,1141,WRITE_HEAVY,ADD_INDEX_CONCURRENTLY,MEDIUM,0.9,1.9,1,0
MIG-10254,orders,201287.68,196.57,24571016,775,WRITE_HEAVY,ADD_INDEX_LOCKING,MEDIUM,24.79,38.75,0,1
MIG-10255,order_payments,50647.04,49.46,12174231,982,WRITE_HEAVY,ADD_INDEX_CONCURRENTLY,MEDIUM,0.35,0.49,1,0
MIG-10256,order_shipments,82032.64,80.11,21363920,1460,READ_HEAVY,ADD_COLUMN_DEFAULT,MEDIUM,0.93,1.46,1,0
MIG-10257,orders,104335.36,101.89,12736505,4286,WRITE_HEAVY,TABLE_REWRITE,CRITICAL,68.32,1591.53,0,1
MIG-10258,orders,217139.2,212.05,26506192,1268,MIXED_OLTP,ADD_COLUMN_DEFAULT,MEDIUM,2.08,3.55,1,0
MIG-10259,order_items,407521.28,397.97,63959203,283,MIXED_OLTP,ADD_INDEX_CONCURRENTLY,LOW,1.17,1.87,1,0
MIG-10260,orders,130263.04,127.21,15901237,1500,WRITE_HEAVY,ADD_INDEX_LOCKING,HIGH,19.44,107.34,0,1
MIG-10261,order_shipments,25354.24,24.76,6603435,1732,MIXED_OLTP,ADD_INDEX_CONCURRENTLY,HIGH,0.21,0.45,1,0
MIG-10262,order_items,541757.44,529.06,85028270,2508,ANALYTICAL_BATCH,ADD_COLUMN_DEFAULT,HIGH,4.03,19.16,1,0
MIG-10263,orders,256993.28,250.97,31370628,805,WRITE_HEAVY,ADD_INDEX_CONCURRENTLY,MEDIUM,0.83,1.65,1,0
MIG-10264,customer_sessions,57292.8,55.95,12789216,3780,ANALYTICAL_BATCH,ADD_COLUMN_DEFAULT,CRITICAL,0.74,5.39,1,0
MIG-10265,orders,262492.16,256.34,32042622,590,WRITE_HEAVY,ADD_INDEX_CONCURRENTLY,MEDIUM,0.87,1.76,1,0
MIG-10266,orders,255764.48,249.77,31221008,1321,MIXED_OLTP,ADD_INDEX_LOCKING,MEDIUM,33.19,61.03,0,1
MIG-10267,orders,92200.96,90.04,11254426,588,WRITE_HEAVY,ADD_COLUMN_DEFAULT,MEDIUM,1.36,2.35,1,0
MIG-10268,orders,210882.56,205.94,25742733,1037,MIXED_OLTP,ADD_COLUMN_DEFAULT,MEDIUM,2.46,3.54,1,0
MIG-10269,orders,126412.8,123.45,15431230,811,MIXED_OLTP,TABLE_REWRITE,MEDIUM,78.07,141.01,0,1
MIG-10270,orders,156979.2,153.3,19162968,5265,ANALYTICAL_BATCH,ALTER_COLUMN_TYPE,CRITICAL,53.85,1673.93,0,1
MIG-10271,orders,83865.6,81.9,10238066,1166,ANALYTICAL_BATCH,DROP_COLUMN,MEDIUM,0.64,1.37,1,0
MIG-10272,orders,264755.2,258.55,32319044,127,WRITE_HEAVY,TABLE_REWRITE,LOW,110.95,133.61,0,1
MIG-10273,order_items,489441.28,477.97,76817128,1113,MIXED_OLTP,ADD_INDEX_CONCURRENTLY,MEDIUM,1.78,2.56,1,0
MIG-10274,order_payments,58603.52,57.23,14086959,665,WRITE_HEAVY,DROP_COLUMN,MEDIUM,0.66,0.99,1,0
MIG-10275,order_items,306401.28,299.22,48089206,2339,WRITE_HEAVY,TABLE_REWRITE,HIGH,124.35,2570.25,0,1
MIG-10276,order_items,332728.32,324.93,52221117,3608,WRITE_HEAVY,DROP_COLUMN,CRITICAL,1.87,16.63,1,0
MIG-10277,order_items,500490.24,488.76,78550231,2623,ANALYTICAL_BATCH,ADD_COLUMN_DEFAULT,HIGH,3.6,18.43,1,0
MIG-10278,order_shipments,95211.52,92.98,24795060,4182,MIXED_OLTP,ADD_INDEX_LOCKING,CRITICAL,15.41,173.52,0,1
MIG-10279,order_shipments,45096.96,44.04,11743106,922,WRITE_HEAVY,ADD_INDEX_CONCURRENTLY,MEDIUM,0.29,0.39,1,0
MIG-10280,orders,153661.44,150.06,18757502,1378,ANALYTICAL_BATCH,ADD_INDEX_CONCURRENTLY,MEDIUM,0.61,1.71,1,0
MIG-10281,orders,180357.12,176.13,22016604,942,MIXED_OLTP,ADD_INDEX_LOCKING,MEDIUM,17.74,22.02,1,0
MIG-10282,orders,136151.04,132.96,16620287,1852,WRITE_HEAVY,ADD_INDEX_CONCURRENTLY,HIGH,0.72,2.26,1,0
MIG-10283,orders,160665.6,156.9,19612895,307,READ_HEAVY,ADD_INDEX_CONCURRENTLY,LOW,0.85,0.46,1,0
MIG-10284,order_items,169246.72,165.28,26562317,423,MIXED_OLTP,ADD_COLUMN_DEFAULT,LOW,1.8,1.46,1,0
MIG-10285,order_items,201226.24,196.51,31581625,566,MIXED_OLTP,ADD_COLUMN_DEFAULT,MEDIUM,2.32,2.58,1,0
MIG-10286,orders,137871.36,134.64,16829733,782,READ_HEAVY,ADD_COLUMN_DEFAULT,MEDIUM,1.53,1.9,1,0
MIG-10287,order_items,586885.12,573.13,92110059,2372,READ_HEAVY,ADD_INDEX_LOCKING,HIGH,58.52,326.9,0,1
MIG-10288,order_items,294993.92,288.08,46298001,3603,WRITE_HEAVY,DROP_COLUMN,CRITICAL,1.85,13.6,1,0
MIG-10289,orders,104407.04,101.96,12744405,400,READ_HEAVY,ADD_INDEX_LOCKING,LOW,13.88,13.82,1,0
MIG-10290,order_shipments,80046.08,78.17,20845823,556,WRITE_HEAVY,ADD_INDEX_CONCURRENTLY,MEDIUM,0.46,0.47,1,0
MIG-10291,orders,259082.24,253.01,31626514,205,WRITE_HEAVY,ADD_COLUMN_DEFAULT,LOW,2.34,2.47,1,0
MIG-10292,customer_sessions,43950.08,42.92,9811380,1088,WRITE_HEAVY,TABLE_REWRITE,MEDIUM,38.45,66.92,0,1
MIG-10293,orders,51056.64,49.86,6232333,1354,READ_HEAVY,ADD_COLUMN_DEFAULT,MEDIUM,0.82,1.1,1,0
MIG-10294,order_shipments,75509.76,73.74,19664025,853,READ_HEAVY,ADD_INDEX_CONCURRENTLY,MEDIUM,0.37,0.69,1,0
MIG-10295,order_shipments,52858.88,51.62,13765313,766,READ_HEAVY,TABLE_REWRITE,MEDIUM,38.41,43.53,0,1
MIG-10296,customer_sessions,57794.56,56.44,12900495,2891,WRITE_HEAVY,ADD_COLUMN_DEFAULT,HIGH,0.98,3.5,1,0
MIG-10297,order_shipments,41472.0,40.5,10798676,2269,ANALYTICAL_BATCH,ADD_COLUMN_DEFAULT,HIGH,0.73,2.94,1,0
MIG-10298,order_payments,26910.72,26.28,6469354,181,WRITE_HEAVY,ADD_INDEX_CONCURRENTLY,LOW,0.22,0.3,1,0
MIG-10299,order_items,292485.12,285.63,45904193,2811,READ_HEAVY,DROP_COLUMN,HIGH,1.59,7.44,1,0
MIG-10300,order_payments,111063.04,108.46,26698019,1542,WRITE_HEAVY,ADD_INDEX_CONCURRENTLY,HIGH,0.61,1.87,1,0
MIG-10301,orders,136099.84,132.91,16614058,395,MIXED_OLTP,DROP_COLUMN,LOW,1.18,1.2,1,0
MIG-10302,order_items,227799.04,222.46,35753105,1405,READ_HEAVY,ADD_INDEX_LOCKING,MEDIUM,24.52,51.51,0,1
MIG-10303,order_items,354160.64,345.86,55584555,330,READ_HEAVY,DROP_COLUMN,LOW,2.16,2.06,1,0
MIG-10304,order_shipments,80834.56,78.94,21050728,466,MIXED_OLTP,ADD_INDEX_CONCURRENTLY,LOW,0.42,0.59,1,0
MIG-10305,order_items,176322.56,172.19,27674080,1122,MIXED_OLTP,ADD_INDEX_CONCURRENTLY,MEDIUM,0.78,0.97,1,0
MIG-10306,order_items,471695.36,460.64,74031914,1097,READ_HEAVY,ALTER_COLUMN_TYPE,MEDIUM,113.45,176.42,0,1
MIG-10307,order_items,459100.16,448.34,72054865,3272,READ_HEAVY,ALTER_COLUMN_TYPE,CRITICAL,105.25,941.16,0,1
MIG-10308,orders,131153.92,128.08,16009922,3446,ANALYTICAL_BATCH,ADD_INDEX_CONCURRENTLY,CRITICAL,0.62,4.76,1,0
MIG-10309,orders,263772.16,257.59,32199077,1199,ANALYTICAL_BATCH,ADD_COLUMN_DEFAULT,MEDIUM,2.9,6.66,1,0
MIG-10310,order_items,576440.32,562.93,90471129,2522,MIXED_OLTP,DROP_COLUMN,HIGH,3.3,9.31,1,0
MIG-10311,order_items,277862.4,271.35,43609079,4529,MIXED_OLTP,ALTER_COLUMN_TYPE,CRITICAL,73.87,1462.82,0,1
MIG-10312,orders,56033.28,54.72,6839459,709,MIXED_OLTP,ALTER_COLUMN_TYPE,MEDIUM,21.7,33.89,0,1
MIG-10313,order_items,273807.36,267.39,42972689,584,ANALYTICAL_BATCH,DROP_COLUMN,MEDIUM,1.83,2.96,1,0
MIG-10314,order_items,220344.32,215.18,34582477,1627,WRITE_HEAVY,ADD_INDEX_CONCURRENTLY,HIGH,1.07,3.09,1,0
MIG-10315,order_items,397117.44,387.81,62327405,3310,ANALYTICAL_BATCH,ADD_INDEX_LOCKING,CRITICAL,41.71,691.85,0,1
MIG-10316,order_items,588851.2,575.05,92418298,1827,MIXED_OLTP,ALTER_COLUMN_TYPE,HIGH,110.58,822.75,0,1
MIG-10317,order_payments,130897.92,127.83,31465720,488,READ_HEAVY,ADD_COLUMN_DEFAULT,LOW,1.48,1.99,1,0
MIG-10318,orders,116797.44,114.06,14257387,2669,READ_HEAVY,ADD_COLUMN_DEFAULT,HIGH,1.35,2.91,1,0
MIG-10319,customer_sessions,41984.0,41.0,9371804,678,WRITE_HEAVY,ADD_INDEX_CONCURRENTLY,MEDIUM,0.3,0.33,1,0
MIG-10320,order_shipments,21463.04,20.96,5589311,807,MIXED_OLTP,ADD_COLUMN_DEFAULT,MEDIUM,0.36,0.77,1,0
MIG-10321,order_items,395530.24,386.26,62077244,1395,MIXED_OLTP,ALTER_COLUMN_TYPE,MEDIUM,87.18,141.16,0,1
MIG-10322,order_items,147394.56,143.94,23132806,2174,WRITE_HEAVY,ADD_INDEX_CONCURRENTLY,HIGH,0.61,2.31,1,0
MIG-10323,order_items,599101.44,585.06,94027099,210,READ_HEAVY,ADD_INDEX_LOCKING,LOW,42.84,49.93,0,1
MIG-10324,order_shipments,90337.28,88.22,23525770,828,WRITE_HEAVY,ADD_INDEX_CONCURRENTLY,MEDIUM,0.5,0.8,1,0
MIG-10325,order_payments,52285.44,51.06,12568603,2094,READ_HEAVY,ADD_INDEX_CONCURRENTLY,HIGH,0.3,0.75,1,0
MIG-10326,order_shipments,76441.6,74.65,19906363,317,READ_HEAVY,DROP_COLUMN,LOW,0.72,0.93,1,0
MIG-10327,order_items,407838.72,398.28,64009650,2333,READ_HEAVY,ADD_INDEX_CONCURRENTLY,HIGH,1.63,4.28,1,0
MIG-10328,order_items,528261.12,515.88,82909974,1032,WRITE_HEAVY,DROP_COLUMN,MEDIUM,2.73,5.84,1,0
MIG-10329,orders,154357.76,150.74,18842606,1125,WRITE_HEAVY,ADD_COLUMN_DEFAULT,MEDIUM,1.67,3.48,1,0
MIG-10330,order_payments,49602.56,48.44,11923032,218,WRITE_HEAVY,ADD_INDEX_LOCKING,LOW,7.42,10.0,1,0
MIG-10331,orders,190679.04,186.21,23275771,4244,READ_HEAVY,TABLE_REWRITE,CRITICAL,112.39,1024.32,0,1
MIG-10332,order_payments,36239.36,35.39,8712073,5073,ANALYTICAL_BATCH,ADD_COLUMN_DEFAULT,CRITICAL,0.71,5.01,1,0
MIG-10333,order_shipments,66918.4,65.35,17427100,239,MIXED_OLTP,ADD_INDEX_CONCURRENTLY,LOW,0.38,0.42,1,0
MIG-10334,orders,96194.56,93.94,11743029,2973,MIXED_OLTP,ALTER_COLUMN_TYPE,HIGH,41.46,425.53,0,1
MIG-10335,order_items,468183.04,457.21,73479851,2248,WRITE_HEAVY,ADD_INDEX_CONCURRENTLY,HIGH,1.68,3.25,1,0
MIG-10336,orders,232304.64,226.86,28357165,250,WRITE_HEAVY,ADD_INDEX_CONCURRENTLY,LOW,0.9,1.03,1,0
MIG-10337,order_payments,39741.44,38.81,9554312,1200,MIXED_OLTP,ALTER_COLUMN_TYPE,MEDIUM,22.54,37.06,0,1
MIG-10338,orders,137687.04,134.46,16807250,3978,READ_HEAVY,ADD_INDEX_CONCURRENTLY,CRITICAL,0.56,4.18,1,0
MIG-10339,customer_sessions,61655.04,60.21,13762710,896,WRITE_HEAVY,DROP_COLUMN,MEDIUM,0.49,0.88,1,0
MIG-10340,orders,85360.64,83.36,10419982,3936,READ_HEAVY,ADD_INDEX_CONCURRENTLY,CRITICAL,0.46,3.42,1,0
MIG-10341,customer_sessions,50882.56,49.69,11357940,318,MIXED_OLTP,ADD_INDEX_LOCKING,LOW,10.31,6.28,1,0
MIG-10342,order_shipments,74158.08,72.42,19311722,3104,WRITE_HEAVY,DROP_COLUMN,CRITICAL,0.64,4.6,1,0
MIG-10343,order_items,297799.68,290.82,46738282,3947,WRITE_HEAVY,ADD_COLUMN_DEFAULT,CRITICAL,3.16,20.73,1,0
MIG-10344,order_payments,126300.16,123.34,30361089,407,READ_HEAVY,DROP_COLUMN,LOW,1.1,0.87,1,0
MIG-10345,order_payments,87808.0,85.75,21106955,829,WRITE_HEAVY,ADD_INDEX_CONCURRENTLY,MEDIUM,0.42,0.78,1,0
MIG-10346,customer_sessions,54784.0,53.5,12228725,2308,READ_HEAVY,ADD_INDEX_CONCURRENTLY,HIGH,0.38,1.28,1,0
MIG-10347,orders,80312.32,78.43,9803565,3747,MIXED_OLTP,ADD_INDEX_LOCKING,CRITICAL,14.52,188.28,0,1
MIG-10348,order_items,126638.08,123.67,19875974,476,ANALYTICAL_BATCH,ALTER_COLUMN_TYPE,LOW,37.12,38.13,1,0
MIG-10349,orders,60375.04,58.96,7370211,723,READ_HEAVY,ADD_INDEX_LOCKING,MEDIUM,11.22,14.74,1,0
MIG-10350,order_items,581201.92,567.58,91217532,2665,WRITE_HEAVY,ADD_INDEX_LOCKING,HIGH,47.14,456.73,0,1
MIG-10351,orders,244377.6,238.65,29831344,1260,READ_HEAVY,ADD_COLUMN_DEFAULT,MEDIUM,2.4,3.56,1,0
MIG-10352,order_items,531486.72,519.03,83414906,2108,WRITE_HEAVY,DROP_COLUMN,HIGH,2.18,7.94,1,0
MIG-10353,order_items,217702.4,212.6,34168579,1483,MIXED_OLTP,DROP_COLUMN,MEDIUM,1.17,2.37,1,0
MIG-10354,order_items,385873.92,376.83,60562150,5466,MIXED_OLTP,ADD_INDEX_CONCURRENTLY,CRITICAL,1.34,19.41,1,0
MIG-10355,order_items,525557.76,513.24,82485485,111,READ_HEAVY,ADD_COLUMN_DEFAULT,LOW,3.23,2.71,1,0
MIG-10356,order_payments,107458.56,104.94,25830472,4421,MIXED_OLTP,ADD_INDEX_CONCURRENTLY,CRITICAL,0.59,5.4,1,0
MIG-10357,order_payments,40468.48,39.52,9727010,696,WRITE_HEAVY,ADD_COLUMN_DEFAULT,MEDIUM,0.72,0.93,1,0
MIG-10358,order_items,576870.4,563.35,90538837,5496,READ_HEAVY,ADD_INDEX_LOCKING,CRITICAL,48.17,810.55,0,1
MIG-10359,order_items,197611.52,192.98,31015273,485,ANALYTICAL_BATCH,ADD_COLUMN_DEFAULT,LOW,1.72,2.21,1,0
MIG-10360,customer_sessions,25415.68,24.82,5673857,2134,WRITE_HEAVY,ADD_INDEX_LOCKING,HIGH,5.72,66.02,0,1
MIG-10361,orders,248442.88,242.62,30327232,2012,WRITE_HEAVY,TABLE_REWRITE,HIGH,102.42,1040.05,0,1
MIG-10362,orders,156344.32,152.68,19084657,2728,MIXED_OLTP,TABLE_REWRITE,HIGH,74.46,818.47,0,1
MIG-10363,orders,131624.96,128.54,16068079,255,READ_HEAVY,ALTER_COLUMN_TYPE,LOW,43.2,44.18,0,1
MIG-10364,order_payments,92958.72,90.78,22345314,1230,WRITE_HEAVY,ALTER_COLUMN_TYPE,MEDIUM,38.18,70.86,0,1
MIG-10365,order_items,621178.88,606.62,97493183,365,WRITE_HEAVY,ADD_COLUMN_DEFAULT,LOW,4.05,5.92,1,0
MIG-10366,order_payments,40960.0,40.0,9845357,213,READ_HEAVY,ADD_INDEX_LOCKING,LOW,9.03,6.47,1,0
MIG-10367,order_payments,117309.44,114.56,28200126,2029,READ_HEAVY,DROP_COLUMN,HIGH,0.81,1.65,1,0
MIG-10368,order_items,287232.0,280.5,45080394,5331,READ_HEAVY,TABLE_REWRITE,CRITICAL,127.02,1607.19,0,1
MIG-10369,order_shipments,28139.52,27.48,7328264,2239,WRITE_HEAVY,DROP_COLUMN,HIGH,0.39,1.56,1,0
MIG-10370,order_payments,77178.88,75.37,18551680,267,READ_HEAVY,ADD_COLUMN_DEFAULT,LOW,0.94,1.04,1,0
MIG-10371,orders,170526.72,166.53,20816327,1400,READ_HEAVY,ALTER_COLUMN_TYPE,MEDIUM,54.02,94.98,0,1
MIG-10372,order_items,220979.2,215.8,34682892,1072,MIXED_OLTP,ADD_INDEX_LOCKING,MEDIUM,22.93,38.0,0,1
MIG-10373,order_items,323850.24,316.26,50826826,325,READ_HEAVY,ADD_INDEX_CONCURRENTLY,LOW,1.03,1.87,1,0
MIG-10374,orders,189757.44,185.31,23163252,2083,READ_HEAVY,DROP_COLUMN,HIGH,1.17,2.65,1,0
MIG-10375,orders,176650.24,172.51,21564096,366,MIXED_OLTP,DROP_COLUMN,LOW,1.46,1.69,1,0
MIG-10376,customer_sessions,60989.44,59.56,13613512,117,WRITE_HEAVY,DROP_COLUMN,LOW,0.52,0.39,1,0
MIG-10377,order_items,546355.2,533.55,85748767,1825,WRITE_HEAVY,TABLE_REWRITE,HIGH,217.46,1793.08,0,1
MIG-10378,order_items,325847.04,318.21,51140366,428,WRITE_HEAVY,DROP_COLUMN,LOW,2.08,1.76,1,0
MIG-10379,order_payments,77301.76,75.49,18581457,761,WRITE_HEAVY,ALTER_COLUMN_TYPE,MEDIUM,26.75,46.07,0,1
MIG-10380,order_items,371025.92,362.33,58232062,1484,ANALYTICAL_BATCH,ADD_COLUMN_DEFAULT,MEDIUM,3.53,5.67,1,0
MIG-10381,customer_sessions,50872.32,49.68,11355488,456,WRITE_HEAVY,ADD_INDEX_CONCURRENTLY,LOW,0.36,0.37,1,0
MIG-10382,order_payments,39598.08,38.67,9519693,881,MIXED_OLTP,ADD_COLUMN_DEFAULT,MEDIUM,0.75,0.98,1,0
MIG-10383,order_items,276039.68,269.57,43323463,1417,WRITE_HEAVY,ADD_COLUMN_DEFAULT,MEDIUM,2.38,5.82,1,0
MIG-10384,order_items,203397.12,198.63,31923235,2572,READ_HEAVY,ALTER_COLUMN_TYPE,HIGH,50.48,707.77,0,1
MIG-10385,customer_sessions,39229.44,38.31,8756279,1306,READ_HEAVY,DROP_COLUMN,MEDIUM,0.37,0.8,1,0
MIG-10386,order_payments,143237.12,139.88,34432597,970,WRITE_HEAVY,ADD_COLUMN_DEFAULT,MEDIUM,1.51,1.91,1,0
MIG-10387,customer_sessions,51927.04,50.71,11591325,1683,READ_HEAVY,ADD_COLUMN_DEFAULT,HIGH,0.79,1.69,1,0
MIG-10388,orders,144128.0,140.75,17593301,318,MIXED_OLTP,TABLE_REWRITE,LOW,85.67,86.88,0,1
MIG-10389,order_shipments,65372.16,63.84,17024236,427,READ_HEAVY,ADD_INDEX_CONCURRENTLY,LOW,0.37,0.45,1,0
MIG-10390,order_items,459991.04,449.21,72195200,590,MIXED_OLTP,ADD_INDEX_CONCURRENTLY,MEDIUM,1.23,2.18,1,0
MIG-10391,orders,145356.8,141.95,17743743,107,ANALYTICAL_BATCH,DROP_COLUMN,LOW,1.26,1.08,1,0
MIG-10392,order_items,345753.6,337.65,54264494,428,READ_HEAVY,ADD_INDEX_LOCKING,LOW,31.69,35.79,0,1
MIG-10393,order_payments,110653.44,108.06,26600352,4491,ANALYTICAL_BATCH,ADD_COLUMN_DEFAULT,CRITICAL,1.44,11.61,1,0
MIG-10394,orders,62617.6,61.15,7643289,1021,WRITE_HEAVY,ADD_INDEX_CONCURRENTLY,MEDIUM,0.39,0.75,1,0
MIG-10395,order_items,393420.8,384.2,61746526,1175,WRITE_HEAVY,ADD_COLUMN_DEFAULT,MEDIUM,2.89,7.48,1,0
MIG-10396,order_shipments,63825.92,62.33,16622280,1184,READ_HEAVY,ADD_INDEX_CONCURRENTLY,MEDIUM,0.42,0.49,1,0
MIG-10397,orders,216535.04,211.46,26432311,270,READ_HEAVY,ADD_INDEX_CONCURRENTLY,LOW,1.03,1.18,1,0
MIG-10398,order_items,621824.0,607.25,97594224,2415,READ_HEAVY,ADD_COLUMN_DEFAULT,HIGH,4.85,13.76,1,0
MIG-10399,order_items,525373.44,513.06,82456137,2218,READ_HEAVY,ADD_INDEX_CONCURRENTLY,HIGH,1.71,4.9,1,0
MIG-10400,order_items,374691.84,365.91,58806877,3517,MIXED_OLTP,ADD_COLUMN_DEFAULT,CRITICAL,2.71,21.52,1,0
MIG-10401,order_shipments,32491.52,31.73,8460188,396,WRITE_HEAVY,ADD_INDEX_LOCKING,LOW,5.58,5.19,1,0
MIG-10402,order_payments,97105.92,94.83,23341915,250,MIXED_OLTP,ADD_INDEX_CONCURRENTLY,LOW,0.55,0.55,1,0
MIG-10403,orders,233687.04,228.21,28526069,2842,READ_HEAVY,ADD_COLUMN_DEFAULT,HIGH,2.13,9.76,1,0
MIG-10404,customer_sessions,74485.76,72.74,16626762,897,READ_HEAVY,ADD_COLUMN_DEFAULT,MEDIUM,1.04,1.55,1,0
MIG-10405,order_shipments,86886.4,84.85,22626704,175,WRITE_HEAVY,ADD_INDEX_CONCURRENTLY,LOW,0.5,0.46,1,0
MIG-10406,orders,90951.68,88.82,11102152,1328,WRITE_HEAVY,ADD_INDEX_LOCKING,MEDIUM,11.34,18.01,1,0
MIG-10407,order_shipments,77537.28,75.72,20191638,155,READ_HEAVY,ADD_INDEX_CONCURRENTLY,LOW,0.51,0.39,1,0
MIG-10408,orders,243824.64,238.11,29764183,2980,MIXED_OLTP,TABLE_REWRITE,HIGH,121.5,1105.39,0,1
MIG-10409,customer_sessions,58265.6,56.9,13006644,4574,READ_HEAVY,DROP_COLUMN,CRITICAL,0.55,4.28,1,0
MIG-10410,order_payments,108779.52,106.23,26149658,2222,WRITE_HEAVY,ADD_INDEX_CONCURRENTLY,HIGH,0.44,2.07,1,0
MIG-10411,order_payments,86548.48,84.52,20804673,730,MIXED_OLTP,TABLE_REWRITE,MEDIUM,66.08,94.78,0,1
MIG-10412,orders,190044.16,185.59,23198357,1802,MIXED_OLTP,ADD_COLUMN_DEFAULT,HIGH,2.08,7.01,1,0
MIG-10413,order_shipments,42844.16,41.84,11158623,1791,ANALYTICAL_BATCH,ADD_INDEX_CONCURRENTLY,HIGH,0.3,1.03,1,0
MIG-10414,orders,68792.32,67.18,8397872,2749,READ_HEAVY,ADD_COLUMN_DEFAULT,HIGH,1.06,3.11,1,0
MIG-10415,orders,232232.96,226.79,28348302,703,MIXED_OLTP,DROP_COLUMN,MEDIUM,1.31,1.7,1,0
MIG-10416,orders,257761.28,251.72,31464896,3089,READ_HEAVY,ADD_INDEX_LOCKING,CRITICAL,23.74,511.17,0,1
MIG-10417,order_payments,129280.0,126.25,31076483,696,MIXED_OLTP,DROP_COLUMN,MEDIUM,1.12,1.48,1,0
MIG-10418,orders,123013.12,120.13,15015665,2415,READ_HEAVY,TABLE_REWRITE,HIGH,63.52,634.98,0,1
MIG-10419,order_shipments,26193.92,25.58,6820251,2215,WRITE_HEAVY,TABLE_REWRITE,HIGH,22.54,323.94,0,1
MIG-10420,order_payments,60190.72,58.78,14467985,3932,ANALYTICAL_BATCH,ADD_INDEX_CONCURRENTLY,CRITICAL,0.34,3.61,1,0
MIG-10421,orders,235571.2,230.05,28756555,5410,MIXED_OLTP,ALTER_COLUMN_TYPE,CRITICAL,76.68,1446.88,0,1
MIG-10422,orders,194211.84,189.66,23706991,843,READ_HEAVY,ADD_INDEX_CONCURRENTLY,MEDIUM,0.96,0.72,1,0
MIG-10423,orders,262973.44,256.81,32100744,2742,READ_HEAVY,TABLE_REWRITE,HIGH,102.17,928.18,0,1
MIG-10424,order_items,291543.04,284.71,45757162,624,MIXED_OLTP,ADD_INDEX_CONCURRENTLY,MEDIUM,0.93,1.26,1,0
MIG-10425,order_shipments,64174.08,62.67,16711797,2315,WRITE_HEAVY,ADD_INDEX_CONCURRENTLY,HIGH,0.43,1.35,1,0
MIG-10426,orders,223897.6,218.65,27331031,152,WRITE_HEAVY,ADD_COLUMN_DEFAULT,LOW,1.9,2.61,1,0
MIG-10427,order_shipments,37836.8,36.95,9854225,581,WRITE_HEAVY,ADD_INDEX_CONCURRENTLY,MEDIUM,0.29,0.44,1,0
MIG-10428,orders,262389.76,256.24,32030429,4699,WRITE_HEAVY,ALTER_COLUMN_TYPE,CRITICAL,61.38,2724.54,0,1
MIG-10429,order_shipments,67563.52,65.98,17595789,2509,WRITE_HEAVY,ADD_INDEX_CONCURRENTLY,HIGH,0.38,1.51,1,0
MIG-10430,customer_sessions,14848.0,14.5,3313724,1074,MIXED_OLTP,ADD_COLUMN_DEFAULT,MEDIUM,0.32,0.48,1,0
MIG-10431,order_payments,29634.56,28.94,7124414,280,WRITE_HEAVY,ALTER_COLUMN_TYPE,LOW,18.29,18.24,1,0
MIG-10432,order_payments,132321.28,129.22,31807821,770,MIXED_OLTP,DROP_COLUMN,MEDIUM,1.06,1.38,1,0
MIG-10433,order_shipments,71956.48,70.27,18738080,411,ANALYTICAL_BATCH,DROP_COLUMN,LOW,0.66,0.69,1,0
MIG-10434,orders,217927.68,212.82,26602958,175,WRITE_HEAVY,TABLE_REWRITE,LOW,104.01,111.87,0,1
MIG-10435,orders,222566.4,217.35,27168432,4234,MIXED_OLTP,ADD_INDEX_CONCURRENTLY,CRITICAL,1.01,6.45,1,0
MIG-10436,orders,142151.68,138.82,17352413,1442,READ_HEAVY,ADD_COLUMN_DEFAULT,MEDIUM,1.29,2.51,1,0
MIG-10437,order_items,526848.0,514.5,82687510,367,ANALYTICAL_BATCH,ADD_INDEX_CONCURRENTLY,LOW,1.57,1.38,1,0
MIG-10438,order_payments,138946.56,135.69,33400934,2767,READ_HEAVY,ADD_INDEX_CONCURRENTLY,HIGH,0.74,2.26,1,0
MIG-10439,order_items,203540.48,198.77,31945859,180,READ_HEAVY,ADD_INDEX_CONCURRENTLY,LOW,0.79,1.33,1,0
MIG-10440,order_shipments,81817.6,79.9,21305346,525,WRITE_HEAVY,DROP_COLUMN,MEDIUM,0.61,0.97,1,0
MIG-10441,orders,117227.52,114.48,14310384,1333,ANALYTICAL_BATCH,ADD_INDEX_CONCURRENTLY,MEDIUM,0.52,1.09,1,0
MIG-10442,order_payments,65136.64,63.61,15658998,325,WRITE_HEAVY,DROP_COLUMN,LOW,0.61,0.64,1,0
MIG-10443,orders,140451.84,137.16,17144380,1279,MIXED_OLTP,ADD_INDEX_LOCKING,MEDIUM,19.23,39.58,0,1
MIG-10444,orders,240189.44,234.56,29320427,2763,WRITE_HEAVY,ADD_COLUMN_DEFAULT,HIGH,2.09,5.71,1,0
MIG-10445,order_payments,29265.92,28.58,7035214,874,READ_HEAVY,ADD_COLUMN_DEFAULT,MEDIUM,0.53,0.76,1,0
MIG-10446,customer_sessions,42332.16,41.34,9448537,1665,READ_HEAVY,ADD_INDEX_CONCURRENTLY,HIGH,0.27,0.64,1,0
MIG-10447,order_items,465653.76,454.74,73083859,5409,WRITE_HEAVY,ADD_INDEX_LOCKING,CRITICAL,38.84,1014.21,0,1
MIG-10448,orders,73574.4,71.85,8981217,1957,WRITE_HEAVY,ADD_COLUMN_DEFAULT,HIGH,1.1,3.64,1,0
MIG-10449,order_items,523571.2,511.3,82172541,3400,WRITE_HEAVY,ALTER_COLUMN_TYPE,CRITICAL,134.96,3023.92,0,1
MIG-10450,orders,257484.8,251.45,31431370,4427,MIXED_OLTP,ADD_COLUMN_DEFAULT,CRITICAL,2.15,15.6,1,0
MIG-10451,order_shipments,25978.88,25.37,6764192,1530,MIXED_OLTP,DROP_COLUMN,HIGH,0.3,0.55,1,0
MIG-10452,order_payments,44943.36,43.89,10804906,559,WRITE_HEAVY,ADD_COLUMN_DEFAULT,MEDIUM,0.58,1.04,1,0
MIG-10453,orders,264611.84,258.41,32300625,405,READ_HEAVY,ADD_COLUMN_DEFAULT,LOW,2.36,1.64,1,0
MIG-10454,orders,92917.76,90.74,11342102,1632,WRITE_HEAVY,ADD_COLUMN_DEFAULT,HIGH,1.17,3.43,1,0
MIG-10455,orders,66611.2,65.05,8131371,2400,MIXED_OLTP,DROP_COLUMN,HIGH,0.53,1.82,1,0
MIG-10456,customer_sessions,75765.76,73.99,16911572,2180,MIXED_OLTP,ADD_COLUMN_DEFAULT,HIGH,1.13,2.52,1,0
MIG-10457,order_items,575365.12,561.88,90302439,1666,MIXED_OLTP,ADD_INDEX_LOCKING,HIGH,54.68,346.38,0,1
MIG-10458,order_payments,105185.28,102.72,25284893,2914,MIXED_OLTP,ADD_INDEX_CONCURRENTLY,HIGH,0.6,1.79,1,0
MIG-10459,order_items,399278.08,389.92,62665905,1739,WRITE_HEAVY,ALTER_COLUMN_TYPE,HIGH,95.4,1223.55,0,1
MIG-10460,order_items,589096.96,575.29,92457848,2475,WRITE_HEAVY,TABLE_REWRITE,HIGH,216.03,1740.14,0,1
MIG-10461,orders,194140.16,189.59,23699042,152,MIXED_OLTP,ADD_INDEX_CONCURRENTLY,LOW,0.79,1.08,1,0
MIG-10462,customer_sessions,56811.52,55.48,12680911,1090,WRITE_HEAVY,ADD_INDEX_CONCURRENTLY,MEDIUM,0.37,0.7,1,0
MIG-10463,order_items,550113.28,537.22,86338530,166,WRITE_HEAVY,DROP_COLUMN,LOW,3.07,2.9,1,0
MIG-10464,order_items,451829.76,441.24,70912899,455,WRITE_HEAVY,ADD_INDEX_CONCURRENTLY,LOW,1.24,1.48,1,0
MIG-10465,order_payments,86968.32,84.93,20905894,961,MIXED_OLTP,ADD_INDEX_CONCURRENTLY,MEDIUM,0.5,0.73,1,0
MIG-10466,order_items,315822.08,308.42,49567441,103,MIXED_OLTP,ADD_COLUMN_DEFAULT,LOW,2.57,3.32,1,0
MIG-10467,customer_sessions,46796.8,45.7,10445128,3127,ANALYTICAL_BATCH,DROP_COLUMN,CRITICAL,0.43,3.82,1,0
MIG-10468,orders,164720.64,160.86,20106923,1042,READ_HEAVY,ADD_INDEX_CONCURRENTLY,MEDIUM,0.77,1.04,1,0
MIG-10469,order_items,300912.64,293.86,47227382,2279,WRITE_HEAVY,TABLE_REWRITE,HIGH,148.85,865.39,0,1
MIG-10470,order_items,345958.4,337.85,54297591,232,READ_HEAVY,ADD_INDEX_CONCURRENTLY,LOW,1.43,1.68,1,0
MIG-10471,order_items,528527.36,516.14,82951626,2408,MIXED_OLTP,ADD_INDEX_CONCURRENTLY,HIGH,1.9,4.67,1,0
MIG-10472,orders,141281.28,137.97,17245860,1297,WRITE_HEAVY,ADD_INDEX_CONCURRENTLY,MEDIUM,0.75,0.76,1,0
MIG-10473,orders,54804.48,53.52,6690113,1227,ANALYTICAL_BATCH,TABLE_REWRITE,MEDIUM,35.86,56.93,0,1
MIG-10474,orders,111749.12,109.13,13641521,2624,READ_HEAVY,ALTER_COLUMN_TYPE,HIGH,39.79,294.46,0,1
MIG-10475,order_items,234291.2,228.8,36771090,1446,MIXED_OLTP,ADD_INDEX_CONCURRENTLY,MEDIUM,0.94,1.47,1,0
MIG-10476,order_items,524257.28,511.97,82280142,706,MIXED_OLTP,ADD_INDEX_LOCKING,MEDIUM,45.23,65.85,0,1
MIG-10477,order_items,346562.56,338.44,54392737,1623,READ_HEAVY,ADD_INDEX_CONCURRENTLY,HIGH,1.05,2.96,1,0
MIG-10478,order_items,259358.72,253.28,40705153,1681,MIXED_OLTP,ADD_INDEX_CONCURRENTLY,HIGH,0.82,2.74,1,0
MIG-10479,order_items,533094.4,520.6,83667095,535,READ_HEAVY,ADD_INDEX_CONCURRENTLY,MEDIUM,1.87,2.14,1,0
MIG-10480,order_items,124610.56,121.69,19556561,3733,MIXED_OLTP,ALTER_COLUMN_TYPE,CRITICAL,36.5,730.5,0,1
MIG-10481,orders,87695.36,85.64,10704772,639,MIXED_OLTP,ADD_COLUMN_DEFAULT,MEDIUM,0.94,1.45,1,0
MIG-10482,order_items,541480.96,528.79,84983340,1421,READ_HEAVY,DROP_COLUMN,MEDIUM,2.37,3.73,1,0
MIG-10483,order_items,398878.72,389.53,62602789,837,WRITE_HEAVY,ADD_INDEX_CONCURRENTLY,MEDIUM,1.59,1.95,1,0
MIG-10484,orders,220272.64,215.11,26888543,718,ANALYTICAL_BATCH,ALTER_COLUMN_TYPE,MEDIUM,69.54,117.06,0,1
MIG-10485,order_items,547266.56,534.44,85892257,1025,ANALYTICAL_BATCH,TABLE_REWRITE,MEDIUM,196.33,545.8,0,1
MIG-10486,order_items,600832.0,586.75,94299042,2145,READ_HEAVY,ADD_INDEX_CONCURRENTLY,HIGH,1.75,5.73,1,0
MIG-10487,orders,63180.8,61.7,7712464,504,ANALYTICAL_BATCH,DROP_COLUMN,MEDIUM,0.67,1.08,1,0
MIG-10488,order_items,527165.44,514.81,82738014,5399,READ_HEAVY,DROP_COLUMN,CRITICAL,2.84,25.06,0,1
MIG-10489,order_items,480481.28,469.22,75410058,376,READ_HEAVY,TABLE_REWRITE,LOW,203.49,233.81,0,1
MIG-10490,order_payments,51425.28,50.22,12362337,2737,READ_HEAVY,ADD_COLUMN_DEFAULT,HIGH,0.73,2.76,1,0
MIG-10491,order_items,595537.92,581.58,93467883,482,WRITE_HEAVY,ADD_INDEX_CONCURRENTLY,LOW,1.87,2.31,1,0
MIG-10492,order_payments,75048.96,73.29,18041014,1385,READ_HEAVY,ADD_COLUMN_DEFAULT,MEDIUM,1.03,1.46,1,0
MIG-10493,order_items,572784.64,559.36,89896452,749,MIXED_OLTP,DROP_COLUMN,MEDIUM,2.32,3.98,1,0
MIG-10494,order_payments,99123.2,96.8,23827274,2644,WRITE_HEAVY,ADD_COLUMN_DEFAULT,HIGH,1.06,5.68,1,0
MIG-10495,order_items,386539.52,377.48,60666583,1513,WRITE_HEAVY,ADD_INDEX_CONCURRENTLY,HIGH,1.2,3.8,1,0
MIG-10496,order_items,197017.6,192.4,30921438,861,MIXED_OLTP,ADD_INDEX_LOCKING,MEDIUM,21.63,24.09,1,0
MIG-10497,order_items,586567.68,572.82,92060537,401,MIXED_OLTP,ALTER_COLUMN_TYPE,LOW,101.14,171.84,0,1
MIG-10498,order_items,401981.44,392.56,63089614,1199,ANALYTICAL_BATCH,ADD_COLUMN_DEFAULT,MEDIUM,2.98,7.01,1,0
MIG-10499,order_items,117831.68,115.07,18493484,1270,WRITE_HEAVY,ADD_COLUMN_DEFAULT,MEDIUM,1.59,3.15,1,0
MIG-10500,order_payments,28815.36,28.14,6926594,2635,MIXED_OLTP,ADD_COLUMN_DEFAULT,HIGH,0.54,1.48,1,0
MIG-10501,order_shipments,82933.76,80.99,21596864,543,WRITE_HEAVY,ADD_COLUMN_DEFAULT,MEDIUM,1.05,1.02,1,0
MIG-10502,customer_sessions,24780.8,24.2,5531883,2374,WRITE_HEAVY,ADD_INDEX_CONCURRENTLY,HIGH,0.23,0.68,1,0
MIG-10503,order_items,423690.24,413.76,66497813,4543,MIXED_OLTP,ADD_COLUMN_DEFAULT,CRITICAL,3.91,30.12,0,1
MIG-10504,order_items,466196.48,455.27,73167638,655,READ_HEAVY,ADD_COLUMN_DEFAULT,MEDIUM,4.02,6.1,1,0
MIG-10505,order_payments,60098.56,58.69,14445729,3607,MIXED_OLTP,TABLE_REWRITE,CRITICAL,35.22,1058.68,0,1
MIG-10506,order_items,408504.32,398.93,64114418,2231,WRITE_HEAVY,ADD_INDEX_CONCURRENTLY,HIGH,1.5,4.88,1,0
MIG-10507,order_shipments,38359.04,37.46,9989588,353,WRITE_HEAVY,ADD_COLUMN_DEFAULT,LOW,0.56,0.66,1,0
MIG-10508,order_items,603074.56,588.94,94651549,2775,READ_HEAVY,ADD_COLUMN_DEFAULT,HIGH,3.79,13.73,1,0
MIG-10509,orders,239411.2,233.8,29224594,1226,WRITE_HEAVY,ALTER_COLUMN_TYPE,MEDIUM,65.03,152.23,0,1
MIG-10510,orders,112865.28,110.22,13777155,2963,WRITE_HEAVY,ADD_COLUMN_DEFAULT,HIGH,1.39,7.28,1,0
MIG-10511,order_shipments,62289.92,60.83,16222393,1834,WRITE_HEAVY,ADD_INDEX_CONCURRENTLY,HIGH,0.37,1.19,1,0
MIG-10512,orders,159887.36,156.14,19517087,3981,WRITE_HEAVY,ADD_COLUMN_DEFAULT,CRITICAL,1.5,17.43,1,0
MIG-10513,orders,261498.88,255.37,31920627,1891,MIXED_OLTP,ADD_INDEX_CONCURRENTLY,HIGH,0.91,2.67,1,0
MIG-10514,order_items,318044.16,310.59,49916331,2836,WRITE_HEAVY,ADD_COLUMN_DEFAULT,HIGH,2.66,14.0,1,0
MIG-10515,orders,173506.56,169.44,21180143,1111,READ_HEAVY,DROP_COLUMN,MEDIUM,1.07,1.62,1,0
MIG-10516,order_items,593991.68,580.07,93225234,4269,READ_HEAVY,ADD_COLUMN_DEFAULT,CRITICAL,4.79,31.89,0,1
MIG-10517,order_payments,46131.2,45.05,11088958,2373,READ_HEAVY,DROP_COLUMN,HIGH,0.48,1.37,1,0
MIG-10518,orders,170905.6,166.9,20863111,1990,READ_HEAVY,ADD_INDEX_CONCURRENTLY,HIGH,0.61,1.4,1,0
MIG-10519,order_shipments,27197.44,26.56,7082535,5215,MIXED_OLTP,DROP_COLUMN,CRITICAL,0.33,3.21,1,0
MIG-10520,order_shipments,69652.48,68.02,18137976,345,MIXED_OLTP,TABLE_REWRITE,LOW,55.82,54.01,0,1
MIG-10521,order_items,303411.2,296.3,47620339,1010,WRITE_HEAVY,ADD_COLUMN_DEFAULT,MEDIUM,2.41,5.32,1,0
MIG-10522,orders,263178.24,257.01,32126173,2557,MIXED_OLTP,ADD_INDEX_LOCKING,HIGH,27.49,358.03,0,1
MIG-10523,order_items,329082.88,321.37,51648143,4999,WRITE_HEAVY,ADD_COLUMN_DEFAULT,CRITICAL,2.69,23.46,1,0
MIG-10524,orders,79278.08,77.42,9677066,2093,READ_HEAVY,ADD_INDEX_LOCKING,HIGH,12.79,93.62,0,1
MIG-10525,order_items,545116.16,532.34,85553996,1232,READ_HEAVY,ADD_COLUMN_DEFAULT,MEDIUM,3.52,5.53,1,0
MIG-10526,customer_sessions,67287.04,65.71,15020480,1298,WRITE_HEAVY,TABLE_REWRITE,MEDIUM,40.57,92.05,0,1
MIG-10527,customer_sessions,59166.72,57.78,13205978,1165,WRITE_HEAVY,ADD_INDEX_CONCURRENTLY,MEDIUM,0.32,0.6,1,0
MIG-10528,order_payments,116336.64,113.61,27965779,616,WRITE_HEAVY,ADD_INDEX_CONCURRENTLY,MEDIUM,0.59,0.66,1,0
MIG-10529,order_items,251310.08,245.42,39441932,3479,WRITE_HEAVY,ADD_INDEX_CONCURRENTLY,CRITICAL,1.04,11.15,1,0
MIG-10530,order_payments,103546.88,101.12,24891140,531,READ_HEAVY,ADD_COLUMN_DEFAULT,MEDIUM,1.09,1.4,1,0
MIG-10531,order_payments,31180.8,30.45,7494972,776,WRITE_HEAVY,DROP_COLUMN,MEDIUM,0.35,0.63,1,0
MIG-10532,order_items,216299.52,211.23,33948101,664,MIXED_OLTP,DROP_COLUMN,MEDIUM,1.62,2.01,1,0
MIG-10533,order_items,595834.88,581.87,93514635,4416,MIXED_OLTP,ADD_INDEX_CONCURRENTLY,CRITICAL,1.57,16.23,1,0
MIG-10534,orders,212654.08,207.67,25959353,2864,WRITE_HEAVY,DROP_COLUMN,HIGH,1.43,6.01,1,0
MIG-10535,orders,100177.92,97.83,12228158,565,WRITE_HEAVY,ADD_INDEX_CONCURRENTLY,MEDIUM,0.55,0.77,1,0
MIG-10536,order_items,172175.36,168.14,27022030,784,READ_HEAVY,ADD_INDEX_LOCKING,MEDIUM,23.26,41.51,0,1
MIG-10537,orders,259041.28,252.97,31620825,545,MIXED_OLTP,ADD_INDEX_CONCURRENTLY,MEDIUM,1.08,1.13,1,0
MIG-10538,orders,73963.52,72.23,9029066,583,READ_HEAVY,ADD_COLUMN_DEFAULT,MEDIUM,0.89,1.17,1,0
MIG-10539,order_shipments,39751.68,38.82,10352713,1574,WRITE_HEAVY,ADD_COLUMN_DEFAULT,HIGH,0.67,1.64,1,0
MIG-10540,customer_sessions,26122.24,25.51,5829929,1106,ANALYTICAL_BATCH,ADD_COLUMN_DEFAULT,MEDIUM,0.55,0.84,1,0
MIG-10541,order_items,118538.24,115.76,18604569,1421,READ_HEAVY,ADD_INDEX_LOCKING,MEDIUM,15.71,28.83,0,1
MIG-10542,order_shipments,44482.56,43.44,11585311,1224,WRITE_HEAVY,TABLE_REWRITE,MEDIUM,29.1,53.72,0,1
MIG-10543,customer_sessions,77178.88,75.37,17228175,1188,MIXED_OLTP,ADD_COLUMN_DEFAULT,MEDIUM,1.12,1.92,1,0
MIG-10544,orders,124774.4,121.85,15231389,656,ANALYTICAL_BATCH,ADD_COLUMN_DEFAULT,MEDIUM,1.4,1.78,1,0
MIG-10545,order_items,374958.08,366.17,58848695,2755,READ_HEAVY,ADD_INDEX_CONCURRENTLY,HIGH,1.21,2.94,1,0
MIG-10546,order_items,499660.8,487.95,78420798,331,WRITE_HEAVY,DROP_COLUMN,LOW,2.64,3.44,1,0
MIG-10547,orders,171038.72,167.03,20879162,1463,READ_HEAVY,ADD_COLUMN_DEFAULT,MEDIUM,2.0,4.0,1,0
MIG-10548,order_payments,115712.0,113.0,27815435,2085,WRITE_HEAVY,ADD_INDEX_LOCKING,HIGH,15.61,191.27,0,1
MIG-10549,order_items,456151.04,445.46,71592505,4752,READ_HEAVY,DROP_COLUMN,CRITICAL,2.11,18.27,1,0
MIG-10550,order_items,428769.28,418.72,67293604,292,WRITE_HEAVY,ADD_COLUMN_DEFAULT,LOW,4.0,3.74,1,0
MIG-10551,orders,192839.68,188.32,23540520,306,READ_HEAVY,TABLE_REWRITE,LOW,116.41,88.57,0,1
MIG-10552,orders,225914.88,220.62,27577437,3265,MIXED_OLTP,ADD_INDEX_CONCURRENTLY,CRITICAL,0.91,4.76,1,0
MIG-10553,order_shipments,77342.72,75.53,20140134,291,ANALYTICAL_BATCH,DROP_COLUMN,LOW,0.78,0.92,1,0
MIG-10554,orders,224276.48,219.02,27377922,3417,MIXED_OLTP,ADD_COLUMN_DEFAULT,CRITICAL,2.1,15.01,1,0
MIG-10555,orders,81356.8,79.45,9931136,2619,WRITE_HEAVY,ADD_INDEX_CONCURRENTLY,HIGH,0.37,2.11,1,0
MIG-10556,orders,199045.12,194.38,24297190,383,WRITE_HEAVY,ADD_INDEX_CONCURRENTLY,LOW,0.74,0.87,1,0
MIG-10557,order_items,495063.04,483.46,77698774,447,READ_HEAVY,DROP_COLUMN,LOW,2.75,3.5,1,0
MIG-10558,order_items,269496.32,263.18,42297281,4152,WRITE_HEAVY,ADD_INDEX_CONCURRENTLY,CRITICAL,1.1,11.77,1,0
MIG-10559,order_items,566056.96,552.79,88840763,1329,WRITE_HEAVY,ALTER_COLUMN_TYPE,MEDIUM,136.36,177.67,0,1
MIG-10560,orders,116551.68,113.82,14227213,1390,MIXED_OLTP,ADD_COLUMN_DEFAULT,MEDIUM,1.43,1.94,1,0
MIG-10561,orders,103086.08,100.67,12583467,992,READ_HEAVY,ADD_COLUMN_DEFAULT,MEDIUM,1.41,2.14,1,0
MIG-10562,order_shipments,90347.52,88.23,23529291,2920,WRITE_HEAVY,DROP_COLUMN,HIGH,0.73,3.41,1,0
MIG-10563,order_items,242176.0,236.5,38008606,2660,READ_HEAVY,ADD_INDEX_CONCURRENTLY,HIGH,0.82,2.9,1,0
MIG-10564,order_items,329123.84,321.41,51655699,1935,ANALYTICAL_BATCH,ADD_INDEX_CONCURRENTLY,HIGH,1.4,4.76,1,0
MIG-10565,order_payments,70707.2,69.05,16996177,290,MIXED_OLTP,ADD_COLUMN_DEFAULT,LOW,1.08,0.92,1,0
MIG-10566,order_payments,134215.68,131.07,32264180,600,WRITE_HEAVY,ADD_COLUMN_DEFAULT,MEDIUM,1.66,1.88,1,0
MIG-10567,orders,149841.92,146.33,18291364,2076,READ_HEAVY,ADD_COLUMN_DEFAULT,HIGH,1.34,3.43,1,0
MIG-10568,order_items,473016.32,461.93,74239023,860,ANALYTICAL_BATCH,ADD_COLUMN_DEFAULT,MEDIUM,4.2,7.3,1,0
MIG-10569,order_items,524492.8,512.2,82317151,1946,WRITE_HEAVY,DROP_COLUMN,HIGH,2.75,6.24,1,0
MIG-10570,order_items,438743.04,428.46,68860190,2033,READ_HEAVY,ALTER_COLUMN_TYPE,HIGH,95.84,639.43,0,1
MIG-10571,order_shipments,96706.56,94.44,25183801,121,MIXED_OLTP,ADD_COLUMN_DEFAULT,LOW,1.06,1.54,1,0
MIG-10572,order_items,528855.04,516.46,83003109,4133,MIXED_OLTP,ADD_INDEX_LOCKING,CRITICAL,54.51,668.65,0,1
MIG-10573,order_payments,74567.68,72.82,17925950,701,WRITE_HEAVY,ADD_INDEX_CONCURRENTLY,MEDIUM,0.49,0.6,1,0
MIG-10574,order_shipments,97300.48,95.02,25337535,729,ANALYTICAL_BATCH,ADD_COLUMN_DEFAULT,MEDIUM,1.33,1.59,1,0
MIG-10575,order_items,385423.36,376.39,60490561,392,WRITE_HEAVY,ADD_COLUMN_DEFAULT,LOW,3.06,4.77,1,0
MIG-10576,order_shipments,20305.92,19.83,5287670,1388,WRITE_HEAVY,ADD_COLUMN_DEFAULT,MEDIUM,0.42,0.81,1,0
MIG-10577,order_items,248883.2,243.05,39061075,671,WRITE_HEAVY,ADD_INDEX_CONCURRENTLY,MEDIUM,1.01,1.26,1,0
MIG-10578,order_shipments,70000.64,68.36,18229359,1061,READ_HEAVY,ADD_INDEX_CONCURRENTLY,MEDIUM,0.42,0.51,1,0
MIG-10579,order_items,195614.72,191.03,30702007,2851,WRITE_HEAVY,ADD_INDEX_CONCURRENTLY,HIGH,0.8,3.62,1,0
MIG-10580,order_items,416122.88,406.37,65309511,2411,MIXED_OLTP,ADD_INDEX_CONCURRENTLY,HIGH,1.17,4.2,1,0
MIG-10581,order_items,301312.0,294.25,47289439,131,MIXED_OLTP,ADD_COLUMN_DEFAULT,LOW,2.25,2.48,1,0
MIG-10582,orders,167352.32,163.43,20428407,2662,WRITE_HEAVY,ADD_COLUMN_DEFAULT,HIGH,1.73,6.91,1,0
MIG-10583,order_items,115650.56,112.94,18151862,1576,MIXED_OLTP,ADD_INDEX_CONCURRENTLY,HIGH,0.67,2.03,1,0
MIG-10584,order_shipments,88801.28,86.72,23125901,1116,ANALYTICAL_BATCH,DROP_COLUMN,MEDIUM,0.66,1.42,1,0
MIG-10585,order_items,301475.84,294.41,47315964,4202,WRITE_HEAVY,ADD_COLUMN_DEFAULT,CRITICAL,2.19,20.95,1,0
MIG-10586,orders,80148.48,78.27,9784277,1027,MIXED_OLTP,ADD_INDEX_CONCURRENTLY,MEDIUM,0.48,0.71,1,0
MIG-10587,order_items,340695.04,332.71,53471184,189,ANALYTICAL_BATCH,ADD_INDEX_CONCURRENTLY,LOW,1.12,1.11,1,0
MIG-10588,orders,156682.24,153.01,19126786,454,MIXED_OLTP,DROP_COLUMN,LOW,1.34,1.69,1,0
MIG-10589,orders,190136.32,185.68,23209873,602,READ_HEAVY,DROP_COLUMN,MEDIUM,1.41,1.87,1,0
MIG-10590,customer_sessions,48179.2,47.05,10753699,1437,MIXED_OLTP,ADD_INDEX_LOCKING,MEDIUM,8.44,12.16,1,0
MIG-10591,order_items,137154.56,133.94,21525410,123,MIXED_OLTP,ADD_INDEX_CONCURRENTLY,LOW,0.55,0.73,1,0
MIG-10592,order_items,564469.76,551.24,88592498,803,WRITE_HEAVY,DROP_COLUMN,MEDIUM,3.26,4.45,1,0
MIG-10593,order_items,350289.92,342.08,54977223,4318,WRITE_HEAVY,ADD_COLUMN_DEFAULT,CRITICAL,2.64,29.41,0,1
MIG-10594,orders,66181.12,64.63,8078669,2274,READ_HEAVY,ALTER_COLUMN_TYPE,HIGH,26.57,295.88,0,1
MIG-10595,orders,220088.32,214.93,26866362,1889,READ_HEAVY,ADD_INDEX_LOCKING,HIGH,24.83,171.98,0,1
MIG-10596,order_payments,105717.76,103.24,25412447,1932,WRITE_HEAVY,ADD_INDEX_CONCURRENTLY,HIGH,0.52,1.85,1,0
MIG-10597,order_items,449863.68,439.32,70604459,2333,WRITE_HEAVY,TABLE_REWRITE,HIGH,206.15,2607.61,0,1
MIG-10598,customer_sessions,41881.6,40.9,9347561,521,MIXED_OLTP,ADD_COLUMN_DEFAULT,MEDIUM,0.63,0.67,1,0
MIG-10599,order_items,326543.36,318.89,51250262,648,MIXED_OLTP,TABLE_REWRITE,MEDIUM,128.8,189.86,0,1
MIG-10600,order_items,391485.44,382.31,61443429,895,WRITE_HEAVY,ADD_INDEX_CONCURRENTLY,MEDIUM,1.31,2.18,1,0
MIG-10601,order_payments,32686.08,31.92,7857119,109,WRITE_HEAVY,ADD_COLUMN_DEFAULT,LOW,0.49,0.74,1,0
MIG-10602,order_shipments,43233.28,42.22,11257487,586,WRITE_HEAVY,DROP_COLUMN,MEDIUM,0.46,0.58,1,0
MIG-10603,order_payments,144977.92,141.58,34851352,527,WRITE_HEAVY,ADD_INDEX_CONCURRENTLY,MEDIUM,0.56,0.86,1,0
MIG-10604,customer_sessions,57057.28,55.72,12735571,426,READ_HEAVY,ADD_INDEX_LOCKING,LOW,9.26,10.41,1,0
MIG-10605,order_payments,76820.48,75.02,18465303,612,WRITE_HEAVY,ADD_INDEX_CONCURRENTLY,MEDIUM,0.39,0.47,1,0
MIG-10606,order_shipments,36874.24,36.01,9603043,1776,ANALYTICAL_BATCH,ADD_INDEX_CONCURRENTLY,HIGH,0.3,0.56,1,0
MIG-10607,orders,213985.28,208.97,26120652,1296,WRITE_HEAVY,ADD_INDEX_CONCURRENTLY,MEDIUM,0.98,1.37,1,0
MIG-10608,order_payments,57804.8,56.45,13896360,932,WRITE_HEAVY,TABLE_REWRITE,MEDIUM,40.15,90.47,0,1
MIG-10609,order_items,198481.92,193.83,31151978,279,MIXED_OLTP,TABLE_REWRITE,LOW,84.15,80.52,0,1
MIG-10610,order_items,194437.12,189.88,30515706,362,READ_HEAVY,ADD_COLUMN_DEFAULT,LOW,1.79,1.64,1,0
MIG-10611,order_payments,113991.68,111.32,27402782,2435,WRITE_HEAVY,ADD_COLUMN_DEFAULT,HIGH,1.61,5.98,1,0
MIG-10612,customer_sessions,55808.0,54.5,12456467,265,WRITE_HEAVY,ADD_INDEX_CONCURRENTLY,LOW,0.39,0.41,1,0
MIG-10613,customer_sessions,18841.6,18.4,4205207,1374,MIXED_OLTP,ADD_COLUMN_DEFAULT,MEDIUM,0.38,0.69,1,0
MIG-10614,orders,74598.4,72.85,9106156,3569,READ_HEAVY,TABLE_REWRITE,CRITICAL,50.83,927.2,0,1
MIG-10615,order_payments,102563.84,100.16,24654789,712,MIXED_OLTP,ADD_INDEX_LOCKING,MEDIUM,12.62,19.82,1,0
MIG-10616,order_payments,95047.68,92.82,22848143,2271,READ_HEAVY,DROP_COLUMN,HIGH,0.87,2.99,1,0
MIG-10617,order_items,468725.76,457.74,73565923,2807,MIXED_OLTP,ADD_INDEX_CONCURRENTLY,HIGH,1.62,5.84,1,0
MIG-10618,orders,88535.04,86.46,10807050,458,READ_HEAVY,ADD_INDEX_LOCKING,LOW,15.11,11.48,1,0
MIG-10619,orders,209858.56,204.94,25617873,1245,MIXED_OLTP,TABLE_REWRITE,MEDIUM,109.29,200.6,0,1
MIG-10620,order_payments,138772.48,135.52,33359578,503,MIXED_OLTP,TABLE_REWRITE,MEDIUM,88.3,99.45,0,1
MIG-10621,order_items,424888.32,414.93,66685075,1229,READ_HEAVY,DROP_COLUMN,MEDIUM,1.91,3.37,1,0
MIG-10622,customer_sessions,26992.64,26.36,6024272,663,MIXED_OLTP,ADD_INDEX_CONCURRENTLY,MEDIUM,0.18,0.31,1,0
MIG-10623,order_items,465397.76,454.49,73043052,2806,MIXED_OLTP,TABLE_REWRITE,HIGH,147.53,1937.27,0,1
MIG-10624,customer_sessions,36464.64,35.61,8140376,145,WRITE_HEAVY,ADD_COLUMN_DEFAULT,LOW,0.62,0.47,1,0
MIG-10625,order_items,140124.16,136.84,21992307,150,MIXED_OLTP,ADD_INDEX_CONCURRENTLY,LOW,0.71,0.82,1,0
MIG-10626,order_payments,62842.88,61.37,15107354,1015,WRITE_HEAVY,ADD_INDEX_CONCURRENTLY,MEDIUM,0.41,0.68,1,0
MIG-10627,orders,249456.64,243.61,30450797,1040,READ_HEAVY,DROP_COLUMN,MEDIUM,1.4,2.52,1,0
MIG-10628,order_items,326871.04,319.21,51302284,2009,WRITE_HEAVY,ALTER_COLUMN_TYPE,HIGH,90.9,609.77,0,1
MIG-10629,order_shipments,90152.96,88.04,23476771,293,WRITE_HEAVY,TABLE_REWRITE,LOW,55.88,60.16,0,1
MIG-10630,customer_sessions,47155.2,46.05,10524694,2571,WRITE_HEAVY,TABLE_REWRITE,HIGH,39.65,296.37,0,1
MIG-10631,order_shipments,61317.12,59.88,15966724,2495,WRITE_HEAVY,DROP_COLUMN,HIGH,0.66,2.12,1,0
MIG-10632,orders,50309.12,49.13,6140840,1212,WRITE_HEAVY,TABLE_REWRITE,MEDIUM,45.3,75.88,0,1
MIG-10633,order_items,443494.4,433.1,69605429,1856,WRITE_HEAVY,ADD_INDEX_CONCURRENTLY,HIGH,1.52,5.42,1,0
MIG-10634,orders,73000.96,71.29,8910973,1059,READ_HEAVY,ADD_INDEX_CONCURRENTLY,MEDIUM,0.49,0.59,1,0
MIG-10635,orders,155043.84,151.41,18926207,150,READ_HEAVY,ADD_INDEX_CONCURRENTLY,LOW,0.63,1.03,1,0
MIG-10636,order_payments,57815.04,56.46,13897125,742,ANALYTICAL_BATCH,ADD_INDEX_LOCKING,MEDIUM,7.99,11.33,1,0
MIG-10637,order_payments,73635.84,71.91,17700629,1473,MIXED_OLTP,ALTER_COLUMN_TYPE,MEDIUM,25.8,60.6,0,1
MIG-10638,order_payments,90972.16,88.84,21867827,3106,WRITE_HEAVY,ALTER_COLUMN_TYPE,CRITICAL,35.08,558.94,0,1
MIG-10639,order_shipments,19630.08,19.17,5112424,965,READ_HEAVY,TABLE_REWRITE,MEDIUM,19.04,39.7,0,1
MIG-10640,order_payments,60723.2,59.3,14596007,992,READ_HEAVY,ADD_COLUMN_DEFAULT,MEDIUM,0.73,1.01,1,0
MIG-10641,order_shipments,100515.84,98.16,26175617,3580,READ_HEAVY,ADD_INDEX_LOCKING,CRITICAL,17.27,248.76,0,1
MIG-10642,orders,61849.6,60.4,7549776,550,READ_HEAVY,ADD_COLUMN_DEFAULT,MEDIUM,0.76,0.73,1,0
MIG-10643,orders,119797.76,116.99,14623624,1692,MIXED_OLTP,ADD_INDEX_LOCKING,HIGH,14.42,126.83,0,1
MIG-10644,order_items,280576.0,274.0,44035139,1230,READ_HEAVY,ADD_INDEX_LOCKING,MEDIUM,24.43,28.87,0,1
MIG-10645,order_shipments,49899.52,48.73,12994735,4483,READ_HEAVY,ADD_COLUMN_DEFAULT,CRITICAL,0.83,6.24,1,0
MIG-10646,orders,200611.84,195.91,24489084,323,MIXED_OLTP,ADD_INDEX_CONCURRENTLY,LOW,0.85,1.1,1,0
MIG-10647,order_items,242544.64,236.86,38067247,1721,WRITE_HEAVY,ADD_INDEX_CONCURRENTLY,HIGH,1.0,2.35,1,0
MIG-10648,order_payments,81766.4,79.85,19655757,1044,MIXED_OLTP,ALTER_COLUMN_TYPE,MEDIUM,31.95,48.83,0,1
MIG-10649,orders,191784.96,187.29,23411316,3457,ANALYTICAL_BATCH,DROP_COLUMN,CRITICAL,1.15,10.34,1,0
MIG-10650,order_items,281036.8,274.45,44108086,3780,WRITE_HEAVY,ADD_COLUMN_DEFAULT,CRITICAL,2.52,25.83,0,1
MIG-10651,order_shipments,97126.4,94.85,25293487,2928,MIXED_OLTP,TABLE_REWRITE,HIGH,62.19,735.78,0,1
MIG-10652,order_payments,143994.88,140.62,34614571,278,MIXED_OLTP,ADD_COLUMN_DEFAULT,LOW,1.51,2.14,1,0
MIG-10653,orders,75622.4,73.85,9231186,529,READ_HEAVY,ADD_COLUMN_DEFAULT,MEDIUM,0.99,1.75,1,0
MIG-10654,order_shipments,46950.4,45.85,12226509,4485,WRITE_HEAVY,ADD_INDEX_LOCKING,CRITICAL,9.49,122.59,0,1
MIG-10655,order_items,222023.68,216.82,34845737,1780,MIXED_OLTP,ADD_COLUMN_DEFAULT,HIGH,2.16,7.48,1,0
MIG-10656,order_shipments,33925.12,33.13,8834655,3012,READ_HEAVY,ADD_COLUMN_DEFAULT,CRITICAL,0.61,2.97,1,0
MIG-10657,orders,157747.2,154.05,19256455,2506,WRITE_HEAVY,ADD_INDEX_LOCKING,HIGH,16.65,196.21,0,1
MIG-10658,order_items,405678.08,396.17,63669995,1133,READ_HEAVY,ADD_COLUMN_DEFAULT,MEDIUM,3.78,5.06,1,0
MIG-10659,order_items,334366.72,326.53,52477815,186,READ_HEAVY,ADD_COLUMN_DEFAULT,LOW,3.42,2.17,1,0
MIG-10660,orders,109434.88,106.87,13358981,1241,WRITE_HEAVY,ADD_INDEX_CONCURRENTLY,MEDIUM,0.45,1.04,1,0
MIG-10661,order_shipments,41543.68,40.57,10818226,1772,ANALYTICAL_BATCH,ALTER_COLUMN_TYPE,HIGH,17.45,90.14,0,1
MIG-10662,orders,268595.2,262.3,32787460,1001,WRITE_HEAVY,ADD_COLUMN_DEFAULT,MEDIUM,2.5,2.52,1,0
MIG-10663,orders,253450.24,247.51,30939289,322,READ_HEAVY,ALTER_COLUMN_TYPE,LOW,82.36,52.9,0,1
MIG-10664,order_items,153856.0,150.25,24147806,1668,MIXED_OLTP,DROP_COLUMN,HIGH,1.21,3.48,1,0
MIG-10665,order_payments,105287.68,102.82,25308658,378,WRITE_HEAVY,ADD_INDEX_CONCURRENTLY,LOW,0.45,0.58,1,0
MIG-10666,order_shipments,56330.24,55.01,14668556,1003,MIXED_OLTP,ADD_COLUMN_DEFAULT,MEDIUM,0.68,1.61,1,0
MIG-10667,customer_sessions,58777.6,57.4,13118922,930,READ_HEAVY,ADD_COLUMN_DEFAULT,MEDIUM,0.71,1.39,1,0
MIG-10668,orders,181186.56,176.94,22117939,1237,READ_HEAVY,ADD_INDEX_LOCKING,MEDIUM,22.41,37.86,0,1
MIG-10669,order_items,573624.32,560.18,90029444,412,READ_HEAVY,ADD_COLUMN_DEFAULT,LOW,4.55,6.02,1,0
MIG-10670,orders,63969.28,62.47,7808684,2240,ANALYTICAL_BATCH,DROP_COLUMN,HIGH,0.54,2.17,1,0
MIG-10671,order_items,295116.8,288.2,46317430,2722,ANALYTICAL_BATCH,ADD_INDEX_LOCKING,HIGH,33.22,578.79,0,1
MIG-10672,customer_sessions,77916.16,76.09,17391115,1579,WRITE_HEAVY,ADD_INDEX_CONCURRENTLY,HIGH,0.39,1.2,1,0
MIG-10673,order_payments,48465.92,47.33,11649818,4557,READ_HEAVY,ALTER_COLUMN_TYPE,CRITICAL,22.59,377.03,0,1
MIG-10674,order_items,180408.32,176.18,28314008,778,READ_HEAVY,ADD_COLUMN_DEFAULT,MEDIUM,1.56,2.0,1,0
MIG-10675,order_items,490905.6,479.4,77046732,331,ANALYTICAL_BATCH,DROP_COLUMN,LOW,2.33,2.64,1,0
MIG-10676,order_shipments,82913.28,80.97,21592599,349,MIXED_OLTP,ADD_INDEX_CONCURRENTLY,LOW,0.43,0.53,1,0
MIG-10677,order_items,461649.92,450.83,72454157,2724,READ_HEAVY,ADD_INDEX_CONCURRENTLY,HIGH,1.66,4.18,1,0
MIG-10678,orders,220835.84,215.66,26957287,323,MIXED_OLTP,ADD_INDEX_LOCKING,LOW,29.72,27.88,0,1
MIG-10679,order_items,472719.36,461.64,74191447,3037,READ_HEAVY,ADD_COLUMN_DEFAULT,CRITICAL,4.17,24.07,1,0
MIG-10680,orders,79185.92,77.33,9665808,1478,WRITE_HEAVY,ALTER_COLUMN_TYPE,MEDIUM,31.55,56.88,0,1
MIG-10681,orders,183685.12,179.38,22421991,2265,READ_HEAVY,DROP_COLUMN,HIGH,1.47,3.84,1,0
MIG-10682,orders,220989.44,215.81,26975670,622,READ_HEAVY,DROP_COLUMN,MEDIUM,1.26,1.91,1,0
MIG-10683,order_items,561377.28,548.22,88106845,1693,READ_HEAVY,ADD_COLUMN_DEFAULT,HIGH,4.03,13.1,1,0
MIG-10684,order_items,241766.4,236.1,37945054,531,READ_HEAVY,ALTER_COLUMN_TYPE,MEDIUM,68.87,95.42,0,1
MIG-10685,order_items,180459.52,176.23,28321891,721,MIXED_OLTP,TABLE_REWRITE,MEDIUM,93.8,130.9,0,1
MIG-10686,order_items,517806.08,505.67,81268325,1901,ANALYTICAL_BATCH,ADD_INDEX_CONCURRENTLY,HIGH,1.43,7.23,1,0
MIG-10687,customer_sessions,30883.84,30.16,6894296,1448,WRITE_HEAVY,ADD_COLUMN_DEFAULT,MEDIUM,0.55,1.0,1,0
MIG-10688,order_payments,30453.76,29.74,7319568,5032,READ_HEAVY,ALTER_COLUMN_TYPE,CRITICAL,14.0,312.97,0,1
MIG-10689,order_items,540579.84,527.91,84842298,1505,MIXED_OLTP,ADD_INDEX_CONCURRENTLY,HIGH,1.8,4.4,1,0
MIG-10690,orders,161064.96,157.29,19661760,2005,WRITE_HEAVY,ADD_INDEX_CONCURRENTLY,HIGH,0.78,2.36,1,0
MIG-10691,order_shipments,45527.04,44.46,11855275,807,MIXED_OLTP,TABLE_REWRITE,MEDIUM,38.36,57.2,0,1
MIG-10692,orders,51681.28,50.47,6308585,280,READ_HEAVY,ADD_COLUMN_DEFAULT,LOW,0.8,0.77,1,0
MIG-10693,order_items,132925.44,129.81,20861523,161,WRITE_HEAVY,TABLE_REWRITE,LOW,83.2,86.57,0,1
MIG-10694,order_shipments,84172.8,82.2,21920662,1901,MIXED_OLTP,ADD_COLUMN_DEFAULT,HIGH,1.19,2.77,1,0
MIG-10695,order_items,367421.44,358.81,57666176,328,READ_HEAVY,ADD_COLUMN_DEFAULT,LOW,3.38,4.17,1,0
MIG-10696,order_payments,44564.48,43.52,10711995,4298,WRITE_HEAVY,ADD_COLUMN_DEFAULT,CRITICAL,0.71,6.43,1,0
MIG-10697,order_items,299714.56,292.69,47038955,5110,WRITE_HEAVY,ADD_COLUMN_DEFAULT,CRITICAL,3.16,37.75,0,1
MIG-10698,order_payments,46428.16,45.34,11160788,470,MIXED_OLTP,ALTER_COLUMN_TYPE,LOW,21.02,30.91,0,1
MIG-10699,orders,74117.12,72.38,9047801,2086,ANALYTICAL_BATCH,DROP_COLUMN,HIGH,0.73,2.6,1,0
MIG-10700,orders,110264.32,107.68,13460311,1315,READ_HEAVY,TABLE_REWRITE,MEDIUM,77.82,127.33,0,1
MIG-10701,order_items,398284.8,388.95,62510192,1337,WRITE_HEAVY,ADD_COLUMN_DEFAULT,MEDIUM,2.98,7.02,1,0
MIG-10702,orders,95600.64,93.36,11670178,845,WRITE_HEAVY,TABLE_REWRITE,MEDIUM,61.43,75.26,0,1
MIG-10703,order_shipments,46940.16,45.84,12223295,2160,MIXED_OLTP,ADD_INDEX_LOCKING,HIGH,9.15,79.66,0,1
MIG-10704,orders,154859.52,151.23,18904133,4568,READ_HEAVY,ADD_INDEX_CONCURRENTLY,CRITICAL,0.65,4.0,1,0
MIG-10705,order_items,331458.56,323.69,52022408,463,READ_HEAVY,ADD_COLUMN_DEFAULT,LOW,2.6,4.17,1,0
MIG-10706,order_payments,42035.2,41.05,10104480,1274,WRITE_HEAVY,ADD_INDEX_CONCURRENTLY,MEDIUM,0.3,0.58,1,0
MIG-10707,order_payments,31283.2,30.55,7519330,1346,READ_HEAVY,ADD_INDEX_CONCURRENTLY,MEDIUM,0.19,0.35,1,0
MIG-10708,order_items,132986.88,129.87,20872156,1293,READ_HEAVY,TABLE_REWRITE,MEDIUM,71.53,133.78,0,1
MIG-10709,order_items,295413.76,288.49,46364500,171,READ_HEAVY,TABLE_REWRITE,LOW,151.72,153.56,0,1
MIG-10710,customer_sessions,60702.72,59.28,13550749,1820,WRITE_HEAVY,ADD_INDEX_CONCURRENTLY,HIGH,0.36,0.84,1,0
MIG-10711,order_payments,42352.64,41.36,10180152,5212,READ_HEAVY,ADD_INDEX_CONCURRENTLY,CRITICAL,0.26,3.29,1,0
MIG-10712,order_shipments,83712.0,81.75,21798770,948,READ_HEAVY,ADD_INDEX_CONCURRENTLY,MEDIUM,0.5,0.65,1,0
MIG-10713,order_shipments,77793.28,75.97,20258565,3481,READ_HEAVY,ALTER_COLUMN_TYPE,CRITICAL,25.21,383.21,0,1
MIG-10714,order_payments,27095.04,26.46,6513572,1947,WRITE_HEAVY,DROP_COLUMN,HIGH,0.31,0.96,1,0
MIG-10715,orders,55070.72,53.78,6722192,990,WRITE_HEAVY,DROP_COLUMN,MEDIUM,0.45,1.23,1,0
MIG-10716,order_items,215347.2,210.3,33797690,2333,READ_HEAVY,DROP_COLUMN,HIGH,1.61,5.06,1,0
MIG-10717,orders,61562.88,60.12,7515264,696,WRITE_HEAVY,TABLE_REWRITE,MEDIUM,38.79,57.83,0,1
MIG-10718,order_payments,90286.08,88.17,21702681,751,READ_HEAVY,ADD_INDEX_CONCURRENTLY,MEDIUM,0.51,0.48,1,0
MIG-10719,customer_sessions,16896.0,16.5,3770632,886,READ_HEAVY,ADD_INDEX_CONCURRENTLY,MEDIUM,0.16,0.21,1,0
MIG-10720,order_items,528926.72,516.53,83014312,1820,WRITE_HEAVY,DROP_COLUMN,HIGH,2.57,6.88,1,0
MIG-10721,order_items,369100.8,360.45,57929927,494,MIXED_OLTP,TABLE_REWRITE,LOW,159.59,182.31,0,1
MIG-10722,orders,210165.76,205.24,25654767,520,READ_HEAVY,ADD_INDEX_LOCKING,MEDIUM,19.78,35.22,0,1
MIG-10723,customer_sessions,62760.96,61.29,14010116,1265,WRITE_HEAVY,ALTER_COLUMN_TYPE,MEDIUM,26.67,60.67,0,1
MIG-10724,orders,161239.04,157.46,19682626,793,MIXED_OLTP,ALTER_COLUMN_TYPE,MEDIUM,55.36,53.4,0,1
MIG-10725,orders,253829.12,247.88,30984797,1054,READ_HEAVY,ADD_INDEX_CONCURRENTLY,MEDIUM,0.91,1.18,1,0
MIG-10726,orders,268175.36,261.89,32736500,223,ANALYTICAL_BATCH,DROP_COLUMN,LOW,1.5,1.51,1,0
MIG-10727,orders,128604.16,125.59,15698796,5338,WRITE_HEAVY,ALTER_COLUMN_TYPE,CRITICAL,41.85,1029.67,0,1
MIG-10728,order_items,179650.56,175.44,28194995,1472,MIXED_OLTP,ADD_INDEX_CONCURRENTLY,MEDIUM,0.84,1.82,1,0
MIG-10729,order_items,302151.68,295.07,47422292,859,MIXED_OLTP,DROP_COLUMN,MEDIUM,1.54,2.96,1,0
MIG-10730,order_items,229959.68,224.57,36091665,1542,WRITE_HEAVY,ADD_INDEX_CONCURRENTLY,HIGH,0.82,2.89,1,0
MIG-10731,orders,166604.8,162.7,20337153,1759,READ_HEAVY,ALTER_COLUMN_TYPE,HIGH,50.81,385.35,0,1
MIG-10732,orders,132843.52,129.73,16216465,386,MIXED_OLTP,ADD_INDEX_CONCURRENTLY,LOW,0.61,0.67,1,0
MIG-10733,order_items,362649.6,354.15,56916402,1328,READ_HEAVY,ADD_COLUMN_DEFAULT,MEDIUM,2.9,5.39,1,0
MIG-10734,orders,217958.4,212.85,26606064,540,READ_HEAVY,DROP_COLUMN,MEDIUM,1.48,2.0,1,0
MIG-10735,order_payments,59453.44,58.06,14291804,512,ANALYTICAL_BATCH,DROP_COLUMN,MEDIUM,0.5,0.96,1,0
MIG-10736,orders,168028.16,164.09,20511817,2236,MIXED_OLTP,ADD_INDEX_CONCURRENTLY,HIGH,0.61,2.95,1,0
MIG-10737,order_items,287662.08,280.92,45148061,421,ANALYTICAL_BATCH,ADD_INDEX_CONCURRENTLY,LOW,1.13,1.55,1,0
MIG-10738,order_items,519802.88,507.62,81581829,1266,MIXED_OLTP,ALTER_COLUMN_TYPE,MEDIUM,107.57,235.38,0,1
MIG-10739,order_items,444753.92,434.33,69802467,521,MIXED_OLTP,TABLE_REWRITE,MEDIUM,170.18,174.87,0,1
MIG-10740,orders,51036.16,49.84,6229627,1488,MIXED_OLTP,DROP_COLUMN,MEDIUM,0.56,1.13,1,0
MIG-10741,orders,195143.68,190.57,23821386,213,READ_HEAVY,ADD_INDEX_CONCURRENTLY,LOW,0.9,0.85,1,0
MIG-10742,order_shipments,32542.72,31.78,8475499,1843,MIXED_OLTP,ADD_INDEX_LOCKING,HIGH,7.63,81.79,0,1
MIG-10743,orders,209397.76,204.49,25560792,855,READ_HEAVY,DROP_COLUMN,MEDIUM,1.21,2.48,1,0
MIG-10744,order_items,407490.56,397.94,63954432,1256,WRITE_HEAVY,ADD_COLUMN_DEFAULT,MEDIUM,3.16,5.94,1,0
MIG-10745,order_items,321894.4,314.35,50520096,1977,READ_HEAVY,ADD_INDEX_CONCURRENTLY,HIGH,1.08,3.23,1,0
MIG-10746,order_items,472893.44,461.81,74219380,358,WRITE_HEAVY,ADD_INDEX_CONCURRENTLY,LOW,1.62,1.65,1,0
MIG-10747,order_items,556769.28,543.72,87384056,743,ANALYTICAL_BATCH,ADD_INDEX_CONCURRENTLY,MEDIUM,1.79,2.71,1,0
MIG-10748,order_payments,119920.64,117.11,28827818,617,READ_HEAVY,DROP_COLUMN,MEDIUM,0.84,0.97,1,0
MIG-10749,order_shipments,63672.32,62.18,16580192,143,READ_HEAVY,ADD_COLUMN_DEFAULT,LOW,0.96,0.81,1,0
MIG-10750,orders,208998.4,204.1,25512746,939,WRITE_HEAVY,ADD_COLUMN_DEFAULT,MEDIUM,2.46,2.85,1,0
MIG-10751,order_items,328304.64,320.61,51527078,101,READ_HEAVY,ADD_COLUMN_DEFAULT,LOW,3.0,2.09,1,0
MIG-10752,orders,223672.32,218.43,27303705,2338,WRITE_HEAVY,DROP_COLUMN,HIGH,1.56,4.74,1,0
MIG-10753,order_items,542556.16,529.84,85153203,2662,MIXED_OLTP,DROP_COLUMN,HIGH,3.01,10.7,1,0
MIG-10754,order_payments,43069.44,42.06,10354062,325,READ_HEAVY,ADD_COLUMN_DEFAULT,LOW,0.6,0.87,1,0
MIG-10755,orders,101795.84,99.41,12426846,282,READ_HEAVY,ADD_INDEX_CONCURRENTLY,LOW,0.62,0.7,1,0
MIG-10756,order_items,254023.68,248.07,39869087,3425,WRITE_HEAVY,ADD_INDEX_CONCURRENTLY,CRITICAL,0.92,6.44,1,0
MIG-10757,customer_sessions,25047.04,24.46,5591576,661,READ_HEAVY,DROP_COLUMN,MEDIUM,0.31,0.46,1,0
MIG-10758,orders,135976.96,132.79,16598445,616,READ_HEAVY,ADD_COLUMN_DEFAULT,MEDIUM,1.64,1.75,1,0
MIG-10759,order_items,214312.96,209.29,33635690,1623,MIXED_OLTP,ADD_COLUMN_DEFAULT,HIGH,2.38,5.77,1,0
MIG-10760,order_payments,97976.32,95.68,23551532,325,MIXED_OLTP,ADD_COLUMN_DEFAULT,LOW,1.32,1.02,1,0
MIG-10761,orders,71628.8,69.95,8743616,3696,MIXED_OLTP,ADD_INDEX_CONCURRENTLY,CRITICAL,0.44,1.76,1,0
MIG-10762,orders,108851.2,106.3,13287817,364,WRITE_HEAVY,ADD_INDEX_CONCURRENTLY,LOW,0.62,0.69,1,0
MIG-10763,orders,196352.0,191.75,23969057,2031,WRITE_HEAVY,DROP_COLUMN,HIGH,1.34,4.53,1,0
MIG-10764,order_shipments,51486.72,50.28,13408574,822,ANALYTICAL_BATCH,ADD_COLUMN_DEFAULT,MEDIUM,0.74,0.84,1,0
MIG-10765,orders,142376.96,139.04,17379494,284,ANALYTICAL_BATCH,DROP_COLUMN,LOW,1.15,0.92,1,0
MIG-10766,orders,225638.4,220.35,27543981,862,WRITE_HEAVY,ADD_INDEX_CONCURRENTLY,MEDIUM,0.77,1.28,1,0
MIG-10767,orders,266905.6,260.65,32581811,3252,MIXED_OLTP,ADD_INDEX_LOCKING,CRITICAL,30.94,507.22,0,1
MIG-10768,orders,174131.2,170.05,21256830,525,READ_HEAVY,ADD_COLUMN_DEFAULT,MEDIUM,2.03,2.08,1,0
MIG-10769,order_items,155494.4,151.85,24404440,491,WRITE_HEAVY,DROP_COLUMN,LOW,1.19,1.5,1,0
MIG-10770,orders,71915.52,70.23,8778380,3268,ANALYTICAL_BATCH,ADD_COLUMN_DEFAULT,CRITICAL,1.06,4.56,1,0
MIG-10771,order_items,614522.88,600.12,96448558,207,ANALYTICAL_BATCH,ADD_COLUMN_DEFAULT,LOW,3.86,4.99,1,0
MIG-10772,order_items,465233.92,454.33,73018027,262,ANALYTICAL_BATCH,ADD_INDEX_LOCKING,LOW,42.09,53.73,0,1
MIG-10773,order_shipments,80844.8,78.95,21053332,276,WRITE_HEAVY,ADD_INDEX_CONCURRENTLY,LOW,0.47,0.46,1,0
MIG-10774,orders,198615.04,193.96,24245621,2624,READ_HEAVY,ADD_INDEX_CONCURRENTLY,HIGH,0.94,2.49,1,0
MIG-10775,order_shipments,33331.2,32.55,8679740,383,MIXED_OLTP,ADD_INDEX_CONCURRENTLY,LOW,0.23,0.3,1,0
MIG-10776,order_items,346081.28,337.97,54317335,342,MIXED_OLTP,TABLE_REWRITE,LOW,124.24,168.3,0,1
MIG-10777,orders,225679.36,220.39,27548171,3775,READ_HEAVY,TABLE_REWRITE,CRITICAL,109.38,2634.52,0,1
MIG-10778,order_payments,130416.64,127.36,31351253,2929,READ_HEAVY,ADD_INDEX_LOCKING,HIGH,15.91,176.42,0,1
MIG-10779,order_shipments,38113.28,37.22,9926447,582,WRITE_HEAVY,ADD_COLUMN_DEFAULT,MEDIUM,0.58,0.83,1,0
MIG-10780,orders,180971.52,176.73,22090968,810,READ_HEAVY,ADD_INDEX_CONCURRENTLY,MEDIUM,0.84,1.03,1,0
MIG-10781,order_shipments,31467.52,30.73,8193401,876,MIXED_OLTP,ALTER_COLUMN_TYPE,MEDIUM,17.26,28.49,0,1
MIG-10782,order_items,609249.28,594.97,95620426,849,WRITE_HEAVY,ADD_INDEX_CONCURRENTLY,MEDIUM,1.78,3.46,1,0
MIG-10783,order_items,244848.64,239.11,38428547,1052,WRITE_HEAVY,ADD_INDEX_CONCURRENTLY,MEDIUM,0.93,1.28,1,0
MIG-10784,customer_sessions,61214.72,59.78,13663545,1576,READ_HEAVY,ALTER_COLUMN_TYPE,HIGH,25.85,151.12,0,1
MIG-10785,order_items,233963.52,228.48,36720148,2762,READ_HEAVY,ADD_INDEX_CONCURRENTLY,HIGH,1.01,3.68,1,0
MIG-10786,order_shipments,69529.6,67.9,18106765,660,WRITE_HEAVY,ALTER_COLUMN_TYPE,MEDIUM,31.64,34.02,0,1
MIG-10787,order_items,454932.48,444.27,71400408,247,WRITE_HEAVY,ADD_INDEX_LOCKING,LOW,35.91,49.82,0,1
MIG-10788,order_payments,65976.32,64.43,15858729,1081,MIXED_OLTP,ALTER_COLUMN_TYPE,MEDIUM,25.72,29.92,0,1
MIG-10789,order_items,537282.56,524.69,84325543,2834,WRITE_HEAVY,DROP_COLUMN,HIGH,2.55,9.75,1,0
MIG-10790,orders,244981.76,239.24,29905014,2336,READ_HEAVY,ADD_COLUMN_DEFAULT,HIGH,2.42,5.75,1,0
MIG-10791,order_items,555991.04,542.96,87260664,2319,READ_HEAVY,DROP_COLUMN,HIGH,2.42,8.04,1,0
MIG-10792,order_items,285409.28,278.72,44794655,3617,READ_HEAVY,ALTER_COLUMN_TYPE,CRITICAL,63.83,1450.05,0,1
MIG-10793,orders,213790.72,208.78,26097186,2576,READ_HEAVY,ADD_INDEX_LOCKING,HIGH,28.47,211.99,0,1
MIG-10794,orders,172902.4,168.85,21106250,4400,MIXED_OLTP,ALTER_COLUMN_TYPE,CRITICAL,62.27,989.47,0,1
MIG-10795,order_items,420536.32,410.68,66002894,1545,READ_HEAVY,TABLE_REWRITE,HIGH,149.75,1182.84,0,1
MIG-10796,orders,154746.88,151.12,18890477,919,READ_HEAVY,DROP_COLUMN,MEDIUM,1.32,2.02,1,0
MIG-10797,orders,181923.84,177.66,22207050,2843,READ_HEAVY,TABLE_REWRITE,HIGH,85.57,673.6,0,1
MIG-10798,order_payments,42874.88,41.87,10306839,443,READ_HEAVY,ADD_INDEX_CONCURRENTLY,LOW,0.28,0.31,1,0
MIG-10799,order_payments,75612.16,73.84,18174800,185,READ_HEAVY,TABLE_REWRITE,LOW,45.42,31.38,0,1
MIG-10800,order_payments,47912.96,46.79,11516946,1240,READ_HEAVY,ALTER_COLUMN_TYPE,MEDIUM,19.97,31.3,0,1
MIG-10801,order_items,259246.08,253.17,40688548,825,READ_HEAVY,ADD_INDEX_CONCURRENTLY,MEDIUM,0.95,1.27,1,0
MIG-10802,order_shipments,29030.4,28.35,7560793,2641,WRITE_HEAVY,DROP_COLUMN,HIGH,0.35,1.38,1,0
MIG-10803,order_items,224358.4,219.1,35212144,1023,MIXED_OLTP,ADD_COLUMN_DEFAULT,MEDIUM,2.33,4.72,1,0
MIG-10804,orders,222105.6,216.9,27112089,228,WRITE_HEAVY,ADD_INDEX_LOCKING,LOW,22.06,21.89,1,0
MIG-10805,orders,170762.24,166.76,20845584,5399,ANALYTICAL_BATCH,ADD_INDEX_CONCURRENTLY,CRITICAL,0.8,11.67,1,0
MIG-10806,order_payments,29460.48,28.77,7080921,741,READ_HEAVY,ADD_COLUMN_DEFAULT,MEDIUM,0.47,0.56,1,0
MIG-10807,orders,223559.68,218.32,27290161,845,WRITE_HEAVY,ADD_COLUMN_DEFAULT,MEDIUM,1.93,3.06,1,0
MIG-10808,order_items,584058.88,570.37,91666940,1433,MIXED_OLTP,ADD_COLUMN_DEFAULT,MEDIUM,4.92,10.36,1,0
MIG-10809,customer_sessions,71137.28,69.47,15878181,188,READ_HEAVY,TABLE_REWRITE,LOW,56.76,54.03,0,1
MIG-10810,orders,231188.48,225.77,28221455,3493,ANALYTICAL_BATCH,ADD_COLUMN_DEFAULT,CRITICAL,2.24,19.68,1,0
MIG-10811,orders,268615.68,262.32,32789843,1460,ANALYTICAL_BATCH,ADD_COLUMN_DEFAULT,MEDIUM,2.76,6.72,1,0
MIG-10812,customer_sessions,52162.56,50.94,11644188,4208,MIXED_OLTP,ALTER_COLUMN_TYPE,CRITICAL,18.58,404.19,0,1
MIG-10813,order_items,611471.36,597.14,95969597,1308,READ_HEAVY,ADD_INDEX_CONCURRENTLY,MEDIUM,1.59,2.89,1,0
MIG-10814,orders,259020.8,252.95,31618794,1633,ANALYTICAL_BATCH,ADD_INDEX_CONCURRENTLY,HIGH,1.09,3.59,1,0
MIG-10815,order_shipments,44410.88,43.37,11565956,365,READ_HEAVY,ADD_INDEX_CONCURRENTLY,LOW,0.33,0.32,1,0
MIG-10816,order_shipments,90050.56,87.94,23450169,603,MIXED_OLTP,TABLE_REWRITE,MEDIUM,55.59,90.46,0,1
MIG-10817,order_items,523683.84,511.41,82190285,909,WRITE_HEAVY,ALTER_COLUMN_TYPE,MEDIUM,123.01,194.9,0,1
MIG-10818,order_items,515072.0,503.0,80839700,703,ANALYTICAL_BATCH,DROP_COLUMN,MEDIUM,2.49,3.55,1,0
MIG-10819,orders,247398.4,241.6,30199580,4051,MIXED_OLTP,ADD_COLUMN_DEFAULT,CRITICAL,2.05,19.35,1,0
MIG-10820,orders,134133.76,130.99,16373130,2087,WRITE_HEAVY,ADD_COLUMN_DEFAULT,HIGH,1.37,5.13,1,0
MIG-10821,order_items,321157.12,313.63,50404452,1450,ANALYTICAL_BATCH,DROP_COLUMN,MEDIUM,2.02,4.9,1,0
MIG-10822,orders,190720.0,186.25,23281412,2493,MIXED_OLTP,ADD_COLUMN_DEFAULT,HIGH,1.82,5.7,1,0
MIG-10823,order_payments,115015.68,112.32,27648770,127,ANALYTICAL_BATCH,ADD_INDEX_CONCURRENTLY,LOW,0.47,0.38,1,0
MIG-10824,order_shipments,91402.24,89.26,23802321,4217,WRITE_HEAVY,ADD_INDEX_CONCURRENTLY,CRITICAL,0.47,4.83,1,0
MIG-10825,orders,242872.32,237.18,29647823,1257,READ_HEAVY,ALTER_COLUMN_TYPE,MEDIUM,56.56,139.09,0,1
MIG-10826,order_items,486973.44,475.56,76428509,297,MIXED_OLTP,DROP_COLUMN,LOW,2.23,3.22,1,0
MIG-10827,orders,260802.56,254.69,31836105,1101,WRITE_HEAVY,ADD_INDEX_CONCURRENTLY,MEDIUM,1.15,2.3,1,0
MIG-10828,order_shipments,33249.28,32.47,8658378,305,MIXED_OLTP,TABLE_REWRITE,LOW,28.83,42.03,0,1
MIG-10829,orders,259348.48,253.27,31659175,5421,MIXED_OLTP,ADD_COLUMN_DEFAULT,CRITICAL,2.5,22.84,1,0
MIG-10830,order_items,147814.4,144.35,23199510,1156,WRITE_HEAVY,ADD_INDEX_LOCKING,MEDIUM,17.29,28.06,0,1
MIG-10831,order_items,401438.72,392.03,63005372,323,MIXED_OLTP,ADD_INDEX_CONCURRENTLY,LOW,1.36,0.91,1,0
MIG-10832,order_items,161239.04,157.46,25305953,2913,WRITE_HEAVY,TABLE_REWRITE,HIGH,77.98,885.41,0,1
MIG-10833,order_payments,94679.04,92.46,22758428,780,MIXED_OLTP,ADD_INDEX_CONCURRENTLY,MEDIUM,0.53,0.52,1,0
MIG-10834,order_payments,73359.36,71.64,17635159,401,MIXED_OLTP,TABLE_REWRITE,LOW,44.79,34.22,0,1
MIG-10835,order_items,156805.12,153.13,24610363,2669,READ_HEAVY,ADD_INDEX_LOCKING,HIGH,21.93,119.76,0,1
MIG-10836,order_payments,104273.92,101.83,25065763,248,READ_HEAVY,ADD_INDEX_CONCURRENTLY,LOW,0.61,0.57,1,0
MIG-10837,customer_sessions,61511.68,60.07,13729251,2978,READ_HEAVY,ADD_INDEX_CONCURRENTLY,HIGH,0.43,1.2,1,0
MIG-10838,order_items,204584.96,199.79,32109018,795,WRITE_HEAVY,ALTER_COLUMN_TYPE,MEDIUM,62.25,77.43,0,1
MIG-10839,order_items,473088.0,462.0,74249374,1407,MIXED_OLTP,ADD_INDEX_CONCURRENTLY,MEDIUM,1.66,3.71,1,0
MIG-10840,orders,88750.08,86.67,10834283,518,WRITE_HEAVY,ADD_INDEX_CONCURRENTLY,MEDIUM,0.48,0.38,1,0
MIG-10841,order_payments,43089.92,42.08,10357017,794,READ_HEAVY,DROP_COLUMN,MEDIUM,0.51,0.53,1,0
MIG-10842,order_items,190740.48,186.27,29936424,805,WRITE_HEAVY,ADD_INDEX_CONCURRENTLY,MEDIUM,0.78,1.19,1,0
MIG-10843,order_items,423874.56,413.94,66525355,846,MIXED_OLTP,ADD_COLUMN_DEFAULT,MEDIUM,3.54,4.7,1,0
MIG-10844,orders,221409.28,216.22,27027351,2154,MIXED_OLTP,DROP_COLUMN,HIGH,1.69,5.11,1,0
MIG-10845,order_shipments,67942.4,66.35,17692903,1254,WRITE_HEAVY,ADD_INDEX_CONCURRENTLY,MEDIUM,0.46,0.77,1,0
MIG-10846,order_items,532387.84,519.91,83557467,2145,WRITE_HEAVY,ADD_COLUMN_DEFAULT,HIGH,3.69,10.42,1,0
MIG-10847,order_payments,97484.8,95.2,23434547,339,WRITE_HEAVY,ADD_INDEX_CONCURRENTLY,LOW,0.43,0.67,1,0
MIG-10848,orders,225505.28,220.22,27527673,3286,WRITE_HEAVY,TABLE_REWRITE,CRITICAL,92.62,2198.39,0,1
MIG-10849,customer_sessions,77332.48,75.52,17261924,104,READ_HEAVY,ADD_INDEX_CONCURRENTLY,LOW,0.46,0.38,1,0
MIG-10850,orders,135628.8,132.45,16555914,2091,MIXED_OLTP,DROP_COLUMN,HIGH,0.86,4.48,1,0
MIG-10851,orders,82319.36,80.39,10048438,641,READ_HEAVY,DROP_COLUMN,MEDIUM,0.68,1.26,1,0
MIG-10852,order_shipments,29665.28,28.97,7724571,143,WRITE_HEAVY,ADD_INDEX_LOCKING,LOW,6.11,5.13,1,0
MIG-10853,order_shipments,67993.6,66.4,17705516,585,READ_HEAVY,ADD_COLUMN_DEFAULT,MEDIUM,0.86,1.41,1,0
MIG-10854,orders,170158.08,166.17,20771782,3681,MIXED_OLTP,ADD_INDEX_CONCURRENTLY,CRITICAL,0.86,5.94,1,0
MIG-10855,order_items,209766.4,204.85,32923065,1768,READ_HEAVY,ADD_COLUMN_DEFAULT,HIGH,1.8,6.45,1,0
MIG-10856,order_payments,132311.04,129.21,31804622,1717,WRITE_HEAVY,DROP_COLUMN,HIGH,0.97,3.86,1,0
MIG-10857,order_shipments,97792.0,95.5,25465764,804,MIXED_OLTP,ADD_INDEX_LOCKING,MEDIUM,15.99,20.06,1,0
MIG-10858,order_items,245370.88,239.62,38510467,754,WRITE_HEAVY,ADD_INDEX_CONCURRENTLY,MEDIUM,0.97,1.22,1,0
MIG-10859,order_items,221460.48,216.27,34757517,1467,MIXED_OLTP,ADD_INDEX_LOCKING,MEDIUM,24.8,51.46,0,1
MIG-10860,order_payments,52254.72,51.03,12560949,2458,MIXED_OLTP,ADD_INDEX_CONCURRENTLY,HIGH,0.31,1.14,1,0
MIG-10861,order_payments,73041.92,71.33,17557740,1176,MIXED_OLTP,ADD_COLUMN_DEFAULT,MEDIUM,0.92,1.32,1,0
MIG-10862,order_payments,128849.92,125.83,30972942,2529,WRITE_HEAVY,DROP_COLUMN,HIGH,1.02,2.93,1,0
MIG-10863,order_items,422256.64,412.36,66272809,1582,WRITE_HEAVY,ADD_INDEX_CONCURRENTLY,HIGH,1.36,4.33,1,0
MIG-10864,orders,64092.16,62.59,7823942,993,MIXED_OLTP,TABLE_REWRITE,MEDIUM,53.43,55.19,0,1
MIG-10865,order_shipments,57661.44,56.31,15016348,2411,READ_HEAVY,DROP_COLUMN,HIGH,0.62,2.15,1,0
MIG-10866,order_shipments,25927.68,25.32,6751164,1439,READ_HEAVY,ADD_INDEX_CONCURRENTLY,MEDIUM,0.22,0.26,1,0
MIG-10867,order_payments,75294.72,73.53,18098966,274,READ_HEAVY,ADD_INDEX_CONCURRENTLY,LOW,0.37,0.51,1,0
MIG-10868,orders,138403.84,135.16,16895043,773,WRITE_HEAVY,ADD_INDEX_LOCKING,MEDIUM,19.44,30.4,0,1
MIG-10869,orders,192552.96,188.04,23505521,1254,READ_HEAVY,ALTER_COLUMN_TYPE,MEDIUM,49.27,126.73,0,1
MIG-10870,order_payments,92456.96,90.29,22224274,684,ANALYTICAL_BATCH,ADD_INDEX_CONCURRENTLY,MEDIUM,0.47,0.62,1,0
MIG-10871,orders,242636.8,236.95,29618379,2825,MIXED_OLTP,ADD_INDEX_CONCURRENTLY,HIGH,0.87,4.2,1,0
MIG-10872,customer_sessions,15390.72,15.03,3434362,2035,READ_HEAVY,DROP_COLUMN,HIGH,0.23,0.73,1,0
MIG-10873,order_items,514150.4,502.1,80693904,565,ANALYTICAL_BATCH,ADD_COLUMN_DEFAULT,MEDIUM,4.15,6.42,1,0
MIG-10874,order_payments,29337.6,28.65,7052560,3880,MIXED_OLTP,ADD_COLUMN_DEFAULT,CRITICAL,0.53,3.4,1,0
MIG-10875,order_shipments,43673.6,42.65,11372660,5449,WRITE_HEAVY,ADD_COLUMN_DEFAULT,CRITICAL,0.61,10.45,1,0
MIG-10876,order_items,568678.4,555.35,89252714,273,MIXED_OLTP,ADD_COLUMN_DEFAULT,LOW,4.82,7.32,1,0
MIG-10877,order_items,471009.28,459.97,73923547,557,WRITE_HEAVY,ADD_INDEX_CONCURRENTLY,MEDIUM,1.39,1.73,1,0
MIG-10878,order_items,203458.56,198.69,31931730,3931,WRITE_HEAVY,ADD_COLUMN_DEFAULT,CRITICAL,2.0,21.17,1,0
MIG-10879,order_items,367984.64,359.36,57753548,1232,READ_HEAVY,ADD_INDEX_CONCURRENTLY,MEDIUM,1.43,2.42,1,0
MIG-10880,order_items,487260.16,475.84,76474238,554,WRITE_HEAVY,ADD_INDEX_CONCURRENTLY,MEDIUM,1.63,2.42,1,0
MIG-10881,order_items,598446.08,584.42,93924809,5257,WRITE_HEAVY,TABLE_REWRITE,CRITICAL,218.13,10761.01,0,1
MIG-10882,customer_sessions,55255.04,53.96,12334225,2629,READ_HEAVY,ADD_INDEX_CONCURRENTLY,HIGH,0.35,1.36,1,0
MIG-10883,order_items,127426.56,124.44,19998708,2627,WRITE_HEAVY,ADD_INDEX_CONCURRENTLY,HIGH,0.56,3.2,1,0
MIG-10884,orders,159682.56,155.94,19491950,4882,READ_HEAVY,ALTER_COLUMN_TYPE,CRITICAL,55.64,1791.8,0,1
MIG-10885,order_items,193628.16,189.09,30389892,160,WRITE_HEAVY,TABLE_REWRITE,LOW,104.4,97.81,0,1
MIG-10886,order_items,139345.92,136.08,21870143,2702,MIXED_OLTP,ALTER_COLUMN_TYPE,HIGH,38.73,458.29,0,1
MIG-10887,orders,181534.72,177.28,22159787,1811,MIXED_OLTP,ADD_INDEX_CONCURRENTLY,HIGH,0.92,2.08,1,0
MIG-10888,orders,220999.68,215.82,26976891,653,WRITE_HEAVY,DROP_COLUMN,MEDIUM,1.58,2.01,1,0
MIG-10889,order_payments,30945.28,30.22,7438543,116,MIXED_OLTP,DROP_COLUMN,LOW,0.41,0.4,1,0
MIG-10890,order_items,519096.32,506.93,81470730,157,WRITE_HEAVY,ADD_INDEX_LOCKING,LOW,51.13,47.73,0,1
MIG-10891,customer_sessions,59904.0,58.5,13371985,1696,WRITE_HEAVY,ADD_INDEX_CONCURRENTLY,HIGH,0.41,1.1,1,0
MIG-10892,orders,215480.32,210.43,26303645,2826,READ_HEAVY,ADD_COLUMN_DEFAULT,HIGH,2.24,7.51,1,0
MIG-10893,orders,103280.64,100.86,12607666,3152,WRITE_HEAVY,ADD_INDEX_CONCURRENTLY,CRITICAL,0.59,4.35,1,0
MIG-10894,order_payments,73779.2,72.05,17735549,1147,WRITE_HEAVY,DROP_COLUMN,MEDIUM,0.75,1.31,1,0
MIG-10895,order_shipments,28364.8,27.7,7386617,1580,MIXED_OLTP,ADD_COLUMN_DEFAULT,HIGH,0.54,1.03,1,0
MIG-10896,orders,101990.4,99.6,12450055,484,MIXED_OLTP,ADD_COLUMN_DEFAULT,LOW,1.06,1.18,1,0
MIG-10897,orders,116121.6,113.4,14175321,4405,ANALYTICAL_BATCH,DROP_COLUMN,CRITICAL,1.0,8.12,1,0
MIG-10898,orders,119808.0,117.0,14624789,1014,ANALYTICAL_BATCH,ALTER_COLUMN_TYPE,MEDIUM,42.55,78.66,0,1
MIG-10899,order_items,205025.28,200.22,32178230,1615,READ_HEAVY,TABLE_REWRITE,HIGH,106.27,664.05,0,1
MIG-10900,order_items,212080.64,207.11,33285655,1368,WRITE_HEAVY,DROP_COLUMN,MEDIUM,1.16,2.61,1,0
MIG-10901,orders,248545.28,242.72,30339700,270,WRITE_HEAVY,ADD_INDEX_CONCURRENTLY,LOW,0.97,1.14,1,0
MIG-10902,orders,222535.68,217.32,27165127,156,READ_HEAVY,ALTER_COLUMN_TYPE,LOW,58.22,71.23,0,1
MIG-10903,order_items,292474.88,285.62,45902693,2564,MIXED_OLTP,ADD_INDEX_CONCURRENTLY,HIGH,1.29,3.03,1,0
MIG-10904,customer_sessions,75468.8,73.7,16846066,477,WRITE_HEAVY,ADD_INDEX_CONCURRENTLY,LOW,0.49,0.5,1,0
MIG-10905,order_payments,55244.8,53.95,13280974,1522,WRITE_HEAVY,ADD_COLUMN_DEFAULT,HIGH,0.68,2.24,1,0
MIG-10906,order_items,324648.96,317.04,50952456,701,READ_HEAVY,DROP_COLUMN,MEDIUM,1.8,1.73,1,0
MIG-10907,orders,229089.28,223.72,27965183,1138,MIXED_OLTP,ADD_INDEX_CONCURRENTLY,MEDIUM,0.83,1.72,1,0
MIG-10908,orders,147107.84,143.66,17957931,562,READ_HEAVY,ADD_INDEX_CONCURRENTLY,MEDIUM,0.58,0.76,1,0
MIG-10909,orders,101048.32,98.68,12334883,402,MIXED_OLTP,ADD_INDEX_CONCURRENTLY,LOW,0.61,0.59,1,0
MIG-10910,order_payments,70778.88,69.12,17013821,1110,READ_HEAVY,DROP_COLUMN,MEDIUM,0.55,0.91,1,0
MIG-10911,order_shipments,59965.44,58.56,15615575,1036,READ_HEAVY,ADD_INDEX_LOCKING,MEDIUM,11.06,19.3,1,0
MIG-10912,order_shipments,69908.48,68.27,18205918,827,READ_HEAVY,ADD_COLUMN_DEFAULT,MEDIUM,1.02,1.12,1,0
MIG-10913,customer_sessions,40499.2,39.55,9040733,2213,MIXED_OLTP,ADD_COLUMN_DEFAULT,HIGH,0.72,1.92,1,0
MIG-10914,customer_sessions,42158.08,41.17,9410782,582,MIXED_OLTP,ALTER_COLUMN_TYPE,MEDIUM,17.66,28.34,0,1
MIG-10915,customer_sessions,31365.12,30.63,7000788,1230,READ_HEAVY,ADD_COLUMN_DEFAULT,MEDIUM,0.56,1.21,1,0
MIG-10916,orders,167567.36,163.64,20454377,2421,WRITE_HEAVY,ADD_COLUMN_DEFAULT,HIGH,1.82,7.43,1,0
MIG-10917,orders,97689.6,95.4,11925318,311,WRITE_HEAVY,DROP_COLUMN,LOW,0.94,0.98,1,0
MIG-10918,order_items,562411.52,549.23,88269623,1283,WRITE_HEAVY,ADD_INDEX_LOCKING,MEDIUM,55.56,107.95,0,1
MIG-10919,order_items,500398.08,488.67,78536732,303,WRITE_HEAVY,ADD_INDEX_LOCKING,LOW,47.69,61.11,0,1
MIG-10920,orders,139898.88,136.62,17077532,261,WRITE_HEAVY,ADD_INDEX_CONCURRENTLY,LOW,0.55,0.91,1,0
MIG-10921,order_shipments,80414.72,78.53,20940121,420,MIXED_OLTP,ALTER_COLUMN_TYPE,LOW,31.86,39.69,0,1
MIG-10922,order_items,118302.72,115.53,18566671,1434,MIXED_OLTP,ADD_COLUMN_DEFAULT,MEDIUM,1.4,3.19,1,0
MIG-10923,order_items,292474.88,285.62,45903627,435,MIXED_OLTP,ALTER_COLUMN_TYPE,LOW,91.12,92.53,0,1
MIG-10924,orders,146544.64,143.11,17888130,4277,MIXED_OLTP,ADD_COLUMN_DEFAULT,CRITICAL,1.53,10.67,1,0
MIG-10925,orders,153067.52,149.48,18684559,2052,ANALYTICAL_BATCH,ADD_COLUMN_DEFAULT,HIGH,1.54,6.31,1,0
MIG-10926,orders,214763.52,209.73,26215749,152,ANALYTICAL_BATCH,ADD_INDEX_CONCURRENTLY,LOW,0.79,1.21,1,0
MIG-10927,order_shipments,98293.76,95.99,25596640,915,WRITE_HEAVY,ADD_COLUMN_DEFAULT,MEDIUM,1.43,1.2,1,0
MIG-10928,order_items,310804.48,303.52,48779767,432,WRITE_HEAVY,ADD_COLUMN_DEFAULT,LOW,2.64,4.06,1,0
MIG-10929,order_payments,68628.48,67.02,16497275,420,WRITE_HEAVY,ALTER_COLUMN_TYPE,LOW,25.24,34.23,0,1
MIG-10930,orders,184186.88,179.87,22483911,3320,MIXED_OLTP,ALTER_COLUMN_TYPE,CRITICAL,61.86,792.47,0,1
MIG-10931,order_items,259840.0,253.75,40781542,1044,WRITE_HEAVY,ADD_COLUMN_DEFAULT,MEDIUM,2.57,4.54,1,0
MIG-10932,order_items,187637.76,183.24,29449377,367,WRITE_HEAVY,ALTER_COLUMN_TYPE,LOW,53.66,71.14,0,1
MIG-10933,order_payments,141824.0,138.5,34092377,4717,READ_HEAVY,ALTER_COLUMN_TYPE,CRITICAL,53.25,1477.75,0,1
MIG-10934,order_payments,123617.28,120.72,29714462,5188,READ_HEAVY,TABLE_REWRITE,CRITICAL,74.11,928.2,0,1
MIG-10935,orders,261160.96,255.04,31879487,575,READ_HEAVY,ADD_COLUMN_DEFAULT,MEDIUM,2.32,3.52,1,0
MIG-10936,customer_sessions,28385.28,27.72,6336793,2197,MIXED_OLTP,ADD_INDEX_CONCURRENTLY,HIGH,0.22,0.57,1,0
MIG-10937,orders,53094.4,51.85,6480848,1643,READ_HEAVY,TABLE_REWRITE,HIGH,35.72,216.29,0,1
MIG-10938,order_shipments,54702.08,53.42,14244850,2587,MIXED_OLTP,DROP_COLUMN,HIGH,0.46,1.83,1,0
MIG-10939,orders,255651.84,249.66,31207442,1031,WRITE_HEAVY,ADD_COLUMN_DEFAULT,MEDIUM,2.66,4.22,1,0
MIG-10940,orders,79749.12,77.88,9734784,2148,MIXED_OLTP,ADD_COLUMN_DEFAULT,HIGH,0.96,2.59,1,0
MIG-10941,order_shipments,28149.76,27.49,7331207,1319,READ_HEAVY,ADD_INDEX_CONCURRENTLY,MEDIUM,0.24,0.44,1,0
MIG-10942,orders,64399.36,62.89,7861725,1346,WRITE_HEAVY,ADD_INDEX_CONCURRENTLY,MEDIUM,0.35,0.79,1,0
MIG-10943,order_items,509511.68,497.57,79966457,226,ANALYTICAL_BATCH,ADD_INDEX_CONCURRENTLY,LOW,1.8,1.81,1,0
MIG-10944,order_items,520304.64,508.11,81660049,1315,ANALYTICAL_BATCH,DROP_COLUMN,MEDIUM,2.63,5.46,1,0
MIG-10945,orders,202956.8,198.2,24775153,484,MIXED_OLTP,ADD_COLUMN_DEFAULT,LOW,1.78,2.35,1,0
MIG-10946,order_payments,33013.76,32.24,7934805,120,ANALYTICAL_BATCH,ADD_COLUMN_DEFAULT,LOW,0.65,0.68,1,0
MIG-10947,order_shipments,78428.16,76.59,20423028,1260,READ_HEAVY,ADD_INDEX_CONCURRENTLY,MEDIUM,0.48,0.73,1,0
MIG-10948,order_shipments,55644.16,54.34,14490382,3288,WRITE_HEAVY,ADD_INDEX_CONCURRENTLY,CRITICAL,0.4,2.04,1,0
MIG-10949,order_items,196177.92,191.58,30789448,412,WRITE_HEAVY,ADD_COLUMN_DEFAULT,LOW,2.23,2.07,1,0
MIG-10950,order_items,266997.76,260.74,41905206,1179,MIXED_OLTP,ADD_INDEX_CONCURRENTLY,MEDIUM,0.94,1.34,1,0
MIG-10951,orders,160000.0,156.25,19530964,2751,MIXED_OLTP,ALTER_COLUMN_TYPE,HIGH,54.62,692.08,0,1
MIG-10952,orders,122060.8,119.2,14900589,1074,ANALYTICAL_BATCH,ADD_COLUMN_DEFAULT,MEDIUM,1.15,3.57,1,0
MIG-10953,orders,263649.28,257.47,32183229,1881,MIXED_OLTP,ADD_COLUMN_DEFAULT,HIGH,2.43,5.9,1,0
MIG-10954,customer_sessions,44963.84,43.91,10036281,1195,READ_HEAVY,ADD_COLUMN_DEFAULT,MEDIUM,0.78,1.09,1,0
MIG-10955,order_shipments,49295.36,48.14,12838451,1995,WRITE_HEAVY,DROP_COLUMN,HIGH,0.46,1.59,1,0
MIG-10956,order_payments,107274.24,104.76,25787164,112,WRITE_HEAVY,ADD_INDEX_CONCURRENTLY,LOW,0.49,0.57,1,0
MIG-10957,order_items,450426.88,439.87,70694149,618,READ_HEAVY,ADD_INDEX_LOCKING,MEDIUM,45.6,68.66,0,1
MIG-10958,order_items,115947.52,113.23,18197581,2805,MIXED_OLTP,ADD_INDEX_CONCURRENTLY,HIGH,0.48,2.57,1,0
MIG-10959,order_items,433879.04,423.71,68096369,252,WRITE_HEAVY,ADD_COLUMN_DEFAULT,LOW,4.07,3.96,1,0
MIG-10960,order_items,240496.64,234.86,37745286,157,ANALYTICAL_BATCH,ADD_COLUMN_DEFAULT,LOW,2.5,2.67,1,0
MIG-10961,order_items,308346.88,301.12,48393924,535,MIXED_OLTP,DROP_COLUMN,MEDIUM,1.49,2.49,1,0
MIG-10962,orders,205383.68,200.57,25071420,1561,WRITE_HEAVY,DROP_COLUMN,HIGH,1.3,3.33,1,0
MIG-10963,orders,172441.6,168.4,21049427,1251,MIXED_OLTP,ADD_INDEX_LOCKING,MEDIUM,17.71,44.37,0,1
MIG-10964,customer_sessions,38123.52,37.23,8508634,1695,READ_HEAVY,ADD_COLUMN_DEFAULT,HIGH,0.69,2.02,1,0
MIG-10965,order_items,201082.88,196.37,31560238,2703,MIXED_OLTP,ADD_INDEX_CONCURRENTLY,HIGH,0.96,3.75,1,0
MIG-10966,customer_sessions,46950.4,45.85,10478943,323,READ_HEAVY,DROP_COLUMN,LOW,0.52,0.34,1,0
MIG-10967,orders,119787.52,116.98,14622882,3534,READ_HEAVY,ADD_COLUMN_DEFAULT,CRITICAL,1.25,7.96,1,0
MIG-10968,order_items,585850.88,572.12,91947152,2851,WRITE_HEAVY,DROP_COLUMN,HIGH,2.64,13.65,1,0
MIG-10969,orders,167342.08,163.42,20427359,989,READ_HEAVY,ADD_COLUMN_DEFAULT,MEDIUM,1.86,2.53,1,0
MIG-10970,orders,240691.2,235.05,29381027,894,MIXED_OLTP,ADD_COLUMN_DEFAULT,MEDIUM,2.24,3.38,1,0
MIG-10971,orders,135454.72,132.28,16534887,1171,ANALYTICAL_BATCH,ADD_INDEX_LOCKING,MEDIUM,20.09,47.32,0,1
MIG-10972,orders,232171.52,226.73,28340803,4644,MIXED_OLTP,ADD_COLUMN_DEFAULT,CRITICAL,2.49,12.81,1,0
MIG-10973,order_shipments,23121.92,22.58,6021197,1242,WRITE_HEAVY,ALTER_COLUMN_TYPE,MEDIUM,12.52,26.22,0,1
MIG-10974,order_items,268544.0,262.25,42147641,1114,ANALYTICAL_BATCH,ADD_INDEX_LOCKING,MEDIUM,23.48,79.33,0,1
MIG-10975,order_items,155033.6,151.4,24332250,5423,WRITE_HEAVY,ADD_COLUMN_DEFAULT,CRITICAL,1.92,18.33,1,0
MIG-10976,order_items,131020.8,127.95,20563664,2123,WRITE_HEAVY,ADD_INDEX_CONCURRENTLY,HIGH,0.71,2.27,1,0
MIG-10977,order_items,588912.64,575.11,92427841,180,MIXED_OLTP,ADD_INDEX_CONCURRENTLY,LOW,2.02,1.73,1,0
MIG-10978,order_items,484659.2,473.3,76066368,1690,ANALYTICAL_BATCH,ADD_INDEX_CONCURRENTLY,HIGH,1.48,4.19,1,0
MIG-10979,orders,187412.48,183.02,22877971,1870,ANALYTICAL_BATCH,ADD_INDEX_CONCURRENTLY,HIGH,0.84,3.09,1,0
MIG-10980,customer_sessions,48691.2,47.55,10867896,1273,MIXED_OLTP,ADD_INDEX_CONCURRENTLY,MEDIUM,0.34,0.64,1,0
MIG-10981,order_shipments,65669.12,64.13,17102367,1353,WRITE_HEAVY,DROP_COLUMN,MEDIUM,0.71,1.32,1,0
MIG-10982,order_payments,103147.52,100.73,24794282,1937,WRITE_HEAVY,ADD_COLUMN_DEFAULT,HIGH,1.26,3.66,1,0
MIG-10983,order_items,541286.4,528.6,84952963,597,WRITE_HEAVY,ADD_INDEX_CONCURRENTLY,MEDIUM,1.72,2.59,1,0
MIG-10984,orders,181176.32,176.93,22115991,4800,READ_HEAVY,ADD_COLUMN_DEFAULT,CRITICAL,1.83,10.19,1,0
MIG-10985,customer_sessions,62627.84,61.16,13979562,1285,READ_HEAVY,ADD_INDEX_LOCKING,MEDIUM,9.05,19.21,1,0
MIG-10986,order_items,259696.64,253.61,40759222,1582,WRITE_HEAVY,ADD_COLUMN_DEFAULT,HIGH,1.99,5.73,1,0
MIG-10987,orders,265195.52,258.98,32372566,1700,READ_HEAVY,ALTER_COLUMN_TYPE,HIGH,78.35,341.46,0,1
MIG-10988,order_items,131153.92,128.08,20583673,234,READ_HEAVY,ALTER_COLUMN_TYPE,LOW,49.52,54.02,0,1
MIG-10989,order_payments,72939.52,71.23,17533405,285,MIXED_OLTP,ALTER_COLUMN_TYPE,LOW,34.15,33.03,0,1
MIG-10990,order_items,569907.2,556.55,89446013,3276,READ_HEAVY,DROP_COLUMN,CRITICAL,3.1,9.06,1,0
MIG-10991,order_payments,48250.88,47.12,11599061,2388,WRITE_HEAVY,ADD_INDEX_LOCKING,HIGH,10.3,88.42,0,1
MIG-10992,order_payments,43560.96,42.54,10470537,996,MIXED_OLTP,ADD_COLUMN_DEFAULT,MEDIUM,0.79,0.96,1,0
MIG-10993,orders,129976.32,126.93,15866630,407,MIXED_OLTP,DROP_COLUMN,LOW,1.07,0.86,1,0
MIG-10994,customer_sessions,41963.52,40.98,9366003,481,WRITE_HEAVY,ADD_INDEX_CONCURRENTLY,LOW,0.33,0.32,1,0
MIG-10995,order_items,596408.32,582.43,93604918,145,WRITE_HEAVY,ADD_INDEX_CONCURRENTLY,LOW,1.68,1.53,1,0
MIG-10996,order_items,546201.6,533.4,85725682,952,ANALYTICAL_BATCH,TABLE_REWRITE,MEDIUM,169.47,293.39,0,1
MIG-10997,orders,151797.76,148.24,18530420,1324,MIXED_OLTP,ADD_COLUMN_DEFAULT,MEDIUM,1.87,3.37,1,0
MIG-10998,customer_sessions,77107.2,75.3,17210841,103,WRITE_HEAVY,ADD_INDEX_CONCURRENTLY,LOW,0.38,0.31,1,0
MIG-10999,orders,191211.52,186.73,23341516,2775,READ_HEAVY,ADD_INDEX_CONCURRENTLY,HIGH,0.74,1.6,1,0
MIG-11000,orders,242391.04,236.71,29588785,3991,READ_HEAVY,ADD_COLUMN_DEFAULT,CRITICAL,2.58,15.41,1,0
MIG-11001,order_items,241674.24,236.01,37930615,4983,WRITE_HEAVY,ALTER_COLUMN_TYPE,CRITICAL,75.56,1659.45,0,1
MIG-11002,orders,157306.88,153.62,19202030,2401,WRITE_HEAVY,ALTER_COLUMN_TYPE,HIGH,52.91,533.29,0,1
MIG-11003,orders,55726.08,54.42,6802364,1437,ANALYTICAL_BATCH,ADD_INDEX_CONCURRENTLY,MEDIUM,0.41,0.98,1,0
MIG-11004,order_items,119275.52,116.48,18719295,650,READ_HEAVY,ADD_INDEX_CONCURRENTLY,MEDIUM,0.49,0.76,1,0
MIG-11005,order_items,478771.2,467.55,75141710,1372,WRITE_HEAVY,ADD_INDEX_CONCURRENTLY,MEDIUM,1.41,3.05,1,0
MIG-11006,customer_sessions,21964.8,21.45,4903428,326,MIXED_OLTP,DROP_COLUMN,LOW,0.33,0.25,1,0
MIG-11007,order_items,397414.4,388.1,62372467,4919,READ_HEAVY,ADD_COLUMN_DEFAULT,CRITICAL,2.71,18.04,1,0
MIG-11008,order_payments,110008.32,107.43,26445015,2659,READ_HEAVY,ADD_INDEX_LOCKING,HIGH,13.62,181.39,0,1
MIG-11009,order_items,131328.0,128.25,20611001,2369,WRITE_HEAVY,DROP_COLUMN,HIGH,0.94,2.83,1,0
MIG-11010,order_payments,80384.0,78.5,19323752,952,WRITE_HEAVY,ADD_INDEX_CONCURRENTLY,MEDIUM,0.5,0.83,1,0
MIG-11011,order_items,467773.44,456.81,73416306,423,WRITE_HEAVY,ADD_INDEX_CONCURRENTLY,LOW,1.32,1.53,1,0
MIG-11012,order_items,573870.08,560.42,90068210,4264,ANALYTICAL_BATCH,ADD_COLUMN_DEFAULT,CRITICAL,3.77,50.83,0,1
MIG-11013,customer_sessions,33638.4,32.85,7508913,490,READ_HEAVY,ADD_INDEX_LOCKING,LOW,5.58,6.78,1,0
MIG-11014,order_items,617482.24,603.01,96911538,366,MIXED_OLTP,DROP_COLUMN,LOW,3.23,3.42,1,0
MIG-11015,orders,235950.08,230.42,28802620,2455,WRITE_HEAVY,TABLE_REWRITE,HIGH,119.03,679.34,0,1
MIG-11016,order_payments,104570.88,102.12,25138290,2373,MIXED_OLTP,ADD_INDEX_CONCURRENTLY,HIGH,0.48,2.51,1,0
MIG-11017,order_shipments,50944.0,49.75,13265590,197,READ_HEAVY,TABLE_REWRITE,LOW,38.48,40.37,0,1
MIG-11018,orders,206438.4,201.6,25199980,1248,MIXED_OLTP,ADD_INDEX_CONCURRENTLY,MEDIUM,0.79,1.5,1,0
MIG-11019,order_items,535920.64,523.36,84111654,1871,READ_HEAVY,ADD_COLUMN_DEFAULT,HIGH,3.66,9.77,1,0
MIG-11020,order_shipments,43591.68,42.57,11351277,4538,READ_HEAVY,ADD_INDEX_CONCURRENTLY,CRITICAL,0.32,1.76,1,0
MIG-11021,order_payments,145571.84,142.16,34993505,1295,WRITE_HEAVY,ADD_INDEX_CONCURRENTLY,MEDIUM,0.72,1.02,1,0
MIG-11022,customer_sessions,72949.76,71.24,16284118,2176,WRITE_HEAVY,ADD_INDEX_CONCURRENTLY,HIGH,0.38,0.86,1,0
MIG-11023,order_items,365250.56,356.69,57325616,1489,MIXED_OLTP,ADD_INDEX_CONCURRENTLY,MEDIUM,1.33,1.81,1,0
MIG-11024,order_payments,113223.68,110.57,27217501,1745,WRITE_HEAVY,DROP_COLUMN,HIGH,1.01,2.54,1,0
MIG-11025,order_items,385126.4,376.1,60444720,710,WRITE_HEAVY,ADD_INDEX_LOCKING,MEDIUM,39.4,59.3,0,1
MIG-11026,customer_sessions,63426.56,61.94,14157399,1954,ANALYTICAL_BATCH,ADD_INDEX_LOCKING,HIGH,11.56,53.36,0,1
MIG-11027,order_items,541491.2,528.8,84985558,2955,WRITE_HEAVY,ALTER_COLUMN_TYPE,HIGH,102.04,1935.46,0,1
MIG-11028,order_payments,29409.28,28.72,7068809,1034,READ_HEAVY,ADD_INDEX_LOCKING,MEDIUM,5.77,9.04,1,0
MIG-11029,order_items,155525.12,151.88,24409694,207,MIXED_OLTP,TABLE_REWRITE,LOW,69.93,104.14,0,1
MIG-11030,order_items,288337.92,281.58,45253860,2948,MIXED_OLTP,ADD_INDEX_CONCURRENTLY,HIGH,1.13,4.45,1,0
MIG-11031,order_payments,136560.64,133.36,32827272,265,WRITE_HEAVY,TABLE_REWRITE,LOW,69.4,92.59,0,1
MIG-11032,order_items,320235.52,312.73,50260160,1899,READ_HEAVY,ADD_COLUMN_DEFAULT,HIGH,3.24,10.29,1,0
MIG-11033,order_shipments,92047.36,89.89,23970263,1408,READ_HEAVY,ADD_COLUMN_DEFAULT,MEDIUM,1.08,1.63,1,0
MIG-11034,order_items,353351.68,345.07,55457146,161,READ_HEAVY,DROP_COLUMN,LOW,1.87,2.35,1,0
MIG-11035,order_items,263761.92,257.58,41397086,2942,MIXED_OLTP,ADD_INDEX_CONCURRENTLY,HIGH,0.95,4.32,1,0
MIG-11036,order_items,579512.32,565.93,90952259,545,ANALYTICAL_BATCH,ADD_INDEX_CONCURRENTLY,MEDIUM,2.06,2.69,1,0
MIG-11037,order_items,404049.92,394.58,63414332,4417,WRITE_HEAVY,ADD_COLUMN_DEFAULT,CRITICAL,3.34,31.28,0,1
MIG-11038,order_items,300728.32,293.68,47199227,1082,WRITE_HEAVY,ADD_INDEX_LOCKING,MEDIUM,31.35,58.73,0,1
MIG-11039,orders,58972.16,57.59,7198989,480,MIXED_OLTP,ALTER_COLUMN_TYPE,LOW,21.58,27.64,0,1
MIG-11040,orders,73687.04,71.96,8995194,471,READ_HEAVY,ADD_INDEX_CONCURRENTLY,LOW,0.48,0.48,1,0
MIG-11041,order_payments,43315.2,42.3,10412137,1342,MIXED_OLTP,ADD_INDEX_CONCURRENTLY,MEDIUM,0.3,0.63,1,0
MIG-11042,order_payments,70338.56,68.69,16907285,2873,WRITE_HEAVY,DROP_COLUMN,HIGH,0.58,2.43,1,0
MIG-11043,order_payments,99389.44,97.06,23891189,1366,WRITE_HEAVY,ADD_COLUMN_DEFAULT,MEDIUM,1.19,2.18,1,0
MIG-11044,orders,117186.56,114.44,14304933,305,MIXED_OLTP,ADD_INDEX_CONCURRENTLY,LOW,0.58,0.68,1,0
MIG-11045,order_items,148510.72,145.03,23307738,5170,ANALYTICAL_BATCH,ADD_COLUMN_DEFAULT,CRITICAL,1.84,20.14,1,0
MIG-11046,orders,107724.8,105.2,13149835,408,WRITE_HEAVY,ADD_INDEX_LOCKING,LOW,17.05,16.68,1,0
MIG-11047,order_payments,75591.68,73.82,18170031,886,MIXED_OLTP,ADD_INDEX_CONCURRENTLY,MEDIUM,0.5,0.7,1,0
MIG-11048,order_shipments,100730.88,98.37,26233030,5200,READ_HEAVY,ADD_INDEX_CONCURRENTLY,CRITICAL,0.54,4.49,1,0
MIG-11049,orders,136079.36,132.89,16610646,1545,WRITE_HEAVY,ADD_INDEX_CONCURRENTLY,HIGH,0.61,2.47,1,0
MIG-11050,order_payments,37314.56,36.44,8968828,602,READ_HEAVY,ADD_COLUMN_DEFAULT,MEDIUM,0.71,1.18,1,0
MIG-11051,orders,177684.48,173.52,21690099,3411,WRITE_HEAVY,ADD_INDEX_CONCURRENTLY,CRITICAL,0.75,8.66,1,0
MIG-11052,orders,252559.36,246.64,30830281,1034,MIXED_OLTP,DROP_COLUMN,MEDIUM,1.78,2.75,1,0
MIG-11053,orders,223160.32,217.93,27240783,129,WRITE_HEAVY,ALTER_COLUMN_TYPE,LOW,61.09,76.37,0,1
MIG-11054,orders,234106.88,228.62,28577894,189,READ_HEAVY,ADD_INDEX_CONCURRENTLY,LOW,0.83,1.03,1,0
MIG-11055,order_payments,137830.4,134.6,33133075,3605,WRITE_HEAVY,ADD_INDEX_CONCURRENTLY,CRITICAL,0.62,4.89,1,0
MIG-11056,order_shipments,71229.44,69.56,18549339,742,MIXED_OLTP,ADD_INDEX_CONCURRENTLY,MEDIUM,0.36,0.63,1,0
MIG-11057,orders,269209.6,262.9,32862913,1582,ANALYTICAL_BATCH,TABLE_REWRITE,HIGH,128.08,1317.24,0,1
MIG-11058,order_items,131860.48,128.77,20695807,189,READ_HEAVY,ADD_COLUMN_DEFAULT,LOW,1.36,1.26,1,0
MIG-11059,order_payments,126648.32,123.68,30443382,210,READ_HEAVY,ADD_INDEX_LOCKING,LOW,16.28,13.84,1,0
MIG-11060,customer_sessions,69621.76,67.99,15540953,4896,ANALYTICAL_BATCH,ALTER_COLUMN_TYPE,CRITICAL,28.07,1005.77,0,1
MIG-11061,order_items,587796.48,574.02,92252731,4472,WRITE_HEAVY,TABLE_REWRITE,CRITICAL,231.56,6227.03,0,1
MIG-11062,orders,154910.72,151.28,18910575,225,MIXED_OLTP,ALTER_COLUMN_TYPE,LOW,44.81,47.18,0,1
MIG-11063,order_items,521246.72,509.03,81808229,156,READ_HEAVY,ADD_INDEX_CONCURRENTLY,LOW,1.66,1.55,1,0
MIG-11064,order_items,215367.68,210.32,33801512,2270,MIXED_OLTP,DROP_COLUMN,HIGH,1.28,2.98,1,0
MIG-11065,customer_sessions,53248.0,52.0,11885075,815,WRITE_HEAVY,TABLE_REWRITE,MEDIUM,42.6,77.75,0,1
MIG-11066,order_items,299786.24,292.76,47050257,1197,WRITE_HEAVY,DROP_COLUMN,MEDIUM,1.73,4.09,1,0
MIG-11067,order_payments,98048.0,95.75,23569801,189,WRITE_HEAVY,ADD_INDEX_LOCKING,LOW,12.19,14.13,1,0
MIG-11068,orders,198574.08,193.92,24240133,5492,WRITE_HEAVY,ALTER_COLUMN_TYPE,CRITICAL,48.64,2293.12,0,1
MIG-11069,order_items,293806.08,286.92,46112562,138,WRITE_HEAVY,DROP_COLUMN,LOW,1.91,1.8,1,0
MIG-11070,order_shipments,36372.48,35.52,9470747,1334,ANALYTICAL_BATCH,DROP_COLUMN,MEDIUM,0.35,0.79,1,0
MIG-11071,order_items,280709.12,274.13,44056720,1176,WRITE_HEAVY,DROP_COLUMN,MEDIUM,1.54,2.69,1,0
MIG-11072,order_items,457349.12,446.63,71780536,369,WRITE_HEAVY,ADD_COLUMN_DEFAULT,LOW,3.26,4.02,1,0
MIG-11073,customer_sessions,57999.36,56.64,12946988,1393,WRITE_HEAVY,ADD_INDEX_CONCURRENTLY,MEDIUM,0.34,0.81,1,0
MIG-11074,order_shipments,79923.2,78.05,20812445,951,READ_HEAVY,DROP_COLUMN,MEDIUM,0.67,1.11,1,0
MIG-11075,order_items,179988.48,175.77,28249465,2573,READ_HEAVY,TABLE_REWRITE,HIGH,110.06,877.22,0,1
MIG-11076,order_items,537118.72,524.53,84299908,1028,WRITE_HEAVY,ALTER_COLUMN_TYPE,MEDIUM,130.33,120.93,0,1
MIG-11077,order_items,469841.92,458.83,73739971,373,MIXED_OLTP,ADD_INDEX_CONCURRENTLY,LOW,1.56,1.74,1,0
MIG-11078,order_items,130426.88,127.37,20470911,4382,MIXED_OLTP,ALTER_COLUMN_TYPE,CRITICAL,48.52,1105.47,0,1
MIG-11079,order_items,287887.36,281.14,45183425,1483,WRITE_HEAVY,ADD_INDEX_CONCURRENTLY,MEDIUM,1.14,1.67,1,0
MIG-11080,orders,152381.44,148.81,18601203,823,MIXED_OLTP,DROP_COLUMN,MEDIUM,1.11,1.93,1,0
MIG-11081,order_shipments,48343.04,47.21,12589337,392,READ_HEAVY,TABLE_REWRITE,LOW,38.15,33.43,0,1
MIG-11082,customer_sessions,21913.6,21.4,4890803,666,READ_HEAVY,TABLE_REWRITE,MEDIUM,22.61,26.78,0,1
MIG-11083,order_shipments,35635.2,34.8,9278679,1570,ANALYTICAL_BATCH,DROP_COLUMN,HIGH,0.35,1.28,1,0
MIG-11084,customer_sessions,15923.2,15.55,3553684,2554,MIXED_OLTP,DROP_COLUMN,HIGH,0.24,0.86,1,0
MIG-11085,order_payments,37775.36,36.89,9080622,1827,READ_HEAVY,ADD_COLUMN_DEFAULT,HIGH,0.6,1.67,1,0
MIG-11086,order_payments,58531.84,57.16,14069443,106,READ_HEAVY,ADD_INDEX_LOCKING,LOW,11.33,7.78,1,0
MIG-11087,order_payments,124866.56,121.94,30015143,4593,WRITE_HEAVY,ADD_INDEX_CONCURRENTLY,CRITICAL,0.65,6.26,1,0
MIG-11088,order_items,386488.32,377.43,60657638,1111,READ_HEAVY,ADD_INDEX_CONCURRENTLY,MEDIUM,1.38,1.95,1,0
MIG-11089,order_items,333772.8,325.95,52384329,1139,MIXED_OLTP,ALTER_COLUMN_TYPE,MEDIUM,83.96,143.82,0,1
MIG-11090,orders,195614.72,191.03,23878399,954,WRITE_HEAVY,ADD_INDEX_CONCURRENTLY,MEDIUM,0.81,1.38,1,0
MIG-11091,order_items,394158.08,384.92,61862355,433,ANALYTICAL_BATCH,DROP_COLUMN,LOW,1.97,2.56,1,0
MIG-11092,orders,78243.84,76.41,9550876,512,MIXED_OLTP,ADD_COLUMN_DEFAULT,MEDIUM,1.21,1.6,1,0
MIG-11093,orders,98396.16,96.09,12010830,163,WRITE_HEAVY,ADD_INDEX_CONCURRENTLY,LOW,0.46,0.62,1,0
MIG-11094,order_items,229529.6,224.15,36024311,2064,MIXED_OLTP,ADD_INDEX_CONCURRENTLY,HIGH,0.84,4.39,1,0
MIG-11095,order_items,424325.12,414.38,66596153,2971,MIXED_OLTP,ADD_INDEX_CONCURRENTLY,HIGH,1.32,7.15,1,0
MIG-11096,orders,151255.04,147.71,18463857,2580,WRITE_HEAVY,ADD_INDEX_CONCURRENTLY,HIGH,0.63,1.9,1,0
MIG-11097,order_shipments,50575.36,49.39,13171837,1016,READ_HEAVY,DROP_COLUMN,MEDIUM,0.52,0.77,1,0
MIG-11098,order_shipments,64604.16,63.09,16823406,1449,MIXED_OLTP,DROP_COLUMN,MEDIUM,0.49,1.45,1,0
MIG-11099,orders,263731.2,257.55,32193126,2880,ANALYTICAL_BATCH,ADD_COLUMN_DEFAULT,HIGH,2.05,11.01,1,0
MIG-11100,orders,118650.88,115.87,14483223,605,WRITE_HEAVY,ALTER_COLUMN_TYPE,MEDIUM,46.51,53.19,0,1
MIG-11101,order_items,383160.32,374.18,60135830,1029,MIXED_OLTP,ADD_INDEX_LOCKING,MEDIUM,37.26,46.7,0,1
MIG-11102,order_payments,84172.8,82.2,20234656,480,MIXED_OLTP,DROP_COLUMN,LOW,0.62,0.66,1,0
MIG-11103,order_shipments,77875.2,76.05,20279489,686,ANALYTICAL_BATCH,DROP_COLUMN,MEDIUM,0.81,1.21,1,0
MIG-11104,orders,210677.76,205.74,25717837,657,WRITE_HEAVY,DROP_COLUMN,MEDIUM,1.17,2.05,1,0
MIG-11105,order_payments,113971.2,111.3,27397236,2026,READ_HEAVY,ADD_INDEX_CONCURRENTLY,HIGH,0.58,0.9,1,0
MIG-11106,orders,93726.72,91.53,11441028,2953,MIXED_OLTP,ADD_INDEX_CONCURRENTLY,HIGH,0.47,2.33,1,0
MIG-11107,order_items,346460.16,338.34,54376544,3552,WRITE_HEAVY,ADD_INDEX_CONCURRENTLY,CRITICAL,1.16,11.65,1,0
MIG-11108,customer_sessions,66662.4,65.1,14880915,1135,READ_HEAVY,ADD_INDEX_LOCKING,MEDIUM,10.76,16.29,1,0
MIG-11109,orders,133539.84,130.41,16301314,764,READ_HEAVY,ADD_COLUMN_DEFAULT,MEDIUM,1.33,2.07,1,0
MIG-11110,orders,266854.4,260.6,32574888,2605,READ_HEAVY,TABLE_REWRITE,HIGH,145.42,970.03,0,1
MIG-11111,order_items,302950.4,295.85,47547726,1390,MIXED_OLTP,ADD_INDEX_CONCURRENTLY,MEDIUM,1.3,2.31,1,0
MIG-11112,order_items,371527.68,362.82,58311013,540,WRITE_HEAVY,ADD_COLUMN_DEFAULT,MEDIUM,2.79,4.62,1,0
MIG-11113,customer_sessions,44953.6,43.9,10033168,2066,MIXED_OLTP,ADD_INDEX_CONCURRENTLY,HIGH,0.35,0.92,1,0
MIG-11114,customer_sessions,42311.68,41.32,9444758,1078,WRITE_HEAVY,ADD_INDEX_LOCKING,MEDIUM,7.39,14.68,1,0
MIG-11115,orders,236195.84,230.66,28832046,682,MIXED_OLTP,ADD_COLUMN_DEFAULT,MEDIUM,2.49,4.3,1,0
MIG-11116,orders,83496.96,81.54,10192431,1134,READ_HEAVY,DROP_COLUMN,MEDIUM,0.68,1.46,1,0
MIG-11117,order_payments,94638.08,92.42,22748743,864,WRITE_HEAVY,DROP_COLUMN,MEDIUM,0.9,1.48,1,0
MIG-11118,orders,185978.88,181.62,22702242,535,ANALYTICAL_BATCH,ADD_INDEX_CONCURRENTLY,MEDIUM,0.69,1.19,1,0
MIG-11119,order_shipments,89036.8,86.95,23186380,1117,MIXED_OLTP,ADD_INDEX_LOCKING,MEDIUM,12.39,19.76,1,0
MIG-11120,order_payments,99614.72,97.28,23944964,115,WRITE_HEAVY,ALTER_COLUMN_TYPE,LOW,31.57,30.15,0,1
MIG-11121,orders,261488.64,255.36,31920549,1801,WRITE_HEAVY,DROP_COLUMN,HIGH,1.51,3.84,1,0
MIG-11122,order_shipments,90777.6,88.65,23638822,3409,READ_HEAVY,ADD_INDEX_CONCURRENTLY,CRITICAL,0.42,3.58,1,0
MIG-11123,orders,126289.92,123.33,15415978,3127,ANALYTICAL_BATCH,ADD_INDEX_LOCKING,CRITICAL,17.66,346.19,0,1
MIG-11124,order_items,558479.36,545.39,87652422,2116,WRITE_HEAVY,ADD_INDEX_LOCKING,HIGH,50.59,651.42,0,1
MIG-11125,order_items,609351.68,595.07,95636702,448,ANALYTICAL_BATCH,ALTER_COLUMN_TYPE,LOW,104.49,190.77,0,1
MIG-11126,order_items,247429.12,241.63,38832971,222,WRITE_HEAVY,ADD_INDEX_CONCURRENTLY,LOW,0.99,0.7,1,0
MIG-11127,order_payments,99727.36,97.39,23974013,739,MIXED_OLTP,ALTER_COLUMN_TYPE,MEDIUM,37.97,39.91,0,1
MIG-11128,order_payments,60385.28,58.97,14515952,1306,READ_HEAVY,ALTER_COLUMN_TYPE,MEDIUM,23.91,39.58,0,1
MIG-11129,customer_sessions,56238.08,54.92,12553768,2904,WRITE_HEAVY,ADD_INDEX_CONCURRENTLY,HIGH,0.34,1.52,1,0
MIG-11130,customer_sessions,20377.6,19.9,4548456,801,ANALYTICAL_BATCH,ADD_INDEX_LOCKING,MEDIUM,4.4,11.03,1,0
MIG-11131,order_items,493598.72,482.03,77469229,3117,WRITE_HEAVY,ADD_INDEX_CONCURRENTLY,CRITICAL,1.42,11.61,1,0
MIG-11132,orders,142008.32,138.68,17335135,1260,ANALYTICAL_BATCH,ADD_INDEX_CONCURRENTLY,MEDIUM,0.62,1.39,1,0
MIG-11133,order_payments,96983.04,94.71,23314446,1150,WRITE_HEAVY,DROP_COLUMN,MEDIUM,0.72,1.22,1,0
MIG-11134,customer_sessions,16005.12,15.63,3572418,5493,WRITE_HEAVY,ADD_INDEX_CONCURRENTLY,CRITICAL,0.15,1.99,1,0
MIG-11135,order_items,473600.0,462.5,74330757,1165,ANALYTICAL_BATCH,ADD_INDEX_CONCURRENTLY,MEDIUM,1.54,2.22,1,0
MIG-11136,order_items,370667.52,361.98,58175299,2894,MIXED_OLTP,DROP_COLUMN,HIGH,2.17,10.54,1,0
MIG-11137,order_items,437381.12,427.13,68645331,1734,WRITE_HEAVY,TABLE_REWRITE,HIGH,144.6,1316.83,0,1
MIG-11138,orders,118968.32,116.18,14523035,1747,READ_HEAVY,ADD_INDEX_CONCURRENTLY,HIGH,0.52,1.29,1,0
MIG-11139,order_payments,44093.44,43.06,10599620,2497,WRITE_HEAVY,ADD_INDEX_CONCURRENTLY,HIGH,0.24,1.46,1,0
MIG-11140,order_items,339415.04,331.46,53269744,1247,MIXED_OLTP,ADD_INDEX_CONCURRENTLY,MEDIUM,1.15,1.62,1,0
MIG-11141,order_payments,139724.8,136.45,33586598,887,WRITE_HEAVY,ADD_INDEX_CONCURRENTLY,MEDIUM,0.75,1.28,1,0
MIG-11142,order_shipments,37324.8,36.45,9720350,2146,READ_HEAVY,TABLE_REWRITE,HIGH,32.96,230.65,0,1
MIG-11143,order_shipments,74485.76,72.74,19398122,881,WRITE_HEAVY,ADD_COLUMN_DEFAULT,MEDIUM,1.02,0.97,1,0
MIG-11144,order_items,140410.88,137.12,22037327,1571,MIXED_OLTP,DROP_COLUMN,HIGH,1.04,3.33,1,0
MIG-11145,order_items,485294.08,473.92,76166082,1377,ANALYTICAL_BATCH,ADD_COLUMN_DEFAULT,MEDIUM,3.96,4.69,1,0
MIG-11146,order_payments,55193.6,53.9,13266990,1407,MIXED_OLTP,TABLE_REWRITE,MEDIUM,41.24,94.52,0,1
MIG-11147,order_shipments,55879.68,54.57,14552768,1452,READ_HEAVY,ADD_COLUMN_DEFAULT,MEDIUM,0.68,1.99,1,0
MIG-11148,order_items,304486.4,297.35,47788001,4260,WRITE_HEAVY,TABLE_REWRITE,CRITICAL,149.36,3829.89,0,1
MIG-11149,order_shipments,27791.36,27.14,7237351,670,WRITE_HEAVY,DROP_COLUMN,MEDIUM,0.38,0.37,1,0
MIG-11150,orders,125593.6,122.65,15330712,904,MIXED_OLTP,TABLE_REWRITE,MEDIUM,80.87,86.89,0,1
MIG-11151,order_shipments,47472.64,46.36,12362699,373,WRITE_HEAVY,ADD_COLUMN_DEFAULT,LOW,0.8,0.99,1,0
MIG-11152,orders,164628.48,160.77,20096852,673,READ_HEAVY,ALTER_COLUMN_TYPE,MEDIUM,58.99,67.36,0,1
MIG-11153,orders,264222.72,258.03,32253491,654,READ_HEAVY,ADD_COLUMN_DEFAULT,MEDIUM,2.3,3.65,1,0
MIG-11154,order_items,357263.36,348.89,56071419,2988,ANALYTICAL_BATCH,DROP_COLUMN,HIGH,2.13,11.3,1,0
MIG-11155,orders,251412.48,245.52,30689506,114,READ_HEAVY,DROP_COLUMN,LOW,1.79,1.51,1,0
MIG-11156,orders,151244.8,147.7,18462056,1098,READ_HEAVY,ADD_COLUMN_DEFAULT,MEDIUM,1.57,2.71,1,0
MIG-11157,orders,72939.52,71.23,8903669,159,ANALYTICAL_BATCH,ADD_COLUMN_DEFAULT,LOW,1.13,0.79,1,0
MIG-11158,order_items,233472.0,228.0,36642384,108,ANALYTICAL_BATCH,ADD_INDEX_CONCURRENTLY,LOW,1.08,0.84,1,0
MIG-11159,order_payments,75448.32,73.68,18136509,2451,READ_HEAVY,ALTER_COLUMN_TYPE,HIGH,26.11,208.55,0,1
MIG-11160,orders,121118.72,118.28,14784956,3459,MIXED_OLTP,ADD_COLUMN_DEFAULT,CRITICAL,1.29,8.81,1,0
MIG-11161,order_payments,130355.2,127.3,31335883,2589,READ_HEAVY,ADD_INDEX_CONCURRENTLY,HIGH,0.53,1.5,1,0
MIG-11162,order_shipments,74721.28,72.97,19458745,5061,READ_HEAVY,ADD_INDEX_LOCKING,CRITICAL,13.43,205.46,0,1
MIG-11163,orders,177059.84,172.91,21614328,302,WRITE_HEAVY,ADD_INDEX_LOCKING,LOW,17.75,25.33,0,1
MIG-11164,orders,157808.64,154.11,19263197,3417,MIXED_OLTP,ADD_INDEX_CONCURRENTLY,CRITICAL,0.74,6.08,1,0
MIG-11165,order_shipments,51384.32,50.18,13381045,1451,MIXED_OLTP,ADD_COLUMN_DEFAULT,MEDIUM,0.79,1.5,1,0
MIG-11166,order_shipments,69212.16,67.59,18023356,2058,WRITE_HEAVY,DROP_COLUMN,HIGH,0.68,2.26,1,0
MIG-11167,order_items,178995.2,174.8,28093180,2646,WRITE_HEAVY,ALTER_COLUMN_TYPE,HIGH,61.06,615.11,0,1
MIG-11168,order_shipments,31918.08,31.17,8310716,692,MIXED_OLTP,ADD_COLUMN_DEFAULT,MEDIUM,0.54,0.84,1,0
MIG-11169,orders,116193.28,113.47,14184141,661,WRITE_HEAVY,ADD_INDEX_CONCURRENTLY,MEDIUM,0.54,0.88,1,0
MIG-11170,order_items,203038.72,198.28,31865953,369,MIXED_OLTP,ADD_INDEX_LOCKING,LOW,25.86,28.45,0,1
MIG-11171,order_payments,107745.28,105.22,25900443,707,MIXED_OLTP,ADD_INDEX_CONCURRENTLY,MEDIUM,0.49,0.97,1,0
MIG-11172,orders,54630.4,53.35,6668744,1032,READ_HEAVY,ALTER_COLUMN_TYPE,MEDIUM,21.49,36.09,0,1
MIG-11173,order_payments,45813.76,44.74,11013111,4490,WRITE_HEAVY,ADD_INDEX_LOCKING,CRITICAL,7.38,249.3,0,1
MIG-11174,order_items,580515.84,566.91,91111256,148,READ_HEAVY,ALTER_COLUMN_TYPE,LOW,121.69,112.62,0,1
MIG-11175,order_payments,146135.04,142.71,35129242,833,READ_HEAVY,ADD_COLUMN_DEFAULT,MEDIUM,1.76,2.1,1,0
MIG-11176,order_items,366336.0,357.75,57494828,693,READ_HEAVY,ADD_INDEX_CONCURRENTLY,MEDIUM,1.29,1.33,1,0
MIG-11177,order_items,370350.08,361.67,58124975,100,MIXED_OLTP,DROP_COLUMN,LOW,1.8,1.82,1,0
MIG-11178,orders,220211.2,215.05,26881766,1449,MIXED_OLTP,ADD_INDEX_CONCURRENTLY,MEDIUM,0.82,1.62,1,0
MIG-11179,orders,57159.68,55.82,6977118,524,WRITE_HEAVY,ADD_INDEX_CONCURRENTLY,MEDIUM,0.32,0.47,1,0
MIG-11180,order_payments,77783.04,75.96,18698218,1329,MIXED_OLTP,ADD_COLUMN_DEFAULT,MEDIUM,1.06,1.97,1,0
MIG-11181,orders,71229.44,69.56,8695352,908,WRITE_HEAVY,ADD_COLUMN_DEFAULT,MEDIUM,1.08,1.81,1,0
MIG-11182,orders,137830.4,134.6,16825012,210,MIXED_OLTP,ADD_COLUMN_DEFAULT,LOW,1.62,1.52,1,0
MIG-11183,orders,266762.24,260.51,32563189,1023,WRITE_HEAVY,ADD_INDEX_CONCURRENTLY,MEDIUM,1.0,1.8,1,0
MIG-11184,orders,215838.72,210.78,26348098,2873,READ_HEAVY,ADD_INDEX_CONCURRENTLY,HIGH,0.83,3.3,1,0
MIG-11185,order_shipments,100136.96,97.79,26076990,2479,READ_HEAVY,DROP_COLUMN,HIGH,0.85,1.81,1,0
MIG-11186,order_items,499722.24,488.01,78429938,132,WRITE_HEAVY,ADD_COLUMN_DEFAULT,LOW,3.66,2.91,1,0
MIG-11187,customer_sessions,53565.44,52.31,11956785,2644,ANALYTICAL_BATCH,DROP_COLUMN,HIGH,0.62,2.1,1,0
MIG-11188,orders,215971.84,210.91,26363962,4908,WRITE_HEAVY,ADD_INDEX_LOCKING,CRITICAL,26.98,549.85,0,1
MIG-11189,order_payments,105584.64,103.11,25381840,487,WRITE_HEAVY,ADD_INDEX_LOCKING,LOW,16.37,12.9,1,0
MIG-11190,order_items,354191.36,345.89,55589348,180,READ_HEAVY,ALTER_COLUMN_TYPE,LOW,83.83,107.13,0,1
MIG-11191,order_items,265666.56,259.44,41696253,435,READ_HEAVY,TABLE_REWRITE,LOW,112.51,98.73,0,1
MIG-11192,order_shipments,61573.12,60.13,16035846,248,WRITE_HEAVY,ADD_INDEX_CONCURRENTLY,LOW,0.42,0.46,1,0
MIG-11193,customer_sessions,31016.96,30.29,6922306,2033,WRITE_HEAVY,ADD_COLUMN_DEFAULT,HIGH,0.48,1.95,1,0
MIG-11194,order_shipments,58798.08,57.42,15312209,2449,WRITE_HEAVY,ADD_INDEX_LOCKING,HIGH,10.55,63.75,0,1
MIG-11195,orders,81479.68,79.57,9945655,1034,MIXED_OLTP,ADD_INDEX_LOCKING,MEDIUM,13.33,22.74,1,0
MIG-11196,orders,174213.12,170.13,21265667,729,READ_HEAVY,ADD_INDEX_CONCURRENTLY,MEDIUM,0.74,0.91,1,0
MIG-11197,order_payments,56012.8,54.7,13464170,1823,WRITE_HEAVY,TABLE_REWRITE,HIGH,46.75,303.23,0,1
MIG-11198,orders,114094.08,111.42,13927418,360,READ_HEAVY,ALTER_COLUMN_TYPE,LOW,44.47,33.62,0,1
MIG-11199,order_payments,86415.36,84.39,20772010,487,ANALYTICAL_BATCH,ALTER_COLUMN_TYPE,LOW,35.32,35.42,1,0
MIG-11200,order_items,198563.84,193.91,31164626,191,MIXED_OLTP,ADD_INDEX_CONCURRENTLY,LOW,0.73,0.86,1,0
MIG-11201,order_items,611368.96,597.04,95952770,4338,WRITE_HEAVY,ADD_COLUMN_DEFAULT,CRITICAL,4.88,38.66,0,1
MIG-11202,order_shipments,55500.8,54.2,14453997,1960,MIXED_OLTP,ADD_COLUMN_DEFAULT,HIGH,0.7,2.66,1,0
MIG-11203,order_payments,68833.28,67.22,16545641,1874,WRITE_HEAVY,ADD_COLUMN_DEFAULT,HIGH,1.12,2.56,1,0
MIG-11204,orders,55613.44,54.31,6788308,2692,WRITE_HEAVY,ADD_INDEX_CONCURRENTLY,HIGH,0.28,1.52,1,0
MIG-11205,orders,235663.36,230.14,28767867,389,MIXED_OLTP,ADD_INDEX_CONCURRENTLY,LOW,0.77,1.06,1,0
MIG-11206,order_items,437678.08,427.42,68692547,979,MIXED_OLTP,ALTER_COLUMN_TYPE,MEDIUM,90.91,225.44,0,1
MIG-11207,order_items,329594.88,321.87,51728817,2231,WRITE_HEAVY,ADD_COLUMN_DEFAULT,HIGH,2.72,9.91,1,0
MIG-11208,orders,103464.96,101.04,12629385,4063,MIXED_OLTP,DROP_COLUMN,CRITICAL,0.89,5.59,1,0
MIG-11209,order_items,499251.2,487.55,78356130,1496,MIXED_OLTP,ADD_INDEX_CONCURRENTLY,MEDIUM,1.83,3.82,1,0
MIG-11210,order_payments,139898.88,136.62,33629667,478,MIXED_OLTP,TABLE_REWRITE,LOW,70.55,89.35,0,1
MIG-11211,order_shipments,50022.4,48.85,13025489,3186,MIXED_OLTP,TABLE_REWRITE,CRITICAL,32.45,912.56,0,1
MIG-11212,order_items,184299.52,179.98,28924961,1316,READ_HEAVY,DROP_COLUMN,MEDIUM,1.44,2.4,1,0
MIG-11213,order_items,171038.72,167.03,26844774,835,ANALYTICAL_BATCH,ADD_COLUMN_DEFAULT,MEDIUM,1.93,3.08,1,0
MIG-11214,orders,50554.88,49.37,6171773,361,WRITE_HEAVY,ADD_INDEX_CONCURRENTLY,LOW,0.38,0.4,1,0
MIG-11215,order_items,498636.8,486.95,78260390,476,READ_HEAVY,DROP_COLUMN,LOW,2.46,2.23,1,0
MIG-11216,order_items,621178.88,606.62,97493026,2132,WRITE_HEAVY,ALTER_COLUMN_TYPE,HIGH,133.12,1869.3,0,1
MIG-11217,order_items,627077.12,612.38,98418237,2191,MIXED_OLTP,TABLE_REWRITE,HIGH,261.23,2085.04,0,1
MIG-11218,order_payments,120576.0,117.75,28984880,1126,WRITE_HEAVY,ADD_INDEX_CONCURRENTLY,MEDIUM,0.6,1.33,1,0
MIG-11219,orders,85022.72,83.03,10378962,224,READ_HEAVY,ADD_COLUMN_DEFAULT,LOW,1.18,1.24,1,0
MIG-11220,orders,265410.56,259.19,32398155,763,MIXED_OLTP,ADD_COLUMN_DEFAULT,MEDIUM,2.04,3.95,1,0
MIG-11221,orders,121661.44,118.81,14850962,1104,WRITE_HEAVY,ADD_COLUMN_DEFAULT,MEDIUM,1.38,1.68,1,0
MIG-11222,order_shipments,46100.48,45.02,12006183,707,WRITE_HEAVY,DROP_COLUMN,MEDIUM,0.52,0.69,1,0
MIG-11223,order_items,469422.08,458.42,73674293,1164,WRITE_HEAVY,ADD_COLUMN_DEFAULT,MEDIUM,3.24,7.82,1,0
MIG-11224,orders,59996.16,58.59,7324328,3623,MIXED_OLTP,ALTER_COLUMN_TYPE,CRITICAL,22.1,688.75,0,1
MIG-11225,order_shipments,86927.36,84.89,22636626,3232,WRITE_HEAVY,ADD_INDEX_CONCURRENTLY,CRITICAL,0.54,3.78,1,0
MIG-11226,order_items,629391.36,614.64,98781079,601,READ_HEAVY,ADD_COLUMN_DEFAULT,MEDIUM,5.04,5.66,1,0
MIG-11227,order_items,514703.36,502.64,80780652,1889,READ_HEAVY,ADD_COLUMN_DEFAULT,HIGH,3.42,9.7,1,0
MIG-11228,customer_sessions,64768.0,63.25,14456141,3255,ANALYTICAL_BATCH,ADD_INDEX_LOCKING,CRITICAL,11.79,253.59,0,1
MIG-11229,orders,135485.44,132.31,16538469,223,MIXED_OLTP,ALTER_COLUMN_TYPE,LOW,43.25,49.01,0,1
MIG-11230,orders,63733.76,62.24,7779877,4044,WRITE_HEAVY,ALTER_COLUMN_TYPE,CRITICAL,25.55,421.11,0,1
MIG-11231,order_items,523776.0,511.5,82206062,745,MIXED_OLTP,ADD_COLUMN_DEFAULT,MEDIUM,4.49,3.39,1,0
MIG-11232,orders,181237.76,176.99,22123268,1034,MIXED_OLTP,ADD_INDEX_CONCURRENTLY,MEDIUM,0.78,1.03,1,0
MIG-11233,order_payments,135567.36,132.39,32588954,882,MIXED_OLTP,ADD_INDEX_LOCKING,MEDIUM,15.73,17.05,1,0
MIG-11234,orders,74803.2,73.05,9130998,580,READ_HEAVY,TABLE_REWRITE,MEDIUM,51.5,66.64,0,1
MIG-11235,orders,116643.84,113.91,14238322,2002,WRITE_HEAVY,ADD_INDEX_CONCURRENTLY,HIGH,0.5,1.43,1,0
MIG-11236,orders,128921.6,125.9,15737716,1518,MIXED_OLTP,ADD_INDEX_CONCURRENTLY,HIGH,0.71,1.64,1,0
MIG-11237,order_items,467322.88,456.37,73345656,392,READ_HEAVY,ADD_INDEX_CONCURRENTLY,LOW,1.45,1.73,1,0
MIG-11238,orders,223385.6,218.15,27269119,942,WRITE_HEAVY,DROP_COLUMN,MEDIUM,1.62,2.35,1,0
MIG-11239,orders,261713.92,255.58,31947551,4497,WRITE_HEAVY,ADD_COLUMN_DEFAULT,CRITICAL,2.73,21.5,1,0
MIG-11240,order_shipments,42936.32,41.93,11180794,3356,WRITE_HEAVY,ADD_INDEX_CONCURRENTLY,CRITICAL,0.24,2.38,1,0
MIG-11241,order_items,369448.96,360.79,57984549,2143,READ_HEAVY,ADD_INDEX_CONCURRENTLY,HIGH,1.4,3.86,1,0
MIG-11242,order_items,129638.4,126.6,20345835,423,WRITE_HEAVY,DROP_COLUMN,LOW,0.91,0.94,1,0
MIG-11243,orders,105113.6,102.65,12830672,700,MIXED_OLTP,ADD_COLUMN_DEFAULT,MEDIUM,1.37,1.86,1,0
MIG-11244,order_items,307712.0,300.5,48294284,493,MIXED_OLTP,ADD_INDEX_CONCURRENTLY,LOW,1.18,1.35,1,0
MIG-11245,orders,180490.24,176.26,22032767,2130,WRITE_HEAVY,DROP_COLUMN,HIGH,1.38,5.16,1,0
MIG-11246,order_items,357693.44,349.31,56138484,1704,WRITE_HEAVY,ADD_INDEX_CONCURRENTLY,HIGH,1.4,4.57,1,0
MIG-11247,orders,129771.52,126.73,15840826,3451,WRITE_HEAVY,ADD_INDEX_CONCURRENTLY,CRITICAL,0.69,4.58,1,0
MIG-11248,order_shipments,70195.2,68.55,18280084,284,READ_HEAVY,ADD_INDEX_CONCURRENTLY,LOW,0.4,0.59,1,0
MIG-11249,customer_sessions,67788.8,66.2,15132065,5380,MIXED_OLTP,ADD_INDEX_CONCURRENTLY,CRITICAL,0.38,3.24,1,0
MIG-11250,orders,102604.8,100.2,12525390,4179,READ_HEAVY,ADD_INDEX_CONCURRENTLY,CRITICAL,0.46,2.5,1,0
MIG-11251,orders,124989.44,122.06,15257648,1760,MIXED_OLTP,ADD_INDEX_CONCURRENTLY,HIGH,0.51,2.07,1,0
MIG-11252,orders,205066.24,200.26,25032938,3970,ANALYTICAL_BATCH,ADD_INDEX_CONCURRENTLY,CRITICAL,0.88,6.49,1,0
MIG-11253,order_items,516177.92,504.08,81013188,1358,WRITE_HEAVY,ADD_INDEX_LOCKING,MEDIUM,47.58,64.85,0,1
MIG-11254,orders,231720.96,226.29,28285715,1484,MIXED_OLTP,ADD_INDEX_LOCKING,MEDIUM,25.11,41.73,0,1
MIG-11255,order_shipments,35799.04,34.96,9321554,346,READ_HEAVY,ADD_INDEX_CONCURRENTLY,LOW,0.28,0.25,1,0
MIG-11256,order_payments,91228.16,89.09,21930888,446,READ_HEAVY,DROP_COLUMN,LOW,0.85,0.56,1,0
MIG-11257,order_shipments,93081.6,90.9,24240239,424,WRITE_HEAVY,ADD_INDEX_CONCURRENTLY,LOW,0.5,0.54,1,0
MIG-11258,order_items,316968.96,309.54,49747986,2136,WRITE_HEAVY,ALTER_COLUMN_TYPE,HIGH,68.67,884.12,0,1
MIG-11259,customer_sessions,42065.92,41.08,9390316,1388,MIXED_OLTP,ADD_INDEX_CONCURRENTLY,MEDIUM,0.31,0.46,1,0
MIG-11260,orders,266977.28,260.72,32590219,130,READ_HEAVY,ADD_INDEX_CONCURRENTLY,LOW,1.01,0.98,1,0
MIG-11261,order_items,173035.52,168.98,27157264,421,WRITE_HEAVY,ADD_COLUMN_DEFAULT,LOW,1.94,2.29,1,0
MIG-11262,order_items,478842.88,467.62,75153761,2371,WRITE_HEAVY,ADD_INDEX_CONCURRENTLY,HIGH,1.3,6.46,1,0
MIG-11263,customer_sessions,69181.44,67.56,15442651,4473,READ_HEAVY,ADD_INDEX_CONCURRENTLY,CRITICAL,0.39,2.64,1,0
MIG-11264,order_items,192512.0,188.0,30214274,1435,MIXED_OLTP,ADD_COLUMN_DEFAULT,MEDIUM,1.65,3.47,1,0
MIG-11265,order_shipments,77690.88,75.87,20232189,1900,READ_HEAVY,DROP_COLUMN,HIGH,0.72,1.75,1,0
MIG-11266,orders,153047.04,149.46,18682931,3494,WRITE_HEAVY,ADD_INDEX_CONCURRENTLY,CRITICAL,0.7,3.47,1,0
MIG-11267,customer_sessions,69355.52,67.73,15481628,2490,WRITE_HEAVY,ADD_INDEX_CONCURRENTLY,HIGH,0.4,1.49,1,0
MIG-11268,order_items,583024.64,569.36,91503637,2612,MIXED_OLTP,ALTER_COLUMN_TYPE,HIGH,115.08,1248.44,0,1
MIG-11269,order_items,564971.52,551.73,88671277,1507,MIXED_OLTP,ADD_INDEX_CONCURRENTLY,HIGH,1.52,3.25,1,0
MIG-11270,customer_sessions,18493.44,18.06,4127145,4249,WRITE_HEAVY,ADD_INDEX_CONCURRENTLY,CRITICAL,0.14,1.28,1,0
MIG-11271,order_items,505303.04,493.46,79305277,877,READ_HEAVY,ADD_COLUMN_DEFAULT,MEDIUM,3.74,5.1,1,0
MIG-11272,order_items,590284.8,576.45,92643733,2729,READ_HEAVY,ADD_INDEX_CONCURRENTLY,HIGH,1.54,5.91,1,0
MIG-11273,order_items,435363.84,425.16,68329223,1357,MIXED_OLTP,ADD_INDEX_LOCKING,MEDIUM,39.52,61.45,0,1
MIG-11274,orders,182056.96,177.79,22223653,155,WRITE_HEAVY,ADD_INDEX_CONCURRENTLY,LOW,0.91,0.62,1,0
MIG-11275,order_items,137912.32,134.68,21645436,2370,READ_HEAVY,ADD_INDEX_CONCURRENTLY,HIGH,0.55,1.44,1,0
MIG-11276,orders,238489.6,232.9,29112891,2583,ANALYTICAL_BATCH,ADD_INDEX_LOCKING,HIGH,28.06,419.16,0,1
MIG-11277,orders,59412.48,58.02,7252896,3651,READ_HEAVY,ALTER_COLUMN_TYPE,CRITICAL,26.99,311.4,0,1
MIG-11278,order_shipments,44431.36,43.39,11571807,5334,WRITE_HEAVY,ADD_INDEX_LOCKING,CRITICAL,7.67,169.57,0,1
MIG-11279,order_items,592517.12,578.63,92994908,2838,WRITE_HEAVY,ADD_INDEX_CONCURRENTLY,HIGH,1.56,6.78,1,0
MIG-11280,order_items,604846.08,590.67,94929356,672,WRITE_HEAVY,ADD_COLUMN_DEFAULT,MEDIUM,3.81,6.64,1,0
MIG-11281,order_items,626606.08,611.92,98343943,3038,ANALYTICAL_BATCH,TABLE_REWRITE,CRITICAL,197.03,3181.01,0,1
MIG-11282,order_items,360560.64,352.11,56588585,1078,ANALYTICAL_BATCH,ADD_COLUMN_DEFAULT,MEDIUM,3.34,5.97,1,0
MIG-11283,order_items,206254.08,201.42,32371793,453,WRITE_HEAVY,TABLE_REWRITE,LOW,86.06,91.73,0,1
MIG-11284,customer_sessions,45813.76,44.74,10226400,1182,ANALYTICAL_BATCH,DROP_COLUMN,MEDIUM,0.4,1.06,1,0
MIG-11285,customer_sessions,20940.8,20.45,4673306,1259,WRITE_HEAVY,ALTER_COLUMN_TYPE,MEDIUM,13.41,13.73,1,0
MIG-11286,order_items,565002.24,551.76,88675424,2579,READ_HEAVY,ADD_INDEX_CONCURRENTLY,HIGH,1.58,5.0,1,0
MIG-11287,order_items,403978.24,394.51,63403515,1719,MIXED_OLTP,TABLE_REWRITE,HIGH,154.75,1239.04,0,1
MIG-11288,order_items,323450.88,315.87,50764977,126,READ_HEAVY,ALTER_COLUMN_TYPE,LOW,83.66,71.11,0,1
MIG-11289,order_items,155729.92,152.08,24441986,1594,READ_HEAVY,ADD_INDEX_LOCKING,HIGH,21.19,138.67,0,1
MIG-11290,order_items,323829.76,316.24,50824494,2975,READ_HEAVY,TABLE_REWRITE,HIGH,165.49,1092.22,0,1
MIG-11291,order_payments,130396.16,127.34,31346318,5378,WRITE_HEAVY,ADD_INDEX_LOCKING,CRITICAL,17.42,630.51,0,1
MIG-11292,order_items,477716.48,466.52,74975880,1333,ANALYTICAL_BATCH,DROP_COLUMN,MEDIUM,2.32,4.56,1,0
MIG-11293,order_items,157245.44,153.56,24678896,1600,WRITE_HEAVY,DROP_COLUMN,HIGH,1.05,4.06,1,0
MIG-11294,order_items,197212.16,192.59,30952483,2833,WRITE_HEAVY,ALTER_COLUMN_TYPE,HIGH,49.93,732.47,0,1
MIG-11295,order_items,317153.28,309.72,49776987,1473,ANALYTICAL_BATCH,ADD_INDEX_LOCKING,MEDIUM,27.42,57.68,0,1
MIG-11296,orders,71577.6,69.9,8737127,413,READ_HEAVY,DROP_COLUMN,LOW,0.56,0.5,1,0
MIG-11297,orders,255744.0,249.75,31219112,268,READ_HEAVY,DROP_COLUMN,LOW,1.55,2.07,1,0
MIG-11298,order_payments,104775.68,102.32,25186010,137,WRITE_HEAVY,ALTER_COLUMN_TYPE,LOW,38.89,37.44,0,1
MIG-11299,order_items,163624.96,159.79,25680663,853,WRITE_HEAVY,ADD_INDEX_CONCURRENTLY,MEDIUM,0.68,1.14,1,0
MIG-11300,orders,223457.28,218.22,27277551,1806,WRITE_HEAVY,ADD_INDEX_LOCKING,HIGH,27.65,286.08,0,1
MIG-11301,order_items,304824.32,297.68,47840880,1150,READ_HEAVY,DROP_COLUMN,MEDIUM,2.09,4.07,1,0
MIG-11302,order_payments,55961.6,54.65,13452274,2824,READ_HEAVY,ALTER_COLUMN_TYPE,HIGH,27.92,218.64,0,1
MIG-11303,orders,175226.88,171.12,21389593,298,READ_HEAVY,ADD_INDEX_CONCURRENTLY,LOW,0.79,0.99,1,0
MIG-11304,order_shipments,19537.92,19.08,5088838,119,MIXED_OLTP,ADD_COLUMN_DEFAULT,LOW,0.47,0.3,1,0
MIG-11305,customer_sessions,44359.68,43.32,9901726,2085,ANALYTICAL_BATCH,ADD_INDEX_CONCURRENTLY,HIGH,0.29,0.86,1,0
MIG-11306,order_items,550174.72,537.28,86348204,2699,WRITE_HEAVY,DROP_COLUMN,HIGH,2.71,13.55,1,0
MIG-11307,order_payments,137809.92,134.58,33128058,2460,ANALYTICAL_BATCH,ADD_INDEX_LOCKING,HIGH,17.62,184.4,0,1
MIG-11308,orders,124917.76,121.99,15248977,1561,MIXED_OLTP,DROP_COLUMN,HIGH,0.89,3.16,1,0
MIG-11309,customer_sessions,55777.28,54.47,12451086,3875,ANALYTICAL_BATCH,DROP_COLUMN,CRITICAL,0.59,5.85,1,0
MIG-11310,order_items,231751.68,226.32,36372698,3879,MIXED_OLTP,ADD_COLUMN_DEFAULT,CRITICAL,2.38,15.26,1,0
MIG-11311,customer_sessions,50472.96,49.29,11267068,1551,WRITE_HEAVY,DROP_COLUMN,HIGH,0.41,1.5,1,0
MIG-11312,order_items,245790.72,240.03,38576245,849,WRITE_HEAVY,ALTER_COLUMN_TYPE,MEDIUM,60.14,93.08,0,1
MIG-11313,orders,175523.84,171.41,21426625,429,ANALYTICAL_BATCH,ADD_INDEX_LOCKING,LOW,23.53,21.89,1,0
MIG-11314,orders,87132.16,85.09,10636497,1695,READ_HEAVY,ADD_INDEX_CONCURRENTLY,HIGH,0.51,1.32,1,0
MIG-11315,order_payments,139386.88,136.12,33507497,1014,MIXED_OLTP,ADD_COLUMN_DEFAULT,MEDIUM,1.76,2.89,1,0
MIG-11316,order_items,572426.24,559.01,89840315,362,MIXED_OLTP,ADD_INDEX_LOCKING,LOW,40.03,75.6,0,1
MIG-11317,orders,123668.48,120.77,15096792,1186,WRITE_HEAVY,ADD_COLUMN_DEFAULT,MEDIUM,1.42,3.07,1,0
MIG-11318,order_payments,119674.88,116.87,28767891,3824,READ_HEAVY,DROP_COLUMN,CRITICAL,1.08,6.1,1,0
MIG-11319,order_shipments,26357.76,25.74,6862889,330,ANALYTICAL_BATCH,ALTER_COLUMN_TYPE,LOW,16.56,19.12,1,0
MIG-11320,order_items,496783.36,485.14,77969233,2584,WRITE_HEAVY,ALTER_COLUMN_TYPE,HIGH,117.88,1653.95,0,1
MIG-11321,order_items,260464.64,254.36,40879189,4535,MIXED_OLTP,ADD_INDEX_CONCURRENTLY,CRITICAL,1.0,12.38,1,0
MIG-11322,orders,79155.2,77.3,9662327,2756,ANALYTICAL_BATCH,ADD_COLUMN_DEFAULT,HIGH,0.87,5.82,1,0
MIG-11323,order_payments,107878.4,105.35,25931907,187,WRITE_HEAVY,DROP_COLUMN,LOW,0.86,0.55,1,0
MIG-11324,order_items,357150.72,348.78,56054352,1661,WRITE_HEAVY,ALTER_COLUMN_TYPE,HIGH,92.69,561.43,0,1
MIG-11325,order_shipments,62402.56,60.94,16251015,2901,READ_HEAVY,ADD_INDEX_CONCURRENTLY,HIGH,0.31,1.24,1,0
MIG-11326,order_items,383334.4,374.35,60162912,1234,MIXED_OLTP,ADD_INDEX_CONCURRENTLY,MEDIUM,1.44,1.86,1,0
MIG-11327,order_items,145367.04,141.96,22815286,2171,READ_HEAVY,DROP_COLUMN,HIGH,1.07,1.79,1,0
MIG-11328,orders,60518.4,59.1,7387266,328,WRITE_HEAVY,ADD_COLUMN_DEFAULT,LOW,0.79,1.22,1,0
MIG-11329,orders,182118.4,177.85,22231522,2880,WRITE_HEAVY,ADD_INDEX_CONCURRENTLY,HIGH,0.67,4.32,1,0
MIG-11330,order_payments,101365.76,98.99,24367301,5167,READ_HEAVY,TABLE_REWRITE,CRITICAL,63.94,1045.8,0,1
MIG-11331,order_items,139038.72,135.78,21821139,1306,WRITE_HEAVY,ADD_COLUMN_DEFAULT,MEDIUM,1.65,2.66,1,0
MIG-11332,order_items,309995.52,302.73,48653585,4477,WRITE_HEAVY,ADD_INDEX_CONCURRENTLY,CRITICAL,1.31,8.98,1,0
MIG-11333,customer_sessions,53872.64,52.61,12025058,1220,MIXED_OLTP,ADD_INDEX_CONCURRENTLY,MEDIUM,0.31,0.45,1,0
MIG-11334,customer_sessions,56698.88,55.37,12656201,4450,WRITE_HEAVY,ADD_INDEX_CONCURRENTLY,CRITICAL,0.4,2.59,1,0
MIG-11335,order_shipments,87132.16,85.09,22690756,2190,MIXED_OLTP,ADD_INDEX_CONCURRENTLY,HIGH,0.55,1.16,1,0
MIG-11336,orders,142213.12,138.88,17359771,369,ANALYTICAL_BATCH,ADD_COLUMN_DEFAULT,LOW,1.3,2.12,1,0
MIG-11337,order_items,397639.68,388.32,62408880,3056,READ_HEAVY,ADD_INDEX_CONCURRENTLY,CRITICAL,1.57,7.23,1,0
MIG-11338,order_shipments,66416.64,64.86,17296904,5066,READ_HEAVY,DROP_COLUMN,CRITICAL,0.65,4.81,1,0
MIG-11339,order_items,275732.48,269.27,43275667,815,WRITE_HEAVY,ADD_COLUMN_DEFAULT,MEDIUM,2.43,4.28,1,0
MIG-11340,orders,61061.12,59.63,7453285,2317,READ_HEAVY,DROP_COLUMN,HIGH,0.57,1.33,1,0
MIG-11341,order_shipments,18780.16,18.34,4891280,1164,READ_HEAVY,TABLE_REWRITE,MEDIUM,17.78,31.15,0,1
MIG-11342,order_items,546211.84,533.41,85726158,231,WRITE_HEAVY,TABLE_REWRITE,LOW,171.77,171.31,0,1
MIG-11343,order_items,218030.08,212.92,34218777,830,READ_HEAVY,ADD_COLUMN_DEFAULT,MEDIUM,1.86,2.17,1,0
MIG-11344,customer_sessions,54999.04,53.71,12275667,676,WRITE_HEAVY,ADD_COLUMN_DEFAULT,MEDIUM,0.84,1.04,1,0
MIG-11345,order_items,412497.92,402.83,64740845,139,WRITE_HEAVY,DROP_COLUMN,LOW,1.84,3.19,1,0
MIG-11346,order_items,320942.08,313.42,50370279,452,MIXED_OLTP,ADD_COLUMN_DEFAULT,LOW,2.99,3.7,1,0
MIG-11347,order_items,544849.92,532.08,85512958,4294,READ_HEAVY,ADD_INDEX_LOCKING,CRITICAL,52.79,550.17,0,1
MIG-11348,order_items,475125.76,463.99,74570529,1179,WRITE_HEAVY,DROP_COLUMN,MEDIUM,2.88,4.05,1,0
MIG-11349,orders,54179.84,52.91,6614019,1731,WRITE_HEAVY,ADD_INDEX_CONCURRENTLY,HIGH,0.34,0.81,1,0
MIG-11350,order_payments,119674.88,116.87,28768789,1352,WRITE_HEAVY,ADD_COLUMN_DEFAULT,MEDIUM,1.29,2.17,1,0
MIG-11351,order_shipments,60487.68,59.07,15751174,222,READ_HEAVY,ALTER_COLUMN_TYPE,LOW,22.97,27.82,0,1
MIG-11352,orders,125911.04,122.96,15369520,2190,READ_HEAVY,DROP_COLUMN,HIGH,1.06,1.77,1,0
MIG-11353,order_items,489830.4,478.35,76877657,1001,WRITE_HEAVY,ADD_INDEX_LOCKING,MEDIUM,51.13,82.78,0,1
MIG-11354,order_shipments,75335.68,73.57,19619017,1243,READ_HEAVY,ADD_INDEX_LOCKING,MEDIUM,11.17,18.4,1,0
MIG-11355,orders,117852.16,115.09,14385882,3290,ANALYTICAL_BATCH,ADD_COLUMN_DEFAULT,CRITICAL,1.22,12.44,1,0
MIG-11356,order_items,622028.8,607.45,97626148,1407,READ_HEAVY,ADD_INDEX_CONCURRENTLY,MEDIUM,2.14,1.97,1,0
MIG-11357,order_items,449484.8,438.95,70545387,612,READ_HEAVY,DROP_COLUMN,MEDIUM,2.17,3.07,1,0
MIG-11358,order_payments,99205.12,96.88,23846455,2455,READ_HEAVY,ADD_INDEX_CONCURRENTLY,HIGH,0.6,1.47,1,0
MIG-11359,orders,64604.16,63.09,7886769,184,MIXED_OLTP,DROP_COLUMN,LOW,0.57,0.53,1,0
MIG-11360,order_payments,60088.32,58.68,14444380,2885,ANALYTICAL_BATCH,ADD_INDEX_CONCURRENTLY,HIGH,0.35,1.35,1,0
MIG-11361,order_items,345364.48,337.27,54204894,1091,WRITE_HEAVY,ALTER_COLUMN_TYPE,MEDIUM,93.77,170.71,0,1
MIG-11362,order_items,440156.16,429.84,69080682,478,WRITE_HEAVY,ADD_INDEX_LOCKING,LOW,40.15,37.88,0,1
MIG-11363,orders,162570.24,158.76,19844618,1433,WRITE_HEAVY,ADD_INDEX_CONCURRENTLY,MEDIUM,0.68,1.46,1,0
MIG-11364,order_items,508487.68,496.57,79805667,767,MIXED_OLTP,ADD_INDEX_LOCKING,MEDIUM,45.1,46.52,0,1
MIG-11365,order_items,250193.92,244.33,39267984,1858,WRITE_HEAVY,ADD_INDEX_LOCKING,HIGH,22.84,143.98,0,1
MIG-11366,orders,204462.08,199.67,24958238,3281,ANALYTICAL_BATCH,ADD_INDEX_LOCKING,CRITICAL,26.19,367.24,0,1
MIG-11367,orders,229765.12,224.38,28048120,2579,WRITE_HEAVY,ADD_COLUMN_DEFAULT,HIGH,1.9,7.32,1,0
MIG-11368,orders,218368.0,213.25,26656349,524,READ_HEAVY,ADD_COLUMN_DEFAULT,MEDIUM,2.46,2.88,1,0
MIG-11369,order_items,512522.24,500.51,80438573,3473,WRITE_HEAVY,DROP_COLUMN,CRITICAL,2.41,23.46,1,0
MIG-11370,orders,245678.08,239.92,29989690,2863,READ_HEAVY,ADD_COLUMN_DEFAULT,HIGH,1.91,8.82,1,0
MIG-11371,customer_sessions,19763.2,19.3,4412171,354,READ_HEAVY,DROP_COLUMN,LOW,0.29,0.29,1,0
MIG-11372,order_items,474501.12,463.38,74472517,280,MIXED_OLTP,ADD_INDEX_CONCURRENTLY,LOW,1.41,1.99,1,0
MIG-11373,order_shipments,98775.04,96.46,25723449,637,READ_HEAVY,ALTER_COLUMN_TYPE,MEDIUM,40.82,47.3,0,1
MIG-11374,customer_sessions,51343.36,50.14,11460569,438,READ_HEAVY,TABLE_REWRITE,LOW,42.53,35.55,0,1
MIG-11375,orders,97218.56,94.94,11867540,1345,MIXED_OLTP,ADD_COLUMN_DEFAULT,MEDIUM,1.16,2.45,1,0
MIG-11376,order_payments,146278.4,142.85,35164109,546,ANALYTICAL_BATCH,ADD_COLUMN_DEFAULT,MEDIUM,1.54,2.65,1,0
MIG-11377,order_shipments,32921.6,32.15,8573029,4856,MIXED_OLTP,ADD_INDEX_CONCURRENTLY,CRITICAL,0.2,1.52,1,0
MIG-11378,order_items,287866.88,281.12,45180173,829,MIXED_OLTP,ALTER_COLUMN_TYPE,MEDIUM,85.95,105.24,0,1
MIG-11379,order_items,203489.28,198.72,31937037,1180,READ_HEAVY,ADD_INDEX_CONCURRENTLY,MEDIUM,0.96,1.1,1,0
MIG-11380,order_items,354416.64,346.11,55625542,3737,ANALYTICAL_BATCH,ADD_INDEX_LOCKING,CRITICAL,37.55,1136.07,0,1
MIG-11381,orders,141803.52,138.48,17309652,514,READ_HEAVY,ALTER_COLUMN_TYPE,MEDIUM,42.19,50.0,0,1
MIG-11382,order_items,368220.16,359.59,57790512,401,ANALYTICAL_BATCH,ADD_COLUMN_DEFAULT,LOW,3.66,4.15,1,0
MIG-11383,customer_sessions,74199.04,72.46,16562960,434,MIXED_OLTP,ADD_INDEX_LOCKING,LOW,12.3,10.67,1,0
MIG-11384,customer_sessions,45189.12,44.13,10087871,2525,WRITE_HEAVY,ADD_COLUMN_DEFAULT,HIGH,0.68,4.65,1,0
MIG-11385,orders,162979.84,159.16,19894910,650,WRITE_HEAVY,ADD_COLUMN_DEFAULT,MEDIUM,1.84,3.34,1,0
MIG-11386,order_payments,132853.76,129.74,31936444,2175,MIXED_OLTP,ALTER_COLUMN_TYPE,HIGH,37.78,480.69,0,1
MIG-11387,order_items,536729.6,524.15,84238397,2300,MIXED_OLTP,ADD_COLUMN_DEFAULT,HIGH,3.26,11.39,1,0
MIG-11388,order_shipments,38318.08,37.42,9977995,2690,READ_HEAVY,ADD_INDEX_CONCURRENTLY,HIGH,0.23,1.01,1,0
MIG-11389,orders,52008.96,50.79,6349000,4941,ANALYTICAL_BATCH,DROP_COLUMN,CRITICAL,0.52,7.1,1,0
MIG-11390,customer_sessions,54947.84,53.66,12264794,2831,READ_HEAVY,DROP_COLUMN,HIGH,0.57,1.73,1,0
MIG-11391,order_shipments,88504.32,86.43,23048756,2447,WRITE_HEAVY,DROP_COLUMN,HIGH,0.84,2.38,1,0
MIG-11392,orders,171438.08,167.42,20926953,475,READ_HEAVY,ADD_COLUMN_DEFAULT,LOW,2.09,1.95,1,0
MIG-11393,orders,95856.64,93.61,11701776,1319,WRITE_HEAVY,DROP_COLUMN,MEDIUM,0.67,1.81,1,0
MIG-11394,order_shipments,79923.2,78.05,20813269,700,READ_HEAVY,ADD_INDEX_CONCURRENTLY,MEDIUM,0.45,0.51,1,0
MIG-11395,orders,197242.88,192.62,24077560,1208,ANALYTICAL_BATCH,ADD_COLUMN_DEFAULT,MEDIUM,2.01,3.13,1,0
MIG-11396,order_items,406302.72,396.78,63767635,585,WRITE_HEAVY,ADD_INDEX_CONCURRENTLY,MEDIUM,1.52,2.18,1,0
MIG-11397,order_shipments,90040.32,87.93,23448061,2634,MIXED_OLTP,DROP_COLUMN,HIGH,0.82,2.47,1,0
MIG-11398,order_items,519434.24,507.26,81523630,721,MIXED_OLTP,ADD_INDEX_LOCKING,MEDIUM,51.84,63.9,0,1
MIG-11399,order_items,459417.6,448.65,72104119,798,WRITE_HEAVY,ADD_INDEX_CONCURRENTLY,MEDIUM,1.33,2.25,1,0
MIG-11400,order_items,457768.96,447.04,71845452,1074,MIXED_OLTP,ADD_INDEX_CONCURRENTLY,MEDIUM,1.63,2.61,1,0
MIG-11401,orders,195624.96,191.04,23879471,3947,MIXED_OLTP,ADD_INDEX_LOCKING,CRITICAL,24.2,361.1,0,1
MIG-11402,customer_sessions,48220.16,47.09,10762372,1147,READ_HEAVY,ADD_COLUMN_DEFAULT,MEDIUM,0.81,0.98,1,0
MIG-11403,order_items,354119.68,345.82,55577653,2252,WRITE_HEAVY,ADD_COLUMN_DEFAULT,HIGH,3.05,13.67,1,0
MIG-11404,orders,206100.48,201.27,25159212,2454,WRITE_HEAVY,DROP_COLUMN,HIGH,1.28,6.23,1,0
MIG-11405,orders,184186.88,179.87,22483350,1086,READ_HEAVY,ADD_COLUMN_DEFAULT,MEDIUM,1.87,3.74,1,0
MIG-11406,customer_sessions,45946.88,44.87,10255720,1809,WRITE_HEAVY,ADD_INDEX_CONCURRENTLY,HIGH,0.34,0.78,1,0
MIG-11407,orders,77168.64,75.36,9419856,4729,WRITE_HEAVY,ADD_INDEX_LOCKING,CRITICAL,13.44,305.51,0,1
MIG-11408,order_shipments,76656.64,74.86,19961661,2938,ANALYTICAL_BATCH,ADD_INDEX_CONCURRENTLY,HIGH,0.37,1.21,1,0
MIG-11409,order_payments,104017.92,101.58,25004758,4388,MIXED_OLTP,ALTER_COLUMN_TYPE,CRITICAL,34.33,583.45,0,1
MIG-11410,order_shipments,46817.28,45.72,12192566,1107,MIXED_OLTP,ADD_INDEX_LOCKING,MEDIUM,8.17,17.11,1,0
MIG-11411,customer_sessions,37324.8,36.45,8331053,4776,ANALYTICAL_BATCH,ADD_INDEX_CONCURRENTLY,CRITICAL,0.22,3.22,1,0
MIG-11412,order_shipments,38891.52,37.98,10129203,3211,WRITE_HEAVY,ADD_INDEX_LOCKING,CRITICAL,8.64,128.5,0,1
MIG-11413,customer_sessions,76390.4,74.6,17051579,1726,WRITE_HEAVY,DROP_COLUMN,HIGH,0.6,1.91,1,0
MIG-11414,orders,239411.2,233.8,29225436,2337,MIXED_OLTP,TABLE_REWRITE,HIGH,110.19,930.97,0,1
MIG-11415,order_payments,93839.36,91.64,22558212,2091,READ_HEAVY,ADD_INDEX_LOCKING,HIGH,15.32,107.76,0,1
MIG-11416,order_items,321976.32,314.43,50533904,1191,WRITE_HEAVY,ADD_COLUMN_DEFAULT,MEDIUM,3.09,4.87,1,0
MIG-11417,order_items,494960.64,483.36,77682846,1413,MIXED_OLTP,DROP_COLUMN,MEDIUM,2.38,5.28,1,0
MIG-11418,order_shipments,62208.0,60.75,16198928,1282,WRITE_HEAVY,DROP_COLUMN,MEDIUM,0.48,1.1,1,0
MIG-11419,customer_sessions,77291.52,75.48,17252254,1825,READ_HEAVY,ADD_INDEX_LOCKING,HIGH,12.0,61.51,0,1
MIG-11420,order_payments,33228.8,32.45,7987531,807,READ_HEAVY,ADD_COLUMN_DEFAULT,MEDIUM,0.62,0.68,1,0
MIG-11421,order_items,132382.72,129.28,20777144,1715,READ_HEAVY,ALTER_COLUMN_TYPE,HIGH,38.76,308.49,0,1
MIG-11422,order_items,408145.92,398.58,64057492,597,WRITE_HEAVY,ADD_INDEX_CONCURRENTLY,MEDIUM,1.64,2.04,1,0
MIG-11423,order_items,219596.8,214.45,34465617,1244,WRITE_HEAVY,TABLE_REWRITE,MEDIUM,125.03,180.33,0,1
MIG-11424,order_items,426567.68,416.57,66948637,376,MIXED_OLTP,ADD_COLUMN_DEFAULT,LOW,2.97,4.05,1,0
MIG-11425,order_items,517980.16,505.84,81295265,694,ANALYTICAL_BATCH,ADD_INDEX_CONCURRENTLY,MEDIUM,1.66,1.56,1,0
MIG-11426,orders,79697.92,77.83,9728963,2557,READ_HEAVY,ADD_INDEX_CONCURRENTLY,HIGH,0.45,1.34,1,0
MIG-11427,orders,146606.08,143.17,17896422,957,WRITE_HEAVY,TABLE_REWRITE,MEDIUM,81.88,138.38,0,1
MIG-11428,order_payments,109127.68,106.57,26233612,450,READ_HEAVY,ADD_INDEX_LOCKING,LOW,16.69,12.49,1,0
MIG-11429,order_items,545044.48,532.27,85542949,1211,WRITE_HEAVY,ADD_COLUMN_DEFAULT,MEDIUM,3.39,10.63,1,0
MIG-11430,customer_sessions,46356.48,45.27,10347354,770,WRITE_HEAVY,ALTER_COLUMN_TYPE,MEDIUM,21.13,32.78,0,1
MIG-11431,order_items,221081.6,215.9,34698440,984,WRITE_HEAVY,ADD_INDEX_CONCURRENTLY,MEDIUM,0.99,1.35,1,0
MIG-11432,orders,178718.72,174.53,21816579,733,WRITE_HEAVY,ADD_INDEX_CONCURRENTLY,MEDIUM,0.68,1.18,1,0
MIG-11433,orders,149688.32,146.18,18271960,2852,WRITE_HEAVY,ADD_INDEX_CONCURRENTLY,HIGH,0.58,3.15,1,0
MIG-11434,orders,219893.76,214.74,26841986,2271,WRITE_HEAVY,ADD_COLUMN_DEFAULT,HIGH,1.79,5.24,1,0
MIG-11435,customer_sessions,50176.0,49.0,11200295,5195,MIXED_OLTP,ADD_COLUMN_DEFAULT,CRITICAL,0.74,6.85,1,0
MIG-11436,orders,110960.64,108.36,13544416,304,READ_HEAVY,ADD_INDEX_CONCURRENTLY,LOW,0.6,0.75,1,0
MIG-11437,order_items,504023.04,492.21,79105826,1002,READ_HEAVY,ADD_INDEX_CONCURRENTLY,MEDIUM,1.79,2.97,1,0
MIG-11438,customer_sessions,47738.88,46.62,10655556,173,WRITE_HEAVY,ADD_COLUMN_DEFAULT,LOW,0.8,0.81,1,0
MIG-11439,customer_sessions,25794.56,25.19,5756670,2941,MIXED_OLTP,ADD_INDEX_CONCURRENTLY,HIGH,0.17,0.62,1,0
MIG-11440,orders,173690.88,169.62,21202952,369,WRITE_HEAVY,DROP_COLUMN,LOW,1.28,1.38,1,0
MIG-11441,orders,258908.16,252.84,31604641,791,WRITE_HEAVY,ADD_COLUMN_DEFAULT,MEDIUM,2.45,3.68,1,0
MIG-11442,orders,205199.36,200.39,25048939,1339,READ_HEAVY,ADD_INDEX_CONCURRENTLY,MEDIUM,0.94,1.68,1,0
MIG-11443,orders,115240.96,112.54,14067690,733,MIXED_OLTP,ADD_INDEX_CONCURRENTLY,MEDIUM,0.55,0.6,1,0
MIG-11444,orders,206387.2,201.55,25193575,596,MIXED_OLTP,DROP_COLUMN,MEDIUM,1.49,2.15,1,0
MIG-11445,order_items,260536.32,254.43,40891111,2505,READ_HEAVY,ADD_INDEX_LOCKING,HIGH,23.16,237.84,0,1
MIG-11446,order_shipments,63447.04,61.96,16522078,2622,WRITE_HEAVY,ADD_COLUMN_DEFAULT,HIGH,0.87,2.83,1,0
MIG-11447,order_items,386457.6,377.4,60654256,1072,WRITE_HEAVY,DROP_COLUMN,MEDIUM,2.02,3.62,1,0
MIG-11448,order_items,242370.56,236.69,38038661,1213,READ_HEAVY,TABLE_REWRITE,MEDIUM,113.14,193.43,0,1
MIG-11449,orders,126095.36,123.14,15392792,751,WRITE_HEAVY,ADD_INDEX_LOCKING,MEDIUM,15.7,24.68,1,0
MIG-11450,order_shipments,96583.68,94.32,25151119,211,WRITE_HEAVY,ADD_COLUMN_DEFAULT,LOW,1.35,1.19,1,0
MIG-11451,order_items,244019.2,238.3,38298481,248,WRITE_HEAVY,ALTER_COLUMN_TYPE,LOW,72.1,45.29,0,1
MIG-11452,order_shipments,84869.12,82.88,22102184,707,ANALYTICAL_BATCH,ADD_COLUMN_DEFAULT,MEDIUM,1.18,2.44,1,0
MIG-11453,customer_sessions,57384.96,56.04,12810136,733,WRITE_HEAVY,ADD_COLUMN_DEFAULT,MEDIUM,0.77,1.05,1,0
MIG-11454,order_items,389580.8,380.45,61142959,119,WRITE_HEAVY,DROP_COLUMN,LOW,2.33,2.3,1,0
MIG-11455,orders,79564.8,77.7,9712901,1855,ANALYTICAL_BATCH,ADD_COLUMN_DEFAULT,HIGH,1.24,2.83,1,0
MIG-11456,orders,94402.56,92.19,11523410,2321,MIXED_OLTP,ALTER_COLUMN_TYPE,HIGH,40.4,329.98,0,1
MIG-11457,order_items,207052.8,202.2,32497187,247,READ_HEAVY,ADD_INDEX_CONCURRENTLY,LOW,1.01,0.99,1,0
MIG-11458,customer_sessions,52193.28,50.97,11649837,929,MIXED_OLTP,ADD_COLUMN_DEFAULT,MEDIUM,0.65,1.43,1,0
MIG-11459,order_items,617052.16,602.59,96844038,5310,WRITE_HEAVY,ADD_INDEX_CONCURRENTLY,CRITICAL,1.6,27.58,0,1
MIG-11460,order_payments,131727.36,128.64,31664490,506,MIXED_OLTP,ADD_INDEX_LOCKING,MEDIUM,18.71,24.17,1,0
MIG-11461,order_items,127723.52,124.73,20045402,2752,WRITE_HEAVY,ADD_INDEX_CONCURRENTLY,HIGH,0.72,3.07,1,0
MIG-11462,orders,109690.88,107.12,13390618,113,ANALYTICAL_BATCH,ADD_COLUMN_DEFAULT,LOW,1.29,1.43,1,0
MIG-11463,order_items,195850.24,191.26,30737854,4281,WRITE_HEAVY,ALTER_COLUMN_TYPE,CRITICAL,49.75,1497.66,0,1
MIG-11464,order_payments,143513.6,140.15,34499521,152,READ_HEAVY,ADD_INDEX_CONCURRENTLY,LOW,0.56,0.76,1,0
MIG-11465,order_payments,54855.68,53.57,13185574,977,READ_HEAVY,ADD_INDEX_CONCURRENTLY,MEDIUM,0.32,0.57,1,0
MIG-11466,order_items,218583.04,213.46,34306367,5236,WRITE_HEAVY,DROP_COLUMN,CRITICAL,1.23,12.46,1,0
MIG-11467,orders,186480.64,182.11,22763632,1547,READ_HEAVY,ADD_COLUMN_DEFAULT,HIGH,2.06,3.07,1,0
MIG-11468,order_payments,93255.68,91.07,22418173,1006,MIXED_OLTP,ADD_INDEX_CONCURRENTLY,MEDIUM,0.43,0.7,1,0
MIG-11469,orders,99102.72,96.78,12097990,2193,WRITE_HEAVY,ADD_INDEX_CONCURRENTLY,HIGH,0.44,1.57,1,0
MIG-11470,customer_sessions,57579.52,56.23,12853254,4128,ANALYTICAL_BATCH,ADD_INDEX_CONCURRENTLY,CRITICAL,0.3,2.42,1,0
MIG-11471,orders,70604.8,68.95,8619194,1123,WRITE_HEAVY,ADD_INDEX_CONCURRENTLY,MEDIUM,0.44,0.6,1,0
MIG-11472,orders,53432.32,52.18,6522964,230,READ_HEAVY,ADD_INDEX_LOCKING,LOW,8.66,7.68,1,0
MIG-11473,order_items,157224.96,153.54,24675598,1278,READ_HEAVY,ADD_COLUMN_DEFAULT,MEDIUM,1.86,3.4,1,0
MIG-11474,order_items,302991.36,295.89,47554326,3595,READ_HEAVY,ADD_COLUMN_DEFAULT,CRITICAL,2.83,16.44,1,0
MIG-11475,order_items,617891.84,603.41,96976322,242,MIXED_OLTP,ADD_INDEX_CONCURRENTLY,LOW,1.78,2.11,1,0
MIG-11476,order_items,397117.44,387.81,62327006,968,MIXED_OLTP,TABLE_REWRITE,MEDIUM,176.23,292.52,0,1
MIG-11477,customer_sessions,63027.2,61.55,14068055,467,READ_HEAVY,ADD_INDEX_LOCKING,LOW,11.5,9.56,1,0
MIG-11478,order_items,280606.72,274.03,44041155,313,READ_HEAVY,ADD_COLUMN_DEFAULT,LOW,2.59,2.95,1,0
MIG-11479,order_items,485939.2,474.55,76266464,1340,READ_HEAVY,ADD_INDEX_LOCKING,MEDIUM,42.69,67.01,0,1
MIG-11480,order_items,613335.04,598.96,96260677,639,READ_HEAVY,ADD_COLUMN_DEFAULT,MEDIUM,4.7,6.97,1,0
MIG-11481,orders,128286.72,125.28,15659544,132,WRITE_HEAVY,ADD_INDEX_CONCURRENTLY,LOW,0.65,0.75,1,0
MIG-11482,order_items,630302.72,615.53,98923814,300,WRITE_HEAVY,ADD_COLUMN_DEFAULT,LOW,5.07,6.34,1,0
MIG-11483,orders,190361.6,185.9,23237068,461,READ_HEAVY,DROP_COLUMN,LOW,1.49,1.21,1,0
MIG-11484,order_items,501032.96,489.29,78635904,193,ANALYTICAL_BATCH,ADD_COLUMN_DEFAULT,LOW,3.7,3.94,1,0
MIG-11485,orders,104929.28,102.47,12808515,189,WRITE_HEAVY,ADD_COLUMN_DEFAULT,LOW,1.11,1.18,1,0
MIG-11486,customer_sessions,55818.24,54.51,12460507,1722,READ_HEAVY,ADD_INDEX_LOCKING,HIGH,8.86,50.42,0,1
MIG-11487,order_items,378419.2,369.55,59391506,469,WRITE_HEAVY,ALTER_COLUMN_TYPE,LOW,76.02,88.19,0,1
MIG-11488,order_shipments,97761.28,95.47,25458297,592,READ_HEAVY,ALTER_COLUMN_TYPE,MEDIUM,38.96,37.8,0,1
MIG-11489,order_items,581591.04,567.96,91278678,1130,MIXED_OLTP,DROP_COLUMN,MEDIUM,3.13,3.74,1,0
MIG-11490,orders,136888.32,133.68,16710160,2070,MIXED_OLTP,DROP_COLUMN,HIGH,0.85,3.11,1,0
MIG-11491,order_shipments,96972.8,94.7,25252386,2117,MIXED_OLTP,ADD_COLUMN_DEFAULT,HIGH,1.09,3.21,1,0
MIG-11492,order_items,571340.8,557.95,89669816,4776,MIXED_OLTP,ADD_COLUMN_DEFAULT,CRITICAL,3.76,26.89,0,1
MIG-11493,order_payments,97351.68,95.07,23403054,936,WRITE_HEAVY,ADD_INDEX_LOCKING,MEDIUM,13.94,20.34,1,0
MIG-11494,order_items,157071.36,153.39,24651550,109,READ_HEAVY,ADD_INDEX_CONCURRENTLY,LOW,0.84,0.84,1,0
MIG-11495,order_items,197672.96,193.04,31024009,325,WRITE_HEAVY,ALTER_COLUMN_TYPE,LOW,53.04,90.35,0,1
MIG-11496,order_shipments,24811.52,24.23,6460483,110,ANALYTICAL_BATCH,ADD_INDEX_CONCURRENTLY,LOW,0.16,0.18,1,0
MIG-11497,order_items,170424.32,166.43,26747442,5109,MIXED_OLTP,ADD_INDEX_CONCURRENTLY,CRITICAL,0.78,8.34,1,0
MIG-11498,order_items,618885.12,604.38,97133142,1445,WRITE_HEAVY,ADD_INDEX_CONCURRENTLY,MEDIUM,1.69,4.89,1,0
MIG-11499,order_payments,52039.68,50.82,12510418,2755,WRITE_HEAVY,ADD_INDEX_LOCKING,HIGH,7.47,170.13,0,1
MIG-11500,order_payments,109393.92,106.83,26296611,4034,READ_HEAVY,ADD_INDEX_CONCURRENTLY,CRITICAL,0.52,2.36,1,0
MIG-11501,customer_sessions,55398.4,54.1,12366006,2122,ANALYTICAL_BATCH,DROP_COLUMN,HIGH,0.45,1.39,1,0
MIG-11502,order_items,440422.4,430.1,69122734,1085,WRITE_HEAVY,ADD_COLUMN_DEFAULT,MEDIUM,3.11,5.92,1,0
MIG-11503,order_items,221368.32,216.18,34743023,5122,READ_HEAVY,DROP_COLUMN,CRITICAL,1.54,10.29,1,0
MIG-11504,order_shipments,66488.32,64.93,17313886,1253,WRITE_HEAVY,DROP_COLUMN,MEDIUM,0.53,0.71,1,0
MIG-11505,order_items,437524.48,427.27,68668606,288,READ_HEAVY,TABLE_REWRITE,LOW,150.07,204.49,0,1
MIG-11506,order_payments,94965.76,92.74,22827673,1311,READ_HEAVY,ADD_COLUMN_DEFAULT,MEDIUM,1.27,1.86,1,0
MIG-11507,order_items,210769.92,205.83,33079159,4043,WRITE_HEAVY,ADD_COLUMN_DEFAULT,CRITICAL,1.97,21.46,1,0
MIG-11508,orders,209080.32,204.18,25522636,2654,MIXED_OLTP,ADD_INDEX_CONCURRENTLY,HIGH,0.92,2.93,1,0
MIG-11509,order_payments,35399.68,34.57,8509403,743,WRITE_HEAVY,ADD_COLUMN_DEFAULT,MEDIUM,0.65,0.92,1,0
MIG-11510,orders,179916.8,175.7,21962400,4133,MIXED_OLTP,ALTER_COLUMN_TYPE,CRITICAL,60.8,1262.86,0,1
MIG-11511,orders,145643.52,142.23,17779001,1327,WRITE_HEAVY,ADD_INDEX_CONCURRENTLY,MEDIUM,0.68,1.44,1,0
MIG-11512,order_items,243855.36,238.14,38273214,1869,READ_HEAVY,TABLE_REWRITE,HIGH,131.2,933.06,0,1
MIG-11513,order_payments,123351.04,120.46,29652802,1120,WRITE_HEAVY,ADD_INDEX_CONCURRENTLY,MEDIUM,0.51,0.92,1,0
MIG-11514,order_shipments,33024.0,32.25,8599279,212,READ_HEAVY,ADD_INDEX_LOCKING,LOW,6.27,7.28,1,0
MIG-11515,orders,255508.48,249.52,31190507,931,WRITE_HEAVY,DROP_COLUMN,MEDIUM,1.3,3.14,1,0
MIG-11516,orders,244807.68,239.07,29883255,3810,READ_HEAVY,ALTER_COLUMN_TYPE,CRITICAL,79.19,1276.07,0,1
MIG-11517,customer_sessions,37601.28,36.72,8392460,4655,WRITE_HEAVY,ADD_COLUMN_DEFAULT,CRITICAL,0.67,5.23,1,0
MIG-11518,orders,116643.84,113.91,14239129,1255,READ_HEAVY,DROP_COLUMN,MEDIUM,1.08,1.22,1,0
MIG-11519,orders,79564.8,77.7,9712140,444,MIXED_OLTP,ADD_INDEX_CONCURRENTLY,LOW,0.45,0.44,1,0
MIG-11520,orders,251832.32,245.93,30740851,242,READ_HEAVY,ADD_COLUMN_DEFAULT,LOW,2.81,3.08,1,0
MIG-11521,order_items,438558.72,428.28,68830080,1796,READ_HEAVY,ADD_INDEX_LOCKING,HIGH,48.06,208.83,0,1
MIG-11522,order_shipments,21063.68,20.57,5486525,1430,READ_HEAVY,ADD_INDEX_CONCURRENTLY,MEDIUM,0.14,0.28,1,0
MIG-11523,order_payments,87848.96,85.79,21116783,892,READ_HEAVY,ADD_INDEX_LOCKING,MEDIUM,11.53,15.7,1,0
MIG-11524,order_payments,36904.96,36.04,8871009,360,MIXED_OLTP,ADD_COLUMN_DEFAULT,LOW,0.66,0.56,1,0
MIG-11525,orders,176056.32,171.93,21491268,252,READ_HEAVY,ADD_COLUMN_DEFAULT,LOW,2.04,1.72,1,0
MIG-11526,order_items,377364.48,368.52,59225899,5085,ANALYTICAL_BATCH,DROP_COLUMN,CRITICAL,2.12,29.9,1,0
MIG-11527,order_items,157440.0,153.75,24710529,576,MIXED_OLTP,ADD_INDEX_CONCURRENTLY,MEDIUM,0.6,0.75,1,0
MIG-11528,orders,229611.52,224.23,28028236,539,READ_HEAVY,DROP_COLUMN,MEDIUM,1.67,2.12,1,0
MIG-11529,orders,107171.84,104.66,13082563,834,READ_HEAVY,ALTER_COLUMN_TYPE,MEDIUM,45.0,68.7,0,1
MIG-11530,order_items,394147.84,384.91,61860233,914,MIXED_OLTP,ADD_INDEX_CONCURRENTLY,MEDIUM,1.1,1.84,1,0
MIG-11531,orders,190494.72,186.03,23254049,404,MIXED_OLTP,ADD_INDEX_CONCURRENTLY,LOW,0.81,1.18,1,0
MIG-11532,order_items,611328.0,597.0,95946667,288,WRITE_HEAVY,ADD_INDEX_CONCURRENTLY,LOW,1.98,2.46,1,0
MIG-11533,order_payments,85790.72,83.78,20621776,1880,WRITE_HEAVY,ADD_COLUMN_DEFAULT,HIGH,1.31,3.26,1,0
MIG-11534,orders,252047.36,246.14,30767525,575,WRITE_HEAVY,ADD_INDEX_LOCKING,MEDIUM,26.35,39.18,0,1
MIG-11535,order_items,297830.4,290.85,46743444,1310,MIXED_OLTP,TABLE_REWRITE,MEDIUM,137.81,203.87,0,1
MIG-11536,order_payments,129351.68,126.32,31094191,1008,MIXED_OLTP,ADD_COLUMN_DEFAULT,MEDIUM,1.63,2.33,1,0
MIG-11537,order_payments,54876.16,53.59,13191795,1455,WRITE_HEAVY,ADD_INDEX_CONCURRENTLY,MEDIUM,0.35,1.06,1,0
MIG-11538,order_shipments,77117.44,75.31,20081562,830,READ_HEAVY,ADD_INDEX_CONCURRENTLY,MEDIUM,0.39,0.61,1,0
MIG-11539,order_items,160419.84,156.66,25177571,3559,MIXED_OLTP,ADD_COLUMN_DEFAULT,CRITICAL,1.96,10.45,1,0
MIG-11540,order_shipments,100218.88,97.87,26098687,771,ANALYTICAL_BATCH,ADD_COLUMN_DEFAULT,MEDIUM,1.1,1.37,1,0
MIG-11541,orders,260147.2,254.05,31756282,2114,WRITE_HEAVY,ALTER_COLUMN_TYPE,HIGH,69.68,468.71,0,1
MIG-11542,order_items,342917.12,334.88,53819304,641,WRITE_HEAVY,ADD_INDEX_CONCURRENTLY,MEDIUM,1.08,1.72,1,0
MIG-11543,orders,165038.08,161.17,20146250,152,WRITE_HEAVY,ADD_INDEX_LOCKING,LOW,23.1,21.16,1,0
MIG-11544,order_items,423198.72,413.28,66419763,417,READ_HEAVY,ADD_COLUMN_DEFAULT,LOW,3.11,3.39,1,0
MIG-11545,order_items,256634.88,250.62,40278042,2538,WRITE_HEAVY,ALTER_COLUMN_TYPE,HIGH,66.43,906.42,0,1
MIG-11546,orders,198338.56,193.69,24210728,1001,WRITE_HEAVY,ALTER_COLUMN_TYPE,MEDIUM,56.07,67.3,0,1
MIG-11547,order_payments,110315.52,107.73,26518584,2223,MIXED_OLTP,ALTER_COLUMN_TYPE,HIGH,43.58,389.46,0,1
MIG-11548,order_items,385679.36,376.64,60531195,298,READ_HEAVY,ADD_COLUMN_DEFAULT,LOW,3.63,3.43,1,0
MIG-11549,orders,81827.84,79.91,9988998,2383,WRITE_HEAVY,ADD_COLUMN_DEFAULT,HIGH,1.24,4.38,1,0
MIG-11550,orders,252456.96,246.54,30818020,214,READ_HEAVY,ADD_INDEX_CONCURRENTLY,LOW,1.12,0.98,1,0
MIG-11551,order_items,174059.52,169.98,27318651,1278,WRITE_HEAVY,ADD_INDEX_CONCURRENTLY,MEDIUM,0.78,1.73,1,0
MIG-11552,order_items,439398.4,429.1,68962945,1512,READ_HEAVY,DROP_COLUMN,HIGH,2.07,6.49,1,0
MIG-11553,order_items,167895.04,163.96,26350176,410,READ_HEAVY,TABLE_REWRITE,LOW,96.23,66.64,0,1
MIG-11554,orders,81469.44,79.56,9944719,1293,WRITE_HEAVY,DROP_COLUMN,MEDIUM,0.62,1.38,1,0
MIG-11555,order_payments,29081.6,28.4,6991503,1015,WRITE_HEAVY,ADD_COLUMN_DEFAULT,MEDIUM,0.49,1.08,1,0
MIG-11556,customer_sessions,37775.36,36.89,8432442,1942,MIXED_OLTP,ADD_INDEX_CONCURRENTLY,HIGH,0.26,0.45,1,0
MIG-11557,order_items,444774.4,434.35,69806187,2823,MIXED_OLTP,DROP_COLUMN,HIGH,2.39,8.22,1,0
MIG-11558,order_items,383856.64,374.86,60245081,427,WRITE_HEAVY,ADD_INDEX_CONCURRENTLY,LOW,1.21,1.63,1,0
MIG-11559,order_shipments,74383.36,72.64,19370045,472,READ_HEAVY,ADD_INDEX_CONCURRENTLY,LOW,0.43,0.55,1,0
MIG-11560,customer_sessions,57886.72,56.53,12920271,516,WRITE_HEAVY,ADD_INDEX_CONCURRENTLY,MEDIUM,0.33,0.39,1,0
MIG-11561,order_items,187033.6,182.65,29354073,1130,MIXED_OLTP,ALTER_COLUMN_TYPE,MEDIUM,52.24,91.86,0,1
MIG-11562,order_shipments,23183.36,22.64,6038487,507,MIXED_OLTP,ADD_COLUMN_DEFAULT,MEDIUM,0.52,0.68,1,0
MIG-11563,order_shipments,70297.6,68.65,18307735,538,READ_HEAVY,TABLE_REWRITE,MEDIUM,39.7,59.81,0,1
MIG-11564,order_payments,104888.32,102.43,25212859,562,READ_HEAVY,ADD_COLUMN_DEFAULT,MEDIUM,1.33,1.13,1,0
MIG-11565,order_items,402001.92,392.58,63093002,1275,READ_HEAVY,DROP_COLUMN,MEDIUM,2.06,3.97,1,0
MIG-11566,orders,103505.92,101.08,12635586,390,WRITE_HEAVY,ALTER_COLUMN_TYPE,LOW,42.94,43.08,0,1
MIG-11567,orders,228485.12,223.13,27890660,1391,READ_HEAVY,ALTER_COLUMN_TYPE,MEDIUM,71.24,103.33,0,1
MIG-11568,order_items,153753.6,150.15,24130567,1134,WRITE_HEAVY,ADD_INDEX_CONCURRENTLY,MEDIUM,0.79,1.08,1,0
MIG-11569,order_items,441026.56,430.69,69217254,1056,MIXED_OLTP,ADD_INDEX_CONCURRENTLY,MEDIUM,1.23,2.17,1,0
MIG-11570,order_items,176834.56,172.69,27753334,1772,READ_HEAVY,ADD_INDEX_CONCURRENTLY,HIGH,0.67,2.17,1,0
MIG-11571,order_items,452444.16,441.84,71010265,1200,WRITE_HEAVY,ADD_COLUMN_DEFAULT,MEDIUM,3.25,6.63,1,0
MIG-11572,order_items,330270.72,322.53,51835788,464,READ_HEAVY,ADD_INDEX_CONCURRENTLY,LOW,1.26,1.13,1,0
MIG-11573,order_shipments,77998.08,76.17,20311025,3890,MIXED_OLTP,DROP_COLUMN,CRITICAL,0.68,4.3,1,0
MIG-11574,orders,60692.48,59.27,7409189,1196,READ_HEAVY,ADD_COLUMN_DEFAULT,MEDIUM,0.74,1.24,1,0
MIG-11575,orders,171929.6,167.9,20987240,300,READ_HEAVY,TABLE_REWRITE,LOW,104.0,71.35,0,1
MIG-11576,order_payments,43980.8,42.95,10572483,2282,MIXED_OLTP,ADD_INDEX_LOCKING,HIGH,9.14,53.33,0,1
MIG-11577,order_shipments,75028.48,73.27,19539443,2697,WRITE_HEAVY,ADD_INDEX_LOCKING,HIGH,11.87,263.19,0,1
MIG-11578,customer_sessions,22077.44,21.56,4927361,3727,READ_HEAVY,DROP_COLUMN,CRITICAL,0.32,1.04,1,0
MIG-11579,order_shipments,24535.04,23.96,6389399,5189,READ_HEAVY,ADD_INDEX_CONCURRENTLY,CRITICAL,0.22,1.33,1,0
MIG-11580,order_shipments,77578.24,75.76,20203452,2977,WRITE_HEAVY,ADD_INDEX_CONCURRENTLY,HIGH,0.4,1.61,1,0
MIG-11581,order_items,147476.48,144.02,23146086,146,ANALYTICAL_BATCH,ADD_COLUMN_DEFAULT,LOW,1.68,1.68,1,0
MIG-11582,order_items,230563.84,225.16,36186996,1011,READ_HEAVY,ALTER_COLUMN_TYPE,MEDIUM,60.54,93.22,0,1
MIG-11583,orders,231567.36,226.14,28267850,106,WRITE_HEAVY,ADD_INDEX_CONCURRENTLY,LOW,0.92,1.01,1,0
MIG-11584,order_items,532561.92,520.08,83584752,838,WRITE_HEAVY,ADD_COLUMN_DEFAULT,MEDIUM,4.06,4.32,1,0
MIG-11585,customer_sessions,69437.44,67.81,15499410,3933,ANALYTICAL_BATCH,ADD_INDEX_LOCKING,CRITICAL,10.67,231.34,0,1
MIG-11586,order_items,282982.4,276.35,44414091,365,MIXED_OLTP,ADD_COLUMN_DEFAULT,LOW,2.81,2.17,1,0
MIG-11587,order_items,387215.36,378.14,60771890,3977,WRITE_HEAVY,TABLE_REWRITE,CRITICAL,173.76,4519.5,0,1
MIG-11588,orders,220200.96,215.04,26880378,862,READ_HEAVY,TABLE_REWRITE,MEDIUM,103.59,175.44,0,1
MIG-11589,orders,79452.16,77.59,9698608,409,WRITE_HEAVY,ADD_INDEX_CONCURRENTLY,LOW,0.45,0.52,1,0
MIG-11590,orders,209377.28,204.47,25558553,4895,MIXED_OLTP,DROP_COLUMN,CRITICAL,1.47,11.85,1,0
MIG-11591,orders,70717.44,69.06,8632131,508,READ_HEAVY,ADD_INDEX_CONCURRENTLY,MEDIUM,0.38,0.43,1,0
MIG-11592,customer_sessions,73246.72,71.53,16350808,837,WRITE_HEAVY,ADD_COLUMN_DEFAULT,MEDIUM,1.08,1.07,1,0
MIG-11593,order_items,443596.8,433.2,69622124,1264,READ_HEAVY,ALTER_COLUMN_TYPE,MEDIUM,118.82,167.77,0,1
MIG-11594,order_shipments,59351.04,57.96,15455394,141,ANALYTICAL_BATCH,ADD_INDEX_CONCURRENTLY,LOW,0.31,0.45,1,0
MIG-11595,order_payments,84695.04,82.71,20360202,314,WRITE_HEAVY,TABLE_REWRITE,LOW,58.73,80.48,0,1
MIG-11596,orders,89262.08,87.17,10896775,2238,WRITE_HEAVY,TABLE_REWRITE,HIGH,52.74,403.4,0,1
MIG-11597,orders,125665.28,122.72,15339769,4744,ANALYTICAL_BATCH,DROP_COLUMN,CRITICAL,0.93,8.22,1,0
MIG-11598,order_shipments,78745.6,76.9,20505871,2514,WRITE_HEAVY,ADD_COLUMN_DEFAULT,HIGH,0.86,3.73,1,0
MIG-11599,orders,168796.16,164.84,20605477,2263,READ_HEAVY,ADD_INDEX_CONCURRENTLY,HIGH,0.65,2.11,1,0
MIG-11600,order_shipments,62330.88,60.87,16233014,2119,READ_HEAVY,ADD_COLUMN_DEFAULT,HIGH,0.8,2.17,1,0
MIG-11601,orders,92334.08,90.17,11271639,416,WRITE_HEAVY,ADD_INDEX_CONCURRENTLY,LOW,0.45,0.63,1,0
MIG-11602,order_payments,109332.48,106.77,26282434,2073,WRITE_HEAVY,ADD_INDEX_CONCURRENTLY,HIGH,0.51,2.04,1,0
MIG-11603,order_shipments,50944.0,49.75,13267932,2155,WRITE_HEAVY,ADD_INDEX_CONCURRENTLY,HIGH,0.33,1.33,1,0
MIG-11604,orders,89569.28,87.47,10934340,919,WRITE_HEAVY,DROP_COLUMN,MEDIUM,0.86,0.99,1,0
MIG-11605,orders,257904.64,251.86,31482188,845,READ_HEAVY,ADD_INDEX_CONCURRENTLY,MEDIUM,0.96,1.38,1,0
MIG-11606,customer_sessions,47032.32,45.93,10497901,2444,MIXED_OLTP,ADD_COLUMN_DEFAULT,HIGH,0.59,2.31,1,0
MIG-11607,orders,165949.44,162.06,20256989,4591,WRITE_HEAVY,DROP_COLUMN,CRITICAL,1.01,6.77,1,0
MIG-11608,order_items,621168.64,606.61,97491124,5248,MIXED_OLTP,ADD_INDEX_CONCURRENTLY,CRITICAL,2.16,22.68,1,0
MIG-11609,order_items,303790.08,296.67,47678897,944,READ_HEAVY,ADD_COLUMN_DEFAULT,MEDIUM,2.23,4.1,1,0
MIG-11610,orders,257730.56,251.69,31461558,2640,WRITE_HEAVY,ADD_INDEX_CONCURRENTLY,HIGH,1.03,4.05,1,0
MIG-11611,order_payments,109885.44,107.31,26413850,803,READ_HEAVY,ADD_INDEX_CONCURRENTLY,MEDIUM,0.61,1.05,1,0
MIG-11612,order_payments,102471.68,100.07,24633154,5406,WRITE_HEAVY,ADD_INDEX_CONCURRENTLY,CRITICAL,0.52,4.6,1,0
MIG-11613,order_items,235673.6,230.15,36987882,2870,READ_HEAVY,ADD_INDEX_CONCURRENTLY,HIGH,1.08,3.73,1,0
MIG-11614,order_shipments,22722.56,22.19,5917922,4478,WRITE_HEAVY,ADD_COLUMN_DEFAULT,CRITICAL,0.43,4.69,1,0
MIG-11615,orders,145981.44,142.56,17820163,4808,MIXED_OLTP,ADD_INDEX_CONCURRENTLY,CRITICAL,0.64,3.58,1,0
MIG-11616,orders,51404.8,50.2,6274615,1079,ANALYTICAL_BATCH,ADD_COLUMN_DEFAULT,MEDIUM,0.85,1.65,1,0
MIG-11617,order_items,151336.96,147.79,23751203,3492,WRITE_HEAVY,ADD_INDEX_LOCKING,CRITICAL,15.93,203.73,0,1
MIG-11618,customer_sessions,52746.24,51.51,11772705,2911,ANALYTICAL_BATCH,DROP_COLUMN,HIGH,0.59,1.79,1,0
MIG-11619,orders,209397.76,204.49,25560739,1240,WRITE_HEAVY,ADD_COLUMN_DEFAULT,MEDIUM,2.43,4.2,1,0
MIG-11620,orders,86302.72,84.28,10534604,267,WRITE_HEAVY,TABLE_REWRITE,LOW,65.09,55.04,0,1
MIG-11621,order_items,492728.32,481.18,77332533,1878,WRITE_HEAVY,ADD_INDEX_LOCKING,HIGH,41.7,566.71,0,1
MIG-11622,order_shipments,97208.32,94.93,25314077,1168,MIXED_OLTP,DROP_COLUMN,MEDIUM,0.72,1.7,1,0
MIG-11623,orders,213534.72,208.53,26065754,931,MIXED_OLTP,ADD_COLUMN_DEFAULT,MEDIUM,2.32,3.18,1,0
MIG-11624,order_items,519680.0,507.5,81561932,1328,ANALYTICAL_BATCH,ADD_INDEX_CONCURRENTLY,MEDIUM,1.82,3.7,1,0
MIG-11625,order_payments,110571.52,107.98,26580522,186,MIXED_OLTP,ADD_COLUMN_DEFAULT,LOW,1.15,1.83,1,0
MIG-11626,order_items,230676.48,225.27,36203732,1020,READ_HEAVY,ADD_COLUMN_DEFAULT,MEDIUM,2.4,2.9,1,0
MIG-11627,orders,128972.8,125.95,15744028,1669,MIXED_OLTP,TABLE_REWRITE,HIGH,82.68,607.41,0,1
MIG-11628,orders,259112.96,253.04,31630207,385,ANALYTICAL_BATCH,TABLE_REWRITE,LOW,102.92,135.94,0,1
MIG-11629,order_items,455936.0,445.25,71558056,2098,MIXED_OLTP,ADD_INDEX_CONCURRENTLY,HIGH,1.47,3.19,1,0
MIG-11630,order_items,521902.08,509.67,81911003,177,READ_HEAVY,TABLE_REWRITE,LOW,179.97,180.16,0,1
MIG-11631,order_shipments,98775.04,96.46,25723803,4387,MIXED_OLTP,ADD_INDEX_LOCKING,CRITICAL,13.12,257.38,0,1
MIG-11632,order_items,234127.36,228.64,36746390,1071,WRITE_HEAVY,DROP_COLUMN,MEDIUM,1.72,2.66,1,0
MIG-11633,order_payments,65167.36,63.64,15664576,1953,ANALYTICAL_BATCH,ALTER_COLUMN_TYPE,HIGH,25.71,278.54,0,1
MIG-11634,customer_sessions,55930.88,54.62,12485143,2909,ANALYTICAL_BATCH,ADD_COLUMN_DEFAULT,HIGH,0.78,4.12,1,0
MIG-11635,order_items,127262.72,124.28,19972955,3187,MIXED_OLTP,ADD_COLUMN_DEFAULT,CRITICAL,1.73,12.47,1,0
MIG-11636,order_items,409487.36,399.89,64268745,832,WRITE_HEAVY,ALTER_COLUMN_TYPE,MEDIUM,83.39,113.84,0,1
MIG-11637,customer_sessions,66508.8,64.95,14845112,749,WRITE_HEAVY,ADD_INDEX_CONCURRENTLY,MEDIUM,0.45,0.42,1,0
MIG-11638,orders,184176.64,179.86,22481971,470,ANALYTICAL_BATCH,ADD_INDEX_LOCKING,LOW,20.47,30.85,1,0
MIG-11639,order_payments,62013.44,60.56,14907326,745,MIXED_OLTP,ADD_INDEX_LOCKING,MEDIUM,9.67,18.01,1,0
MIG-11640,order_payments,113377.28,110.72,27254197,720,MIXED_OLTP,ALTER_COLUMN_TYPE,MEDIUM,39.66,62.22,0,1
MIG-11641,orders,81448.96,79.54,9942853,2386,ANALYTICAL_BATCH,ADD_INDEX_CONCURRENTLY,HIGH,0.52,2.6,1,0
MIG-11642,order_items,576481.28,562.97,90476651,204,READ_HEAVY,DROP_COLUMN,LOW,2.52,3.79,1,0
MIG-11643,orders,71475.2,69.8,8724705,782,MIXED_OLTP,ADD_INDEX_CONCURRENTLY,MEDIUM,0.39,0.73,1,0
MIG-11644,orders,240138.24,234.51,29314260,745,WRITE_HEAVY,ALTER_COLUMN_TYPE,MEDIUM,73.93,86.87,0,1
MIG-11645,order_items,371609.6,362.9,58322563,1033,WRITE_HEAVY,ADD_COLUMN_DEFAULT,MEDIUM,3.42,4.52,1,0
MIG-11646,orders,143964.16,140.59,17573469,2623,READ_HEAVY,DROP_COLUMN,HIGH,0.88,4.19,1,0
MIG-11647,order_payments,86609.92,84.58,20819058,970,WRITE_HEAVY,ALTER_COLUMN_TYPE,MEDIUM,32.08,52.86,0,1
MIG-11648,order_shipments,35041.28,34.22,9124456,1389,READ_HEAVY,ADD_COLUMN_DEFAULT,MEDIUM,0.5,1.2,1,0
MIG-11649,order_shipments,56391.68,55.07,14686008,766,MIXED_OLTP,ADD_COLUMN_DEFAULT,MEDIUM,0.7,1.16,1,0
MIG-11650,orders,237096.96,231.54,28942435,2767,WRITE_HEAVY,ADD_COLUMN_DEFAULT,HIGH,1.89,6.39,1,0
MIG-11651,orders,226314.24,221.01,27625791,2611,MIXED_OLTP,DROP_COLUMN,HIGH,1.38,6.59,1,0
MIG-11652,orders,85217.28,83.22,10402310,573,WRITE_HEAVY,ADD_INDEX_LOCKING,MEDIUM,15.31,20.17,1,0
MIG-11653,orders,198103.04,193.46,24182366,1167,MIXED_OLTP,ADD_INDEX_LOCKING,MEDIUM,23.05,35.68,0,1
MIG-11654,customer_sessions,69611.52,67.98,15538456,2989,WRITE_HEAVY,ADD_INDEX_CONCURRENTLY,HIGH,0.4,1.06,1,0
MIG-11655,order_items,537763.84,525.16,84401174,2520,MIXED_OLTP,ADD_COLUMN_DEFAULT,HIGH,4.22,19.27,1,0
MIG-11656,orders,143298.56,139.94,17492075,203,READ_HEAVY,ADD_COLUMN_DEFAULT,LOW,1.49,1.94,1,0
MIG-11657,order_shipments,22425.6,21.9,5838805,933,READ_HEAVY,ADD_INDEX_CONCURRENTLY,MEDIUM,0.21,0.3,1,0
MIG-11658,order_items,595261.44,581.31,93424723,1369,WRITE_HEAVY,ADD_INDEX_LOCKING,MEDIUM,55.12,118.44,0,1
MIG-11659,orders,136714.24,133.51,16688898,1974,WRITE_HEAVY,ADD_COLUMN_DEFAULT,HIGH,1.46,3.85,1,0
MIG-11660,orders,128993.28,125.97,15746369,290,READ_HEAVY,ADD_INDEX_CONCURRENTLY,LOW,0.66,0.86,1,0
MIG-11661,order_items,506675.2,494.8,79520710,2386,WRITE_HEAVY,DROP_COLUMN,HIGH,2.39,5.74,1,0
MIG-11662,order_payments,58245.12,56.88,14002399,2741,WRITE_HEAVY,ADD_COLUMN_DEFAULT,HIGH,0.71,3.0,1,0
MIG-11663,orders,233789.44,228.31,28538193,2938,MIXED_OLTP,ADD_INDEX_LOCKING,HIGH,29.03,275.68,0,1
MIG-11664,order_shipments,24739.84,24.16,6442713,4762,WRITE_HEAVY,ADD_INDEX_CONCURRENTLY,CRITICAL,0.2,1.87,1,0
MIG-11665,order_shipments,79872.0,78.0,20799361,933,WRITE_HEAVY,ADD_INDEX_CONCURRENTLY,MEDIUM,0.36,0.64,1,0
MIG-11666,order_shipments,98539.52,96.23,25661052,2115,WRITE_HEAVY,ADD_INDEX_CONCURRENTLY,HIGH,0.59,2.22,1,0
MIG-11667,orders,269404.16,263.09,32885757,2497,READ_HEAVY,ADD_COLUMN_DEFAULT,HIGH,2.55,7.89,1,0
MIG-11668,orders,253480.96,247.54,30942717,1610,READ_HEAVY,ADD_INDEX_LOCKING,HIGH,32.62,82.76,0,1
MIG-11669,order_shipments,90654.72,88.53,23608467,942,MIXED_OLTP,DROP_COLUMN,MEDIUM,0.81,1.12,1,0
MIG-11670,order_items,258621.44,252.56,40589298,242,READ_HEAVY,ADD_INDEX_CONCURRENTLY,LOW,1.19,0.92,1,0
MIG-11671,order_items,613570.56,599.19,96298517,5331,READ_HEAVY,DROP_COLUMN,CRITICAL,3.43,32.18,0,1
MIG-11672,order_payments,137789.44,134.56,33123421,442,READ_HEAVY,ADD_COLUMN_DEFAULT,LOW,1.8,2.07,1,0
MIG-11673,orders,167342.08,163.42,20428057,3661,WRITE_HEAVY,ADD_INDEX_LOCKING,CRITICAL,20.93,500.36,0,1
MIG-11674,order_payments,74792.96,73.04,17979836,1155,MIXED_OLTP,ADD_INDEX_CONCURRENTLY,MEDIUM,0.36,0.89,1,0
MIG-11675,customer_sessions,21381.12,20.88,4773448,958,WRITE_HEAVY,ADD_INDEX_LOCKING,MEDIUM,4.71,7.94,1,0
MIG-11676,order_payments,97382.4,95.1,23410261,5076,MIXED_OLTP,DROP_COLUMN,CRITICAL,0.84,7.9,1,0
MIG-11677,order_items,476241.92,465.08,74744221,2240,READ_HEAVY,DROP_COLUMN,HIGH,2.64,6.6,1,0
MIG-11678,order_shipments,51937.28,50.72,13526326,1141,READ_HEAVY,ADD_COLUMN_DEFAULT,MEDIUM,0.69,1.3,1,0
MIG-11679,order_items,324239.36,316.64,50888394,1228,READ_HEAVY,ADD_INDEX_CONCURRENTLY,MEDIUM,0.96,2.25,1,0
MIG-11680,order_payments,95313.92,93.08,22911368,1323,ANALYTICAL_BATCH,ADD_INDEX_CONCURRENTLY,MEDIUM,0.58,0.76,1,0
MIG-11681,order_shipments,20736.0,20.25,5400136,388,READ_HEAVY,ALTER_COLUMN_TYPE,LOW,10.9,13.4,1,0
MIG-11682,order_payments,141383.68,138.07,33986537,796,READ_HEAVY,DROP_COLUMN,MEDIUM,1.16,1.8,1,0
MIG-11683,orders,113274.88,110.62,13827454,1239,MIXED_OLTP,DROP_COLUMN,MEDIUM,0.92,1.54,1,0
MIG-11684,orders,80312.32,78.43,9804053,816,READ_HEAVY,ADD_COLUMN_DEFAULT,MEDIUM,1.16,1.5,1,0
MIG-11685,orders,50370.56,49.19,6148186,1232,READ_HEAVY,ADD_INDEX_CONCURRENTLY,MEDIUM,0.32,0.52,1,0
MIG-11686,order_items,556922.88,543.87,87408214,5373,WRITE_HEAVY,ADD_COLUMN_DEFAULT,CRITICAL,4.56,33.38,0,1
MIG-11687,order_items,560189.44,547.06,87919797,2204,WRITE_HEAVY,DROP_COLUMN,HIGH,2.68,10.22,1,0
MIG-11688,order_items,163870.72,160.03,25719834,1392,MIXED_OLTP,ADD_INDEX_CONCURRENTLY,MEDIUM,0.67,0.95,1,0
MIG-11689,order_items,193259.52,188.73,30331545,3388,WRITE_HEAVY,TABLE_REWRITE,CRITICAL,101.22,2180.16,0,1
MIG-11690,order_payments,80281.6,78.4,19299584,925,WRITE_HEAVY,ADD_INDEX_CONCURRENTLY,MEDIUM,0.41,0.79,1,0
MIG-11691,order_shipments,33832.96,33.04,8811210,1370,WRITE_HEAVY,DROP_COLUMN,MEDIUM,0.42,0.67,1,0
MIG-11692,orders,211906.56,206.94,25867170,1230,ANALYTICAL_BATCH,ADD_COLUMN_DEFAULT,MEDIUM,2.14,4.52,1,0
MIG-11693,order_payments,33576.96,32.79,8071544,3812,READ_HEAVY,ALTER_COLUMN_TYPE,CRITICAL,16.18,210.21,0,1
MIG-11694,order_payments,92487.68,90.32,22231628,1000,READ_HEAVY,ALTER_COLUMN_TYPE,MEDIUM,31.55,54.61,0,1
MIG-11695,order_items,312248.32,304.93,49006116,610,ANALYTICAL_BATCH,ADD_COLUMN_DEFAULT,MEDIUM,2.43,3.75,1,0
MIG-11696,orders,151992.32,148.43,18553555,5040,READ_HEAVY,ADD_COLUMN_DEFAULT,CRITICAL,1.74,17.71,1,0
MIG-11697,order_payments,77516.8,75.7,18633004,1693,MIXED_OLTP,TABLE_REWRITE,HIGH,43.1,165.98,0,1
MIG-11698,customer_sessions,24217.6,23.65,5405492,2346,MIXED_OLTP,DROP_COLUMN,HIGH,0.26,0.79,1,0
MIG-11699,order_payments,53012.48,51.77,12744106,2242,READ_HEAVY,ADD_INDEX_CONCURRENTLY,HIGH,0.36,0.86,1,0
MIG-11700,order_shipments,23808.0,23.25,6199846,2426,MIXED_OLTP,ADD_INDEX_LOCKING,HIGH,4.62,38.67,0,1
MIG-11701,customer_sessions,21770.24,21.26,4860112,270,ANALYTICAL_BATCH,ADD_COLUMN_DEFAULT,LOW,0.41,0.4,1,0
MIG-11702,order_items,619376.64,604.86,97209480,1628,WRITE_HEAVY,ADD_INDEX_CONCURRENTLY,HIGH,1.9,5.72,1,0
MIG-11703,order_items,259082.24,253.01,40662731,1163,WRITE_HEAVY,ALTER_COLUMN_TYPE,MEDIUM,60.08,131.39,0,1
MIG-11704,order_items,273141.76,266.74,42869068,457,MIXED_OLTP,TABLE_REWRITE,LOW,146.96,136.26,0,1
MIG-11705,customer_sessions,22538.24,22.01,5030331,4529,READ_HEAVY,ADD_INDEX_CONCURRENTLY,CRITICAL,0.15,0.84,1,0
MIG-11706,orders,216186.88,211.12,26389433,117,READ_HEAVY,ADD_COLUMN_DEFAULT,LOW,2.14,2.25,1,0
MIG-11707,order_items,591636.48,577.77,92855567,142,WRITE_HEAVY,ADD_INDEX_CONCURRENTLY,LOW,2.04,1.63,1,0
MIG-11708,order_shipments,83937.28,81.97,21858611,774,MIXED_OLTP,ALTER_COLUMN_TYPE,MEDIUM,32.15,62.01,0,1
MIG-11709,orders,184657.92,180.33,22540627,1945,MIXED_OLTP,ALTER_COLUMN_TYPE,HIGH,64.97,705.26,0,1
MIG-11710,order_payments,124057.6,121.15,29821107,3306,ANALYTICAL_BATCH,ALTER_COLUMN_TYPE,CRITICAL,48.29,1198.37,0,1
MIG-11711,order_items,323307.52,315.73,50742648,458,READ_HEAVY,ADD_INDEX_CONCURRENTLY,LOW,1.1,0.8,1,0
MIG-11712,customer_sessions,69785.6,68.15,15576761,1237,ANALYTICAL_BATCH,ADD_INDEX_CONCURRENTLY,MEDIUM,0.39,0.75,1,0
MIG-11713,order_shipments,84664.32,82.68,22048007,2650,READ_HEAVY,DROP_COLUMN,HIGH,0.71,2.84,1,0
MIG-11714,order_items,115578.88,112.87,18139696,2944,READ_HEAVY,ADD_INDEX_CONCURRENTLY,HIGH,0.58,2.15,1,0
MIG-11715,order_payments,85063.68,83.07,20448471,1370,MIXED_OLTP,ADD_INDEX_CONCURRENTLY,MEDIUM,0.38,0.99,1,0
MIG-11716,order_items,251258.88,245.37,39433942,671,READ_HEAVY,ADD_INDEX_CONCURRENTLY,MEDIUM,0.8,1.38,1,0
MIG-11717,order_items,159191.04,155.46,24984866,521,READ_HEAVY,ADD_INDEX_LOCKING,MEDIUM,21.1,19.83,1,0
MIG-11718,order_payments,128000.0,125.0,30770446,391,WRITE_HEAVY,DROP_COLUMN,LOW,0.87,0.97,1,0
MIG-11719,order_shipments,19087.36,18.64,4971713,2868,READ_HEAVY,ADD_INDEX_LOCKING,HIGH,4.38,46.18,0,1
MIG-11720,orders,210657.28,205.72,25714414,1201,MIXED_OLTP,ADD_INDEX_CONCURRENTLY,MEDIUM,0.93,1.95,1,0
MIG-11721,orders,267724.8,261.45,32681187,2791,WRITE_HEAVY,ADD_INDEX_LOCKING,HIGH,23.76,334.02,0,1
MIG-11722,order_payments,84377.6,82.4,20282169,2412,MIXED_OLTP,ADD_COLUMN_DEFAULT,HIGH,1.26,4.09,1,0
MIG-11723,order_items,306288.64,299.11,48070482,2178,WRITE_HEAVY,ADD_COLUMN_DEFAULT,HIGH,2.2,9.17,1,0
MIG-11724,order_items,427356.16,417.34,67072469,1695,WRITE_HEAVY,DROP_COLUMN,HIGH,2.15,9.65,1,0
MIG-11725,orders,227133.44,221.81,27726841,369,MIXED_OLTP,ADD_INDEX_LOCKING,LOW,28.72,21.0,1,0
MIG-11726,order_items,238684.16,233.09,37460411,791,WRITE_HEAVY,ADD_INDEX_CONCURRENTLY,MEDIUM,1.03,1.36,1,0
MIG-11727,order_shipments,39229.44,38.31,10215150,771,ANALYTICAL_BATCH,ADD_INDEX_LOCKING,MEDIUM,6.41,11.51,1,0
MIG-11728,orders,183449.6,179.15,22393806,2813,ANALYTICAL_BATCH,DROP_COLUMN,HIGH,1.28,6.72,1,0
MIG-11729,order_items,599756.8,585.7,94130265,2487,READ_HEAVY,DROP_COLUMN,HIGH,3.16,9.97,1,0
MIG-11730,customer_sessions,33587.2,32.8,7497535,944,READ_HEAVY,ALTER_COLUMN_TYPE,MEDIUM,17.97,19.19,1,0
MIG-11731,orders,132485.12,129.38,16172375,2698,WRITE_HEAVY,ADD_INDEX_LOCKING,HIGH,17.06,139.02,0,1
MIG-11732,order_payments,145633.28,142.22,35007999,1233,MIXED_OLTP,DROP_COLUMN,MEDIUM,0.99,1.68,1,0
MIG-11733,orders,88125.44,86.06,10757998,293,WRITE_HEAVY,ADD_COLUMN_DEFAULT,LOW,0.98,1.1,1,0
MIG-11734,order_shipments,24811.52,24.23,6462512,1477,ANALYTICAL_BATCH,ADD_COLUMN_DEFAULT,MEDIUM,0.52,0.91,1,0
MIG-11735,order_payments,97280.0,95.0,23384950,3070,ANALYTICAL_BATCH,ALTER_COLUMN_TYPE,CRITICAL,30.42,549.77,0,1
MIG-11736,order_shipments,20449.28,19.97,5324166,993,WRITE_HEAVY,TABLE_REWRITE,MEDIUM,23.76,36.36,0,1
MIG-11737,orders,89057.28,86.97,10871697,916,MIXED_OLTP,ADD_INDEX_LOCKING,MEDIUM,12.82,21.09,1,0
MIG-11738,order_items,435804.16,425.59,68398943,1683,READ_HEAVY,ADD_INDEX_LOCKING,HIGH,33.09,283.86,0,1
MIG-11739,order_payments,105635.84,103.16,25393957,389,READ_HEAVY,DROP_COLUMN,LOW,0.76,0.86,1,0
MIG-11740,orders,162048.0,158.25,19781481,140,WRITE_HEAVY,ADD_INDEX_LOCKING,LOW,20.17,23.5,1,0
MIG-11741,orders,134031.36,130.89,16361197,381,MIXED_OLTP,ADD_INDEX_CONCURRENTLY,LOW,0.62,0.62,1,0
MIG-11742,orders,176599.04,172.46,21557334,401,WRITE_HEAVY,ADD_COLUMN_DEFAULT,LOW,1.78,1.98,1,0
MIG-11743,customer_sessions,55838.72,54.53,12464754,986,MIXED_OLTP,DROP_COLUMN,MEDIUM,0.5,0.59,1,0
MIG-11744,order_payments,122890.24,120.01,29540282,744,READ_HEAVY,ADD_COLUMN_DEFAULT,MEDIUM,1.37,1.62,1,0
MIG-11745,order_items,523827.2,511.55,82212817,2978,READ_HEAVY,DROP_COLUMN,HIGH,2.13,9.89,1,0
MIG-11746,order_payments,106270.72,103.78,25546262,2557,ANALYTICAL_BATCH,TABLE_REWRITE,HIGH,53.5,1031.09,0,1
MIG-11747,order_items,576194.56,562.69,90432839,3292,MIXED_OLTP,ALTER_COLUMN_TYPE,CRITICAL,145.87,1544.58,0,1
MIG-11748,order_items,547184.64,534.36,85880045,394,READ_HEAVY,ALTER_COLUMN_TYPE,LOW,107.89,113.46,0,1
MIG-11749,order_items,183459.84,179.16,28792926,658,READ_HEAVY,ALTER_COLUMN_TYPE,MEDIUM,58.44,58.09,0,1
MIG-11750,order_items,608430.08,594.17,95491034,349,READ_HEAVY,ADD_INDEX_LOCKING,LOW,52.13,61.06,0,1
MIG-11751,orders,246394.88,240.62,30077042,758,WRITE_HEAVY,DROP_COLUMN,MEDIUM,1.28,1.94,1,0
MIG-11752,order_shipments,45056.0,44.0,11732027,2452,ANALYTICAL_BATCH,ADD_INDEX_CONCURRENTLY,HIGH,0.31,1.48,1,0
MIG-11753,order_shipments,20101.12,19.63,5235983,1303,WRITE_HEAVY,ALTER_COLUMN_TYPE,MEDIUM,11.65,20.46,1,0
MIG-11754,order_items,426393.6,416.4,66922051,2675,READ_HEAVY,ADD_INDEX_CONCURRENTLY,HIGH,1.37,4.54,1,0
MIG-11755,order_items,340951.04,332.96,53511823,2644,MIXED_OLTP,ADD_INDEX_LOCKING,HIGH,40.09,259.36,0,1
MIG-11756,orders,214947.84,209.91,26238299,382,READ_HEAVY,ADD_INDEX_CONCURRENTLY,LOW,0.87,0.94,1,0
MIG-11757,customer_sessions,48179.2,47.05,10754236,4931,MIXED_OLTP,ADD_COLUMN_DEFAULT,CRITICAL,0.8,5.41,1,0
MIG-11758,order_shipments,24780.8,24.2,6452193,460,WRITE_HEAVY,ADD_COLUMN_DEFAULT,LOW,0.54,0.72,1,0
MIG-11759,customer_sessions,30126.08,29.42,6723498,5199,WRITE_HEAVY,ADD_INDEX_LOCKING,CRITICAL,5.17,155.2,0,1
MIG-11760,order_items,570152.96,556.79,89484424,2658,READ_HEAVY,ALTER_COLUMN_TYPE,HIGH,119.43,966.48,0,1
MIG-11761,orders,57487.36,56.14,7017621,277,READ_HEAVY,ADD_INDEX_CONCURRENTLY,LOW,0.29,0.27,1,0
MIG-11762,orders,212090.88,207.12,25890081,793,ANALYTICAL_BATCH,ADD_INDEX_CONCURRENTLY,MEDIUM,0.95,1.02,1,0
MIG-11763,orders,113725.44,111.06,13882474,818,READ_HEAVY,TABLE_REWRITE,MEDIUM,58.41,117.43,0,1
MIG-11764,orders,149268.48,145.77,18221274,2419,WRITE_HEAVY,ADD_INDEX_CONCURRENTLY,HIGH,0.8,2.86,1,0
MIG-11765,orders,166604.8,162.7,20337146,1100,WRITE_HEAVY,ADD_INDEX_LOCKING,MEDIUM,18.22,39.48,0,1
MIG-11766,customer_sessions,30474.24,29.76,6801171,2140,READ_HEAVY,ADD_INDEX_LOCKING,HIGH,5.66,59.28,0,1
MIG-11767,orders,193351.68,188.82,23602931,909,READ_HEAVY,ADD_INDEX_LOCKING,MEDIUM,25.27,46.01,0,1
MIG-11768,orders,202526.72,197.78,24722939,4812,WRITE_HEAVY,ADD_INDEX_CONCURRENTLY,CRITICAL,0.99,7.37,1,0
MIG-11769,order_shipments,25487.36,24.89,6637284,1023,READ_HEAVY,ADD_INDEX_LOCKING,MEDIUM,6.38,6.33,1,0
MIG-11770,order_items,307671.04,300.46,48288093,1528,ANALYTICAL_BATCH,TABLE_REWRITE,HIGH,140.55,1337.7,0,1
MIG-11771,order_payments,115804.16,113.09,27838066,1710,READ_HEAVY,ADD_COLUMN_DEFAULT,HIGH,1.28,2.71,1,0
MIG-11772,order_items,487127.04,475.71,76452642,831,MIXED_OLTP,ADD_INDEX_LOCKING,MEDIUM,46.73,71.06,0,1
MIG-11773,order_shipments,63600.64,62.11,16563432,258,WRITE_HEAVY,ADD_INDEX_CONCURRENTLY,LOW,0.36,0.38,1,0
MIG-11774,order_items,516044.8,503.95,80991657,1232,MIXED_OLTP,TABLE_REWRITE,MEDIUM,159.92,462.36,0,1
MIG-11775,order_items,170240.0,166.25,26719236,2208,WRITE_HEAVY,ADD_INDEX_CONCURRENTLY,HIGH,0.72,3.08,1,0
MIG-11776,order_payments,40785.92,39.83,9804484,2140,READ_HEAVY,ADD_COLUMN_DEFAULT,HIGH,0.57,2.43,1,0
MIG-11777,order_items,454010.88,443.37,71256633,587,WRITE_HEAVY,ADD_INDEX_CONCURRENTLY,MEDIUM,1.46,2.4,1,0
MIG-11778,order_items,472514.56,461.44,74160043,3152,WRITE_HEAVY,TABLE_REWRITE,CRITICAL,162.04,5724.55,0,1
MIG-11779,order_items,535060.48,522.52,83976675,5486,WRITE_HEAVY,DROP_COLUMN,CRITICAL,3.17,24.48,1,0
MIG-11780,orders,89190.4,87.1,10887995,2791,WRITE_HEAVY,ADD_INDEX_CONCURRENTLY,HIGH,0.55,2.26,1,0
MIG-11781,order_payments,88535.04,86.46,21283023,115,MIXED_OLTP,ADD_INDEX_CONCURRENTLY,LOW,0.44,0.49,1,0
MIG-11782,orders,195317.76,190.74,23842445,281,WRITE_HEAVY,ALTER_COLUMN_TYPE,LOW,58.26,77.87,0,1
MIG-11783,orders,98631.68,96.32,12039888,5298,ANALYTICAL_BATCH,ADD_INDEX_CONCURRENTLY,CRITICAL,0.45,6.17,1,0
MIG-11784,orders,163491.84,159.66,19957052,2568,READ_HEAVY,DROP_COLUMN,HIGH,1.01,3.12,1,0
MIG-11785,order_shipments,71383.04,69.71,18590412,1620,WRITE_HEAVY,DROP_COLUMN,HIGH,0.57,1.58,1,0
MIG-11786,order_items,225361.92,220.08,35370410,4073,READ_HEAVY,ADD_INDEX_LOCKING,CRITICAL,24.54,364.34,0,1
MIG-11787,order_payments,71618.56,69.94,17216226,443,WRITE_HEAVY,DROP_COLUMN,LOW,0.57,0.79,1,0
MIG-11788,order_shipments,36372.48,35.52,9472918,1949,MIXED_OLTP,ALTER_COLUMN_TYPE,HIGH,17.95,140.84,0,1
MIG-11789,orders,248872.96,243.04,30379458,2322,WRITE_HEAVY,ADD_INDEX_CONCURRENTLY,HIGH,0.94,4.07,1,0
MIG-11790,order_payments,54999.04,53.71,13219807,1984,MIXED_OLTP,ADD_COLUMN_DEFAULT,HIGH,0.76,2.26,1,0
MIG-11791,order_items,177049.6,172.9,27787604,1794,WRITE_HEAVY,ADD_INDEX_CONCURRENTLY,HIGH,0.65,1.92,1,0
MIG-11792,orders,56924.16,55.59,6949193,1359,WRITE_HEAVY,ADD_COLUMN_DEFAULT,MEDIUM,0.79,1.8,1,0
MIG-11793,order_payments,32010.24,31.26,7694660,192,WRITE_HEAVY,DROP_COLUMN,LOW,0.3,0.35,1,0
MIG-11794,order_shipments,34324.48,33.52,8938262,4457,MIXED_OLTP,DROP_COLUMN,CRITICAL,0.35,2.64,1,0
MIG-11795,orders,183674.88,179.37,22421629,2027,READ_HEAVY,TABLE_REWRITE,HIGH,82.31,606.43,0,1
MIG-11796,order_items,123801.6,120.9,19429639,1113,ANALYTICAL_BATCH,TABLE_REWRITE,MEDIUM,84.41,122.12,0,1
MIG-11797,orders,112578.56,109.94,13742085,4985,READ_HEAVY,ADD_COLUMN_DEFAULT,CRITICAL,1.5,9.5,1,0
MIG-11798,order_items,144711.68,141.32,22711518,1052,WRITE_HEAVY,DROP_COLUMN,MEDIUM,0.95,1.29,1,0
MIG-11799,order_items,323010.56,315.44,50696360,647,MIXED_OLTP,ADD_INDEX_LOCKING,MEDIUM,31.75,31.55,0,1
MIG-11800,order_items,139755.52,136.48,21934715,3718,READ_HEAVY,TABLE_REWRITE,CRITICAL,66.28,984.44,0,1
MIG-11801,order_items,428236.8,418.2,67210883,1863,MIXED_OLTP,ADD_INDEX_CONCURRENTLY,HIGH,1.59,4.62,1,0
MIG-11802,orders,201420.8,196.7,24587455,4721,READ_HEAVY,DROP_COLUMN,CRITICAL,1.52,7.98,1,0
MIG-11803,order_payments,114247.68,111.57,27462521,4731,MIXED_OLTP,ADD_COLUMN_DEFAULT,CRITICAL,1.21,13.37,1,0
MIG-11804,order_payments,53504.0,52.25,12861089,643,WRITE_HEAVY,ADD_COLUMN_DEFAULT,MEDIUM,0.75,1.28,1,0
MIG-11805,order_payments,130672.64,127.61,31412804,1113,ANALYTICAL_BATCH,DROP_COLUMN,MEDIUM,0.98,1.58,1,0
MIG-11806,orders,201830.4,197.1,24637780,2196,WRITE_HEAVY,ADD_INDEX_CONCURRENTLY,HIGH,0.74,2.55,1,0
MIG-11807,order_items,143923.2,140.55,22588667,920,MIXED_OLTP,ADD_INDEX_CONCURRENTLY,MEDIUM,0.63,0.89,1,0
MIG-11808,order_items,342169.6,334.15,53702103,1358,WRITE_HEAVY,ADD_INDEX_LOCKING,MEDIUM,31.22,90.08,0,1
MIG-11809,orders,218972.16,213.84,26729425,560,MIXED_OLTP,ADD_INDEX_CONCURRENTLY,MEDIUM,1.01,1.16,1,0
MIG-11810,orders,117913.6,115.15,14394136,390,MIXED_OLTP,ADD_COLUMN_DEFAULT,LOW,1.25,1.24,1,0
MIG-11811,order_items,311613.44,304.31,48906260,323,MIXED_OLTP,DROP_COLUMN,LOW,1.97,1.74,1,0
MIG-11812,order_payments,102051.84,99.66,24532590,1887,READ_HEAVY,DROP_COLUMN,HIGH,0.77,3.12,1,0
MIG-11813,orders,61419.52,59.98,7497983,1843,READ_HEAVY,DROP_COLUMN,HIGH,0.6,1.51,1,0
MIG-11814,order_shipments,98631.68,96.32,25685796,663,MIXED_OLTP,TABLE_REWRITE,MEDIUM,50.97,81.63,0,1
MIG-11815,order_items,204738.56,199.94,32132961,344,READ_HEAVY,ADD_COLUMN_DEFAULT,LOW,1.89,1.58,1,0
MIG-11816,order_payments,29818.88,29.12,7168153,1155,READ_HEAVY,ADD_INDEX_CONCURRENTLY,MEDIUM,0.24,0.29,1,0
MIG-11817,order_items,117432.32,114.68,18431161,1911,WRITE_HEAVY,ADD_INDEX_CONCURRENTLY,HIGH,0.52,2.24,1,0
MIG-11818,order_items,320901.12,313.38,50363904,252,READ_HEAVY,ADD_COLUMN_DEFAULT,LOW,3.02,3.07,1,0
MIG-11819,order_items,571043.84,557.66,89624522,1480,READ_HEAVY,ADD_COLUMN_DEFAULT,MEDIUM,4.96,6.17,1,0
MIG-11820,customer_sessions,67225.6,65.65,15004573,2557,MIXED_OLTP,ALTER_COLUMN_TYPE,HIGH,28.44,358.49,0,1
MIG-11821,order_items,585390.08,571.67,91875709,1090,WRITE_HEAVY,ADD_COLUMN_DEFAULT,MEDIUM,4.89,8.34,1,0
MIG-11822,order_items,390174.72,381.03,61236367,1679,READ_HEAVY,ADD_COLUMN_DEFAULT,HIGH,3.33,6.93,1,0
MIG-11823,order_items,346286.08,338.17,54348444,4428,MIXED_OLTP,ALTER_COLUMN_TYPE,CRITICAL,86.14,2483.51,0,1
MIG-11824,order_payments,72857.6,71.15,17512796,893,READ_HEAVY,ADD_INDEX_LOCKING,MEDIUM,12.02,16.37,1,0
MIG-11825,orders,59422.72,58.03,7253288,434,MIXED_OLTP,ADD_INDEX_LOCKING,LOW,11.29,8.3,1,0
MIG-11826,order_items,584089.6,570.4,91671221,176,WRITE_HEAVY,ADD_COLUMN_DEFAULT,LOW,4.64,4.13,1,0
MIG-11827,order_items,370759.68,362.07,58190263,2989,READ_HEAVY,ADD_INDEX_CONCURRENTLY,HIGH,1.22,4.97,1,0
MIG-11828,customer_sessions,43694.08,42.67,9752971,5353,READ_HEAVY,DROP_COLUMN,CRITICAL,0.4,4.13,1,0
MIG-11829,order_items,380559.36,371.64,59728566,2668,READ_HEAVY,ADD_INDEX_CONCURRENTLY,HIGH,1.17,4.32,1,0
MIG-11830,order_items,524544.0,512.25,82326515,4251,MIXED_OLTP,ADD_COLUMN_DEFAULT,CRITICAL,4.29,26.12,0,1
MIG-11831,customer_sessions,28815.36,28.14,6432383,2390,WRITE_HEAVY,ALTER_COLUMN_TYPE,HIGH,12.69,141.28,0,1
MIG-11832,order_items,481064.96,469.79,75501954,1406,READ_HEAVY,ADD_COLUMN_DEFAULT,MEDIUM,4.09,6.91,1,0
MIG-11833,orders,206366.72,201.53,25190783,1363,WRITE_HEAVY,ADD_INDEX_CONCURRENTLY,MEDIUM,0.81,1.38,1,0
MIG-11834,orders,237056.0,231.5,28937925,2713,READ_HEAVY,ADD_INDEX_CONCURRENTLY,HIGH,1.0,2.5,1,0
MIG-11835,orders,51077.12,49.88,6234457,1771,MIXED_OLTP,ALTER_COLUMN_TYPE,HIGH,24.9,170.49,0,1
MIG-11836,orders,86845.44,84.81,10600679,907,WRITE_HEAVY,ADD_INDEX_CONCURRENTLY,MEDIUM,0.44,0.73,1,0
MIG-11837,order_items,357795.84,349.41,56154795,1264,READ_HEAVY,ADD_COLUMN_DEFAULT,MEDIUM,3.49,6.15,1,0
MIG-11838,order_payments,128522.24,125.51,30895563,624,READ_HEAVY,ADD_INDEX_LOCKING,MEDIUM,16.31,28.51,0,1
MIG-11839,order_payments,142254.08,138.92,34195365,1179,MIXED_OLTP,ADD_INDEX_CONCURRENTLY,MEDIUM,0.62,1.08,1,0
MIG-11840,orders,180725.76,176.49,22061452,2037,WRITE_HEAVY,ADD_INDEX_LOCKING,HIGH,21.31,193.13,0,1
MIG-11841,order_items,224174.08,218.92,35182852,2344,READ_HEAVY,ADD_INDEX_CONCURRENTLY,HIGH,1.04,2.56,1,0
MIG-11842,orders,89978.88,87.87,10983786,2877,MIXED_OLTP,ADD_INDEX_LOCKING,HIGH,13.28,151.26,0,1
MIG-11843,customer_sessions,55582.72,54.28,12407992,1366,READ_HEAVY,ADD_INDEX_CONCURRENTLY,MEDIUM,0.31,0.48,1,0
MIG-11844,orders,95610.88,93.37,11671866,3919,MIXED_OLTP,ADD_INDEX_CONCURRENTLY,CRITICAL,0.43,3.18,1,0
MIG-11845,order_items,400138.24,390.76,62800081,1209,READ_HEAVY,ADD_INDEX_CONCURRENTLY,MEDIUM,1.19,1.52,1,0
MIG-11846,order_items,545536.0,532.75,85619766,510,ANALYTICAL_BATCH,ALTER_COLUMN_TYPE,MEDIUM,126.27,104.08,0,1
MIG-11847,order_items,315873.28,308.47,49575391,2575,WRITE_HEAVY,ADD_COLUMN_DEFAULT,HIGH,2.96,9.46,1,0
MIG-11848,order_items,310016.0,302.75,48656247,3344,WRITE_HEAVY,ALTER_COLUMN_TYPE,CRITICAL,77.0,2025.09,0,1
MIG-11849,order_payments,30955.52,30.23,7440841,5274,READ_HEAVY,DROP_COLUMN,CRITICAL,0.39,3.09,1,0
MIG-11850,orders,105349.12,102.88,12860283,219,READ_HEAVY,ADD_INDEX_LOCKING,LOW,15.59,18.43,1,0
MIG-11851,order_shipments,76339.2,74.55,19880935,1199,READ_HEAVY,DROP_COLUMN,MEDIUM,0.65,0.81,1,0
MIG-11852,order_items,300687.36,293.64,47191690,2499,WRITE_HEAVY,ADD_COLUMN_DEFAULT,HIGH,3.08,9.91,1,0
MIG-11853,order_payments,45588.48,44.52,10959008,1883,WRITE_HEAVY,DROP_COLUMN,HIGH,0.52,1.77,1,0
MIG-11854,order_shipments,27207.68,26.57,7084583,1338,MIXED_OLTP,ADD_INDEX_CONCURRENTLY,MEDIUM,0.17,0.23,1,0
MIG-11855,customer_sessions,20469.76,19.99,4568768,173,WRITE_HEAVY,ALTER_COLUMN_TYPE,LOW,13.37,14.06,1,0
MIG-11856,orders,194938.88,190.37,23796602,1400,MIXED_OLTP,ALTER_COLUMN_TYPE,MEDIUM,63.65,104.48,0,1
MIG-11857,orders,184657.92,180.33,22540779,305,READ_HEAVY,ADD_INDEX_CONCURRENTLY,LOW,0.81,1.05,1,0
MIG-11858,orders,163840.0,160.0,20000067,966,WRITE_HEAVY,ALTER_COLUMN_TYPE,MEDIUM,56.68,95.53,0,1
MIG-11859,orders,159815.68,156.07,19508814,1852,MIXED_OLTP,ADD_INDEX_CONCURRENTLY,HIGH,0.68,2.58,1,0
MIG-11860,order_items,193720.32,189.18,30404085,103,MIXED_OLTP,DROP_COLUMN,LOW,1.55,1.39,1,0
MIG-11861,customer_sessions,46632.96,45.54,10408700,2549,MIXED_OLTP,ALTER_COLUMN_TYPE,HIGH,17.55,211.1,0,1
MIG-11862,customer_sessions,18206.72,17.78,4063103,2598,WRITE_HEAVY,ADD_INDEX_CONCURRENTLY,HIGH,0.14,0.51,1,0
MIG-11863,order_items,592517.12,578.63,92994535,1342,READ_HEAVY,ADD_INDEX_CONCURRENTLY,MEDIUM,1.66,2.25,1,0
MIG-11864,order_items,144640.0,141.25,22700231,1464,ANALYTICAL_BATCH,ADD_INDEX_LOCKING,MEDIUM,17.05,47.38,0,1
MIG-11865,order_shipments,53565.44,52.31,13948252,3729,READ_HEAVY,ADD_COLUMN_DEFAULT,CRITICAL,0.94,2.89,1,0
MIG-11866,customer_sessions,14376.96,14.04,3208223,1067,WRITE_HEAVY,ADD_COLUMN_DEFAULT,MEDIUM,0.37,0.59,1,0
MIG-11867,orders,223037.44,217.81,27226061,5283,WRITE_HEAVY,ADD_INDEX_LOCKING,CRITICAL,25.78,588.86,0,1
MIG-11868,order_items,200448.0,195.75,31459785,1067,MIXED_OLTP,ADD_INDEX_CONCURRENTLY,MEDIUM,0.86,1.47,1,0
MIG-11869,order_shipments,95150.08,92.92,24778185,1246,MIXED_OLTP,ADD_INDEX_CONCURRENTLY,MEDIUM,0.58,0.61,1,0
MIG-11870,order_items,137379.84,134.16,21562197,4783,ANALYTICAL_BATCH,TABLE_REWRITE,CRITICAL,70.65,1339.61,0,1
MIG-11871,order_items,538296.32,525.68,84483774,495,ANALYTICAL_BATCH,DROP_COLUMN,LOW,2.32,4.76,1,0
MIG-11872,customer_sessions,56698.88,55.37,12655584,840,WRITE_HEAVY,DROP_COLUMN,MEDIUM,0.45,1.23,1,0
MIG-11873,customer_sessions,30443.52,29.73,6796194,3496,READ_HEAVY,ADD_COLUMN_DEFAULT,CRITICAL,0.44,2.67,1,0
MIG-11874,order_shipments,35225.6,34.4,9172263,1415,WRITE_HEAVY,TABLE_REWRITE,MEDIUM,33.55,49.41,0,1
MIG-11875,order_payments,69478.4,67.85,16701124,961,WRITE_HEAVY,ADD_INDEX_CONCURRENTLY,MEDIUM,0.46,0.69,1,0
MIG-11876,orders,232386.56,226.94,28366877,3484,WRITE_HEAVY,ADD_INDEX_CONCURRENTLY,CRITICAL,1.06,8.41,1,0
MIG-11877,order_items,559544.32,546.43,87818480,356,ANALYTICAL_BATCH,ADD_COLUMN_DEFAULT,LOW,3.89,3.05,1,0
MIG-11878,order_items,205148.16,200.34,32198115,2777,WRITE_HEAVY,ADD_INDEX_LOCKING,HIGH,23.29,303.8,0,1
MIG-11879,order_items,297103.36,290.14,46629291,2644,READ_HEAVY,ADD_INDEX_CONCURRENTLY,HIGH,1.16,4.17,1,0
MIG-11880,order_items,237260.8,231.7,37236802,2004,READ_HEAVY,ADD_COLUMN_DEFAULT,HIGH,2.15,4.96,1,0
MIG-11881,order_items,177981.44,173.81,27934070,1411,WRITE_HEAVY,ADD_COLUMN_DEFAULT,MEDIUM,1.92,3.41,1,0
MIG-11882,order_items,448317.44,437.81,70362400,116,READ_HEAVY,DROP_COLUMN,LOW,2.55,2.56,1,0
MIG-11883,order_payments,68065.28,66.47,16361085,2836,WRITE_HEAVY,ADD_INDEX_CONCURRENTLY,HIGH,0.41,1.65,1,0
MIG-11884,order_items,231004.16,225.59,36256107,1774,READ_HEAVY,DROP_COLUMN,HIGH,1.4,3.42,1,0
MIG-11885,order_items,561623.04,548.46,88145819,736,READ_HEAVY,ADD_COLUMN_DEFAULT,MEDIUM,4.02,4.11,1,0
MIG-11886,orders,214671.36,209.64,26204584,814,MIXED_OLTP,ADD_COLUMN_DEFAULT,MEDIUM,2.22,2.54,1,0
MIG-11887,orders,220293.12,215.13,26891551,922,MIXED_OLTP,ADD_INDEX_CONCURRENTLY,MEDIUM,0.8,0.85,1,0
MIG-11888,order_shipments,21678.08,21.17,5646631,119,MIXED_OLTP,TABLE_REWRITE,LOW,18.66,26.07,0,1
MIG-11889,order_items,586987.52,573.23,92125566,2577,READ_HEAVY,DROP_COLUMN,HIGH,2.94,9.85,1,0
MIG-11890,orders,176271.36,172.14,21517936,3328,WRITE_HEAVY,ADD_INDEX_CONCURRENTLY,CRITICAL,0.71,4.35,1,0
MIG-11891,order_payments,86978.56,84.94,20909520,632,READ_HEAVY,ADD_COLUMN_DEFAULT,MEDIUM,0.98,1.84,1,0
MIG-11892,order_items,120156.16,117.34,18857413,3012,ANALYTICAL_BATCH,ADD_INDEX_CONCURRENTLY,CRITICAL,0.63,4.46,1,0
MIG-11893,orders,247705.6,241.9,30236879,2939,WRITE_HEAVY,ADD_COLUMN_DEFAULT,HIGH,1.91,11.0,1,0
MIG-11894,order_items,395386.88,386.12,62055128,1572,WRITE_HEAVY,ADD_INDEX_LOCKING,HIGH,33.82,340.63,0,1
MIG-11895,orders,231659.52,226.23,28279143,4867,ANALYTICAL_BATCH,ADD_INDEX_CONCURRENTLY,CRITICAL,0.99,8.56,1,0
MIG-11896,order_payments,105154.56,102.69,25278715,1133,ANALYTICAL_BATCH,TABLE_REWRITE,MEDIUM,69.82,121.03,0,1
MIG-11897,orders,225372.16,220.09,27510727,5072,WRITE_HEAVY,ADD_COLUMN_DEFAULT,CRITICAL,2.31,25.44,0,1
MIG-11898,orders,202414.08,197.67,24709157,280,MIXED_OLTP,ADD_INDEX_CONCURRENTLY,LOW,0.82,0.84,1,0
MIG-11899,orders,252856.32,246.93,30866025,1407,READ_HEAVY,ADD_INDEX_CONCURRENTLY,MEDIUM,1.1,1.8,1,0
MIG-11900,order_items,231055.36,225.64,36264219,971,READ_HEAVY,ADD_INDEX_CONCURRENTLY,MEDIUM,1.08,1.21,1,0
MIG-11901,orders,93849.6,91.65,11456702,171,READ_HEAVY,ALTER_COLUMN_TYPE,LOW,34.41,35.1,0,1
MIG-11902,order_shipments,77537.28,75.72,20190897,2853,ANALYTICAL_BATCH,ADD_COLUMN_DEFAULT,HIGH,1.15,6.06,1,0
MIG-11903,orders,160051.2,156.3,19537659,922,WRITE_HEAVY,ADD_INDEX_LOCKING,MEDIUM,21.55,29.52,0,1
MIG-11904,order_items,423915.52,413.98,66532054,506,MIXED_OLTP,ADD_INDEX_CONCURRENTLY,MEDIUM,1.43,1.28,1,0
MIG-11905,order_items,480368.64,469.11,75391940,1151,WRITE_HEAVY,ADD_COLUMN_DEFAULT,MEDIUM,3.94,9.49,1,0
MIG-11906,order_items,397209.6,387.9,62341683,228,READ_HEAVY,ADD_COLUMN_DEFAULT,LOW,3.71,4.01,1,0
MIG-11907,orders,223375.36,218.14,27267723,1322,MIXED_OLTP,ADD_COLUMN_DEFAULT,MEDIUM,2.04,4.31,1,0
MIG-11908,order_shipments,44881.92,43.83,11687534,161,MIXED_OLTP,ADD_INDEX_CONCURRENTLY,LOW,0.27,0.4,1,0
MIG-11909,order_shipments,89681.92,87.58,23354193,4845,ANALYTICAL_BATCH,ADD_INDEX_CONCURRENTLY,CRITICAL,0.42,6.28,1,0
MIG-11910,orders,72970.24,71.26,8907261,2745,MIXED_OLTP,TABLE_REWRITE,HIGH,48.08,609.74,0,1
MIG-11911,orders,189378.56,184.94,23118107,621,MIXED_OLTP,DROP_COLUMN,MEDIUM,1.34,2.24,1,0
MIG-11912,order_shipments,92262.4,90.1,24026862,2377,WRITE_HEAVY,ADD_INDEX_CONCURRENTLY,HIGH,0.4,1.83,1,0
MIG-11913,order_items,245104.64,239.36,38468224,2468,ANALYTICAL_BATCH,ADD_INDEX_LOCKING,HIGH,27.5,427.8,0,1
MIG-11914,orders,121446.4,118.6,14824536,1421,READ_HEAVY,ADD_COLUMN_DEFAULT,MEDIUM,1.36,1.93,1,0
MIG-11915,orders,116715.52,113.98,14246928,217,READ_HEAVY,ADD_INDEX_LOCKING,LOW,17.93,12.53,1,0
MIG-11916,order_payments,94228.48,92.02,22650794,986,READ_HEAVY,TABLE_REWRITE,MEDIUM,70.03,64.97,0,1
MIG-11917,order_payments,76093.44,74.31,18290708,906,READ_HEAVY,ADD_INDEX_CONCURRENTLY,MEDIUM,0.4,0.69,1,0
MIG-11918,order_items,170403.84,166.41,26744702,3934,READ_HEAVY,TABLE_REWRITE,CRITICAL,104.73,1709.23,0,1
MIG-11919,customer_sessions,71833.6,70.15,16034535,1494,WRITE_HEAVY,ADD_INDEX_CONCURRENTLY,MEDIUM,0.47,1.13,1,0
MIG-11920,order_items,220323.84,215.16,34578806,1155,WRITE_HEAVY,ADD_INDEX_CONCURRENTLY,MEDIUM,0.87,1.29,1,0
MIG-11921,order_items,390328.32,381.18,61260480,657,ANALYTICAL_BATCH,DROP_COLUMN,MEDIUM,2.13,3.68,1,0
MIG-11922,order_items,421662.72,411.78,66179196,2796,ANALYTICAL_BATCH,ADD_INDEX_LOCKING,HIGH,34.67,378.33,0,1
MIG-11923,order_items,135720.96,132.54,21300899,3260,READ_HEAVY,ADD_INDEX_CONCURRENTLY,CRITICAL,0.7,4.31,1,0
MIG-11924,orders,70318.08,68.67,8584232,1376,ANALYTICAL_BATCH,ADD_INDEX_CONCURRENTLY,MEDIUM,0.41,0.74,1,0
MIG-11925,orders,264069.12,257.88,32235622,263,READ_HEAVY,ADD_INDEX_CONCURRENTLY,LOW,0.99,1.45,1,0
MIG-11926,order_items,457635.84,446.91,71825499,2514,READ_HEAVY,ADD_COLUMN_DEFAULT,HIGH,3.87,12.05,1,0
MIG-11927,order_payments,30648.32,29.93,7366677,445,ANALYTICAL_BATCH,ADD_COLUMN_DEFAULT,LOW,0.52,0.85,1,0
MIG-11928,orders,224819.2,219.55,27443378,448,READ_HEAVY,ADD_INDEX_CONCURRENTLY,LOW,0.84,0.74,1,0
MIG-11929,order_items,377149.44,368.31,59191967,1743,MIXED_OLTP,TABLE_REWRITE,HIGH,138.14,1831.94,0,1
MIG-11930,order_items,153497.6,149.9,24091165,262,READ_HEAVY,ADD_INDEX_LOCKING,LOW,16.99,17.91,1,0
MIG-11931,order_items,466022.4,455.1,73140919,131,READ_HEAVY,TABLE_REWRITE,LOW,163.09,165.69,0,1
MIG-11932,order_payments,86446.08,84.42,20781332,1143,WRITE_HEAVY,ADD_INDEX_CONCURRENTLY,MEDIUM,0.41,0.79,1,0
MIG-11933,order_shipments,35430.4,34.6,9226267,918,ANALYTICAL_BATCH,ADD_INDEX_CONCURRENTLY,MEDIUM,0.24,0.37,1,0
MIG-11934,order_payments,131778.56,128.69,31677825,5496,WRITE_HEAVY,ADD_COLUMN_DEFAULT,CRITICAL,1.49,15.2,1,0
MIG-11935,orders,113602.56,110.94,13867256,1132,READ_HEAVY,DROP_COLUMN,MEDIUM,0.76,1.58,1,0
MIG-11936,order_items,261550.08,255.42,41049087,938,WRITE_HEAVY,DROP_COLUMN,MEDIUM,1.38,2.18,1,0
MIG-11937,order_items,255467.52,249.48,40094660,1732,READ_HEAVY,ADD_INDEX_CONCURRENTLY,HIGH,0.92,2.05,1,0
MIG-11938,orders,218900.48,213.77,26721305,1931,READ_HEAVY,ALTER_COLUMN_TYPE,HIGH,69.11,501.63,0,1
MIG-11939,orders,205332.48,200.52,25065204,1304,MIXED_OLTP,ADD_COLUMN_DEFAULT,MEDIUM,1.7,2.2,1,0
MIG-11940,orders,248913.92,243.08,30384933,1715,READ_HEAVY,ADD_COLUMN_DEFAULT,HIGH,2.37,7.43,1,0
MIG-11941,order_items,233052.16,227.59,36576476,2768,WRITE_HEAVY,ADD_COLUMN_DEFAULT,HIGH,1.95,8.63,1,0
MIG-11942,order_items,520529.92,508.33,81695532,1102,WRITE_HEAVY,ADD_INDEX_CONCURRENTLY,MEDIUM,1.9,3.27,1,0
MIG-11943,orders,175902.72,171.78,21472230,309,WRITE_HEAVY,ADD_INDEX_CONCURRENTLY,LOW,0.63,1.08,1,0
MIG-11944,order_shipments,44032.0,43.0,11467479,2215,MIXED_OLTP,TABLE_REWRITE,HIGH,40.05,235.82,0,1
MIG-11945,customer_sessions,16619.52,16.23,3710539,530,MIXED_OLTP,DROP_COLUMN,MEDIUM,0.28,0.23,1,0
MIG-11946,orders,230287.36,224.89,28111583,726,WRITE_HEAVY,ADD_INDEX_CONCURRENTLY,MEDIUM,0.94,1.57,1,0
MIG-11947,customer_sessions,29890.56,29.19,6671427,1016,READ_HEAVY,ADD_INDEX_CONCURRENTLY,MEDIUM,0.2,0.2,1,0
MIG-11948,orders,188887.04,184.46,23057061,294,WRITE_HEAVY,ADD_INDEX_CONCURRENTLY,LOW,0.86,0.67,1,0
MIG-11949,customer_sessions,49745.92,48.58,11103698,714,MIXED_OLTP,TABLE_REWRITE,MEDIUM,31.14,52.94,0,1
MIG-11950,customer_sessions,14622.72,14.28,3264073,1302,ANALYTICAL_BATCH,ADD_INDEX_LOCKING,MEDIUM,4.09,7.26,1,0
MIG-11951,orders,269086.72,262.78,32847278,4115,MIXED_OLTP,ADD_COLUMN_DEFAULT,CRITICAL,2.34,15.74,1,0
MIG-11952,order_payments,124190.72,121.28,29852685,2081,WRITE_HEAVY,TABLE_REWRITE,HIGH,79.12,574.55,0,1
MIG-11953,customer_sessions,45721.6,44.65,10205186,1259,READ_HEAVY,ADD_COLUMN_DEFAULT,MEDIUM,0.84,1.22,1,0
MIG-11954,order_shipments,74864.64,73.11,19495373,648,ANALYTICAL_BATCH,ALTER_COLUMN_TYPE,MEDIUM,30.15,53.37,0,1
MIG-11955,customer_sessions,45086.72,44.03,10062957,3136,WRITE_HEAVY,ADD_COLUMN_DEFAULT,CRITICAL,0.77,3.86,1,0
MIG-11956,order_items,498964.48,487.27,78311487,1984,MIXED_OLTP,ALTER_COLUMN_TYPE,HIGH,98.44,923.17,0,1
MIG-11957,orders,78858.24,77.01,9626870,1500,ANALYTICAL_BATCH,ALTER_COLUMN_TYPE,HIGH,29.68,217.16,0,1
MIG-11958,order_shipments,55449.6,54.15,14441181,248,MIXED_OLTP,ADD_COLUMN_DEFAULT,LOW,0.97,0.68,1,0
MIG-11959,order_items,287856.64,281.11,45178511,153,READ_HEAVY,ADD_INDEX_CONCURRENTLY,LOW,1.07,1.29,1,0
MIG-11960,order_items,351918.08,343.67,55232074,1159,READ_HEAVY,ADD_INDEX_CONCURRENTLY,MEDIUM,1.37,2.2,1,0
MIG-11961,order_items,347176.96,339.04,54488284,1568,ANALYTICAL_BATCH,ADD_INDEX_CONCURRENTLY,HIGH,1.34,3.53,1,0
MIG-11962,order_items,188538.88,184.12,29590609,3516,READ_HEAVY,ADD_INDEX_CONCURRENTLY,CRITICAL,0.81,5.51,1,0
MIG-11963,orders,265134.08,258.92,32365191,204,ANALYTICAL_BATCH,ADD_COLUMN_DEFAULT,LOW,2.64,2.1,1,0
MIG-11964,order_payments,28477.44,27.81,6846173,2394,READ_HEAVY,ADD_COLUMN_DEFAULT,HIGH,0.55,1.78,1,0
MIG-11965,orders,51384.32,50.18,6271969,4010,MIXED_OLTP,ADD_INDEX_CONCURRENTLY,CRITICAL,0.34,1.97,1,0
MIG-11966,order_payments,71362.56,69.69,17155109,4921,ANALYTICAL_BATCH,ALTER_COLUMN_TYPE,CRITICAL,32.76,769.08,0,1
MIG-11967,order_shipments,69888.0,68.25,18200129,1279,READ_HEAVY,ADD_INDEX_CONCURRENTLY,MEDIUM,0.42,0.64,1,0
MIG-11968,order_items,207411.2,202.55,32551911,885,WRITE_HEAVY,ADD_INDEX_CONCURRENTLY,MEDIUM,0.97,0.99,1,0
MIG-11969,order_items,389867.52,380.73,61188714,3075,WRITE_HEAVY,ADD_INDEX_CONCURRENTLY,CRITICAL,1.55,6.41,1,0
MIG-11970,order_items,487710.72,476.28,76544529,1460,MIXED_OLTP,TABLE_REWRITE,MEDIUM,202.8,232.37,0,1
MIG-11971,customer_sessions,20408.32,19.93,4554472,850,READ_HEAVY,ADD_COLUMN_DEFAULT,MEDIUM,0.42,0.57,1,0
MIG-11972,order_payments,144568.32,141.18,34751365,1037,WRITE_HEAVY,ADD_INDEX_CONCURRENTLY,MEDIUM,0.67,1.29,1,0
MIG-11973,order_items,288460.8,281.7,45272752,1429,MIXED_OLTP,ADD_INDEX_CONCURRENTLY,MEDIUM,1.0,2.35,1,0
MIG-11974,orders,191242.24,186.76,23345216,360,ANALYTICAL_BATCH,ADD_COLUMN_DEFAULT,LOW,1.99,2.29,1,0
MIG-11975,orders,73646.08,71.92,8989436,1076,MIXED_OLTP,TABLE_REWRITE,MEDIUM,55.1,113.97,0,1
MIG-11976,order_items,480849.92,469.58,75468397,3849,READ_HEAVY,ADD_COLUMN_DEFAULT,CRITICAL,3.43,19.42,1,0
MIG-11977,customer_sessions,68556.8,66.95,15302571,1326,ANALYTICAL_BATCH,ADD_COLUMN_DEFAULT,MEDIUM,0.83,1.74,1,0
MIG-11978,order_payments,39239.68,38.32,9432212,3486,MIXED_OLTP,ADD_COLUMN_DEFAULT,CRITICAL,0.69,4.68,1,0
MIG-11979,orders,76994.56,75.19,9398305,4208,WRITE_HEAVY,ADD_INDEX_CONCURRENTLY,CRITICAL,0.45,3.84,1,0
MIG-11980,order_shipments,41738.24,40.76,10870624,2024,ANALYTICAL_BATCH,ADD_COLUMN_DEFAULT,HIGH,0.71,3.29,1,0
MIG-11981,order_items,120852.48,118.02,18966801,1645,READ_HEAVY,ADD_COLUMN_DEFAULT,HIGH,1.44,2.33,1,0
MIG-11982,order_shipments,100218.88,97.87,26098707,3692,ANALYTICAL_BATCH,ADD_INDEX_LOCKING,CRITICAL,12.96,315.52,0,1
MIG-11983,orders,181504.0,177.25,22156370,686,MIXED_OLTP,ADD_INDEX_CONCURRENTLY,MEDIUM,0.85,0.87,1,0
MIG-11984,order_items,428267.52,418.23,67214745,590,READ_HEAVY,ADD_INDEX_CONCURRENTLY,MEDIUM,1.54,1.86,1,0
MIG-11985,customer_sessions,76195.84,74.41,17009055,4895,WRITE_HEAVY,DROP_COLUMN,CRITICAL,0.67,6.88,1,0
MIG-11986,orders,233185.28,227.72,28464789,1211,WRITE_HEAVY,ADD_INDEX_LOCKING,MEDIUM,23.0,31.18,0,1
MIG-11987,order_payments,124180.48,121.27,29850196,5160,WRITE_HEAVY,ADD_COLUMN_DEFAULT,CRITICAL,1.35,15.72,1,0
MIG-11988,customer_sessions,36239.36,35.39,8088834,530,MIXED_OLTP,ADD_INDEX_LOCKING,MEDIUM,6.42,9.82,1,0
MIG-11989,orders,123217.92,120.33,15041311,967,MIXED_OLTP,ALTER_COLUMN_TYPE,MEDIUM,41.82,71.11,0,1
MIG-11990,orders,113684.48,111.02,13876924,2490,WRITE_HEAVY,ALTER_COLUMN_TYPE,HIGH,37.26,421.86,0,1
MIG-11991,order_payments,68157.44,66.56,16384837,2238,WRITE_HEAVY,ADD_COLUMN_DEFAULT,HIGH,0.95,3.87,1,0
MIG-11992,order_items,305387.52,298.23,47930209,525,MIXED_OLTP,ALTER_COLUMN_TYPE,MEDIUM,70.44,69.02,0,1
MIG-11993,orders,80117.76,78.24,9780099,4125,WRITE_HEAVY,ADD_INDEX_LOCKING,CRITICAL,10.45,248.21,0,1
MIG-11994,order_items,298393.6,291.4,46831776,624,WRITE_HEAVY,DROP_COLUMN,MEDIUM,1.73,3.2,1,0
MIG-11995,order_payments,80148.48,78.27,19266314,107,WRITE_HEAVY,DROP_COLUMN,LOW,0.84,0.65,1,0
MIG-11996,orders,117575.68,114.82,14352378,2596,READ_HEAVY,ADD_INDEX_CONCURRENTLY,HIGH,0.52,2.21,1,0
MIG-11997,order_items,200017.92,195.33,31393104,138,READ_HEAVY,DROP_COLUMN,LOW,1.12,1.52,1,0
MIG-11998,order_shipments,49408.0,48.25,12865664,798,MIXED_OLTP,ADD_INDEX_LOCKING,MEDIUM,8.3,13.12,1,0
MIG-11999,order_items,362885.12,354.38,56953529,496,WRITE_HEAVY,TABLE_REWRITE,LOW,170.74,204.01,0,1
MIG-12000,order_shipments,78213.12,76.38,20367733,1448,WRITE_HEAVY,ADD_COLUMN_DEFAULT,MEDIUM,1.23,1.27,1,0
MIG-12001,order_items,481751.04,470.46,75610258,3105,MIXED_OLTP,TABLE_REWRITE,CRITICAL,207.92,4193.23,0,1
MIG-12002,customer_sessions,27412.48,26.77,6118808,260,ANALYTICAL_BATCH,ADD_INDEX_CONCURRENTLY,LOW,0.18,0.26,1,0
MIG-12003,order_payments,31016.96,30.29,7455675,2023,READ_HEAVY,TABLE_REWRITE,HIGH,24.41,371.11,0,1
MIG-12004,orders,116346.88,113.62,14202587,2432,MIXED_OLTP,DROP_COLUMN,HIGH,1.08,2.49,1,0
MIG-12005,order_shipments,31467.52,30.73,8194144,376,MIXED_OLTP,DROP_COLUMN,LOW,0.41,0.5,1,0
MIG-12006,order_items,318955.52,311.48,50058866,3188,ANALYTICAL_BATCH,DROP_COLUMN,CRITICAL,1.92,14.5,1,0
MIG-12007,orders,265768.96,259.54,32442345,924,READ_HEAVY,TABLE_REWRITE,MEDIUM,144.94,203.66,0,1
MIG-12008,orders,89200.64,87.11,10888927,779,WRITE_HEAVY,ADD_INDEX_CONCURRENTLY,MEDIUM,0.53,0.72,1,0
MIG-12009,order_payments,64829.44,63.31,15583569,2973,WRITE_HEAVY,ADD_COLUMN_DEFAULT,HIGH,0.9,5.76,1,0
MIG-12010,orders,209530.88,204.62,25578086,1937,MIXED_OLTP,ALTER_COLUMN_TYPE,HIGH,71.99,574.56,0,1
MIG-12011,orders,161771.52,157.98,19747935,532,MIXED_OLTP,ADD_INDEX_CONCURRENTLY,MEDIUM,0.63,1.14,1,0
MIG-12012,orders,58869.76,57.49,7186059,2436,READ_HEAVY,DROP_COLUMN,HIGH,0.58,1.74,1,0
MIG-12013,order_items,198133.76,193.49,31096891,5186,WRITE_HEAVY,ADD_COLUMN_DEFAULT,CRITICAL,2.15,22.28,1,0
MIG-12014,order_items,597370.88,583.37,93755213,1321,WRITE_HEAVY,ADD_INDEX_LOCKING,MEDIUM,56.6,72.04,0,1
MIG-12015,order_items,167936.0,164.0,26356364,1702,READ_HEAVY,ALTER_COLUMN_TYPE,HIGH,44.85,564.83,0,1
MIG-12016,orders,189624.32,185.18,23147505,1242,ANALYTICAL_BATCH,ADD_INDEX_CONCURRENTLY,MEDIUM,0.89,1.85,1,0
MIG-12017,orders,224399.36,219.14,27392792,704,READ_HEAVY,DROP_COLUMN,MEDIUM,1.53,2.51,1,0
MIG-12018,order_items,251678.72,245.78,39500564,644,MIXED_OLTP,ADD_COLUMN_DEFAULT,MEDIUM,2.68,2.67,1,0
MIG-12019,order_items,488898.56,477.44,76731318,311,READ_HEAVY,DROP_COLUMN,LOW,2.17,2.93,1,0
MIG-12020,order_payments,46981.12,45.88,11292981,2708,MIXED_OLTP,ADD_INDEX_CONCURRENTLY,HIGH,0.32,1.18,1,0
MIG-12021,orders,112138.24,109.51,13688257,448,MIXED_OLTP,ADD_INDEX_CONCURRENTLY,LOW,0.52,0.71,1,0
MIG-12022,orders,118118.4,115.35,14419194,347,WRITE_HEAVY,ADD_COLUMN_DEFAULT,LOW,1.54,1.45,1,0
MIG-12023,orders,269547.52,263.23,32903744,914,MIXED_OLTP,ADD_INDEX_CONCURRENTLY,MEDIUM,1.0,1.62,1,0
MIG-12024,order_items,225423.36,220.14,35380355,334,MIXED_OLTP,ADD_INDEX_LOCKING,LOW,20.84,34.65,0,1
MIG-12025,order_items,181370.88,177.12,28465804,793,ANALYTICAL_BATCH,ADD_INDEX_CONCURRENTLY,MEDIUM,0.67,0.82,1,0
MIG-12026,order_shipments,95211.52,92.98,24794935,635,READ_HEAVY,TABLE_REWRITE,MEDIUM,71.13,64.87,0,1
MIG-12027,order_items,198256.64,193.61,31116386,260,WRITE_HEAVY,ALTER_COLUMN_TYPE,LOW,68.77,71.75,0,1
MIG-12028,order_items,568483.84,555.16,89221673,669,READ_HEAVY,DROP_COLUMN,MEDIUM,3.11,3.57,1,0
MIG-12029,order_items,450385.92,439.83,70686986,137,MIXED_OLTP,ALTER_COLUMN_TYPE,LOW,95.41,112.99,0,1
MIG-12030,orders,176742.4,172.6,21575260,1247,WRITE_HEAVY,TABLE_REWRITE,MEDIUM,77.19,167.63,0,1
MIG-12031,order_items,502446.08,490.67,78858435,1338,ANALYTICAL_BATCH,ADD_INDEX_LOCKING,MEDIUM,44.84,112.16,0,1
MIG-12032,order_items,489369.6,477.9,76805915,2623,WRITE_HEAVY,DROP_COLUMN,HIGH,2.53,8.07,1,0
MIG-12033,order_items,171735.04,167.71,26952621,2872,ANALYTICAL_BATCH,ADD_COLUMN_DEFAULT,HIGH,2.1,8.99,1,0
MIG-12034,orders,270213.12,263.88,32985584,984,READ_HEAVY,ADD_INDEX_LOCKING,MEDIUM,24.84,53.32,0,1
MIG-12035,order_payments,139468.8,136.2,33526424,370,WRITE_HEAVY,ADD_INDEX_LOCKING,LOW,14.78,22.94,1,0
MIG-12036,customer_sessions,72181.76,70.49,16110924,702,READ_HEAVY,ADD_COLUMN_DEFAULT,MEDIUM,1.0,1.14,1,0
MIG-12037,orders,186787.84,182.41,22801806,944,READ_HEAVY,ADD_COLUMN_DEFAULT,MEDIUM,2.25,2.41,1,0
MIG-12038,order_items,384501.76,375.49,60346097,600,MIXED_OLTP,ADD_INDEX_CONCURRENTLY,MEDIUM,1.12,1.9,1,0
MIG-12039,order_payments,90869.76,88.74,21844823,4535,READ_HEAVY,ADD_INDEX_LOCKING,CRITICAL,13.58,196.28,0,1
MIG-12040,orders,52459.52,51.23,6403297,274,WRITE_HEAVY,ALTER_COLUMN_TYPE,LOW,22.72,31.97,0,1
MIG-12041,order_payments,86466.56,84.44,20784721,1051,ANALYTICAL_BATCH,ADD_INDEX_CONCURRENTLY,MEDIUM,0.55,1.21,1,0
MIG-12042,order_items,436613.12,426.38,68525334,2781,READ_HEAVY,ADD_INDEX_CONCURRENTLY,HIGH,1.35,3.14,1,0
MIG-12043,customer_sessions,56832.0,55.5,12685369,3128,WRITE_HEAVY,TABLE_REWRITE,CRITICAL,49.13,661.57,0,1
MIG-12044,customer_sessions,35758.08,34.92,7982808,945,MIXED_OLTP,ADD_INDEX_CONCURRENTLY,MEDIUM,0.21,0.37,1,0
MIG-12045,orders,153395.2,149.8,18724623,894,WRITE_HEAVY,ADD_INDEX_LOCKING,MEDIUM,19.28,39.65,0,1
MIG-12046,order_items,443084.8,432.7,69541159,396,WRITE_HEAVY,ADD_COLUMN_DEFAULT,LOW,3.28,3.57,1,0
MIG-12047,order_items,335738.88,327.87,52692746,2485,READ_HEAVY,ADD_COLUMN_DEFAULT,HIGH,2.76,9.96,1,0
MIG-12048,orders,261959.68,255.82,31977650,1220,READ_HEAVY,ADD_INDEX_CONCURRENTLY,MEDIUM,0.98,2.08,1,0
MIG-12049,order_items,478760.96,467.54,75140810,1347,READ_HEAVY,ADD_INDEX_CONCURRENTLY,MEDIUM,1.7,2.33,1,0
MIG-12050,customer_sessions,14417.92,14.08,3218341,797,ANALYTICAL_BATCH,DROP_COLUMN,MEDIUM,0.22,0.25,1,0
MIG-12051,orders,54302.72,53.03,6628546,858,WRITE_HEAVY,ADD_COLUMN_DEFAULT,MEDIUM,0.84,1.35,1,0
MIG-12052,order_items,470947.84,459.91,73914316,2020,ANALYTICAL_BATCH,ADD_INDEX_LOCKING,HIGH,48.69,504.97,0,1
MIG-12053,order_shipments,52654.08,51.42,13713134,427,WRITE_HEAVY,TABLE_REWRITE,LOW,41.89,66.15,0,1
MIG-12054,order_items,547932.16,535.09,85997146,964,WRITE_HEAVY,ADD_INDEX_LOCKING,MEDIUM,46.4,78.9,0,1
MIG-12055,order_items,203980.8,199.2,32014248,402,WRITE_HEAVY,ADD_COLUMN_DEFAULT,LOW,2.41,2.15,1,0
MIG-12056,customer_sessions,15226.88,14.87,3399107,1867,WRITE_HEAVY,ADD_COLUMN_DEFAULT,HIGH,0.29,1.1,1,0
MIG-12057,order_items,314972.16,307.59,49434670,1429,READ_HEAVY,ADD_INDEX_CONCURRENTLY,MEDIUM,1.07,1.38,1,0
MIG-12058,orders,211957.76,206.99,25873730,4209,MIXED_OLTP,DROP_COLUMN,CRITICAL,1.36,10.41,1,0
MIG-12059,orders,264079.36,257.89,32236648,1489,MIXED_OLTP,ADD_COLUMN_DEFAULT,MEDIUM,2.44,3.88,1,0
MIG-12060,customer_sessions,71342.08,69.67,15924615,946,MIXED_OLTP,ALTER_COLUMN_TYPE,MEDIUM,25.63,38.97,0,1
MIG-12061,orders,156221.44,152.56,19070014,541,WRITE_HEAVY,DROP_COLUMN,MEDIUM,0.93,1.48,1,0
MIG-12062,order_items,534179.84,521.66,83838199,763,MIXED_OLTP,ADD_INDEX_CONCURRENTLY,MEDIUM,1.95,2.25,1,0
MIG-12063,orders,64706.56,63.19,7898922,937,READ_HEAVY,ADD_COLUMN_DEFAULT,MEDIUM,1.02,1.8,1,0
MIG-12064,order_items,410040.32,400.43,64354060,632,MIXED_OLTP,DROP_COLUMN,MEDIUM,2.1,2.96,1,0
MIG-12065,customer_sessions,73963.52,72.23,16509897,409,MIXED_OLTP,ALTER_COLUMN_TYPE,LOW,27.65,42.04,0,1
MIG-12066,order_items,319262.72,311.78,50107196,848,WRITE_HEAVY,ADD_COLUMN_DEFAULT,MEDIUM,3.0,4.29,1,0
MIG-12067,customer_sessions,76277.76,74.49,17025449,2734,READ_HEAVY,DROP_COLUMN,HIGH,0.77,2.45,1,0
MIG-12068,orders,97966.08,95.67,11958497,1464,ANALYTICAL_BATCH,ADD_INDEX_CONCURRENTLY,MEDIUM,0.46,1.36,1,0
MIG-12069,order_items,169205.76,165.24,26556338,1624,WRITE_HEAVY,ALTER_COLUMN_TYPE,HIGH,55.35,522.26,0,1
MIG-12070,order_shipments,61962.24,60.51,16134866,3697,MIXED_OLTP,DROP_COLUMN,CRITICAL,0.6,3.95,1,0
MIG-12071,order_items,582912.0,569.25,91486996,2409,ANALYTICAL_BATCH,ADD_INDEX_LOCKING,HIGH,59.11,460.28,0,1
MIG-12072,orders,118005.76,115.24,14404538,446,READ_HEAVY,ADD_COLUMN_DEFAULT,LOW,1.33,1.26,1,0
MIG-12073,order_shipments,84797.44,82.81,22083462,1398,READ_HEAVY,TABLE_REWRITE,MEDIUM,54.66,79.79,0,1
MIG-12074,order_items,202014.72,197.28,31704978,1791,READ_HEAVY,ADD_INDEX_LOCKING,HIGH,22.35,229.27,0,1
MIG-12075,order_items,499476.48,487.77,78391202,727,MIXED_OLTP,ADD_INDEX_CONCURRENTLY,MEDIUM,1.87,1.77,1,0
MIG-12076,customer_sessions,50268.16,49.09,11221187,698,READ_HEAVY,DROP_COLUMN,MEDIUM,0.51,0.6,1,0
MIG-12077,orders,87859.2,85.8,10725458,847,READ_HEAVY,ADD_INDEX_CONCURRENTLY,MEDIUM,0.51,0.56,1,0
MIG-12078,order_items,485294.08,473.92,76165067,1111,WRITE_HEAVY,ALTER_COLUMN_TYPE,MEDIUM,119.41,229.65,0,1
MIG-12079,orders,207022.08,202.17,25271415,257,ANALYTICAL_BATCH,ADD_INDEX_LOCKING,LOW,23.58,34.21,1,0
MIG-12080,order_items,380702.72,371.78,59750253,1226,MIXED_OLTP,ADD_COLUMN_DEFAULT,MEDIUM,3.35,5.01,1,0
MIG-12081,orders,99020.8,96.7,12087626,2091,READ_HEAVY,ADD_COLUMN_DEFAULT,HIGH,1.28,2.87,1,0
MIG-12082,order_payments,42475.52,41.48,10210064,1089,ANALYTICAL_BATCH,ALTER_COLUMN_TYPE,MEDIUM,17.6,35.61,1,0
MIG-12083,orders,260884.48,254.77,31845886,1061,MIXED_OLTP,ALTER_COLUMN_TYPE,MEDIUM,74.56,96.82,0,1
MIG-12084,order_payments,105195.52,102.73,25287401,3633,ANALYTICAL_BATCH,ADD_COLUMN_DEFAULT,CRITICAL,1.52,9.98,1,0
MIG-12085,orders,228147.2,222.8,27849520,560,WRITE_HEAVY,ADD_INDEX_LOCKING,MEDIUM,22.6,34.26,0,1
MIG-12086,order_items,474388.48,463.27,74454612,188,WRITE_HEAVY,ADD_INDEX_CONCURRENTLY,LOW,1.81,1.58,1,0
MIG-12087,order_items,542771.2,530.05,85187366,411,MIXED_OLTP,ADD_COLUMN_DEFAULT,LOW,3.81,3.3,1,0
MIG-12088,order_payments,46090.24,45.01,11079735,1247,READ_HEAVY,TABLE_REWRITE,MEDIUM,29.95,53.16,0,1
MIG-12089,order_items,371159.04,362.46,58252968,622,READ_HEAVY,ADD_INDEX_LOCKING,MEDIUM,41.39,62.38,0,1
MIG-12090,order_items,458987.52,448.23,72037106,253,MIXED_OLTP,ADD_INDEX_CONCURRENTLY,LOW,1.45,1.19,1,0
MIG-12091,order_shipments,27002.88,26.37,7033221,5033,READ_HEAVY,ADD_COLUMN_DEFAULT,CRITICAL,0.45,4.0,1,0
MIG-12092,order_items,192081.92,187.58,30146512,5017,WRITE_HEAVY,ADD_COLUMN_DEFAULT,CRITICAL,1.87,20.62,1,0
MIG-12093,orders,189378.56,184.94,23117530,517,READ_HEAVY,ADD_INDEX_CONCURRENTLY,MEDIUM,0.83,1.4,1,0
MIG-12094,order_shipments,90490.88,88.37,23564045,2679,READ_HEAVY,TABLE_REWRITE,HIGH,57.7,514.11,0,1
MIG-12095,order_items,455526.4,444.85,71493710,1287,WRITE_HEAVY,ADD_INDEX_CONCURRENTLY,MEDIUM,1.61,3.5,1,0
MIG-12096,orders,57159.68,55.82,6977529,1674,WRITE_HEAVY,ADD_COLUMN_DEFAULT,HIGH,0.84,3.01,1,0
MIG-12097,order_items,615526.4,601.1,96605066,855,READ_HEAVY,ALTER_COLUMN_TYPE,MEDIUM,137.22,147.36,0,1
MIG-12098,orders,80005.12,78.13,9766686,1580,MIXED_OLTP,ADD_INDEX_CONCURRENTLY,HIGH,0.49,0.77,1,0
MIG-12099,orders,100587.52,98.23,12279180,362,READ_HEAVY,ADD_COLUMN_DEFAULT,LOW,1.42,1.51,1,0
MIG-12100,order_payments,143431.68,140.07,34479057,444,READ_HEAVY,DROP_COLUMN,LOW,1.2,0.87,1,0
MIG-12101,orders,219688.96,214.54,26817890,3447,MIXED_OLTP,ADD_COLUMN_DEFAULT,CRITICAL,2.43,10.29,1,0
MIG-12102,order_shipments,96112.64,93.86,25030056,851,WRITE_HEAVY,ADD_COLUMN_DEFAULT,MEDIUM,1.41,1.68,1,0
MIG-12103,customer_sessions,66375.68,64.82,14815323,1037,READ_HEAVY,DROP_COLUMN,MEDIUM,0.56,0.91,1,0
MIG-12104,order_items,451041.28,440.47,70790492,572,WRITE_HEAVY,TABLE_REWRITE,MEDIUM,196.63,226.01,0,1
MIG-12105,order_payments,60712.96,59.29,14595126,3747,MIXED_OLTP,ALTER_COLUMN_TYPE,CRITICAL,27.8,457.12,0,1
MIG-12106,order_payments,65792.0,64.25,15814185,717,WRITE_HEAVY,ADD_INDEX_CONCURRENTLY,MEDIUM,0.44,0.65,1,0
MIG-12107,customer_sessions,75448.32,73.68,16840703,101,READ_HEAVY,DROP_COLUMN,LOW,0.71,0.97,1,0
MIG-12108,order_items,558858.24,545.76,87710674,2502,READ_HEAVY,DROP_COLUMN,HIGH,2.45,8.81,1,0
MIG-12109,orders,128665.6,125.65,15706242,1225,MIXED_OLTP,ADD_COLUMN_DEFAULT,MEDIUM,1.28,2.41,1,0
MIG-12110,order_items,307333.12,300.13,48234660,580,MIXED_OLTP,ADD_INDEX_CONCURRENTLY,MEDIUM,1.26,1.65,1,0
MIG-12111,order_items,268328.96,262.04,42113245,1696,ANALYTICAL_BATCH,DROP_COLUMN,HIGH,1.37,4.06,1,0
MIG-12112,orders,121282.56,118.44,14805513,3176,MIXED_OLTP,ADD_COLUMN_DEFAULT,CRITICAL,1.53,7.79,1,0
MIG-12113,order_items,558878.72,545.78,87714064,2909,WRITE_HEAVY,ALTER_COLUMN_TYPE,HIGH,114.15,1124.26,0,1
MIG-12114,orders,51476.48,50.27,6283685,327,WRITE_HEAVY,ADD_INDEX_CONCURRENTLY,LOW,0.33,0.24,1,0
MIG-12115,customer_sessions,42465.28,41.47,9479157,1043,WRITE_HEAVY,ADD_INDEX_CONCURRENTLY,MEDIUM,0.32,0.42,1,0
MIG-12116,orders,257689.6,251.65,31456671,1629,WRITE_HEAVY,ALTER_COLUMN_TYPE,HIGH,60.82,561.44,0,1
MIG-12117,orders,169175.04,165.21,20651181,501,WRITE_HEAVY,ALTER_COLUMN_TYPE,MEDIUM,54.58,66.27,0,1
MIG-12118,orders,148787.2,145.3,18162036,2892,READ_HEAVY,ADD_COLUMN_DEFAULT,HIGH,1.58,3.93,1,0
MIG-12119,orders,118241.28,115.47,14433984,1444,MIXED_OLTP,ADD_INDEX_LOCKING,MEDIUM,18.69,18.34,1,0
MIG-12120,orders,65505.28,63.97,7995641,4361,MIXED_OLTP,ALTER_COLUMN_TYPE,CRITICAL,22.61,819.75,0,1
MIG-12121,orders,98805.76,96.49,12061134,632,WRITE_HEAVY,ADD_INDEX_CONCURRENTLY,MEDIUM,0.51,0.56,1,0
MIG-12122,orders,69160.96,67.54,8442377,3074,READ_HEAVY,DROP_COLUMN,CRITICAL,0.62,4.2,1,0
MIG-12123,orders,77178.88,75.37,9420884,1333,WRITE_HEAVY,ADD_INDEX_LOCKING,MEDIUM,13.36,31.05,0,1
MIG-12124,order_items,199075.84,194.41,31244840,2293,READ_HEAVY,ADD_COLUMN_DEFAULT,HIGH,1.64,5.68,1,0
MIG-12125,order_items,270561.28,264.22,42464383,231,READ_HEAVY,TABLE_REWRITE,LOW,137.89,144.08,0,1
MIG-12126,order_items,120371.2,117.55,18892351,512,WRITE_HEAVY,TABLE_REWRITE,MEDIUM,64.08,85.4,0,1
MIG-12127,order_items,605050.88,590.87,94961654,1068,WRITE_HEAVY,ADD_COLUMN_DEFAULT,MEDIUM,4.94,5.35,1,0
MIG-12128,orders,76533.76,74.74,9343115,451,ANALYTICAL_BATCH,ADD_INDEX_CONCURRENTLY,LOW,0.43,0.7,1,0
MIG-12129,orders,133898.24,130.76,16345019,1335,READ_HEAVY,ALTER_COLUMN_TYPE,MEDIUM,36.03,47.87,0,1
MIG-12130,orders,243691.52,237.98,29747244,392,READ_HEAVY,ADD_COLUMN_DEFAULT,LOW,2.59,2.14,1,0
MIG-12131,order_payments,39393.28,38.47,9469157,3125,WRITE_HEAVY,ADD_INDEX_CONCURRENTLY,CRITICAL,0.26,1.51,1,0
MIG-12132,customer_sessions,45537.28,44.47,10163901,2635,WRITE_HEAVY,ADD_INDEX_LOCKING,HIGH,7.34,130.87,0,1
MIG-12133,customer_sessions,68833.28,67.22,15364883,2520,READ_HEAVY,DROP_COLUMN,HIGH,0.65,2.03,1,0
MIG-12134,order_items,402135.04,392.71,63113972,1339,ANALYTICAL_BATCH,ADD_INDEX_CONCURRENTLY,MEDIUM,1.6,3.38,1,0
MIG-12135,order_items,223242.24,218.01,35037831,648,WRITE_HEAVY,ADD_INDEX_CONCURRENTLY,MEDIUM,0.89,1.41,1,0
MIG-12136,order_items,494284.8,482.7,77576272,1362,WRITE_HEAVY,ALTER_COLUMN_TYPE,MEDIUM,116.19,230.89,0,1
MIG-12137,order_payments,108257.28,105.72,26022622,1216,ANALYTICAL_BATCH,TABLE_REWRITE,MEDIUM,56.55,171.75,0,1
MIG-12138,order_payments,70021.12,68.38,16830954,1264,READ_HEAVY,ADD_COLUMN_DEFAULT,MEDIUM,1.1,1.28,1,0
MIG-12139,order_shipments,22272.0,21.75,5799975,1741,WRITE_HEAVY,ADD_INDEX_CONCURRENTLY,HIGH,0.19,0.51,1,0
MIG-12140,order_shipments,19087.36,18.64,4969877,442,READ_HEAVY,ADD_COLUMN_DEFAULT,LOW,0.39,0.4,1,0
MIG-12141,order_items,540672.0,528.0,84856823,108,READ_HEAVY,ADD_COLUMN_DEFAULT,LOW,4.18,4.02,1,0
MIG-12142,order_payments,65146.88,63.62,15660852,189,ANALYTICAL_BATCH,ADD_COLUMN_DEFAULT,LOW,0.75,0.72,1,0
MIG-12143,order_shipments,29859.84,29.16,7775829,655,WRITE_HEAVY,DROP_COLUMN,MEDIUM,0.39,0.51,1,0
MIG-12144,order_items,382310.4,373.35,60002649,192,MIXED_OLTP,ADD_INDEX_CONCURRENTLY,LOW,1.43,1.21,1,0
MIG-12145,customer_sessions,73738.24,72.01,16459999,1125,WRITE_HEAVY,ADD_INDEX_LOCKING,MEDIUM,13.0,18.57,1,0
MIG-12146,orders,51025.92,49.83,6228983,470,MIXED_OLTP,ALTER_COLUMN_TYPE,LOW,24.69,32.49,0,1
MIG-12147,customer_sessions,17960.96,17.54,4008466,494,MIXED_OLTP,ADD_INDEX_LOCKING,LOW,4.29,4.41,1,0
MIG-12148,order_payments,76584.96,74.79,18410894,1663,MIXED_OLTP,ADD_COLUMN_DEFAULT,HIGH,1.21,3.79,1,0
MIG-12149,orders,198666.24,194.01,24251079,5425,MIXED_OLTP,DROP_COLUMN,CRITICAL,1.42,13.43,1,0
MIG-12150,order_payments,83660.8,81.7,20111693,143,MIXED_OLTP,ADD_COLUMN_DEFAULT,LOW,1.13,0.68,1,0
MIG-12151,orders,247674.88,241.87,30233807,1245,WRITE_HEAVY,ADD_COLUMN_DEFAULT,MEDIUM,2.18,5.3,1,0
MIG-12152,order_payments,31907.84,31.16,7669635,683,WRITE_HEAVY,ADD_INDEX_LOCKING,MEDIUM,7.23,5.7,1,0
MIG-12153,order_payments,67379.2,65.8,16196057,2736,WRITE_HEAVY,ALTER_COLUMN_TYPE,HIGH,26.35,306.84,0,1
MIG-12154,order_items,296017.92,289.08,46459179,849,READ_HEAVY,ALTER_COLUMN_TYPE,MEDIUM,85.67,137.74,0,1
MIG-12155,order_shipments,46643.2,45.55,12146748,1373,WRITE_HEAVY,ADD_INDEX_CONCURRENTLY,MEDIUM,0.29,0.74,1,0
MIG-12156,orders,157020.16,153.34,19167519,1041,MIXED_OLTP,DROP_COLUMN,MEDIUM,1.16,1.33,1,0
MIG-12157,orders,224010.24,218.76,27345580,4320,MIXED_OLTP,ADD_INDEX_CONCURRENTLY,CRITICAL,0.86,8.77,1,0
MIG-12158,order_items,278743.04,272.21,43748491,276,ANALYTICAL_BATCH,DROP_COLUMN,LOW,1.8,2.21,1,0
MIG-12159,orders,213821.44,208.81,26101046,191,READ_HEAVY,ADD_COLUMN_DEFAULT,LOW,1.83,2.48,1,0
MIG-12160,order_items,190279.68,185.82,29863703,1015,MIXED_OLTP,ADD_INDEX_LOCKING,MEDIUM,22.95,34.59,0,1
MIG-12161,orders,173178.88,169.12,21139571,1161,MIXED_OLTP,TABLE_REWRITE,MEDIUM,103.27,92.76,0,1
MIG-12162,order_items,308264.96,301.04,48382130,156,ANALYTICAL_BATCH,ADD_INDEX_CONCURRENTLY,LOW,1.16,1.08,1,0
MIG-12163,order_items,392970.24,383.76,61676074,3353,MIXED_OLTP,ALTER_COLUMN_TYPE,CRITICAL,100.92,770.84,0,1
MIG-12164,order_shipments,27371.52,26.73,7127394,2140,WRITE_HEAVY,ADD_INDEX_LOCKING,HIGH,6.75,43.51,0,1
MIG-12165,orders,260044.8,253.95,31743496,5080,WRITE_HEAVY,DROP_COLUMN,CRITICAL,1.72,16.09,1,0
MIG-12166,order_shipments,93593.6,91.4,24374224,3882,ANALYTICAL_BATCH,ADD_COLUMN_DEFAULT,CRITICAL,1.4,9.18,1,0
MIG-12167,order_items,541184.0,528.5,84938100,912,MIXED_OLTP,ADD_COLUMN_DEFAULT,MEDIUM,4.21,6.8,1,0
MIG-12168,order_items,575447.04,561.96,90315408,5397,MIXED_OLTP,ADD_INDEX_CONCURRENTLY,CRITICAL,1.57,13.45,1,0
MIG-12169,order_items,190392.32,185.93,29881717,1899,MIXED_OLTP,ADD_INDEX_CONCURRENTLY,HIGH,0.89,2.55,1,0
MIG-12170,order_items,374661.12,365.88,58801463,866,MIXED_OLTP,ADD_INDEX_LOCKING,MEDIUM,42.61,47.26,0,1
MIG-12171,orders,119470.08,116.67,14583547,2765,MIXED_OLTP,ADD_INDEX_CONCURRENTLY,HIGH,0.66,2.25,1,0
MIG-12172,order_items,572661.76,559.24,89878261,4295,ANALYTICAL_BATCH,ADD_COLUMN_DEFAULT,CRITICAL,4.84,50.59,0,1
MIG-12173,orders,91054.08,88.92,11114817,1666,ANALYTICAL_BATCH,ALTER_COLUMN_TYPE,HIGH,34.75,163.2,0,1
MIG-12174,order_items,228198.4,222.85,35815573,1822,READ_HEAVY,DROP_COLUMN,HIGH,1.3,3.28,1,0
MIG-12175,order_items,469094.4,458.1,73623870,1474,WRITE_HEAVY,ADD_INDEX_CONCURRENTLY,MEDIUM,1.24,3.47,1,0
MIG-12176,order_items,160573.44,156.81,25200872,2715,WRITE_HEAVY,ADD_INDEX_LOCKING,HIGH,18.82,171.83,0,1
MIG-12177,order_shipments,79175.68,77.32,20619131,1450,READ_HEAVY,ADD_INDEX_CONCURRENTLY,MEDIUM,0.42,0.63,1,0
MIG-12178,orders,108462.08,105.92,13239436,2220,MIXED_OLTP,ADD_INDEX_LOCKING,HIGH,16.8,118.27,0,1
MIG-12179,customer_sessions,56975.36,55.64,12717469,2413,MIXED_OLTP,ADD_INDEX_CONCURRENTLY,HIGH,0.4,1.18,1,0
MIG-12180,order_payments,131225.6,128.15,31543488,637,READ_HEAVY,ADD_INDEX_CONCURRENTLY,MEDIUM,0.73,0.83,1,0
MIG-12181,customer_sessions,53667.84,52.41,11978403,384,WRITE_HEAVY,TABLE_REWRITE,LOW,44.97,40.77,0,1
MIG-12182,order_shipments,36075.52,35.23,9393968,2354,READ_HEAVY,ADD_INDEX_CONCURRENTLY,HIGH,0.23,0.52,1,0
MIG-12183,orders,60026.88,58.62,7327469,537,MIXED_OLTP,ADD_INDEX_CONCURRENTLY,MEDIUM,0.3,0.32,1,0
MIG-12184,order_items,137717.76,134.49,21613731,1347,READ_HEAVY,ADD_INDEX_CONCURRENTLY,MEDIUM,0.65,1.19,1,0
MIG-12185,orders,68792.32,67.18,8397920,274,WRITE_HEAVY,ADD_COLUMN_DEFAULT,LOW,0.83,1.15,1,0
MIG-12186,order_shipments,66529.28,64.97,17324066,2989,READ_HEAVY,ALTER_COLUMN_TYPE,HIGH,23.86,213.48,0,1
MIG-12187,order_items,294400.0,287.5,46205646,453,READ_HEAVY,ADD_INDEX_CONCURRENTLY,LOW,0.91,1.14,1,0
MIG-12188,orders,102922.24,100.51,12563888,920,READ_HEAVY,ADD_INDEX_CONCURRENTLY,MEDIUM,0.49,0.8,1,0
MIG-12189,customer_sessions,28487.68,27.82,6358014,3028,MIXED_OLTP,ALTER_COLUMN_TYPE,CRITICAL,13.38,175.89,0,1
MIG-12190,orders,258959.36,252.89,31611701,646,ANALYTICAL_BATCH,ADD_INDEX_CONCURRENTLY,MEDIUM,1.01,2.02,1,0
MIG-12191,order_items,176005.12,171.88,27624142,3726,WRITE_HEAVY,ADD_INDEX_CONCURRENTLY,CRITICAL,0.89,5.11,1,0
MIG-12192,order_payments,63139.84,61.66,15178655,797,WRITE_HEAVY,ADD_INDEX_CONCURRENTLY,MEDIUM,0.33,0.69,1,0
MIG-12193,orders,153436.16,149.84,18729886,241,READ_HEAVY,ALTER_COLUMN_TYPE,LOW,53.04,38.56,0,1
MIG-12194,order_items,114923.52,112.23,18036411,2932,WRITE_HEAVY,ADD_COLUMN_DEFAULT,HIGH,1.19,6.31,1,0
MIG-12195,order_shipments,94822.4,92.6,24692588,1175,READ_HEAVY,DROP_COLUMN,MEDIUM,0.7,0.92,1,0
MIG-12196,orders,71075.84,69.41,8675661,3477,WRITE_HEAVY,DROP_COLUMN,CRITICAL,0.71,4.26,1,0
MIG-12197,order_items,466913.28,455.97,73280118,1204,WRITE_HEAVY,ADD_COLUMN_DEFAULT,MEDIUM,4.19,8.04,1,0
MIG-12198,orders,188241.92,183.83,22979367,1584,MIXED_OLTP,ADD_INDEX_LOCKING,HIGH,21.63,89.7,0,1
MIG-12199,order_payments,123555.84,120.66,29701039,565,WRITE_HEAVY,ALTER_COLUMN_TYPE,MEDIUM,41.48,51.68,0,1
MIG-12200,orders,193228.8,188.7,23587468,2466,MIXED_OLTP,DROP_COLUMN,HIGH,1.09,5.06,1,0
MIG-12201,customer_sessions,63969.28,62.47,14279178,187,WRITE_HEAVY,ALTER_COLUMN_TYPE,LOW,30.72,30.32,0,1
MIG-12202,order_shipments,53370.88,52.12,13898969,2156,WRITE_HEAVY,ADD_INDEX_CONCURRENTLY,HIGH,0.31,0.81,1,0
MIG-12203,orders,157245.44,153.56,19195021,430,WRITE_HEAVY,ADD_COLUMN_DEFAULT,LOW,1.6,1.29,1,0
MIG-12204,order_items,476815.36,465.64,74834630,2082,WRITE_HEAVY,DROP_COLUMN,HIGH,2.27,8.22,1,0
MIG-12205,order_items,408053.76,398.49,64042564,691,READ_HEAVY,ADD_INDEX_CONCURRENTLY,MEDIUM,1.22,1.47,1,0
MIG-12206,order_payments,87910.4,85.85,21132310,1499,MIXED_OLTP,ADD_INDEX_CONCURRENTLY,MEDIUM,0.46,1.05,1,0
MIG-12207,order_items,220774.4,215.6,34650230,1929,ANALYTICAL_BATCH,ADD_INDEX_CONCURRENTLY,HIGH,0.9,2.9,1,0
MIG-12208,orders,106240.0,103.75,12968923,1158,WRITE_HEAVY,ADD_INDEX_CONCURRENTLY,MEDIUM,0.48,0.9,1,0
MIG-12209,orders,128450.56,125.44,15679425,1743,WRITE_HEAVY,ALTER_COLUMN_TYPE,HIGH,39.01,458.23,0,1
MIG-12210,customer_sessions,14929.92,14.58,3333695,1743,WRITE_HEAVY,ADD_INDEX_CONCURRENTLY,HIGH,0.16,0.47,1,0
MIG-12211,order_items,330086.4,322.35,51806439,401,MIXED_OLTP,DROP_COLUMN,LOW,1.72,1.76,1,0
MIG-12212,order_shipments,18657.28,18.22,4859799,2846,WRITE_HEAVY,ADD_INDEX_CONCURRENTLY,HIGH,0.16,0.66,1,0
MIG-12213,order_items,406292.48,396.77,63766250,527,WRITE_HEAVY,DROP_COLUMN,MEDIUM,2.14,2.91,1,0
MIG-12214,customer_sessions,59750.4,58.35,13338014,1475,MIXED_OLTP,ADD_INDEX_CONCURRENTLY,MEDIUM,0.37,0.86,1,0
MIG-12215,orders,173486.08,169.42,21178013,801,MIXED_OLTP,ADD_INDEX_CONCURRENTLY,MEDIUM,0.74,1.28,1,0
MIG-12216,orders,202547.2,197.8,24725039,1486,MIXED_OLTP,ADD_COLUMN_DEFAULT,MEDIUM,2.38,3.14,1,0
MIG-12217,customer_sessions,14336.0,14.0,3200189,2298,WRITE_HEAVY,ADD_INDEX_CONCURRENTLY,HIGH,0.14,0.48,1,0
MIG-12218,customer_sessions,18165.76,17.74,4055964,4914,READ_HEAVY,ADD_COLUMN_DEFAULT,CRITICAL,0.43,2.66,1,0
MIG-12219,order_items,475166.72,464.03,74575457,3015,WRITE_HEAVY,DROP_COLUMN,CRITICAL,2.22,18.77,1,0
MIG-12220,order_items,529059.84,516.66,83034911,1736,MIXED_OLTP,TABLE_REWRITE,HIGH,220.49,1910.11,0,1
MIG-12221,order_items,485089.28,473.72,76133827,481,MIXED_OLTP,DROP_COLUMN,LOW,2.32,2.17,1,0
MIG-12222,order_items,456867.84,446.16,71703991,664,WRITE_HEAVY,ADD_COLUMN_DEFAULT,MEDIUM,4.23,4.58,1,0
MIG-12223,orders,205608.96,200.79,25099331,447,MIXED_OLTP,DROP_COLUMN,LOW,1.43,2.16,1,0
MIG-12224,order_shipments,79779.84,77.91,20775142,1677,READ_HEAVY,ADD_COLUMN_DEFAULT,HIGH,1.06,1.73,1,0
MIG-12225,orders,209377.28,204.47,25558192,358,MIXED_OLTP,DROP_COLUMN,LOW,1.23,1.18,1,0
MIG-12226,order_payments,115046.4,112.35,27654644,3929,WRITE_HEAVY,DROP_COLUMN,CRITICAL,0.86,7.57,1,0
MIG-12227,orders,65525.76,63.99,7998532,275,READ_HEAVY,ADD_COLUMN_DEFAULT,LOW,0.86,1.14,1,0
MIG-12228,orders,63150.08,61.67,7708331,384,WRITE_HEAVY,ADD_INDEX_LOCKING,LOW,12.36,7.32,1,0
MIG-12229,order_payments,69888.0,68.25,16800254,1732,MIXED_OLTP,ADD_COLUMN_DEFAULT,HIGH,1.06,2.74,1,0
MIG-12230,order_items,386979.84,377.91,60735333,844,WRITE_HEAVY,ADD_INDEX_CONCURRENTLY,MEDIUM,1.41,2.03,1,0
MIG-12231,order_payments,117995.52,115.23,28363428,321,WRITE_HEAVY,DROP_COLUMN,LOW,0.94,1.17,1,0
MIG-12232,orders,123187.2,120.3,15037111,860,MIXED_OLTP,ADD_INDEX_LOCKING,MEDIUM,13.56,23.99,1,0
MIG-12233,customer_sessions,32081.92,31.33,7161685,3598,MIXED_OLTP,ADD_INDEX_LOCKING,CRITICAL,7.19,133.98,0,1
MIG-12234,order_payments,120248.32,117.43,28905711,544,READ_HEAVY,ADD_INDEX_CONCURRENTLY,MEDIUM,0.66,0.72,1,0
MIG-12235,order_shipments,39116.8,38.2,10185675,1138,MIXED_OLTP,DROP_COLUMN,MEDIUM,0.48,0.7,1,0
MIG-12236,orders,230707.2,225.3,28162717,562,MIXED_OLTP,TABLE_REWRITE,MEDIUM,130.02,140.08,0,1
MIG-12237,order_items,206110.72,201.28,32347817,645,READ_HEAVY,ADD_INDEX_CONCURRENTLY,MEDIUM,0.71,1.06,1,0
MIG-12238,order_items,300206.08,293.17,47117355,737,WRITE_HEAVY,ADD_COLUMN_DEFAULT,MEDIUM,2.91,5.35,1,0
MIG-12239,order_items,321679.36,314.14,50487124,1217,WRITE_HEAVY,ADD_COLUMN_DEFAULT,MEDIUM,2.86,5.98,1,0
MIG-12240,orders,115394.56,112.69,14086782,622,READ_HEAVY,ADD_INDEX_LOCKING,MEDIUM,16.64,15.81,1,0
MIG-12241,orders,49899.52,48.73,6090636,3807,WRITE_HEAVY,ADD_COLUMN_DEFAULT,CRITICAL,0.65,4.02,1,0
MIG-12242,order_items,236236.8,230.7,37076249,1610,READ_HEAVY,ADD_INDEX_LOCKING,HIGH,30.22,149.41,0,1
MIG-12243,orders,123832.32,120.93,15116646,2252,READ_HEAVY,ADD_INDEX_CONCURRENTLY,HIGH,0.7,1.76,1,0
MIG-12244,order_items,276551.68,270.07,43403616,680,WRITE_HEAVY,ADD_INDEX_CONCURRENTLY,MEDIUM,0.88,1.64,1,0
MIG-12245,orders,222904.32,217.68,27209998,661,MIXED_OLTP,ADD_INDEX_CONCURRENTLY,MEDIUM,1.05,0.81,1,0
MIG-12246,orders,59627.52,58.23,7278929,820,MIXED_OLTP,ADD_INDEX_CONCURRENTLY,MEDIUM,0.36,0.53,1,0
MIG-12247,order_items,315422.72,308.03,49504844,756,READ_HEAVY,ALTER_COLUMN_TYPE,MEDIUM,81.95,139.32,0,1
MIG-12248,order_items,134051.84,130.91,21038751,119,ANALYTICAL_BATCH,ADD_INDEX_CONCURRENTLY,LOW,0.67,0.69,1,0
MIG-12249,order_items,594995.2,581.05,93382452,280,WRITE_HEAVY,ADD_INDEX_CONCURRENTLY,LOW,1.91,1.38,1,0
MIG-12250,order_items,522516.48,510.27,82006964,1002,WRITE_HEAVY,ALTER_COLUMN_TYPE,MEDIUM,104.64,143.62,0,1
MIG-12251,order_payments,144291.84,140.91,34686254,283,WRITE_HEAVY,ADD_COLUMN_DEFAULT,LOW,1.58,1.39,1,0
MIG-12252,order_items,584417.28,570.72,91723003,942,READ_HEAVY,DROP_COLUMN,MEDIUM,3.04,3.98,1,0
MIG-12253,order_items,277678.08,271.17,43580834,1499,WRITE_HEAVY,ADD_INDEX_CONCURRENTLY,MEDIUM,1.17,2.31,1,0
MIG-12254,customer_sessions,58951.68,57.57,13158801,1912,MIXED_OLTP,ALTER_COLUMN_TYPE,HIGH,27.2,163.29,0,1
MIG-12255,order_items,272896.0,266.5,42830881,835,WRITE_HEAVY,ADD_COLUMN_DEFAULT,MEDIUM,2.52,4.14,1,0
MIG-12256,order_shipments,92108.8,89.95,23985361,2266,READ_HEAVY,ADD_INDEX_CONCURRENTLY,HIGH,0.44,1.12,1,0
MIG-12257,order_payments,75837.44,74.06,18229682,133,READ_HEAVY,DROP_COLUMN,LOW,0.62,0.61,1,0
MIG-12258,orders,132290.56,129.19,16148963,5471,WRITE_HEAVY,ADD_COLUMN_DEFAULT,CRITICAL,1.64,17.3,1,0
MIG-12259,order_items,586434.56,572.69,92039568,1024,MIXED_OLTP,ADD_COLUMN_DEFAULT,MEDIUM,3.67,5.12,1,0
MIG-12260,order_payments,126873.6,123.9,30498120,1196,MIXED_OLTP,ADD_COLUMN_DEFAULT,MEDIUM,1.64,2.65,1,0
MIG-12261,customer_sessions,76677.12,74.88,17116355,1982,MIXED_OLTP,ADD_COLUMN_DEFAULT,HIGH,1.13,2.97,1,0
MIG-12262,order_items,149002.24,145.51,23385534,1191,READ_HEAVY,DROP_COLUMN,MEDIUM,1.09,1.46,1,0
MIG-12263,orders,102973.44,100.56,12570149,1377,READ_HEAVY,ADD_INDEX_CONCURRENTLY,MEDIUM,0.46,1.11,1,0
MIG-12264,order_items,269957.12,263.63,42369477,1078,READ_HEAVY,ADD_INDEX_LOCKING,MEDIUM,24.67,35.18,0,1
MIG-12265,orders,143011.84,139.66,17457505,3525,MIXED_OLTP,ADD_INDEX_CONCURRENTLY,CRITICAL,0.57,4.7,1,0
MIG-12266,order_payments,83312.64,81.36,20026145,4710,READ_HEAVY,DROP_COLUMN,CRITICAL,0.65,5.74,1,0
MIG-12267,order_items,265113.6,258.9,41609266,1355,READ_HEAVY,ADD_INDEX_CONCURRENTLY,MEDIUM,1.08,1.37,1,0
MIG-12268,order_payments,121323.52,118.48,29164972,2540,WRITE_HEAVY,ADD_COLUMN_DEFAULT,HIGH,1.17,4.68,1,0
MIG-12269,order_shipments,36945.92,36.08,9622073,365,MIXED_OLTP,DROP_COLUMN,LOW,0.39,0.51,1,0
MIG-12270,order_items,474152.96,463.04,74417902,963,WRITE_HEAVY,DROP_COLUMN,MEDIUM,2.73,4.78,1,0
MIG-12271,order_items,554280.96,541.29,86993233,687,ANALYTICAL_BATCH,ADD_INDEX_LOCKING,MEDIUM,43.7,76.74,0,1
MIG-12272,order_payments,98949.12,96.63,23786509,1218,WRITE_HEAVY,ADD_COLUMN_DEFAULT,MEDIUM,1.23,2.52,1,0
MIG-12273,order_shipments,47810.56,46.69,12449832,4013,READ_HEAVY,ALTER_COLUMN_TYPE,CRITICAL,22.98,348.56,0,1
MIG-12274,order_shipments,34017.28,33.22,8858450,1845,WRITE_HEAVY,TABLE_REWRITE,HIGH,28.92,316.95,0,1
MIG-12275,orders,78868.48,77.02,9627347,4231,WRITE_HEAVY,TABLE_REWRITE,CRITICAL,45.9,1085.61,0,1
MIG-12276,order_items,498749.44,487.06,78278153,1533,WRITE_HEAVY,ADD_COLUMN_DEFAULT,HIGH,3.54,6.25,1,0
MIG-12277,orders,152913.92,149.33,18666563,1021,MIXED_OLTP,ADD_INDEX_CONCURRENTLY,MEDIUM,0.79,1.44,1,0
MIG-12278,order_shipments,22272.0,21.75,5800502,2320,WRITE_HEAVY,ADD_INDEX_LOCKING,HIGH,6.01,40.1,0,1
MIG-12279,order_items,622448.64,607.86,97691000,258,WRITE_HEAVY,ADD_INDEX_CONCURRENTLY,LOW,1.56,1.83,1,0
MIG-12280,order_items,461148.16,450.34,72375557,4758,WRITE_HEAVY,ADD_INDEX_LOCKING,CRITICAL,40.98,905.17,0,1
MIG-12281,orders,235868.16,230.34,28792928,333,WRITE_HEAVY,ADD_INDEX_CONCURRENTLY,LOW,1.08,0.82,1,0
MIG-12282,order_items,340838.4,332.85,53493282,2048,ANALYTICAL_BATCH,ADD_INDEX_LOCKING,HIGH,31.69,401.97,0,1
MIG-12283,order_payments,141096.96,137.79,33916632,2575,READ_HEAVY,ADD_INDEX_CONCURRENTLY,HIGH,0.73,2.6,1,0
MIG-12284,orders,93286.4,91.1,11387175,146,MIXED_OLTP,ALTER_COLUMN_TYPE,LOW,33.12,48.18,0,1
MIG-12285,orders,90101.76,87.99,10998675,302,READ_HEAVY,DROP_COLUMN,LOW,0.81,0.87,1,0
MIG-12286,order_shipments,92282.88,90.12,24031230,640,READ_HEAVY,ADD_INDEX_CONCURRENTLY,MEDIUM,0.4,0.55,1,0
MIG-12287,order_payments,133457.92,130.33,32081451,1102,MIXED_OLTP,ADD_COLUMN_DEFAULT,MEDIUM,1.79,2.07,1,0
MIG-12288,orders,159528.96,155.79,19473526,3044,WRITE_HEAVY,ADD_COLUMN_DEFAULT,CRITICAL,1.49,16.21,1,0
MIG-12289,orders,76974.08,75.17,9396231,443,MIXED_OLTP,ALTER_COLUMN_TYPE,LOW,34.37,32.71,0,1
MIG-12290,customer_sessions,34027.52,33.23,7595116,531,READ_HEAVY,ADD_COLUMN_DEFAULT,MEDIUM,0.59,0.43,1,0
MIG-12291,order_payments,116981.76,114.24,28119587,997,READ_HEAVY,DROP_COLUMN,MEDIUM,0.92,1.15,1,0
MIG-12292,order_items,551301.12,538.38,86525344,366,ANALYTICAL_BATCH,ADD_COLUMN_DEFAULT,LOW,3.37,4.26,1,0
MIG-12293,order_items,294113.28,287.22,46160034,916,WRITE_HEAVY,ADD_INDEX_LOCKING,MEDIUM,30.94,58.11,0,1
MIG-12294,orders,62699.52,61.23,7653309,3538,ANALYTICAL_BATCH,ADD_INDEX_CONCURRENTLY,CRITICAL,0.41,3.97,1,0
MIG-12295,orders,196403.2,191.8,23974620,1871,ANALYTICAL_BATCH,TABLE_REWRITE,HIGH,111.38,716.21,0,1
MIG-12296,order_payments,115220.48,112.52,27697514,5106,WRITE_HEAVY,DROP_COLUMN,CRITICAL,0.93,10.49,1,0
MIG-12297,orders,142940.16,139.59,17448396,631,WRITE_HEAVY,ALTER_COLUMN_TYPE,MEDIUM,43.17,74.67,0,1
MIG-12298,orders,178124.8,173.95,21743635,1210,MIXED_OLTP,ADD_INDEX_LOCKING,MEDIUM,25.13,33.51,0,1
MIG-12299,order_payments,144916.48,141.52,34836299,216,WRITE_HEAVY,ADD_INDEX_CONCURRENTLY,LOW,0.63,0.53,1,0
MIG-12300,customer_sessions,30136.32,29.43,6727979,512,MIXED_OLTP,ADD_INDEX_CONCURRENTLY,MEDIUM,0.19,0.3,1,0
MIG-12301,order_payments,95272.96,93.04,22901757,262,WRITE_HEAVY,ADD_INDEX_CONCURRENTLY,LOW,0.45,0.45,1,0
MIG-12302,order_items,429998.08,419.92,67487793,137,WRITE_HEAVY,ADD_INDEX_CONCURRENTLY,LOW,1.2,1.59,1,0
MIG-12303,order_items,398080.0,388.75,62477682,2646,READ_HEAVY,ADD_INDEX_CONCURRENTLY,HIGH,1.38,5.14,1,0
MIG-12304,order_items,563240.96,550.04,88399494,407,MIXED_OLTP,ALTER_COLUMN_TYPE,LOW,103.05,146.44,0,1
MIG-12305,order_items,426926.08,416.92,67005610,717,MIXED_OLTP,ADD_COLUMN_DEFAULT,MEDIUM,3.32,5.19,1,0
MIG-12306,order_items,376811.52,367.98,59139091,1273,READ_HEAVY,DROP_COLUMN,MEDIUM,1.89,3.39,1,0
MIG-12307,order_items,178176.0,174.0,27964217,2553,WRITE_HEAVY,ADD_COLUMN_DEFAULT,HIGH,2.19,6.97,1,0
MIG-12308,order_items,477614.08,466.42,74959945,1176,READ_HEAVY,ADD_INDEX_CONCURRENTLY,MEDIUM,1.62,2.37,1,0
MIG-12309,order_shipments,29388.8,28.7,7653519,1618,WRITE_HEAVY,ADD_COLUMN_DEFAULT,HIGH,0.53,1.63,1,0
MIG-12310,customer_sessions,16046.08,15.67,3582606,627,WRITE_HEAVY,ADD_INDEX_CONCURRENTLY,MEDIUM,0.13,0.2,1,0
MIG-12311,orders,157204.48,153.52,19190341,163,WRITE_HEAVY,ALTER_COLUMN_TYPE,LOW,49.23,67.69,0,1
MIG-12312,order_items,410122.24,400.51,64368067,1318,READ_HEAVY,ADD_INDEX_LOCKING,MEDIUM,32.75,54.69,0,1
MIG-12313,orders,270131.2,263.8,32974459,230,WRITE_HEAVY,ADD_INDEX_CONCURRENTLY,LOW,0.98,1.23,1,0
MIG-12314,order_items,482314.24,471.01,75698470,1029,WRITE_HEAVY,ADD_INDEX_LOCKING,MEDIUM,45.81,108.37,0,1
MIG-12315,orders,236851.2,231.3,28911938,2204,MIXED_OLTP,ADD_COLUMN_DEFAULT,HIGH,2.34,8.06,1,0
MIG-12316,orders,125767.68,122.82,15352477,2999,WRITE_HEAVY,ADD_INDEX_CONCURRENTLY,HIGH,0.7,2.55,1,0
MIG-12317,order_payments,87592.96,85.54,21056742,680,ANALYTICAL_BATCH,ADD_INDEX_CONCURRENTLY,MEDIUM,0.47,0.76,1,0
MIG-12318,order_items,617502.72,603.03,96915788,411,READ_HEAVY,ADD_INDEX_CONCURRENTLY,LOW,1.87,1.5,1,0
MIG-12319,order_shipments,53053.44,51.81,13815592,144,WRITE_HEAVY,ADD_INDEX_LOCKING,LOW,10.95,9.64,1,0
MIG-12320,orders,227706.88,222.37,27796841,5444,MIXED_OLTP,ALTER_COLUMN_TYPE,CRITICAL,59.05,1502.26,0,1
MIG-12321,orders,165488.64,161.61,20201706,1065,READ_HEAVY,DROP_COLUMN,MEDIUM,1.21,1.82,1,0
MIG-12322,order_items,230277.12,224.88,36140909,763,MIXED_OLTP,ADD_INDEX_CONCURRENTLY,MEDIUM,0.8,1.41,1,0
MIG-12323,orders,177530.88,173.37,21671303,264,READ_HEAVY,ADD_COLUMN_DEFAULT,LOW,1.69,2.18,1,0
MIG-12324,orders,97382.4,95.1,11887674,2592,READ_HEAVY,ADD_COLUMN_DEFAULT,HIGH,1.0,3.67,1,0
MIG-12325,customer_sessions,14530.56,14.19,3243588,915,MIXED_OLTP,ADD_INDEX_CONCURRENTLY,MEDIUM,0.16,0.24,1,0
MIG-12326,orders,101324.8,98.95,12369192,127,READ_HEAVY,DROP_COLUMN,LOW,0.79,0.83,1,0
MIG-12327,orders,91873.28,89.72,11214883,807,READ_HEAVY,ADD_INDEX_CONCURRENTLY,MEDIUM,0.57,0.77,1,0
MIG-12328,order_items,306114.56,298.94,48044615,2873,WRITE_HEAVY,ADD_INDEX_CONCURRENTLY,HIGH,1.28,6.22,1,0
MIG-12329,order_items,573286.4,559.85,89976349,871,WRITE_HEAVY,DROP_COLUMN,MEDIUM,2.45,4.66,1,0
MIG-12330,order_items,314859.52,307.48,49416098,4226,WRITE_HEAVY,ADD_INDEX_CONCURRENTLY,CRITICAL,1.05,9.07,1,0
MIG-12331,order_items,550881.28,537.97,86460197,3460,MIXED_OLTP,DROP_COLUMN,CRITICAL,3.15,22.61,1,0
MIG-12332,order_shipments,64512.0,63.0,16801241,526,WRITE_HEAVY,ADD_INDEX_LOCKING,MEDIUM,12.06,15.9,1,0
MIG-12333,orders,50831.36,49.64,6205597,3676,ANALYTICAL_BATCH,DROP_COLUMN,CRITICAL,0.54,4.1,1,0
MIG-12334,order_items,212090.88,207.12,33287673,2802,WRITE_HEAVY,TABLE_REWRITE,HIGH,105.34,1274.74,0,1
MIG-12335,order_payments,138199.04,134.96,33220807,1042,READ_HEAVY,DROP_COLUMN,MEDIUM,1.07,1.4,1,0
MIG-12336,order_shipments,68546.56,66.94,17850146,2065,WRITE_HEAVY,ADD_INDEX_LOCKING,HIGH,11.14,197.95,0,1
MIG-12337,order_items,594421.76,580.49,93293295,1022,MIXED_OLTP,DROP_COLUMN,MEDIUM,2.33,3.86,1,0
MIG-12338,order_items,274739.2,268.3,43119721,1312,MIXED_OLTP,ADD_INDEX_LOCKING,MEDIUM,27.86,44.11,0,1
MIG-12339,orders,207646.72,202.78,25347184,1405,READ_HEAVY,ADD_COLUMN_DEFAULT,MEDIUM,2.05,3.01,1,0
MIG-12340,orders,219914.24,214.76,26844679,1976,READ_HEAVY,ADD_COLUMN_DEFAULT,HIGH,2.31,5.56,1,0
MIG-12341,orders,264960.0,258.75,32343889,5081,MIXED_OLTP,ADD_COLUMN_DEFAULT,CRITICAL,2.52,27.04,0,1
MIG-12342,order_payments,28805.12,28.13,6923482,1301,WRITE_HEAVY,DROP_COLUMN,MEDIUM,0.38,0.64,1,0
MIG-12343,orders,259768.32,253.68,31710404,1510,READ_HEAVY,ADD_COLUMN_DEFAULT,HIGH,1.96,4.93,1,0
MIG-12344,order_payments,73543.68,71.82,17677798,2841,MIXED_OLTP,TABLE_REWRITE,HIGH,40.96,374.98,0,1
MIG-12345,orders,234506.24,229.01,28625794,3574,WRITE_HEAVY,DROP_COLUMN,CRITICAL,1.57,10.99,1,0
MIG-12346,order_shipments,63610.88,62.12,16565799,1265,MIXED_OLTP,ADD_COLUMN_DEFAULT,MEDIUM,1.01,1.56,1,0
MIG-12347,order_shipments,65269.76,63.74,16996430,455,MIXED_OLTP,ADD_COLUMN_DEFAULT,LOW,0.8,0.92,1,0
MIG-12348,orders,128645.12,125.63,15703202,1073,WRITE_HEAVY,ADD_INDEX_LOCKING,MEDIUM,14.25,36.07,0,1
MIG-12349,orders,232396.8,226.95,28368759,225,WRITE_HEAVY,ADD_INDEX_LOCKING,LOW,21.32,36.88,0,1
MIG-12350,orders,107550.72,105.03,13128366,442,READ_HEAVY,DROP_COLUMN,LOW,0.92,0.61,1,0
MIG-12351,order_shipments,59258.88,57.87,15432413,977,MIXED_OLTP,ADD_INDEX_CONCURRENTLY,MEDIUM,0.37,0.58,1,0
MIG-12352,orders,173056.0,169.0,21124711,407,READ_HEAVY,ALTER_COLUMN_TYPE,LOW,46.07,52.24,0,1
MIG-12353,order_items,497899.52,486.23,78144208,4687,READ_HEAVY,ALTER_COLUMN_TYPE,CRITICAL,125.07,2002.85,0,1
MIG-12354,order_items,358092.8,349.7,56202462,820,WRITE_HEAVY,ALTER_COLUMN_TYPE,MEDIUM,104.69,134.06,0,1
MIG-12355,order_payments,108124.16,105.59,25992147,1043,WRITE_HEAVY,DROP_COLUMN,MEDIUM,0.83,1.18,1,0
MIG-12356,order_items,365148.16,356.59,57308821,1801,WRITE_HEAVY,ADD_INDEX_CONCURRENTLY,HIGH,1.42,4.07,1,0
MIG-12357,order_items,454963.2,444.3,71404971,504,WRITE_HEAVY,TABLE_REWRITE,MEDIUM,154.14,204.83,0,1
MIG-12358,customer_sessions,57825.28,56.47,12907666,2534,WRITE_HEAVY,ADD_INDEX_CONCURRENTLY,HIGH,0.31,1.73,1,0
MIG-12359,orders,206069.76,201.24,25154922,1809,WRITE_HEAVY,ADD_INDEX_CONCURRENTLY,HIGH,0.71,2.28,1,0
MIG-12360,order_shipments,86722.56,84.69,22583275,1019,READ_HEAVY,DROP_COLUMN,MEDIUM,0.74,0.86,1,0
MIG-12361,orders,168755.2,164.8,20599509,600,READ_HEAVY,ADD_COLUMN_DEFAULT,MEDIUM,1.48,1.99,1,0
MIG-12362,order_items,214435.84,209.41,33655531,1154,WRITE_HEAVY,ADD_INDEX_LOCKING,MEDIUM,26.08,36.84,0,1
MIG-12363,order_shipments,74803.2,73.05,19480242,667,READ_HEAVY,DROP_COLUMN,MEDIUM,0.58,0.53,1,0
MIG-12364,order_payments,35860.48,35.02,8621000,748,WRITE_HEAVY,ADD_INDEX_CONCURRENTLY,MEDIUM,0.22,0.49,1,0
MIG-12365,order_payments,52858.88,51.62,12705904,647,READ_HEAVY,DROP_COLUMN,MEDIUM,0.62,0.75,1,0
MIG-12366,orders,224368.64,219.11,27388253,1417,ANALYTICAL_BATCH,ALTER_COLUMN_TYPE,MEDIUM,73.39,137.67,0,1
MIG-12367,order_items,339230.72,331.28,53240681,1122,READ_HEAVY,ALTER_COLUMN_TYPE,MEDIUM,90.09,124.41,0,1
MIG-12368,order_items,371722.24,363.01,58341577,366,WRITE_HEAVY,ADD_INDEX_CONCURRENTLY,LOW,1.27,1.17,1,0
MIG-12369,order_items,624281.6,609.65,97979150,262,WRITE_HEAVY,ADD_COLUMN_DEFAULT,LOW,4.42,3.25,1,0
MIG-12370,order_items,236062.72,230.53,37048971,1358,MIXED_OLTP,ADD_INDEX_CONCURRENTLY,MEDIUM,0.81,1.67,1,0
MIG-12371,order_items,124774.4,121.85,19583772,126,WRITE_HEAVY,ADD_INDEX_LOCKING,LOW,16.1,17.09,1,0
MIG-12372,order_items,172165.12,168.13,27021181,2120,ANALYTICAL_BATCH,DROP_COLUMN,HIGH,1.06,4.1,1,0
MIG-12373,orders,103229.44,100.81,12601550,3205,READ_HEAVY,ADD_COLUMN_DEFAULT,CRITICAL,1.23,9.4,1,0
MIG-12374,order_items,489328.64,477.86,76799521,2545,WRITE_HEAVY,ADD_INDEX_CONCURRENTLY,HIGH,1.6,3.68,1,0
MIG-12375,orders,220753.92,215.58,26947194,1450,READ_HEAVY,ADD_INDEX_LOCKING,MEDIUM,20.49,41.57,0,1
MIG-12376,order_shipments,65331.2,63.8,17014561,1266,MIXED_OLTP,ADD_INDEX_LOCKING,MEDIUM,10.03,11.4,1,0
MIG-12377,order_items,246312.96,240.54,38658758,1732,READ_HEAVY,ADD_COLUMN_DEFAULT,HIGH,2.29,5.13,1,0
MIG-12378,orders,164556.8,160.7,20087031,2682,ANALYTICAL_BATCH,ADD_INDEX_CONCURRENTLY,HIGH,0.68,2.88,1,0
MIG-12379,order_payments,28416.0,27.75,6830777,3634,ANALYTICAL_BATCH,ADD_COLUMN_DEFAULT,CRITICAL,0.54,3.04,1,0
MIG-12380,order_shipments,74987.52,73.23,19526900,848,WRITE_HEAVY,ALTER_COLUMN_TYPE,MEDIUM,30.99,37.73,0,1
MIG-12381,orders,185026.56,180.69,22586033,1074,WRITE_HEAVY,DROP_COLUMN,MEDIUM,1.35,3.44,1,0
MIG-12382,orders,53975.04,52.71,6588506,953,WRITE_HEAVY,ADD_INDEX_LOCKING,MEDIUM,10.87,14.45,1,0
MIG-12383,orders,229857.28,224.47,28059314,3467,READ_HEAVY,ADD_INDEX_CONCURRENTLY,CRITICAL,0.79,4.92,1,0
MIG-12384,orders,218009.6,212.9,26612516,2294,READ_HEAVY,ADD_COLUMN_DEFAULT,HIGH,1.85,5.25,1,0
MIG-12385,order_payments,63549.44,62.06,15276843,3493,WRITE_HEAVY,ADD_INDEX_CONCURRENTLY,CRITICAL,0.33,3.48,1,0
MIG-12386,customer_sessions,55326.72,54.03,12349423,2577,ANALYTICAL_BATCH,ADD_COLUMN_DEFAULT,HIGH,0.8,4.05,1,0
MIG-12387,orders,182190.08,177.92,22240310,3181,WRITE_HEAVY,ADD_INDEX_CONCURRENTLY,CRITICAL,0.83,4.1,1,0
MIG-12388,order_payments,43776.0,42.75,10523592,1310,MIXED_OLTP,ADD_COLUMN_DEFAULT,MEDIUM,0.78,0.93,1,0
MIG-12389,orders,91893.76,89.74,11218001,5452,MIXED_OLTP,ADD_COLUMN_DEFAULT,CRITICAL,1.2,9.42,1,0
MIG-12390,order_items,467292.16,456.34,73339697,4866,WRITE_HEAVY,ALTER_COLUMN_TYPE,CRITICAL,98.42,3534.13,0,1
MIG-12391,order_payments,138475.52,135.23,33286287,2409,WRITE_HEAVY,ADD_COLUMN_DEFAULT,HIGH,1.74,7.88,1,0
MIG-12392,order_items,412108.8,402.45,64679029,4102,WRITE_HEAVY,ADD_INDEX_CONCURRENTLY,CRITICAL,1.46,10.83,1,0
MIG-12393,orders,174745.6,170.65,21330954,1029,ANALYTICAL_BATCH,ADD_INDEX_CONCURRENTLY,MEDIUM,0.89,1.53,1,0
MIG-12394,order_items,448440.32,437.93,70381217,2268,READ_HEAVY,ADD_INDEX_CONCURRENTLY,HIGH,1.3,4.22,1,0
MIG-12395,customer_sessions,42762.24,41.76,9544327,1388,MIXED_OLTP,DROP_COLUMN,MEDIUM,0.54,0.84,1,0
MIG-12396,orders,61132.8,59.7,7462645,1691,READ_HEAVY,DROP_COLUMN,HIGH,0.64,1.51,1,0
MIG-12397,orders,136847.36,133.64,16705603,2391,READ_HEAVY,DROP_COLUMN,HIGH,1.0,2.6,1,0
MIG-12398,orders,248268.8,242.45,30306809,2324,ANALYTICAL_BATCH,ALTER_COLUMN_TYPE,HIGH,66.36,1114.14,0,1
MIG-12399,order_items,530114.56,517.69,83200690,763,READ_HEAVY,ADD_INDEX_CONCURRENTLY,MEDIUM,1.68,2.7,1,0
MIG-12400,order_items,593326.08,579.42,93121309,2119,MIXED_OLTP,ADD_COLUMN_DEFAULT,HIGH,3.5,13.71,1,0
MIG-12401,order_payments,44933.12,43.88,10801549,4180,READ_HEAVY,ADD_INDEX_CONCURRENTLY,CRITICAL,0.26,1.92,1,0
MIG-12402,order_payments,87244.8,85.2,20971583,1552,WRITE_HEAVY,ADD_INDEX_CONCURRENTLY,HIGH,0.54,1.25,1,0
MIG-12403,order_shipments,66928.64,65.36,17430128,977,WRITE_HEAVY,ADD_COLUMN_DEFAULT,MEDIUM,0.97,2.17,1,0
MIG-12404,order_shipments,35840.0,35.0,9334391,3426,WRITE_HEAVY,ADD_INDEX_LOCKING,CRITICAL,8.29,128.33,0,1
MIG-12405,orders,93603.84,91.41,11426196,2097,MIXED_OLTP,ALTER_COLUMN_TYPE,HIGH,27.96,488.76,0,1
MIG-12406,order_items,518287.36,506.14,81344667,778,READ_HEAVY,ADD_COLUMN_DEFAULT,MEDIUM,4.37,4.69,1,0
MIG-12407,orders,197754.88,193.12,24140001,1253,READ_HEAVY,ADD_COLUMN_DEFAULT,MEDIUM,2.1,3.46,1,0
MIG-12408,order_items,448696.32,438.18,70422190,2940,WRITE_HEAVY,ALTER_COLUMN_TYPE,HIGH,109.82,2153.22,0,1
MIG-12409,customer_sessions,31559.68,30.82,7044619,1664,READ_HEAVY,ADD_INDEX_LOCKING,HIGH,7.59,44.68,0,1
MIG-12410,order_payments,87336.96,85.29,20994959,756,MIXED_OLTP,DROP_COLUMN,MEDIUM,0.88,1.2,1,0
MIG-12411,customer_sessions,15820.8,15.45,3532207,659,READ_HEAVY,ADD_COLUMN_DEFAULT,MEDIUM,0.29,0.32,1,0
MIG-12412,order_items,181749.76,177.49,28525630,4208,ANALYTICAL_BATCH,ADD_COLUMN_DEFAULT,CRITICAL,2.04,25.8,1,0
MIG-12413,order_items,382156.8,373.2,59978319,3930,WRITE_HEAVY,ADD_INDEX_LOCKING,CRITICAL,35.56,738.09,0,1
MIG-12414,order_items,274503.68,268.07,43083454,955,WRITE_HEAVY,ADD_INDEX_CONCURRENTLY,MEDIUM,0.98,1.18,1,0
MIG-12415,orders,262737.92,256.58,32073083,3177,READ_HEAVY,ADD_COLUMN_DEFAULT,CRITICAL,2.62,9.05,1,0
MIG-12416,orders,153436.16,149.84,18730087,1370,WRITE_HEAVY,ADD_INDEX_CONCURRENTLY,MEDIUM,0.66,1.08,1,0
MIG-12417,order_items,157818.88,154.12,24768696,494,MIXED_OLTP,DROP_COLUMN,LOW,1.25,1.16,1,0
MIG-12418,orders,53094.4,51.85,6481743,2867,MIXED_OLTP,DROP_COLUMN,HIGH,0.5,1.65,1,0
MIG-12419,customer_sessions,61122.56,59.69,13643713,298,WRITE_HEAVY,ADD_INDEX_CONCURRENTLY,LOW,0.33,0.33,1,0
MIG-12420,orders,87091.2,85.05,10630681,366,ANALYTICAL_BATCH,ADD_COLUMN_DEFAULT,LOW,1.24,1.15,1,0
MIG-12421,orders,90695.68,88.57,11070933,3125,WRITE_HEAVY,ADD_INDEX_CONCURRENTLY,CRITICAL,0.55,3.27,1,0
MIG-12422,order_payments,77404.16,75.59,18605648,1110,MIXED_OLTP,ADD_INDEX_LOCKING,MEDIUM,12.02,19.01,1,0
MIG-12423,orders,107560.96,105.04,13129635,1107,READ_HEAVY,ALTER_COLUMN_TYPE,MEDIUM,36.21,67.75,0,1
MIG-12424,order_shipments,69570.56,67.94,18118064,1234,MIXED_OLTP,ADD_COLUMN_DEFAULT,MEDIUM,0.81,1.57,1,0
MIG-12425,order_payments,84817.92,82.83,20387944,1281,WRITE_HEAVY,ADD_INDEX_CONCURRENTLY,MEDIUM,0.37,0.74,1,0
MIG-12426,orders,73799.68,72.07,9009166,1500,ANALYTICAL_BATCH,ALTER_COLUMN_TYPE,HIGH,32.95,241.46,0,1
MIG-12427,order_payments,120637.44,117.81,29000536,907,ANALYTICAL_BATCH,ALTER_COLUMN_TYPE,MEDIUM,37.09,53.8,0,1
MIG-12428,order_items,334469.12,326.63,52494567,985,READ_HEAVY,ADD_INDEX_LOCKING,MEDIUM,39.73,29.98,0,1
MIG-12429,order_payments,99809.28,97.47,23992028,980,READ_HEAVY,ADD_COLUMN_DEFAULT,MEDIUM,1.4,1.53,1,0
MIG-12430,order_shipments,18759.68,18.32,4885154,2323,READ_HEAVY,ADD_INDEX_CONCURRENTLY,HIGH,0.18,0.6,1,0
MIG-12431,order_payments,101672.96,99.29,24440320,4751,READ_HEAVY,TABLE_REWRITE,CRITICAL,57.96,1634.49,0,1
MIG-12432,order_items,260669.44,254.56,40910838,1087,READ_HEAVY,ADD_COLUMN_DEFAULT,MEDIUM,2.84,2.74,1,0
MIG-12433,order_items,369827.84,361.16,58044030,3584,READ_HEAVY,ADD_COLUMN_DEFAULT,CRITICAL,2.55,17.32,1,0
MIG-12434,order_payments,62289.92,60.83,14974353,4660,MIXED_OLTP,ADD_INDEX_LOCKING,CRITICAL,9.96,216.76,0,1
MIG-12435,customer_sessions,78602.24,76.76,17546154,1097,READ_HEAVY,DROP_COLUMN,MEDIUM,0.65,1.17,1,0
MIG-12436,order_items,233820.16,228.34,36698227,179,WRITE_HEAVY,ADD_INDEX_CONCURRENTLY,LOW,0.8,0.67,1,0
MIG-12437,order_payments,135987.2,132.8,32690356,2446,ANALYTICAL_BATCH,TABLE_REWRITE,HIGH,64.21,736.66,0,1
MIG-12438,order_items,588451.84,574.66,92355297,4303,WRITE_HEAVY,DROP_COLUMN,CRITICAL,2.36,25.73,0,1
MIG-12439,order_payments,77066.24,75.26,18524818,421,WRITE_HEAVY,ADD_INDEX_CONCURRENTLY,LOW,0.47,0.57,1,0
MIG-12440,customer_sessions,33945.6,33.15,7577644,256,ANALYTICAL_BATCH,ADD_INDEX_CONCURRENTLY,LOW,0.26,0.32,1,0
MIG-12441,orders,133427.2,130.3,16287959,2836,WRITE_HEAVY,DROP_COLUMN,HIGH,1.12,4.64,1,0
MIG-12442,orders,267980.8,261.7,32712155,2304,WRITE_HEAVY,DROP_COLUMN,HIGH,1.45,7.55,1,0
MIG-12443,order_items,434042.88,423.87,68122494,476,READ_HEAVY,ADD_INDEX_CONCURRENTLY,LOW,1.35,1.42,1,0
MIG-12444,order_items,395847.68,386.57,62127199,601,MIXED_OLTP,ADD_COLUMN_DEFAULT,MEDIUM,2.66,7.19,1,0
MIG-12445,order_items,133222.4,130.1,20909348,626,WRITE_HEAVY,ADD_COLUMN_DEFAULT,MEDIUM,1.71,1.84,1,0
MIG-12446,orders,236677.12,231.13,28891761,3545,READ_HEAVY,ADD_COLUMN_DEFAULT,CRITICAL,2.1,10.05,1,0
MIG-12447,order_items,157941.76,154.24,24788241,2724,WRITE_HEAVY,TABLE_REWRITE,HIGH,75.79,821.77,0,1
MIG-12448,order_items,138926.08,135.67,21804761,1006,READ_HEAVY,ADD_INDEX_CONCURRENTLY,MEDIUM,0.7,0.87,1,0
MIG-12449,order_items,256542.72,250.53,40263504,4688,WRITE_HEAVY,ALTER_COLUMN_TYPE,CRITICAL,57.79,1637.42,0,1
MIG-12450,order_payments,83630.08,81.67,20102711,519,WRITE_HEAVY,ADD_COLUMN_DEFAULT,MEDIUM,1.01,1.06,1,0
MIG-12451,order_payments,133888.0,130.75,32184322,3926,ANALYTICAL_BATCH,ADD_INDEX_CONCURRENTLY,CRITICAL,0.55,7.2,1,0
MIG-12452,order_items,522444.8,510.2,81996382,853,READ_HEAVY,ADD_INDEX_CONCURRENTLY,MEDIUM,1.42,1.88,1,0
MIG-12453,order_payments,50298.88,49.12,12091805,469,MIXED_OLTP,TABLE_REWRITE,LOW,41.95,54.9,0,1
MIG-12454,order_items,306718.72,299.53,48138441,604,ANALYTICAL_BATCH,ADD_INDEX_CONCURRENTLY,MEDIUM,1.3,1.43,1,0
MIG-12455,order_items,517365.76,505.24,81199461,1360,ANALYTICAL_BATCH,ADD_INDEX_CONCURRENTLY,MEDIUM,1.4,3.86,1,0
MIG-12456,order_items,386713.6,377.65,60694488,2052,MIXED_OLTP,ADD_COLUMN_DEFAULT,HIGH,3.66,9.59,1,0
MIG-12457,orders,87746.56,85.69,10711282,1274,WRITE_HEAVY,DROP_COLUMN,MEDIUM,0.7,1.63,1,0
MIG-12458,orders,136755.2,133.55,16693490,790,MIXED_OLTP,ADD_COLUMN_DEFAULT,MEDIUM,1.83,1.42,1,0
MIG-12459,order_items,437729.28,427.47,68700800,1586,READ_HEAVY,ADD_INDEX_CONCURRENTLY,HIGH,1.56,3.1,1,0
MIG-12460,order_shipments,99153.92,96.83,25821674,1179,WRITE_HEAVY,ADD_COLUMN_DEFAULT,MEDIUM,1.08,2.78,1,0
MIG-12461,order_payments,105912.32,103.43,25460187,677,READ_HEAVY,ALTER_COLUMN_TYPE,MEDIUM,31.34,48.1,0,1
MIG-12462,orders,52736.0,51.5,6437269,159,WRITE_HEAVY,ALTER_COLUMN_TYPE,LOW,24.01,20.55,1,0
MIG-12463,order_items,478535.68,467.32,75105670,5295,READ_HEAVY,TABLE_REWRITE,CRITICAL,205.25,3077.99,0,1
MIG-12464,orders,104642.56,102.19,12773349,1839,MIXED_OLTP,ADD_COLUMN_DEFAULT,HIGH,1.13,4.67,1,0
MIG-12465,order_payments,129914.88,126.87,31230176,5455,READ_HEAVY,ADD_INDEX_CONCURRENTLY,CRITICAL,0.56,5.26,1,0
MIG-12466,order_shipments,50278.4,49.1,13092022,2022,WRITE_HEAVY,ADD_INDEX_CONCURRENTLY,HIGH,0.37,0.93,1,0
MIG-12467,order_items,217712.64,212.61,34168818,777,WRITE_HEAVY,ALTER_COLUMN_TYPE,MEDIUM,62.15,80.89,0,1
MIG-12468,order_items,356198.4,347.85,55903722,281,MIXED_OLTP,ADD_INDEX_LOCKING,LOW,31.18,41.56,0,1
MIG-12469,order_items,246394.88,240.62,38671035,1916,READ_HEAVY,DROP_COLUMN,HIGH,1.39,4.57,1,0
MIG-12470,order_items,236390.4,230.85,37101540,470,READ_HEAVY,ADD_COLUMN_DEFAULT,LOW,2.2,1.99,1,0
MIG-12471,order_shipments,65976.32,64.43,17182454,4525,MIXED_OLTP,ADD_COLUMN_DEFAULT,CRITICAL,1.01,6.73,1,0
MIG-12472,order_payments,118558.72,115.78,28499572,1243,MIXED_OLTP,ADD_COLUMN_DEFAULT,MEDIUM,1.37,1.47,1,0
MIG-12473,order_items,545607.68,532.82,85631304,576,READ_HEAVY,ADD_COLUMN_DEFAULT,MEDIUM,4.73,5.75,1,0
MIG-12474,order_items,319928.32,312.43,50211259,739,READ_HEAVY,ADD_COLUMN_DEFAULT,MEDIUM,2.7,3.61,1,0
MIG-12475,orders,63928.32,62.43,7803701,1095,WRITE_HEAVY,ADD_INDEX_CONCURRENTLY,MEDIUM,0.38,0.69,1,0
MIG-12476,orders,156200.96,152.54,19067324,2230,ANALYTICAL_BATCH,ADD_INDEX_CONCURRENTLY,HIGH,0.7,2.49,1,0
MIG-12477,orders,145100.8,141.7,17712099,2953,READ_HEAVY,ADD_INDEX_CONCURRENTLY,HIGH,0.77,2.53,1,0
MIG-12478,order_items,216350.72,211.28,33955294,2584,MIXED_OLTP,TABLE_REWRITE,HIGH,86.3,738.7,0,1
MIG-12479,customer_sessions,72151.04,70.46,16104486,3742,WRITE_HEAVY,TABLE_REWRITE,CRITICAL,44.43,1198.96,0,1
MIG-12480,order_items,617441.28,602.97,96906008,953,READ_HEAVY,ADD_INDEX_LOCKING,MEDIUM,58.81,77.7,0,1
MIG-12481,orders,60600.32,59.18,7397174,1242,READ_HEAVY,ALTER_COLUMN_TYPE,MEDIUM,23.47,41.7,0,1
MIG-12482,orders,225157.12,219.88,27485152,4024,READ_HEAVY,ADD_INDEX_CONCURRENTLY,CRITICAL,0.95,6.91,1,0
MIG-12483,order_items,447938.56,437.44,70303041,1024,MIXED_OLTP,ADD_INDEX_CONCURRENTLY,MEDIUM,1.29,2.26,1,0
MIG-12484,order_shipments,40120.32,39.18,10447023,1299,MIXED_OLTP,ADD_INDEX_CONCURRENTLY,MEDIUM,0.31,0.5,1,0
MIG-12485,order_items,442490.88,432.12,69447645,214,WRITE_HEAVY,ADD_INDEX_CONCURRENTLY,LOW,1.46,1.67,1,0
MIG-12486,order_payments,42035.2,41.05,10104923,1649,MIXED_OLTP,ADD_INDEX_LOCKING,HIGH,6.74,44.85,0,1
MIG-12487,order_shipments,24186.88,23.62,6299180,2118,WRITE_HEAVY,ADD_INDEX_CONCURRENTLY,HIGH,0.19,0.84,1,0
MIG-12488,orders,268892.16,262.59,32824205,719,READ_HEAVY,TABLE_REWRITE,MEDIUM,103.76,99.61,0,1
MIG-12489,order_items,443115.52,432.73,69545958,320,WRITE_HEAVY,DROP_COLUMN,LOW,2.07,4.07,1,0
MIG-12490,customer_sessions,30668.8,29.95,6846405,441,WRITE_HEAVY,ADD_INDEX_CONCURRENTLY,LOW,0.19,0.37,1,0
MIG-12491,order_items,346951.68,338.82,54452750,1261,MIXED_OLTP,ADD_INDEX_LOCKING,MEDIUM,30.18,62.35,0,1
MIG-12492,orders,259297.28,253.22,31652380,391,WRITE_HEAVY,ALTER_COLUMN_TYPE,LOW,58.61,67.45,0,1
MIG-12493,customer_sessions,42639.36,41.64,9517640,2311,ANALYTICAL_BATCH,DROP_COLUMN,HIGH,0.4,2.25,1,0
MIG-12494,order_shipments,93122.56,90.94,24249601,5220,WRITE_HEAVY,ADD_INDEX_CONCURRENTLY,CRITICAL,0.52,6.07,1,0
MIG-12495,order_items,563077.12,549.88,88373545,2887,MIXED_OLTP,ADD_COLUMN_DEFAULT,HIGH,4.43,22.89,1,0
MIG-12496,order_items,292300.8,285.45,45876661,4894,WRITE_HEAVY,ADD_COLUMN_DEFAULT,CRITICAL,2.34,37.46,0,1
MIG-12497,orders,203100.16,198.34,24792243,3292,READ_HEAVY,ADD_INDEX_LOCKING,CRITICAL,23.58,244.4,0,1
MIG-12498,order_shipments,73216.0,71.5,19066767,1946,ANALYTICAL_BATCH,ADD_INDEX_CONCURRENTLY,HIGH,0.4,1.58,1,0
MIG-12499,order_items,512706.56,500.69,80468161,1457,READ_HEAVY,ALTER_COLUMN_TYPE,MEDIUM,121.81,181.37,0,1
MIG-12500,orders,130088.96,127.04,15880087,1609,READ_HEAVY,ADD_INDEX_CONCURRENTLY,HIGH,0.64,1.41,1,0
MIG-12501,order_payments,32880.64,32.11,7904411,1050,MIXED_OLTP,TABLE_REWRITE,MEDIUM,30.0,41.39,0,1
MIG-12502,customer_sessions,25374.72,24.78,5662965,1139,MIXED_OLTP,ADD_INDEX_CONCURRENTLY,MEDIUM,0.22,0.26,1,0
MIG-12503,order_shipments,69570.56,67.94,18117559,256,WRITE_HEAVY,ALTER_COLUMN_TYPE,LOW,25.07,27.16,0,1
MIG-12504,orders,220590.08,215.42,26927705,2555,MIXED_OLTP,ADD_INDEX_CONCURRENTLY,HIGH,0.93,3.47,1,0
MIG-12505,orders,216381.44,211.31,26413313,3190,MIXED_OLTP,ADD_INDEX_LOCKING,CRITICAL,26.71,564.95,0,1
MIG-12506,customer_sessions,51988.48,50.77,11605014,1828,MIXED_OLTP,ALTER_COLUMN_TYPE,HIGH,23.11,230.86,0,1
MIG-12507,customer_sessions,19804.16,19.34,4420517,796,WRITE_HEAVY,ADD_COLUMN_DEFAULT,MEDIUM,0.36,0.8,1,0
MIG-12508,order_items,123607.04,120.71,19400378,1756,READ_HEAVY,ADD_INDEX_CONCURRENTLY,HIGH,0.58,1.51,1,0
MIG-12509,order_items,518348.8,506.2,81353482,2156,ANALYTICAL_BATCH,TABLE_REWRITE,HIGH,177.79,2114.64,0,1
MIG-12510,order_items,398223.36,388.89,62499491,2202,READ_HEAVY,TABLE_REWRITE,HIGH,175.2,1947.03,0,1
MIG-12511,order_items,518645.76,506.49,81399680,1437,READ_HEAVY,ADD_INDEX_LOCKING,MEDIUM,42.7,65.06,0,1
MIG-12512,orders,85155.84,83.16,10395288,985,ANALYTICAL_BATCH,ADD_COLUMN_DEFAULT,MEDIUM,1.29,1.45,1,0
MIG-12513,orders,139264.0,136.0,17000425,1256,WRITE_HEAVY,ADD_INDEX_CONCURRENTLY,MEDIUM,0.75,1.47,1,0
MIG-12514,orders,252456.96,246.54,30817570,3220,READ_HEAVY,ADD_COLUMN_DEFAULT,CRITICAL,2.64,12.45,1,0
MIG-12515,order_shipments,32665.6,31.9,8506516,123,MIXED_OLTP,ADD_INDEX_LOCKING,LOW,6.15,8.29,1,0
MIG-12516,orders,62760.96,61.29,7661226,3987,MIXED_OLTP,ADD_INDEX_CONCURRENTLY,CRITICAL,0.33,2.5,1,0
MIG-12517,orders,193689.6,189.15,23643619,231,ANALYTICAL_BATCH,ADD_INDEX_CONCURRENTLY,LOW,0.77,0.74,1,0
MIG-12518,order_items,421529.6,411.65,66157443,5308,MIXED_OLTP,ALTER_COLUMN_TYPE,CRITICAL,110.22,1645.89,0,1
MIG-12519,orders,259727.36,253.64,31704823,991,WRITE_HEAVY,DROP_COLUMN,MEDIUM,1.61,2.16,1,0
MIG-12520,orders,249651.2,243.8,30474647,2231,READ_HEAVY,DROP_COLUMN,HIGH,1.37,4.45,1,0
MIG-12521,order_items,501463.04,489.71,78703861,2775,WRITE_HEAVY,TABLE_REWRITE,HIGH,174.06,1032.88,0,1
MIG-12522,order_items,124579.84,121.66,19551736,2798,ANALYTICAL_BATCH,ADD_COLUMN_DEFAULT,HIGH,1.68,5.58,1,0
MIG-12523,order_items,362618.88,354.12,56911344,2664,WRITE_HEAVY,ADD_COLUMN_DEFAULT,HIGH,2.6,13.47,1,0
MIG-12524,order_shipments,92753.92,90.58,24155801,275,READ_HEAVY,ALTER_COLUMN_TYPE,LOW,36.22,41.41,0,1
MIG-12525,orders,145070.08,141.67,17708579,716,READ_HEAVY,TABLE_REWRITE,MEDIUM,83.1,100.04,0,1
MIG-12526,order_shipments,98232.32,95.93,25582347,535,WRITE_HEAVY,ADD_INDEX_CONCURRENTLY,MEDIUM,0.43,0.58,1,0
MIG-12527,order_shipments,72550.4,70.85,18893740,1575,WRITE_HEAVY,ADD_COLUMN_DEFAULT,HIGH,0.9,3.08,1,0
MIG-12528,order_shipments,27514.88,26.87,7164273,2723,READ_HEAVY,ADD_COLUMN_DEFAULT,HIGH,0.48,1.63,1,0
MIG-12529,order_items,377518.08,368.67,59251038,632,WRITE_HEAVY,ADD_INDEX_CONCURRENTLY,MEDIUM,1.25,1.8,1,0
MIG-12530,order_items,473692.16,462.59,74344987,2122,ANALYTICAL_BATCH,ADD_INDEX_CONCURRENTLY,HIGH,1.31,7.98,1,0
MIG-12531,order_items,148428.8,144.95,23294886,1003,ANALYTICAL_BATCH,ADD_INDEX_CONCURRENTLY,MEDIUM,0.59,1.52,1,0
MIG-12532,order_payments,67911.68,66.32,16325906,1055,WRITE_HEAVY,DROP_COLUMN,MEDIUM,0.74,0.95,1,0
MIG-12533,orders,207759.36,202.89,25361188,589,MIXED_OLTP,ADD_INDEX_CONCURRENTLY,MEDIUM,0.81,0.94,1,0
MIG-12534,customer_sessions,24473.6,23.9,5461827,2285,WRITE_HEAVY,ALTER_COLUMN_TYPE,HIGH,11.09,169.44,0,1
MIG-12535,order_items,294461.44,287.56,46215531,199,WRITE_HEAVY,DROP_COLUMN,LOW,2.09,1.75,1,0
MIG-12536,order_payments,109281.28,106.72,26269417,3851,WRITE_HEAVY,ADD_COLUMN_DEFAULT,CRITICAL,1.38,11.9,1,0
MIG-12537,order_items,514938.88,502.87,80818813,2732,MIXED_OLTP,ADD_INDEX_LOCKING,HIGH,46.4,587.54,0,1
MIG-12538,orders,163840.0,160.0,19999818,960,MIXED_OLTP,DROP_COLUMN,MEDIUM,1.01,2.33,1,0
MIG-12539,order_items,608522.24,594.26,95505459,901,WRITE_HEAVY,ADD_INDEX_LOCKING,MEDIUM,59.02,73.58,0,1
MIG-12540,order_items,592250.88,578.37,92951799,1524,MIXED_OLTP,ALTER_COLUMN_TYPE,HIGH,133.05,707.63,0,1
MIG-12541,order_items,359024.64,350.61,56348401,5490,MIXED_OLTP,ADD_INDEX_LOCKING,CRITICAL,41.08,948.82,0,1
MIG-12542,order_items,197406.72,192.78,30982227,1093,MIXED_OLTP,ADD_INDEX_LOCKING,MEDIUM,27.2,44.41,0,1
MIG-12543,orders,220108.8,214.95,26869152,1255,READ_HEAVY,ADD_INDEX_LOCKING,MEDIUM,20.55,50.44,0,1
MIG-12544,order_items,240168.96,234.54,37694305,933,MIXED_OLTP,ADD_COLUMN_DEFAULT,MEDIUM,2.46,4.34,1,0
MIG-12545,order_items,549662.72,536.78,86268526,764,READ_HEAVY,DROP_COLUMN,MEDIUM,2.68,4.79,1,0
MIG-12546,customer_sessions,52213.76,50.99,11654878,773,WRITE_HEAVY,DROP_COLUMN,MEDIUM,0.57,0.83,1,0
MIG-12547,orders,136314.88,133.12,16640511,1511,MIXED_OLTP,TABLE_REWRITE,HIGH,74.83,384.05,0,1
MIG-12548,order_items,401838.08,392.42,63067052,1388,WRITE_HEAVY,ADD_COLUMN_DEFAULT,MEDIUM,2.73,6.31,1,0
MIG-12549,orders,167004.16,163.09,20385836,2290,MIXED_OLTP,ADD_INDEX_CONCURRENTLY,HIGH,0.76,2.81,1,0
MIG-12550,order_items,591943.68,578.07,92903360,852,MIXED_OLTP,ADD_COLUMN_DEFAULT,MEDIUM,4.04,9.47,1,0
MIG-12551,order_items,225320.96,220.04,35363407,2558,WRITE_HEAVY,ADD_COLUMN_DEFAULT,HIGH,2.11,6.37,1,0
MIG-12552,order_items,593704.96,579.79,93180834,3323,WRITE_HEAVY,ADD_COLUMN_DEFAULT,CRITICAL,3.62,18.61,1,0
MIG-12553,customer_sessions,16353.28,15.97,3651310,969,MIXED_OLTP,DROP_COLUMN,MEDIUM,0.21,0.33,1,0
MIG-12554,orders,219289.6,214.15,26768488,274,MIXED_OLTP,TABLE_REWRITE,LOW,114.04,101.28,0,1
MIG-12555,order_payments,136806.4,133.6,32886442,1406,MIXED_OLTP,ADD_INDEX_CONCURRENTLY,MEDIUM,0.62,1.33,1,0
MIG-12556,orders,136314.88,133.12,16639409,1297,READ_HEAVY,TABLE_REWRITE,MEDIUM,90.27,99.99,0,1
MIG-12557,orders,65310.72,63.78,7972814,2651,WRITE_HEAVY,ADD_INDEX_LOCKING,HIGH,11.44,110.7,0,1
MIG-12558,order_items,529971.2,517.55,83178070,3649,WRITE_HEAVY,ADD_INDEX_CONCURRENTLY,CRITICAL,1.53,17.03,1,0
MIG-12559,orders,235581.44,230.06,28757351,2280,MIXED_OLTP,ADD_INDEX_CONCURRENTLY,HIGH,0.77,3.79,1,0
MIG-12560,order_items,288225.28,281.47,45236848,5451,READ_HEAVY,ALTER_COLUMN_TYPE,CRITICAL,67.89,2423.92,0,1
MIG-12561,order_payments,88760.32,86.68,21335486,518,MIXED_OLTP,ADD_INDEX_LOCKING,MEDIUM,12.63,17.83,1,0
MIG-12562,order_payments,123607.04,120.71,29712709,1151,WRITE_HEAVY,ADD_INDEX_CONCURRENTLY,MEDIUM,0.59,0.65,1,0
MIG-12563,order_items,213800.96,208.79,33555481,838,WRITE_HEAVY,DROP_COLUMN,MEDIUM,1.28,2.89,1,0
MIG-12564,order_items,439296.0,429.0,68947036,2612,READ_HEAVY,ADD_INDEX_CONCURRENTLY,HIGH,1.19,3.72,1,0
MIG-12565,order_items,336936.96,329.04,52881083,994,READ_HEAVY,DROP_COLUMN,MEDIUM,2.04,3.51,1,0
MIG-12566,orders,87726.08,85.67,10709225,380,READ_HEAVY,ADD_INDEX_CONCURRENTLY,LOW,0.56,0.45,1,0
MIG-12567,orders,233052.16,227.59,28448885,3625,WRITE_HEAVY,ADD_COLUMN_DEFAULT,CRITICAL,2.2,19.34,1,0
MIG-12568,order_payments,65525.76,63.99,15750807,1382,MIXED_OLTP,ADD_COLUMN_DEFAULT,MEDIUM,1.06,1.58,1,0
MIG-12569,customer_sessions,74618.88,72.87,16655736,1337,READ_HEAVY,ADD_COLUMN_DEFAULT,MEDIUM,1.02,1.96,1,0
MIG-12570,orders,174991.36,170.89,21361214,1137,MIXED_OLTP,ADD_INDEX_CONCURRENTLY,MEDIUM,0.89,1.55,1,0
MIG-12571,order_items,380221.44,371.31,59675308,269,READ_HEAVY,ADD_INDEX_LOCKING,LOW,36.34,49.84,0,1
MIG-12572,order_payments,77342.72,75.53,18591211,160,READ_HEAVY,ADD_INDEX_LOCKING,LOW,13.05,13.23,1,0
MIG-12573,order_shipments,51660.8,50.45,13454491,703,MIXED_OLTP,DROP_COLUMN,MEDIUM,0.47,0.46,1,0
MIG-12574,order_items,536842.24,524.26,84255268,898,READ_HEAVY,ALTER_COLUMN_TYPE,MEDIUM,113.43,133.56,0,1
MIG-12575,order_items,464343.04,453.46,72877568,2668,READ_HEAVY,ADD_INDEX_LOCKING,HIGH,49.06,376.68,0,1
MIG-12576,order_payments,119316.48,116.52,28682275,1446,READ_HEAVY,ADD_INDEX_CONCURRENTLY,MEDIUM,0.59,1.12,1,0
MIG-12577,order_shipments,53360.64,52.11,13895417,2412,WRITE_HEAVY,ADD_INDEX_CONCURRENTLY,HIGH,0.35,1.3,1,0
MIG-12578,orders,106977.28,104.47,13058805,2907,ANALYTICAL_BATCH,DROP_COLUMN,HIGH,0.92,5.47,1,0
MIG-12579,customer_sessions,19937.28,19.47,4450859,1795,WRITE_HEAVY,ADD_INDEX_LOCKING,HIGH,3.83,51.97,0,1
MIG-12580,orders,220938.24,215.76,26969711,4857,WRITE_HEAVY,TABLE_REWRITE,CRITICAL,97.45,2145.14,0,1
MIG-12581,order_shipments,52879.36,51.64,13769970,1032,MIXED_OLTP,ADD_INDEX_CONCURRENTLY,MEDIUM,0.34,0.6,1,0
MIG-12582,orders,161781.76,157.99,19749036,156,WRITE_HEAVY,ADD_INDEX_CONCURRENTLY,LOW,0.65,0.67,1,0
MIG-12583,orders,152965.12,149.38,18672267,377,ANALYTICAL_BATCH,ALTER_COLUMN_TYPE,LOW,46.86,47.21,0,1
MIG-12584,orders,144517.12,141.13,17640722,461,READ_HEAVY,ALTER_COLUMN_TYPE,LOW,48.67,53.92,0,1
MIG-12585,order_items,467650.56,456.69,73395865,2172,WRITE_HEAVY,ADD_COLUMN_DEFAULT,HIGH,3.01,16.44,1,0
MIG-12586,order_items,428851.2,418.8,67307463,755,WRITE_HEAVY,ADD_COLUMN_DEFAULT,MEDIUM,4.07,4.57,1,0
MIG-12587,orders,264151.04,257.96,32245452,220,WRITE_HEAVY,ALTER_COLUMN_TYPE,LOW,84.59,55.67,0,1
MIG-12588,order_items,186378.24,182.01,29251216,340,WRITE_HEAVY,ADD_COLUMN_DEFAULT,LOW,1.89,2.28,1,0
MIG-12589,order_items,410675.2,401.05,64455064,4724,WRITE_HEAVY,ADD_INDEX_LOCKING,CRITICAL,43.04,584.3,0,1
MIG-12590,order_payments,34201.6,33.4,8221316,716,WRITE_HEAVY,TABLE_REWRITE,MEDIUM,32.36,58.75,0,1
MIG-12591,order_shipments,85442.56,83.44,22251037,374,WRITE_HEAVY,ADD_INDEX_CONCURRENTLY,LOW,0.51,0.67,1,0
MIG-12592,order_payments,100464.64,98.11,24149766,4867,READ_HEAVY,ADD_INDEX_CONCURRENTLY,CRITICAL,0.57,3.61,1,0
MIG-12593,orders,143902.72,140.53,17566228,1525,WRITE_HEAVY,TABLE_REWRITE,HIGH,80.0,391.34,0,1
MIG-12594,orders,226590.72,221.28,27660362,883,WRITE_HEAVY,ADD_COLUMN_DEFAULT,MEDIUM,1.98,2.15,1,0
MIG-12595,order_shipments,56176.64,54.86,14628056,734,WRITE_HEAVY,ADD_INDEX_CONCURRENTLY,MEDIUM,0.38,0.56,1,0
MIG-12596,orders,99532.8,97.2,12150224,2689,WRITE_HEAVY,ADD_COLUMN_DEFAULT,HIGH,1.38,5.83,1,0
MIG-12597,order_items,358543.36,350.14,56272561,1146,WRITE_HEAVY,DROP_COLUMN,MEDIUM,1.97,3.91,1,0
MIG-12598,customer_sessions,18903.04,18.46,4219977,4333,WRITE_HEAVY,ADD_INDEX_CONCURRENTLY,CRITICAL,0.13,1.24,1,0
MIG-12599,customer_sessions,72263.68,70.57,16129199,1836,READ_HEAVY,ADD_INDEX_LOCKING,HIGH,13.12,57.26,0,1
MIG-12600,order_items,491929.6,480.4,77207628,2222,ANALYTICAL_BATCH,ADD_INDEX_CONCURRENTLY,HIGH,1.62,6.56,1,0
MIG-12601,order_payments,117719.04,114.96,28297094,2943,WRITE_HEAVY,ADD_INDEX_CONCURRENTLY,HIGH,0.61,1.9,1,0
MIG-12602,order_items,566005.76,552.74,88833957,5486,WRITE_HEAVY,ADD_INDEX_CONCURRENTLY,CRITICAL,1.86,19.73,1,0
MIG-12603,order_payments,121456.64,118.61,29197290,165,MIXED_OLTP,ADD_COLUMN_DEFAULT,LOW,1.16,0.9,1,0
MIG-12604,orders,144670.72,141.28,17660019,293,READ_HEAVY,ALTER_COLUMN_TYPE,LOW,45.32,51.67,0,1
MIG-12605,orders,75397.12,73.63,9203182,2622,WRITE_HEAVY,ADD_COLUMN_DEFAULT,HIGH,1.19,4.74,1,0
MIG-12606,order_items,307384.32,300.18,48242547,797,MIXED_OLTP,ALTER_COLUMN_TYPE,MEDIUM,76.29,139.41,0,1
MIG-12607,orders,255754.24,249.76,31220287,2997,MIXED_OLTP,ADD_INDEX_CONCURRENTLY,HIGH,0.91,2.36,1,0
MIG-12608,order_payments,140328.96,137.04,33733806,966,ANALYTICAL_BATCH,ADD_COLUMN_DEFAULT,MEDIUM,1.48,3.0,1,0
MIG-12609,order_items,510986.24,499.01,80197540,846,ANALYTICAL_BATCH,ADD_COLUMN_DEFAULT,MEDIUM,4.47,6.41,1,0
MIG-12610,order_shipments,35389.44,34.56,9215700,1441,READ_HEAVY,ADD_INDEX_LOCKING,MEDIUM,7.77,12.11,1,0
MIG-12611,order_shipments,34560.0,33.75,9000116,2404,MIXED_OLTP,DROP_COLUMN,HIGH,0.42,1.15,1,0
MIG-12612,order_items,568729.6,555.4,89261492,124,READ_HEAVY,ADD_INDEX_LOCKING,LOW,46.97,40.29,0,1
MIG-12613,order_payments,43622.4,42.6,10487178,142,MIXED_OLTP,ADD_COLUMN_DEFAULT,LOW,0.66,0.75,1,0
MIG-12614,orders,178350.08,174.17,21771711,1480,READ_HEAVY,TABLE_REWRITE,MEDIUM,100.88,136.81,0,1
MIG-12615,order_items,309903.36,302.64,48638386,348,WRITE_HEAVY,ADD_INDEX_LOCKING,LOW,32.89,24.14,1,0
MIG-12616,orders,115947.52,113.23,14154297,2804,WRITE_HEAVY,ALTER_COLUMN_TYPE,HIGH,37.38,374.36,0,1
MIG-12617,order_shipments,74618.88,72.87,19431451,5468,READ_HEAVY,ADD_INDEX_CONCURRENTLY,CRITICAL,0.5,3.85,1,0
MIG-12618,order_shipments,98027.52,95.73,25526692,2616,READ_HEAVY,ADD_INDEX_CONCURRENTLY,HIGH,0.54,1.8,1,0
MIG-12619,order_shipments,82933.76,80.99,21596888,2959,MIXED_OLTP,DROP_COLUMN,HIGH,0.78,2.82,1,0
MIG-12620,order_shipments,58757.12,57.38,15301112,1454,WRITE_HEAVY,ADD_COLUMN_DEFAULT,MEDIUM,0.97,2.28,1,0
MIG-12621,customer_sessions,42762.24,41.76,9546245,4029,MIXED_OLTP,ADD_INDEX_LOCKING,CRITICAL,7.21,118.24,0,1
MIG-12622,orders,249917.44,244.06,30506933,4596,WRITE_HEAVY,ADD_INDEX_CONCURRENTLY,CRITICAL,0.99,9.73,1,0
MIG-12623,customer_sessions,51630.08,50.42,11524742,2730,READ_HEAVY,DROP_COLUMN,HIGH,0.57,1.71,1,0
MIG-12624,order_items,371005.44,362.31,58227760,1447,READ_HEAVY,ADD_INDEX_CONCURRENTLY,MEDIUM,1.41,2.93,1,0
MIG-12625,order_items,467097.6,456.15,73309705,430,WRITE_HEAVY,ADD_COLUMN_DEFAULT,LOW,3.81,3.63,1,0
MIG-12626,order_items,237086.72,231.53,37209459,422,READ_HEAVY,ADD_INDEX_CONCURRENTLY,LOW,0.81,1.11,1,0
MIG-12627,order_items,147578.88,144.12,23162574,827,WRITE_HEAVY,ALTER_COLUMN_TYPE,MEDIUM,50.78,75.51,0,1
MIG-12628,orders,238284.8,232.7,29088008,271,WRITE_HEAVY,ADD_INDEX_CONCURRENTLY,LOW,1.12,0.78,1,0
MIG-12629,orders,183470.08,179.17,22396065,5056,MIXED_OLTP,DROP_COLUMN,CRITICAL,1.09,15.67,1,0
MIG-12630,orders,85616.64,83.61,10451681,150,WRITE_HEAVY,ADD_INDEX_CONCURRENTLY,LOW,0.47,0.5,1,0
MIG-12631,order_items,268513.28,262.22,42141882,662,MIXED_OLTP,ADD_INDEX_CONCURRENTLY,MEDIUM,1.15,2.03,1,0
MIG-12632,order_shipments,100536.32,98.18,26182563,4969,MIXED_OLTP,ADD_COLUMN_DEFAULT,CRITICAL,1.2,8.37,1,0
MIG-12633,order_items,442112.0,431.75,69388314,5447,WRITE_HEAVY,ADD_INDEX_CONCURRENTLY,CRITICAL,1.69,12.84,1,0
MIG-12634,order_items,442982.4,432.6,69525083,918,MIXED_OLTP,ADD_COLUMN_DEFAULT,MEDIUM,3.63,6.53,1,0
MIG-12635,order_items,151930.88,148.37,23845256,1364,MIXED_OLTP,ADD_INDEX_CONCURRENTLY,MEDIUM,0.59,1.32,1,0
MIG-12636,order_items,614778.88,600.37,96488330,2033,MIXED_OLTP,ADD_INDEX_LOCKING,HIGH,42.02,271.17,0,1
MIG-12637,orders,246620.16,240.84,30105138,4276,MIXED_OLTP,ALTER_COLUMN_TYPE,CRITICAL,59.4,1800.77,0,1
MIG-12638,order_shipments,63866.88,62.37,16632100,2960,READ_HEAVY,ADD_INDEX_LOCKING,HIGH,9.38,91.91,0,1
MIG-12639,orders,117585.92,114.83,14353500,885,ANALYTICAL_BATCH,ADD_INDEX_CONCURRENTLY,MEDIUM,0.61,0.85,1,0
MIG-12640,order_payments,110254.08,107.67,26503990,2826,WRITE_HEAVY,ADD_COLUMN_DEFAULT,HIGH,1.36,5.88,1,0
MIG-12641,order_payments,126464.0,123.5,30401182,2918,WRITE_HEAVY,ADD_INDEX_CONCURRENTLY,HIGH,0.69,2.25,1,0
MIG-12642,order_items,520407.04,508.21,81675834,395,MIXED_OLTP,ADD_COLUMN_DEFAULT,LOW,3.38,4.92,1,0
MIG-12643,order_shipments,99471.36,97.14,25904223,571,WRITE_HEAVY,ALTER_COLUMN_TYPE,MEDIUM,36.05,32.16,0,1
MIG-12644,orders,190013.44,185.56,23195095,5401,READ_HEAVY,ADD_INDEX_CONCURRENTLY,CRITICAL,0.71,4.69,1,0
MIG-12645,order_shipments,45076.48,44.02,11738469,2247,READ_HEAVY,ADD_INDEX_CONCURRENTLY,HIGH,0.34,0.62,1,0
MIG-12646,order_payments,86282.24,84.26,20740315,215,WRITE_HEAVY,ALTER_COLUMN_TYPE,LOW,26.75,28.19,0,1
MIG-12647,order_payments,124426.24,121.51,29909934,2230,MIXED_OLTP,ADD_COLUMN_DEFAULT,HIGH,1.71,4.94,1,0
MIG-12648,order_payments,58419.2,57.05,14041866,2160,WRITE_HEAVY,ADD_INDEX_CONCURRENTLY,HIGH,0.32,1.41,1,0
MIG-12649,order_shipments,37621.76,36.74,9798418,881,WRITE_HEAVY,TABLE_REWRITE,MEDIUM,31.71,49.66,0,1
MIG-12650,customer_sessions,61091.84,59.66,13637617,1177,MIXED_OLTP,ADD_INDEX_CONCURRENTLY,MEDIUM,0.3,0.46,1,0
MIG-12651,order_items,344053.76,335.99,53998621,612,MIXED_OLTP,ADD_INDEX_LOCKING,MEDIUM,35.37,55.38,0,1
MIG-12652,order_shipments,86159.36,84.14,22437920,4582,MIXED_OLTP,ADD_INDEX_CONCURRENTLY,CRITICAL,0.51,3.78,1,0
MIG-12653,order_payments,43837.44,42.81,10538087,200,WRITE_HEAVY,TABLE_REWRITE,LOW,34.82,46.02,0,1
MIG-12654,order_items,287938.56,281.19,45191413,2687,MIXED_OLTP,ADD_INDEX_LOCKING,HIGH,31.78,201.01,0,1
MIG-12655,customer_sessions,31631.36,30.89,7060638,1483,READ_HEAVY,ADD_INDEX_CONCURRENTLY,MEDIUM,0.26,0.45,1,0
MIG-12656,order_items,474859.52,463.73,74527319,4181,MIXED_OLTP,TABLE_REWRITE,CRITICAL,216.64,2136.73,0,1
MIG-12657,order_items,506572.8,494.7,79505666,5019,WRITE_HEAVY,ADD_INDEX_CONCURRENTLY,CRITICAL,1.38,10.01,1,0
MIG-12658,orders,150016.0,146.5,18312072,3801,READ_HEAVY,ALTER_COLUMN_TYPE,CRITICAL,48.81,638.68,0,1
MIG-12659,orders,154880.0,151.25,18906793,5095,READ_HEAVY,DROP_COLUMN,CRITICAL,1.29,9.29,1,0
MIG-12660,order_shipments,29378.56,28.69,7651888,1033,READ_HEAVY,ADD_INDEX_CONCURRENTLY,MEDIUM,0.22,0.2,1,0
MIG-12661,order_items,476897.28,465.72,74848075,1009,WRITE_HEAVY,ADD_COLUMN_DEFAULT,MEDIUM,4.08,6.7,1,0
MIG-12662,order_items,626821.12,612.13,98377728,601,READ_HEAVY,ADD_INDEX_CONCURRENTLY,MEDIUM,2.13,1.53,1,0
MIG-12663,orders,221214.72,216.03,27003889,2492,MIXED_OLTP,DROP_COLUMN,HIGH,1.61,4.04,1,0
MIG-12664,order_items,229836.8,224.45,36072098,1291,READ_HEAVY,DROP_COLUMN,MEDIUM,1.31,3.57,1,0
MIG-12665,order_shipments,70113.28,68.47,18259451,1005,READ_HEAVY,ADD_COLUMN_DEFAULT,MEDIUM,1.02,1.71,1,0
MIG-12666,order_shipments,42895.36,41.89,11171067,163,WRITE_HEAVY,ALTER_COLUMN_TYPE,LOW,20.33,14.83,1,0
MIG-12667,orders,55828.48,54.52,6814766,2516,MIXED_OLTP,TABLE_REWRITE,HIGH,43.68,415.52,0,1
MIG-12668,order_items,207493.12,202.63,32565651,350,READ_HEAVY,ADD_COLUMN_DEFAULT,LOW,2.38,3.05,1,0
MIG-12669,order_items,167639.04,163.71,26310079,1363,READ_HEAVY,DROP_COLUMN,MEDIUM,1.39,2.27,1,0
MIG-12670,order_items,215808.0,210.75,33870536,1455,ANALYTICAL_BATCH,ADD_INDEX_CONCURRENTLY,MEDIUM,1.04,2.42,1,0
MIG-12671,order_items,525291.52,512.98,82443958,742,MIXED_OLTP,TABLE_REWRITE,MEDIUM,164.28,193.5,0,1
MIG-12672,order_items,265820.16,259.59,41719402,3730,WRITE_HEAVY,ALTER_COLUMN_TYPE,CRITICAL,72.39,1241.9,0,1
MIG-12673,order_items,505395.2,493.55,79320236,2926,READ_HEAVY,TABLE_REWRITE,HIGH,193.66,1429.25,0,1
MIG-12674,order_items,604395.52,590.23,94857866,1677,ANALYTICAL_BATCH,ADD_INDEX_LOCKING,HIGH,46.5,423.97,0,1
MIG-12675,order_items,411064.32,401.43,64516122,1413,WRITE_HEAVY,ADD_COLUMN_DEFAULT,MEDIUM,3.41,4.13,1,0
MIG-12676,order_items,365209.6,356.65,57318124,161,READ_HEAVY,ADD_INDEX_CONCURRENTLY,LOW,1.18,1.8,1,0
MIG-12677,order_shipments,80650.24,78.76,21002746,2128,WRITE_HEAVY,ADD_COLUMN_DEFAULT,HIGH,0.88,3.84,1,0
MIG-12678,order_payments,38256.64,37.36,9196196,155,MIXED_OLTP,ADD_INDEX_CONCURRENTLY,LOW,0.25,0.26,1,0
MIG-12679,order_items,335687.68,327.82,52685179,2965,READ_HEAVY,DROP_COLUMN,HIGH,2.17,6.76,1,0
MIG-12680,order_shipments,59801.6,58.4,15574611,4251,ANALYTICAL_BATCH,ADD_COLUMN_DEFAULT,CRITICAL,0.76,10.64,1,0
MIG-12681,order_shipments,87367.68,85.32,22750708,1382,MIXED_OLTP,ADD_INDEX_LOCKING,MEDIUM,12.86,24.37,1,0
MIG-12682,orders,229242.88,223.87,27983876,1546,WRITE_HEAVY,DROP_COLUMN,HIGH,1.21,3.74,1,0
MIG-12683,order_items,552478.72,539.53,86709494,540,READ_HEAVY,ADD_INDEX_CONCURRENTLY,MEDIUM,1.43,1.95,1,0
MIG-12684,orders,203509.76,198.74,24842569,1032,ANALYTICAL_BATCH,ADD_INDEX_LOCKING,MEDIUM,26.4,51.73,0,1
MIG-12685,order_payments,90193.92,88.08,21680007,542,WRITE_HEAVY,ADD_COLUMN_DEFAULT,MEDIUM,1.3,0.98,1,0
MIG-12686,orders,232263.68,226.82,28352741,2315,WRITE_HEAVY,ADD_INDEX_CONCURRENTLY,HIGH,0.98,3.84,1,0
MIG-12687,order_payments,131246.08,128.17,31550533,4768,MIXED_OLTP,ADD_COLUMN_DEFAULT,CRITICAL,1.51,9.85,1,0
MIG-12688,orders,155422.72,151.78,18973084,988,READ_HEAVY,ADD_INDEX_CONCURRENTLY,MEDIUM,0.6,1.44,1,0
MIG-12689,order_items,623380.48,608.77,97838614,2675,WRITE_HEAVY,ADD_COLUMN_DEFAULT,HIGH,4.12,15.47,1,0
MIG-12690,customer_sessions,70768.64,69.11,15797380,601,WRITE_HEAVY,ADD_INDEX_CONCURRENTLY,MEDIUM,0.46,0.55,1,0
MIG-12691,order_items,378142.72,369.28,59348042,748,WRITE_HEAVY,ADD_INDEX_CONCURRENTLY,MEDIUM,1.16,2.09,1,0
MIG-12692,order_shipments,24176.64,23.61,6296612,1740,MIXED_OLTP,ADD_COLUMN_DEFAULT,HIGH,0.46,1.09,1,0
MIG-12693,customer_sessions,28815.36,28.14,6432685,2248,READ_HEAVY,ADD_COLUMN_DEFAULT,HIGH,0.59,1.88,1,0
MIG-12694,order_shipments,82831.36,80.89,21570209,2094,READ_HEAVY,ALTER_COLUMN_TYPE,HIGH,31.33,281.21,0,1
MIG-12695,orders,73738.24,72.01,9001164,4348,MIXED_OLTP,ADD_INDEX_CONCURRENTLY,CRITICAL,0.48,2.16,1,0
MIG-12696,order_shipments,57395.2,56.05,14947681,161,WRITE_HEAVY,ADD_COLUMN_DEFAULT,LOW,0.87,0.84,1,0
MIG-12697,orders,182937.6,178.65,22331009,945,MIXED_OLTP,ADD_INDEX_CONCURRENTLY,MEDIUM,0.79,1.23,1,0
MIG-12698,order_items,568002.56,554.69,89146093,1265,READ_HEAVY,ADD_INDEX_CONCURRENTLY,MEDIUM,1.9,2.69,1,0
MIG-12699,order_shipments,88698.88,86.62,23097659,1603,READ_HEAVY,ADD_COLUMN_DEFAULT,HIGH,1.06,2.65,1,0
MIG-12700,order_payments,118190.08,115.42,28411204,414,READ_HEAVY,ADD_COLUMN_DEFAULT,LOW,1.65,1.61,1,0
MIG-12701,order_items,325099.52,317.48,51023233,187,MIXED_OLTP,ADD_INDEX_LOCKING,LOW,27.8,35.91,0,1
MIG-12702,order_items,188098.56,183.69,29522189,2802,ANALYTICAL_BATCH,ADD_INDEX_LOCKING,HIGH,24.79,187.3,0,1
MIG-12703,order_shipments,73973.76,72.24,19264425,1314,WRITE_HEAVY,ALTER_COLUMN_TYPE,MEDIUM,31.11,79.55,0,1
MIG-12704,order_payments,48343.04,47.21,11621112,2170,WRITE_HEAVY,ALTER_COLUMN_TYPE,HIGH,22.58,156.47,0,1
MIG-12705,order_items,404377.6,394.9,63466473,3182,READ_HEAVY,ADD_INDEX_CONCURRENTLY,CRITICAL,1.32,9.37,1,0
MIG-12706,order_shipments,99768.32,97.43,25982648,885,READ_HEAVY,ADD_INDEX_CONCURRENTLY,MEDIUM,0.44,0.63,1,0
MIG-12707,orders,170874.88,166.87,20858363,1122,WRITE_HEAVY,ADD_COLUMN_DEFAULT,MEDIUM,2.09,3.37,1,0
MIG-12708,orders,191938.56,187.44,23430035,3848,MIXED_OLTP,DROP_COLUMN,CRITICAL,1.33,9.93,1,0
MIG-12709,order_items,464384.0,453.5,72883613,2451,MIXED_OLTP,DROP_COLUMN,HIGH,2.34,6.29,1,0
MIG-12710,customer_sessions,67901.44,66.31,15157592,429,READ_HEAVY,ADD_COLUMN_DEFAULT,LOW,0.93,0.77,1,0
MIG-12711,orders,145367.04,141.96,17744478,2934,READ_HEAVY,TABLE_REWRITE,HIGH,69.58,724.57,0,1
MIG-12712,orders,159191.04,155.46,19432767,897,WRITE_HEAVY,ADD_COLUMN_DEFAULT,MEDIUM,1.43,2.78,1,0
MIG-12713,orders,88074.24,86.01,10751244,2981,READ_HEAVY,TABLE_REWRITE,HIGH,50.6,383.5,0,1
MIG-12714,order_shipments,69416.96,67.79,18077085,748,READ_HEAVY,TABLE_REWRITE,MEDIUM,50.01,81.46,0,1
MIG-12715,orders,114565.12,111.88,13985466,1445,MIXED_OLTP,ADD_COLUMN_DEFAULT,MEDIUM,1.41,3.55,1,0
MIG-12716,order_items,376668.16,367.84,59117604,1714,READ_HEAVY,ADD_INDEX_CONCURRENTLY,HIGH,1.42,2.95,1,0
MIG-12717,customer_sessions,63784.96,62.29,14238423,316,WRITE_HEAVY,ADD_COLUMN_DEFAULT,LOW,0.88,0.89,1,0
MIG-12718,orders,53043.2,51.8,6474387,4682,WRITE_HEAVY,ADD_COLUMN_DEFAULT,CRITICAL,0.92,6.53,1,0
MIG-12719,order_items,405719.04,396.21,63677157,1562,WRITE_HEAVY,ALTER_COLUMN_TYPE,HIGH,96.69,504.48,0,1
MIG-12720,order_items,204206.08,199.42,32049046,4109,ANALYTICAL_BATCH,TABLE_REWRITE,CRITICAL,83.96,2710.24,0,1
MIG-12721,order_shipments,41605.12,40.63,10834680,210,MIXED_OLTP,ADD_INDEX_CONCURRENTLY,LOW,0.27,0.31,1,0
MIG-12722,order_items,132608.0,129.5,20811775,1315,MIXED_OLTP,ADD_INDEX_CONCURRENTLY,MEDIUM,0.73,1.34,1,0
MIG-12723,order_items,202147.84,197.41,31726483,290,MIXED_OLTP,ALTER_COLUMN_TYPE,LOW,56.58,58.72,0,1
MIG-12724,orders,267376.64,261.11,32638993,603,WRITE_HEAVY,DROP_COLUMN,MEDIUM,1.68,2.48,1,0
MIG-12725,order_payments,146257.92,142.83,35157455,539,MIXED_OLTP,ADD_INDEX_LOCKING,MEDIUM,18.56,30.91,0,1
MIG-12726,order_payments,112865.28,110.22,27131620,523,MIXED_OLTP,ADD_COLUMN_DEFAULT,MEDIUM,1.47,2.12,1,0
MIG-12727,orders,184483.84,180.16,22520135,537,WRITE_HEAVY,ADD_INDEX_CONCURRENTLY,MEDIUM,0.76,1.28,1,0
MIG-12728,order_items,515696.64,503.61,80937563,4212,READ_HEAVY,ADD_INDEX_CONCURRENTLY,CRITICAL,1.92,9.95,1,0
MIG-12729,order_shipments,92794.88,90.62,24165572,824,MIXED_OLTP,ADD_INDEX_CONCURRENTLY,MEDIUM,0.5,0.77,1,0
MIG-12730,orders,164014.08,160.17,20021236,708,MIXED_OLTP,ADD_COLUMN_DEFAULT,MEDIUM,1.91,2.3,1,0
MIG-12731,orders,56954.88,55.62,6952667,2081,WRITE_HEAVY,ADD_INDEX_CONCURRENTLY,HIGH,0.4,0.89,1,0
MIG-12732,order_items,480808.96,469.54,75461061,937,MIXED_OLTP,ADD_COLUMN_DEFAULT,MEDIUM,3.26,6.65,1,0
MIG-12733,order_items,622837.76,608.24,97752802,2371,ANALYTICAL_BATCH,ADD_INDEX_LOCKING,HIGH,43.26,411.28,0,1
MIG-12734,orders,106229.76,103.74,12967429,2246,ANALYTICAL_BATCH,ADD_INDEX_CONCURRENTLY,HIGH,0.54,1.34,1,0
MIG-12735,order_items,353884.16,345.59,55540710,2899,WRITE_HEAVY,ALTER_COLUMN_TYPE,HIGH,89.19,999.53,0,1
MIG-12736,orders,129064.96,126.04,15754408,2061,WRITE_HEAVY,ADD_INDEX_CONCURRENTLY,HIGH,0.55,2.53,1,0
MIG-12737,order_items,316211.2,308.8,49627867,2086,MIXED_OLTP,DROP_COLUMN,HIGH,2.16,5.04,1,0
MIG-12738,order_payments,113049.6,110.4,27176319,4030,WRITE_HEAVY,ADD_INDEX_CONCURRENTLY,CRITICAL,0.51,4.53,1,0
MIG-12739,order_items,309985.28,302.72,48650755,119,WRITE_HEAVY,ALTER_COLUMN_TYPE,LOW,70.08,83.3,0,1
MIG-12740,orders,257300.48,251.27,31409271,1249,MIXED_OLTP,ADD_INDEX_CONCURRENTLY,MEDIUM,0.93,1.25,1,0
MIG-12741,order_shipments,83927.04,81.96,21856622,2310,WRITE_HEAVY,ADD_COLUMN_DEFAULT,HIGH,1.15,4.75,1,0
MIG-12742,orders,55265.28,53.97,6746469,259,READ_HEAVY,TABLE_REWRITE,LOW,37.65,38.48,0,1
MIG-12743,order_payments,124692.48,121.77,29974207,857,ANALYTICAL_BATCH,ADD_INDEX_CONCURRENTLY,MEDIUM,0.51,1.4,1,0
MIG-12744,order_items,513556.48,501.52,80601451,2277,READ_HEAVY,ADD_INDEX_LOCKING,HIGH,53.75,464.02,0,1
MIG-12745,order_payments,88504.32,86.43,21275019,460,ANALYTICAL_BATCH,ADD_INDEX_LOCKING,LOW,13.86,15.85,1,0
MIG-12746,orders,159037.44,155.31,19414069,898,READ_HEAVY,ADD_COLUMN_DEFAULT,MEDIUM,2.03,1.56,1,0
MIG-12747,orders,233953.28,228.47,28559226,2147,WRITE_HEAVY,ADD_INDEX_CONCURRENTLY,HIGH,0.96,2.95,1,0
MIG-12748,order_items,333916.16,326.09,52407608,153,WRITE_HEAVY,ALTER_COLUMN_TYPE,LOW,89.69,98.58,0,1
MIG-12749,orders,84418.56,82.44,10305483,228,READ_HEAVY,ALTER_COLUMN_TYPE,LOW,30.74,26.86,0,1
MIG-12750,orders,118364.16,115.59,14448268,2623,WRITE_HEAVY,ADD_INDEX_CONCURRENTLY,HIGH,0.49,3.06,1,0
MIG-12751,order_payments,58398.72,57.03,14037829,2585,MIXED_OLTP,ALTER_COLUMN_TYPE,HIGH,23.06,245.58,0,1
MIG-12752,order_shipments,74926.08,73.17,19510875,1305,ANALYTICAL_BATCH,ALTER_COLUMN_TYPE,MEDIUM,34.35,69.65,0,1
MIG-12753,orders,88719.36,86.64,10829580,993,WRITE_HEAVY,DROP_COLUMN,MEDIUM,0.64,1.55,1,0
MIG-12754,order_shipments,71915.52,70.23,18727084,460,WRITE_HEAVY,ADD_INDEX_LOCKING,LOW,9.48,8.31,1,0
MIG-12755,order_payments,82452.48,80.52,19819848,2332,READ_HEAVY,ADD_INDEX_CONCURRENTLY,HIGH,0.44,1.09,1,0
MIG-12756,order_shipments,88074.24,86.01,22936676,630,READ_HEAVY,ADD_COLUMN_DEFAULT,MEDIUM,1.14,1.27,1,0
MIG-12757,order_payments,84725.76,82.74,20367963,3380,WRITE_HEAVY,TABLE_REWRITE,CRITICAL,51.65,1234.39,0,1
MIG-12758,order_payments,138024.96,134.79,33178353,2244,WRITE_HEAVY,ADD_INDEX_LOCKING,HIGH,14.76,112.57,0,1
MIG-12759,order_items,579420.16,565.84,90937999,250,WRITE_HEAVY,ADD_INDEX_CONCURRENTLY,LOW,1.96,2.39,1,0
MIG-12760,order_payments,48824.32,47.68,11736282,1660,READ_HEAVY,DROP_COLUMN,HIGH,0.53,1.31,1,0
MIG-12761,order_shipments,75345.92,73.58,19621193,3116,WRITE_HEAVY,ADD_INDEX_CONCURRENTLY,CRITICAL,0.48,3.35,1,0
MIG-12762,orders,96624.64,94.36,11794868,4546,MIXED_OLTP,ADD_INDEX_CONCURRENTLY,CRITICAL,0.54,6.29,1,0
MIG-12763,order_items,539596.8,526.95,84687648,2632,WRITE_HEAVY,ADD_INDEX_CONCURRENTLY,HIGH,1.39,7.12,1,0
MIG-12764,orders,189767.68,185.32,23164525,188,READ_HEAVY,ADD_INDEX_CONCURRENTLY,LOW,0.74,0.88,1,0
MIG-12765,customer_sessions,33310.72,32.53,7435294,1868,READ_HEAVY,ADD_COLUMN_DEFAULT,HIGH,0.48,1.09,1,0
MIG-12766,order_items,243261.44,237.56,38179013,2301,WRITE_HEAVY,ADD_COLUMN_DEFAULT,HIGH,2.07,7.65,1,0
MIG-12767,order_payments,78090.24,76.26,18771836,620,MIXED_OLTP,ADD_INDEX_LOCKING,MEDIUM,11.08,18.14,1,0
MIG-12768,order_shipments,84848.64,82.86,22095616,1337,MIXED_OLTP,ALTER_COLUMN_TYPE,MEDIUM,26.99,63.73,0,1
MIG-12769,customer_sessions,65699.84,64.16,14664727,4473,MIXED_OLTP,ADD_COLUMN_DEFAULT,CRITICAL,0.92,8.89,1,0
MIG-12770,orders,56535.04,55.21,6901158,861,READ_HEAVY,ADD_INDEX_CONCURRENTLY,MEDIUM,0.4,0.49,1,0
MIG-12771,order_payments,62842.88,61.37,15105871,1079,READ_HEAVY,TABLE_REWRITE,MEDIUM,36.52,68.43,0,1
MIG-12772,order_shipments,53504.0,52.25,13933580,662,WRITE_HEAVY,ADD_INDEX_CONCURRENTLY,MEDIUM,0.32,0.46,1,0
MIG-12773,orders,178677.76,174.49,21810714,815,READ_HEAVY,ADD_COLUMN_DEFAULT,MEDIUM,1.7,1.67,1,0
MIG-12774,order_payments,44533.76,43.49,10706377,1031,READ_HEAVY,ADD_INDEX_CONCURRENTLY,MEDIUM,0.25,0.34,1,0
MIG-12775,order_items,287723.52,280.98,45157924,1462,READ_HEAVY,TABLE_REWRITE,MEDIUM,141.97,215.2,0,1
MIG-12776,order_items,571740.16,558.34,89733358,1343,WRITE_HEAVY,ADD_COLUMN_DEFAULT,MEDIUM,3.55,9.92,1,0
MIG-12777,order_items,360632.32,352.18,56600348,354,WRITE_HEAVY,TABLE_REWRITE,LOW,127.78,176.2,0,1
MIG-12778,orders,213739.52,208.73,26091867,835,WRITE_HEAVY,TABLE_REWRITE,MEDIUM,93.16,160.04,0,1
MIG-12779,orders,156375.04,152.71,19089019,470,WRITE_HEAVY,TABLE_REWRITE,LOW,96.18,100.6,0,1
MIG-12780,orders,152002.56,148.44,18554529,628,READ_HEAVY,ADD_INDEX_LOCKING,MEDIUM,21.8,23.6,1,0
MIG-12781,orders,186716.16,182.34,22791989,800,ANALYTICAL_BATCH,ADD_INDEX_LOCKING,MEDIUM,24.44,33.89,1,0
MIG-12782,order_items,248545.28,242.72,39008525,929,WRITE_HEAVY,TABLE_REWRITE,MEDIUM,106.3,162.65,0,1
MIG-12783,order_items,243609.6,237.9,38233970,2327,WRITE_HEAVY,ADD_INDEX_CONCURRENTLY,HIGH,0.88,3.63,1,0
MIG-12784,orders,267980.8,261.7,32712554,1174,WRITE_HEAVY,ADD_INDEX_LOCKING,MEDIUM,27.38,63.8,0,1
MIG-12785,order_payments,130734.08,127.67,31426969,2120,WRITE_HEAVY,ADD_INDEX_CONCURRENTLY,HIGH,0.6,2.11,1,0
MIG-12786,order_payments,115015.68,112.32,27647341,477,MIXED_OLTP,ADD_COLUMN_DEFAULT,LOW,1.53,2.19,1,0
MIG-12787,order_items,185466.88,181.12,29108707,913,WRITE_HEAVY,ADD_COLUMN_DEFAULT,MEDIUM,2.26,3.28,1,0
MIG-12788,customer_sessions,16281.6,15.9,3635235,351,ANALYTICAL_BATCH,TABLE_REWRITE,LOW,20.29,20.48,1,0
MIG-12789,order_items,205219.84,200.41,32208412,547,MIXED_OLTP,ADD_COLUMN_DEFAULT,MEDIUM,1.98,2.92,1,0
MIG-12790,order_shipments,96215.04,93.96,25054988,1735,READ_HEAVY,DROP_COLUMN,HIGH,0.69,1.85,1,0
MIG-12791,orders,229703.68,224.32,28039823,1829,ANALYTICAL_BATCH,DROP_COLUMN,HIGH,1.44,3.1,1,0
MIG-12792,order_payments,89292.8,87.2,21464589,501,READ_HEAVY,DROP_COLUMN,MEDIUM,0.67,0.77,1,0
MIG-12793,customer_sessions,76830.72,75.03,17150440,1369,ANALYTICAL_BATCH,ADD_INDEX_CONCURRENTLY,MEDIUM,0.36,0.87,1,0
MIG-12794,order_shipments,30586.88,29.87,7966173,1124,WRITE_HEAVY,DROP_COLUMN,MEDIUM,0.42,0.86,1,0
MIG-12795,order_items,403261.44,393.81,63291185,5124,ANALYTICAL_BATCH,DROP_COLUMN,CRITICAL,2.14,21.34,1,0
MIG-12796,order_items,209244.16,204.34,32840992,233,WRITE_HEAVY,ALTER_COLUMN_TYPE,LOW,71.95,57.87,0,1
MIG-12797,order_items,272834.56,266.44,42820716,142,READ_HEAVY,TABLE_REWRITE,LOW,121.01,110.22,0,1
MIG-12798,order_payments,139264.0,136.0,33475888,231,ANALYTICAL_BATCH,ADD_INDEX_CONCURRENTLY,LOW,0.61,0.48,1,0
MIG-12799,order_payments,130652.16,127.59,31406421,3045,READ_HEAVY,ADD_INDEX_CONCURRENTLY,CRITICAL,0.62,3.09,1,0
MIG-12800,customer_sessions,20899.84,20.41,4665902,3758,WRITE_HEAVY,DROP_COLUMN,CRITICAL,0.24,1.35,1,0
MIG-12801,order_items,243476.48,237.77,38213048,602,WRITE_HEAVY,ADD_COLUMN_DEFAULT,MEDIUM,1.87,3.35,1,0
MIG-12802,orders,180643.84,176.41,22051701,185,WRITE_HEAVY,ADD_INDEX_LOCKING,LOW,25.83,25.29,0,1
MIG-12803,order_items,146350.08,142.92,22969575,2458,READ_HEAVY,ALTER_COLUMN_TYPE,HIGH,46.51,228.12,0,1
MIG-12804,orders,170823.68,166.82,20852285,1462,READ_HEAVY,ADD_INDEX_CONCURRENTLY,MEDIUM,0.64,1.59,1,0
MIG-12805,orders,178432.0,174.25,21781268,195,READ_HEAVY,ALTER_COLUMN_TYPE,LOW,63.61,56.84,0,1
MIG-12806,order_items,264857.6,258.65,41568341,1482,MIXED_OLTP,ADD_INDEX_CONCURRENTLY,MEDIUM,0.85,1.78,1,0
MIG-12807,order_payments,61747.2,60.3,14841941,1262,WRITE_HEAVY,TABLE_REWRITE,MEDIUM,43.45,99.77,0,1
MIG-12808,orders,99819.52,97.48,12185140,620,MIXED_OLTP,ADD_COLUMN_DEFAULT,MEDIUM,1.23,1.42,1,0
MIG-12809,orders,256112.64,250.11,31263261,1508,READ_HEAVY,ALTER_COLUMN_TYPE,HIGH,63.17,420.81,0,1
MIG-12810,orders,135168.0,132.0,16499520,1669,MIXED_OLTP,ADD_INDEX_CONCURRENTLY,HIGH,0.63,1.55,1,0
MIG-12811,order_shipments,66979.84,65.41,17441811,1215,MIXED_OLTP,ADD_COLUMN_DEFAULT,MEDIUM,0.96,1.5,1,0
MIG-12812,order_payments,62750.72,61.28,15085347,368,ANALYTICAL_BATCH,ADD_INDEX_CONCURRENTLY,LOW,0.39,0.46,1,0
MIG-12813,orders,204574.72,199.78,24971928,454,WRITE_HEAVY,ADD_INDEX_LOCKING,LOW,21.95,35.21,0,1
MIG-12814,orders,71587.84,69.91,8738914,4313,READ_HEAVY,TABLE_REWRITE,CRITICAL,55.28,867.75,0,1
MIG-12815,order_items,151664.64,148.11,23802964,117,ANALYTICAL_BATCH,ALTER_COLUMN_TYPE,LOW,50.47,65.44,0,1
MIG-12816,orders,213780.48,208.77,26095661,1499,MIXED_OLTP,DROP_COLUMN,MEDIUM,1.6,3.34,1,0
MIG-12817,order_items,489717.76,478.24,76860104,446,WRITE_HEAVY,ADD_INDEX_CONCURRENTLY,LOW,1.33,2.13,1,0
MIG-12818,order_items,251453.44,245.56,39465108,1216,READ_HEAVY,TABLE_REWRITE,MEDIUM,97.15,176.97,0,1
MIG-12819,customer_sessions,37242.88,36.37,8312672,1417,MIXED_OLTP,ADD_COLUMN_DEFAULT,MEDIUM,0.62,1.35,1,0
MIG-12820,orders,260884.48,254.77,31846033,779,WRITE_HEAVY,DROP_COLUMN,MEDIUM,1.72,3.64,1,0
MIG-12821,order_payments,39127.04,38.21,9404712,2303,READ_HEAVY,ADD_INDEX_CONCURRENTLY,HIGH,0.23,0.76,1,0
MIG-12822,orders,89661.44,87.56,10944970,1032,MIXED_OLTP,ALTER_COLUMN_TYPE,MEDIUM,27.58,51.82,0,1
MIG-12823,customer_sessions,42076.16,41.09,9392552,1926,READ_HEAVY,ADD_COLUMN_DEFAULT,HIGH,0.7,2.09,1,0
MIG-12824,customer_sessions,32532.48,31.77,7262224,2994,WRITE_HEAVY,ADD_COLUMN_DEFAULT,HIGH,0.47,2.11,1,0
MIG-12825,order_payments,104376.32,101.93,25091446,1062,READ_HEAVY,ADD_INDEX_CONCURRENTLY,MEDIUM,0.51,0.77,1,0
MIG-12826,order_items,471101.44,460.06,73938739,2878,READ_HEAVY,DROP_COLUMN,HIGH,2.33,9.83,1,0
MIG-12827,orders,165580.8,161.7,20212478,3776,READ_HEAVY,ADD_INDEX_CONCURRENTLY,CRITICAL,0.79,4.24,1,0
MIG-12828,order_shipments,69130.24,67.51,18001861,298,MIXED_OLTP,TABLE_REWRITE,LOW,41.74,51.02,0,1
MIG-12829,order_payments,78551.04,76.71,18882519,2899,READ_HEAVY,ADD_INDEX_LOCKING,HIGH,12.43,156.11,0,1
MIG-12830,orders,217333.76,212.24,26530455,1768,MIXED_OLTP,TABLE_REWRITE,HIGH,106.55,657.6,0,1
MIG-12831,order_items,136417.28,133.22,21409978,2315,MIXED_OLTP,ADD_COLUMN_DEFAULT,HIGH,1.57,3.79,1,0
MIG-12832,order_items,276172.8,269.7,43344198,418,MIXED_OLTP,DROP_COLUMN,LOW,1.96,2.1,1,0
MIG-12833,order_shipments,75202.56,73.44,19583688,419,READ_HEAVY,ADD_COLUMN_DEFAULT,LOW,1.07,1.38,1,0
MIG-12834,order_payments,66119.68,64.57,15893779,1251,WRITE_HEAVY,ALTER_COLUMN_TYPE,MEDIUM,26.93,59.36,0,1
MIG-12835,order_items,155217.92,151.58,24361357,343,MIXED_OLTP,ADD_COLUMN_DEFAULT,LOW,1.55,1.44,1,0
MIG-12836,order_items,292751.36,285.89,45946087,506,WRITE_HEAVY,ADD_COLUMN_DEFAULT,MEDIUM,2.6,3.11,1,0
MIG-12837,orders,206520.32,201.68,25210358,3721,READ_HEAVY,ADD_COLUMN_DEFAULT,CRITICAL,1.95,14.78,1,0
MIG-12838,order_items,177643.52,173.48,27880774,1295,WRITE_HEAVY,ADD_COLUMN_DEFAULT,MEDIUM,1.57,3.47,1,0
MIG-12839,orders,209428.48,204.52,25565046,1000,READ_HEAVY,ALTER_COLUMN_TYPE,MEDIUM,69.78,61.92,0,1
MIG-12840,order_payments,119531.52,116.73,28733124,858,MIXED_OLTP,ADD_INDEX_CONCURRENTLY,MEDIUM,0.67,0.85,1,0
MIG-12841,order_items,442562.56,432.19,69459360,1379,READ_HEAVY,DROP_COLUMN,MEDIUM,2.1,3.29,1,0
MIG-12842,order_items,240732.16,235.09,37782957,2014,READ_HEAVY,ADD_COLUMN_DEFAULT,HIGH,2.52,7.6,1,0
MIG-12843,orders,227266.56,221.94,27742974,2074,WRITE_HEAVY,ADD_INDEX_CONCURRENTLY,HIGH,0.83,2.74,1,0
MIG-12844,orders,96583.68,94.32,11789947,904,WRITE_HEAVY,TABLE_REWRITE,MEDIUM,53.75,62.52,0,1
MIG-12845,order_items,582174.72,568.53,91371497,841,READ_HEAVY,ADD_INDEX_LOCKING,MEDIUM,56.91,61.01,0,1
MIG-12846,orders,205455.36,200.64,25079433,302,MIXED_OLTP,TABLE_REWRITE,LOW,112.56,107.85,0,1
MIG-12847,orders,61255.68,59.82,7477438,5391,MIXED_OLTP,ADD_COLUMN_DEFAULT,CRITICAL,0.84,10.56,1,0
MIG-12848,order_payments,122388.48,119.52,29419469,1497,ANALYTICAL_BATCH,ADD_INDEX_LOCKING,MEDIUM,14.92,39.06,1,0
MIG-12849,order_items,376053.76,367.24,59021116,834,WRITE_HEAVY,DROP_COLUMN,MEDIUM,2.42,2.92,1,0
MIG-12850,order_items,348303.36,340.14,54664560,869,WRITE_HEAVY,DROP_COLUMN,MEDIUM,2.32,3.99,1,0
MIG-12851,order_items,331714.56,323.94,52061406,443,READ_HEAVY,ADD_INDEX_CONCURRENTLY,LOW,1.02,1.76,1,0
MIG-12852,order_shipments,68751.36,67.14,17903209,1075,READ_HEAVY,ADD_INDEX_CONCURRENTLY,MEDIUM,0.39,0.69,1,0
MIG-12853,order_items,488642.56,477.19,76690858,3445,MIXED_OLTP,ADD_INDEX_CONCURRENTLY,CRITICAL,1.71,6.98,1,0
MIG-12854,order_payments,133969.92,130.83,32204126,319,MIXED_OLTP,ADD_INDEX_LOCKING,LOW,19.77,18.36,1,0
MIG-12855,customer_sessions,31948.8,31.2,7130405,1291,READ_HEAVY,ADD_INDEX_LOCKING,MEDIUM,6.89,9.4,1,0
MIG-12856,order_payments,102195.2,99.8,24566356,903,READ_HEAVY,DROP_COLUMN,MEDIUM,0.79,1.03,1,0
MIG-12857,order_items,468910.08,457.92,73593751,1115,ANALYTICAL_BATCH,ADD_INDEX_CONCURRENTLY,MEDIUM,1.55,3.62,1,0
MIG-12858,order_payments,107468.8,104.95,25834157,4936,WRITE_HEAVY,ADD_INDEX_LOCKING,CRITICAL,16.86,670.4,0,1
MIG-12859,order_items,369121.28,360.47,57933052,1680,MIXED_OLTP,ADD_INDEX_CONCURRENTLY,HIGH,1.49,3.62,1,0
MIG-12860,order_items,316497.92,309.08,49672826,5436,MIXED_OLTP,ALTER_COLUMN_TYPE,CRITICAL,85.3,2706.93,0,1
MIG-12861,order_items,508149.76,496.24,79752684,3159,WRITE_HEAVY,ADD_COLUMN_DEFAULT,CRITICAL,4.4,19.14,1,0
MIG-12862,order_items,269516.8,263.2,42300794,1670,ANALYTICAL_BATCH,ADD_INDEX_LOCKING,HIGH,29.86,238.34,0,1
MIG-12863,orders,95170.56,92.94,11617435,798,MIXED_OLTP,ADD_INDEX_CONCURRENTLY,MEDIUM,0.58,0.64,1,0
MIG-12864,order_items,396390.4,387.1,62212164,519,MIXED_OLTP,ADD_COLUMN_DEFAULT,MEDIUM,2.84,4.47,1,0
MIG-12865,orders,108339.2,105.8,13225493,2486,WRITE_HEAVY,ADD_COLUMN_DEFAULT,HIGH,1.53,5.33,1,0
MIG-12866,order_items,131840.0,128.75,20691886,2287,WRITE_HEAVY,ADD_COLUMN_DEFAULT,HIGH,1.52,5.35,1,0
MIG-12867,order_items,141301.76,137.99,22177635,860,MIXED_OLTP,ADD_INDEX_CONCURRENTLY,MEDIUM,0.54,1.12,1,0
MIG-12868,customer_sessions,59176.96,57.79,13208151,1487,WRITE_HEAVY,ADD_COLUMN_DEFAULT,MEDIUM,0.7,1.6,1,0
MIG-12869,orders,264396.8,258.2,32274937,1906,WRITE_HEAVY,ADD_INDEX_CONCURRENTLY,HIGH,0.9,3.4,1,0
MIG-12870,order_items,349347.84,341.16,54829759,451,READ_HEAVY,TABLE_REWRITE,LOW,146.49,188.11,0,1
MIG-12871,order_items,190586.88,186.12,29911951,1081,WRITE_HEAVY,ADD_COLUMN_DEFAULT,MEDIUM,2.24,3.19,1,0
MIG-12872,orders,230103.04,224.71,28088246,1192,MIXED_OLTP,ADD_COLUMN_DEFAULT,MEDIUM,2.22,3.75,1,0
MIG-12873,orders,106977.28,104.47,13058769,1452,READ_HEAVY,DROP_COLUMN,MEDIUM,1.01,1.66,1,0
MIG-12874,orders,269373.44,263.06,32881914,754,WRITE_HEAVY,ADD_INDEX_LOCKING,MEDIUM,24.96,46.91,0,1
MIG-12875,orders,173742.08,169.67,21208132,1682,READ_HEAVY,ADD_INDEX_CONCURRENTLY,HIGH,0.64,1.63,1,0
MIG-12876,orders,100608.0,98.25,12281078,2689,WRITE_HEAVY,ADD_INDEX_LOCKING,HIGH,12.61,103.31,0,1
MIG-12877,order_items,370677.76,361.99,58176386,1144,WRITE_HEAVY,ALTER_COLUMN_TYPE,MEDIUM,86.23,159.56,0,1
MIG-12878,order_items,287774.72,281.03,45165883,697,READ_HEAVY,ADD_COLUMN_DEFAULT,MEDIUM,2.52,3.61,1,0
MIG-12879,orders,221562.88,216.37,27045743,464,READ_HEAVY,ADD_INDEX_CONCURRENTLY,LOW,0.85,1.13,1,0
MIG-12880,orders,72560.64,70.86,8857028,387,WRITE_HEAVY,ADD_INDEX_CONCURRENTLY,LOW,0.48,0.35,1,0
MIG-12881,orders,238704.64,233.11,29139073,1041,READ_HEAVY,TABLE_REWRITE,MEDIUM,97.52,131.62,0,1
MIG-12882,order_items,510709.76,498.74,80154288,1698,READ_HEAVY,ADD_INDEX_CONCURRENTLY,HIGH,1.48,4.07,1,0
MIG-12883,order_items,559237.12,546.13,87770468,2946,READ_HEAVY,ADD_INDEX_CONCURRENTLY,HIGH,1.9,5.17,1,0
MIG-12884,order_items,576593.92,563.08,90494493,1025,WRITE_HEAVY,TABLE_REWRITE,MEDIUM,236.07,307.49,0,1
MIG-12885,orders,99973.12,97.63,12204001,4494,MIXED_OLTP,ALTER_COLUMN_TYPE,CRITICAL,31.58,760.49,0,1
MIG-12886,orders,164392.96,160.54,20067156,527,READ_HEAVY,ADD_COLUMN_DEFAULT,MEDIUM,1.9,2.05,1,0
MIG-12887,customer_sessions,69171.2,67.55,15438879,2508,WRITE_HEAVY,ADD_INDEX_CONCURRENTLY,HIGH,0.37,1.62,1,0
MIG-12888,orders,132628.48,129.52,16189475,1335,MIXED_OLTP,DROP_COLUMN,MEDIUM,0.92,2.31,1,0
MIG-12889,orders,62515.2,61.05,7631004,2686,MIXED_OLTP,ADD_INDEX_LOCKING,HIGH,8.55,90.06,0,1
MIG-12890,orders,113653.76,110.99,13874127,876,WRITE_HEAVY,ADD_INDEX_CONCURRENTLY,MEDIUM,0.58,0.82,1,0
MIG-12891,customer_sessions,29941.76,29.24,6683652,179,READ_HEAVY,ADD_INDEX_CONCURRENTLY,LOW,0.23,0.2,1,0
MIG-12892,order_items,563722.24,550.51,88475072,943,MIXED_OLTP,ALTER_COLUMN_TYPE,MEDIUM,138.72,167.74,0,1
MIG-12893,order_items,354078.72,345.78,55571554,2340,WRITE_HEAVY,ADD_INDEX_LOCKING,HIGH,35.45,272.56,0,1
MIG-12894,customer_sessions,58429.44,57.06,13043037,3672,ANALYTICAL_BATCH,ADD_COLUMN_DEFAULT,CRITICAL,0.76,7.24,1,0
MIG-12895,orders,261959.68,255.82,31977217,2421,READ_HEAVY,ALTER_COLUMN_TYPE,HIGH,64.51,750.06,0,1
MIG-12896,customer_sessions,33638.4,32.85,7508305,2886,MIXED_OLTP,DROP_COLUMN,HIGH,0.34,1.79,1,0
MIG-12897,orders,217518.08,212.42,26552388,148,MIXED_OLTP,TABLE_REWRITE,LOW,95.11,131.39,0,1
MIG-12898,order_items,126433.28,123.47,19843893,1869,ANALYTICAL_BATCH,ADD_INDEX_CONCURRENTLY,HIGH,0.66,1.91,1,0
MIG-12899,order_items,168417.28,164.47,26433410,2183,READ_HEAVY,ADD_COLUMN_DEFAULT,HIGH,1.64,5.33,1,0
MIG-12900,order_items,198225.92,193.58,31111072,673,MIXED_OLTP,DROP_COLUMN,MEDIUM,1.36,1.24,1,0
MIG-12901,customer_sessions,34488.32,33.68,7698824,1270,WRITE_HEAVY,ADD_COLUMN_DEFAULT,MEDIUM,0.61,1.07,1,0
MIG-12902,orders,138291.2,135.05,16880654,124,WRITE_HEAVY,ADD_COLUMN_DEFAULT,LOW,1.8,2.11,1,0
MIG-12903,customer_sessions,45107.2,44.05,10069028,116,MIXED_OLTP,DROP_COLUMN,LOW,0.41,0.43,1,0
MIG-12904,order_items,241305.6,235.65,37871839,241,READ_HEAVY,DROP_COLUMN,LOW,1.73,1.26,1,0
MIG-12905,order_items,148858.88,145.37,23363440,2120,MIXED_OLTP,ADD_INDEX_CONCURRENTLY,HIGH,0.78,1.79,1,0
MIG-12906,customer_sessions,58040.32,56.68,12956332,2558,WRITE_HEAVY,ADD_COLUMN_DEFAULT,HIGH,0.78,2.46,1,0
MIG-12907,orders,54384.64,53.11,6638856,158,WRITE_HEAVY,ADD_INDEX_LOCKING,LOW,10.12,8.06,1,0
MIG-12908,customer_sessions,66560.0,65.0,14856377,4959,WRITE_HEAVY,DROP_COLUMN,CRITICAL,0.63,6.11,1,0
MIG-12909,order_items,594216.96,580.29,93261540,1763,READ_HEAVY,ADD_COLUMN_DEFAULT,HIGH,4.66,12.0,1,0
MIG-12910,order_payments,111728.64,109.11,26858624,1448,WRITE_HEAVY,ADD_INDEX_CONCURRENTLY,MEDIUM,0.58,1.21,1,0
MIG-12911,orders,180971.52,176.73,22090933,4281,WRITE_HEAVY,ADD_INDEX_CONCURRENTLY,CRITICAL,0.87,5.83,1,0
MIG-12912,order_items,453775.36,443.14,71218500,4916,ANALYTICAL_BATCH,ALTER_COLUMN_TYPE,CRITICAL,122.86,3818.99,0,1
MIG-12913,order_payments,104765.44,102.31,25183994,529,MIXED_OLTP,ALTER_COLUMN_TYPE,MEDIUM,34.74,39.14,0,1
MIG-12914,order_items,595537.92,581.58,93468116,4792,MIXED_OLTP,DROP_COLUMN,CRITICAL,3.28,24.96,1,0
MIG-12915,orders,262440.96,256.29,32036258,924,WRITE_HEAVY,DROP_COLUMN,MEDIUM,1.47,2.44,1,0
MIG-12916,orders,143534.08,140.17,17521214,300,READ_HEAVY,ADD_INDEX_CONCURRENTLY,LOW,0.62,0.88,1,0
MIG-12917,order_shipments,69611.52,67.98,18128910,525,MIXED_OLTP,ADD_COLUMN_DEFAULT,MEDIUM,1.11,0.88,1,0
MIG-12918,orders,226723.84,221.41,27675790,2431,WRITE_HEAVY,ADD_COLUMN_DEFAULT,HIGH,2.32,8.18,1,0
MIG-12919,order_payments,26746.88,26.12,6429898,5313,READ_HEAVY,ADD_COLUMN_DEFAULT,CRITICAL,0.5,3.23,1,0
MIG-12920,customer_sessions,48332.8,47.2,10789029,1495,ANALYTICAL_BATCH,ADD_INDEX_CONCURRENTLY,MEDIUM,0.26,0.88,1,0
MIG-12921,orders,193556.48,189.02,23627661,1382,WRITE_HEAVY,ADD_INDEX_CONCURRENTLY,MEDIUM,0.85,1.64,1,0
MIG-12922,orders,207790.08,202.92,25364547,1217,ANALYTICAL_BATCH,TABLE_REWRITE,MEDIUM,102.17,216.55,0,1
MIG-12923,order_payments,70809.6,69.15,17021134,1817,WRITE_HEAVY,DROP_COLUMN,HIGH,0.56,1.83,1,0
MIG-12924,orders,114544.64,111.86,13982399,247,WRITE_HEAVY,ALTER_COLUMN_TYPE,LOW,34.5,47.72,0,1
MIG-12925,order_items,208691.2,203.8,32753547,565,WRITE_HEAVY,DROP_COLUMN,MEDIUM,1.24,1.54,1,0
MIG-12926,order_payments,93450.24,91.26,22465087,724,ANALYTICAL_BATCH,ALTER_COLUMN_TYPE,MEDIUM,30.41,43.89,1,0
MIG-12927,order_items,589137.92,575.33,92463578,200,READ_HEAVY,ADD_INDEX_CONCURRENTLY,LOW,2.06,2.28,1,0
MIG-12928,order_items,577095.68,563.57,90574230,4667,MIXED_OLTP,ADD_INDEX_CONCURRENTLY,CRITICAL,1.54,21.6,1,0
MIG-12929,order_payments,69754.88,68.12,16767018,3070,READ_HEAVY,DROP_COLUMN,CRITICAL,0.65,2.16,1,0
MIG-12930,order_items,247767.04,241.96,38886266,1429,MIXED_OLTP,ADD_COLUMN_DEFAULT,MEDIUM,1.96,3.79,1,0
MIG-12931,orders,223621.12,218.38,27297433,2602,READ_HEAVY,ADD_INDEX_CONCURRENTLY,HIGH,0.77,3.32,1,0
MIG-12932,order_items,488847.36,477.39,76723381,2508,READ_HEAVY,DROP_COLUMN,HIGH,2.4,8.12,1,0
MIG-12933,order_shipments,60344.32,58.93,15715340,329,MIXED_OLTP,ADD_INDEX_CONCURRENTLY,LOW,0.34,0.34,1,0
MIG-12934,order_payments,73236.48,71.52,17604071,201,MIXED_OLTP,ADD_INDEX_CONCURRENTLY,LOW,0.4,0.4,1,0
MIG-12935,order_items,178575.36,174.39,28027630,2315,MIXED_OLTP,TABLE_REWRITE,HIGH,95.43,690.53,0,1
MIG-12936,order_items,519895.04,507.71,81596225,1137,WRITE_HEAVY,DROP_COLUMN,MEDIUM,2.24,4.48,1,0
MIG-12937,orders,185722.88,181.37,22671539,2777,MIXED_OLTP,ADD_COLUMN_DEFAULT,HIGH,1.72,5.43,1,0
MIG-12938,orders,132515.84,129.41,16175805,1182,WRITE_HEAVY,ADD_INDEX_CONCURRENTLY,MEDIUM,0.6,1.15,1,0
MIG-12939,orders,252375.04,246.46,30807275,2713,ANALYTICAL_BATCH,ALTER_COLUMN_TYPE,HIGH,80.56,572.28,0,1
MIG-12940,customer_sessions,56893.44,55.56,12699286,282,READ_HEAVY,TABLE_REWRITE,LOW,42.31,45.69,0,1
MIG-12941,orders,254689.28,248.72,31089449,908,WRITE_HEAVY,ADD_INDEX_CONCURRENTLY,MEDIUM,1.09,1.93,1,0
MIG-12942,order_shipments,57784.32,56.43,15047309,1280,WRITE_HEAVY,ADD_COLUMN_DEFAULT,MEDIUM,0.7,1.33,1,0
MIG-12943,orders,149708.8,146.2,18274681,1110,READ_HEAVY,DROP_COLUMN,MEDIUM,1.09,1.54,1,0
MIG-12944,orders,256450.56,250.44,31305460,2090,READ_HEAVY,ADD_INDEX_CONCURRENTLY,HIGH,0.92,2.18,1,0
MIG-12945,order_items,610027.52,595.73,95743105,2162,MIXED_OLTP,ADD_COLUMN_DEFAULT,HIGH,3.74,12.02,1,0
MIG-12946,order_items,610539.52,596.23,95822152,1056,MIXED_OLTP,ADD_INDEX_CONCURRENTLY,MEDIUM,1.76,2.17,1,0
MIG-12947,order_payments,124733.44,121.81,29984244,2436,WRITE_HEAVY,ADD_INDEX_CONCURRENTLY,HIGH,0.54,1.37,1,0
MIG-12948,customer_sessions,44165.12,43.13,9858648,860,READ_HEAVY,DROP_COLUMN,MEDIUM,0.46,0.46,1,0
MIG-12949,order_shipments,35870.72,35.03,9342464,651,MIXED_OLTP,ADD_COLUMN_DEFAULT,MEDIUM,0.71,0.94,1,0
MIG-12950,orders,133959.68,130.82,16352903,5245,MIXED_OLTP,DROP_COLUMN,CRITICAL,1.18,6.85,1,0
MIG-12951,order_payments,139038.72,135.78,33422967,800,READ_HEAVY,ADD_INDEX_CONCURRENTLY,MEDIUM,0.7,0.95,1,0
MIG-12952,orders,129566.72,126.53,15815965,1742,ANALYTICAL_BATCH,ADD_COLUMN_DEFAULT,HIGH,1.55,4.2,1,0
MIG-12953,order_shipments,81192.96,79.29,21145096,200,WRITE_HEAVY,TABLE_REWRITE,LOW,46.07,52.22,0,1
MIG-12954,order_items,591042.56,577.19,92763352,1368,MIXED_OLTP,ADD_COLUMN_DEFAULT,MEDIUM,3.82,5.78,1,0
MIG-12955,order_items,615505.92,601.08,96601765,1751,MIXED_OLTP,ADD_COLUMN_DEFAULT,HIGH,4.58,10.21,1,0
MIG-12956,orders,258764.8,252.7,31587201,2545,READ_HEAVY,ADD_COLUMN_DEFAULT,HIGH,2.19,7.52,1,0
MIG-12957,orders,171919.36,167.89,20986555,913,WRITE_HEAVY,ALTER_COLUMN_TYPE,MEDIUM,62.29,61.99,0,1
MIG-12958,orders,157952.0,154.25,19280762,4518,MIXED_OLTP,DROP_COLUMN,CRITICAL,1.2,7.93,1,0
MIG-12959,order_shipments,100352.0,98.0,26133034,2589,WRITE_HEAVY,ADD_INDEX_CONCURRENTLY,HIGH,0.54,2.0,1,0
MIG-12960,order_payments,52766.72,51.53,12683561,1833,WRITE_HEAVY,ADD_INDEX_CONCURRENTLY,HIGH,0.27,1.07,1,0
MIG-12961,customer_sessions,26429.44,25.81,5900435,896,WRITE_HEAVY,DROP_COLUMN,MEDIUM,0.28,0.49,1,0
MIG-12962,orders,262195.2,256.05,32005922,1290,MIXED_OLTP,ADD_INDEX_LOCKING,MEDIUM,29.63,65.86,0,1
MIG-12963,order_items,470374.4,459.35,73824780,2973,WRITE_HEAVY,ADD_INDEX_CONCURRENTLY,HIGH,1.56,6.52,1,0
MIG-12964,orders,167772.16,163.84,20480208,2779,READ_HEAVY,ADD_COLUMN_DEFAULT,HIGH,1.76,6.42,1,0
MIG-12965,order_items,182835.2,178.55,28696033,802,ANALYTICAL_BATCH,DROP_COLUMN,MEDIUM,1.18,2.05,1,0
MIG-12966,order_items,379566.08,370.67,59572460,737,MIXED_OLTP,ADD_COLUMN_DEFAULT,MEDIUM,2.87,4.01,1,0
MIG-12967,orders,257996.8,251.95,31493971,479,READ_HEAVY,DROP_COLUMN,LOW,1.46,1.15,1,0
MIG-12968,order_items,425840.64,415.86,66834197,374,READ_HEAVY,ADD_COLUMN_DEFAULT,LOW,3.73,4.23,1,0
MIG-12969,orders,138649.6,135.4,16924972,693,WRITE_HEAVY,DROP_COLUMN,MEDIUM,1.13,1.71,1,0
MIG-12970,order_items,399114.24,389.76,62639343,2470,READ_HEAVY,ADD_INDEX_LOCKING,HIGH,33.21,529.22,0,1
MIG-12971,order_payments,132792.32,129.68,31920978,1981,WRITE_HEAVY,TABLE_REWRITE,HIGH,87.46,833.33,0,1
MIG-12972,orders,251064.32,245.18,30646913,3391,WRITE_HEAVY,DROP_COLUMN,CRITICAL,1.37,12.77,1,0
MIG-12973,customer_sessions,40151.04,39.21,8961269,1746,WRITE_HEAVY,ADD_COLUMN_DEFAULT,HIGH,0.69,2.33,1,0
MIG-12974,order_items,428503.04,418.46,67252941,878,READ_HEAVY,ADD_INDEX_LOCKING,MEDIUM,41.87,42.55,0,1
MIG-12975,order_shipments,41594.88,40.62,10830776,1856,WRITE_HEAVY,ADD_INDEX_LOCKING,HIGH,6.84,61.98,0,1
MIG-12976,order_payments,80670.72,78.78,19391256,2677,WRITE_HEAVY,ADD_COLUMN_DEFAULT,HIGH,0.95,3.76,1,0
MIG-12977,order_payments,52971.52,51.73,12732619,1735,MIXED_OLTP,ADD_COLUMN_DEFAULT,HIGH,0.86,1.97,1,0
MIG-12978,order_payments,90296.32,88.18,21706401,687,WRITE_HEAVY,ADD_INDEX_CONCURRENTLY,MEDIUM,0.49,0.78,1,0
MIG-12979,order_shipments,66396.16,64.84,17289986,2437,MIXED_OLTP,DROP_COLUMN,HIGH,0.71,2.71,1,0
MIG-12980,order_items,289044.48,282.27,45364775,273,READ_HEAVY,ADD_COLUMN_DEFAULT,LOW,2.7,2.45,1,0
MIG-12981,orders,109342.72,106.78,13347194,700,READ_HEAVY,ADD_INDEX_CONCURRENTLY,MEDIUM,0.63,0.79,1,0
MIG-12982,orders,82554.88,80.62,10077691,127,WRITE_HEAVY,DROP_COLUMN,LOW,0.84,0.64,1,0
MIG-12983,order_items,186705.92,182.33,29303036,585,WRITE_HEAVY,TABLE_REWRITE,MEDIUM,93.2,96.86,0,1
MIG-12984,orders,206520.32,201.68,25209450,3728,MIXED_OLTP,ADD_INDEX_CONCURRENTLY,CRITICAL,0.86,7.23,1,0
MIG-12985,orders,98170.88,95.87,11984226,206,READ_HEAVY,ADD_COLUMN_DEFAULT,LOW,1.22,1.16,1,0
MIG-12986,orders,75243.52,73.48,9185379,332,WRITE_HEAVY,TABLE_REWRITE,LOW,54.08,60.06,0,1
MIG-12987,order_items,630200.32,615.43,98908606,2517,WRITE_HEAVY,TABLE_REWRITE,HIGH,190.34,1807.97,0,1
MIG-12988,orders,106639.36,104.14,13017745,3414,READ_HEAVY,ADD_COLUMN_DEFAULT,CRITICAL,1.21,7.66,1,0
MIG-12989,order_items,577136.64,563.61,90579913,928,WRITE_HEAVY,ADD_INDEX_CONCURRENTLY,MEDIUM,1.79,3.24,1,0
MIG-12990,order_payments,99604.48,97.27,23944555,966,READ_HEAVY,ADD_COLUMN_DEFAULT,MEDIUM,1.26,1.84,1,0
MIG-12991,order_shipments,77742.08,75.92,20245515,656,READ_HEAVY,ADD_COLUMN_DEFAULT,MEDIUM,1.17,0.87,1,0
MIG-12992,order_items,404172.8,394.7,63434431,2233,READ_HEAVY,ADD_COLUMN_DEFAULT,HIGH,3.02,9.48,1,0
MIG-12993,order_items,208005.12,203.13,32645706,1595,MIXED_OLTP,DROP_COLUMN,HIGH,1.22,2.62,1,0
MIG-12994,order_items,551843.84,538.91,86611177,224,READ_HEAVY,ADD_INDEX_LOCKING,LOW,54.09,35.9,0,1
MIG-12995,order_items,542003.2,529.3,85065794,4823,MIXED_OLTP,DROP_COLUMN,CRITICAL,2.66,27.55,0,1
MIG-12996,order_payments,68515.84,66.91,16470941,1867,READ_HEAVY,ALTER_COLUMN_TYPE,HIGH,28.71,161.41,0,1
MIG-12997,orders,218101.76,212.99,26623968,2556,READ_HEAVY,ADD_INDEX_LOCKING,HIGH,24.09,210.77,0,1
MIG-12998,customer_sessions,49367.04,48.21,11019779,142,MIXED_OLTP,ADD_COLUMN_DEFAULT,LOW,0.73,0.63,1,0
MIG-12999,orders,250214.4,244.35,30544326,4153,READ_HEAVY,ADD_INDEX_CONCURRENTLY,CRITICAL,0.87,6.21,1,0
MIG-13000,order_shipments,85022.72,83.03,22141006,1402,WRITE_HEAVY,ADD_INDEX_LOCKING,MEDIUM,13.84,26.57,0,1
MIG-13001,order_items,135843.84,132.66,21320657,1027,ANALYTICAL_BATCH,ADD_INDEX_LOCKING,MEDIUM,16.91,30.5,1,0
MIG-13002,orders,243630.08,237.92,29740451,1316,ANALYTICAL_BATCH,ADD_COLUMN_DEFAULT,MEDIUM,2.28,5.03,1,0
MIG-13003,order_payments,142663.68,139.32,34294712,740,WRITE_HEAVY,ADD_INDEX_CONCURRENTLY,MEDIUM,0.59,1.13,1,0
MIG-13004,orders,213309.44,208.31,26038217,174,READ_HEAVY,DROP_COLUMN,LOW,1.28,0.97,1,0
MIG-13005,order_payments,40990.72,40.03,9853509,294,MIXED_OLTP,ADD_INDEX_CONCURRENTLY,LOW,0.32,0.33,1,0
MIG-13006,order_items,531374.08,518.92,83397447,747,ANALYTICAL_BATCH,ADD_INDEX_LOCKING,MEDIUM,42.31,74.19,0,1
MIG-13007,orders,192368.64,187.86,23482204,1228,READ_HEAVY,ADD_INDEX_CONCURRENTLY,MEDIUM,0.88,1.34,1,0
MIG-13008,orders,124098.56,121.19,15148310,2027,WRITE_HEAVY,DROP_COLUMN,HIGH,0.93,2.4,1,0
MIG-13009,order_payments,132536.32,129.43,31860079,2657,MIXED_OLTP,ADD_COLUMN_DEFAULT,HIGH,1.27,4.91,1,0
MIG-13010,orders,174243.84,170.16,21270300,535,WRITE_HEAVY,ADD_COLUMN_DEFAULT,MEDIUM,1.92,2.71,1,0
MIG-13011,order_shipments,89180.16,87.09,23223243,236,MIXED_OLTP,ADD_INDEX_LOCKING,LOW,14.76,10.4,1,0
MIG-13012,order_payments,106905.6,104.4,25699275,742,READ_HEAVY,ADD_INDEX_CONCURRENTLY,MEDIUM,0.5,1.04,1,0
MIG-13013,order_payments,61194.24,59.76,14709263,2518,READ_HEAVY,ADD_INDEX_CONCURRENTLY,HIGH,0.38,1.31,1,0
MIG-13014,orders,264806.4,258.6,32325504,1809,WRITE_HEAVY,ADD_INDEX_CONCURRENTLY,HIGH,1.13,2.5,1,0
MIG-13015,order_payments,95037.44,92.81,22844959,986,READ_HEAVY,ADD_INDEX_CONCURRENTLY,MEDIUM,0.5,0.68,1,0
MIG-13016,customer_sessions,47677.44,46.56,10641275,3900,READ_HEAVY,ADD_COLUMN_DEFAULT,CRITICAL,0.6,3.28,1,0
MIG-13017,orders,138403.84,135.16,16894759,2609,WRITE_HEAVY,ADD_INDEX_CONCURRENTLY,HIGH,0.55,1.55,1,0
MIG-13018,order_items,185057.28,180.72,29043880,3924,WRITE_HEAVY,ADD_COLUMN_DEFAULT,CRITICAL,2.15,18.65,1,0
MIG-13019,orders,200929.28,196.22,24527747,2536,WRITE_HEAVY,DROP_COLUMN,HIGH,1.53,4.98,1,0
MIG-13020,order_items,337018.88,329.12,52894735,589,MIXED_OLTP,ALTER_COLUMN_TYPE,MEDIUM,94.47,115.32,0,1
MIG-13021,order_payments,138598.4,135.35,33316840,4875,READ_HEAVY,ADD_INDEX_CONCURRENTLY,CRITICAL,0.57,4.83,1,0
MIG-13022,order_items,612771.84,598.41,96172870,4597,MIXED_OLTP,ALTER_COLUMN_TYPE,CRITICAL,138.57,3060.31,0,1
MIG-13023,order_items,510863.36,498.89,80178909,1747,READ_HEAVY,TABLE_REWRITE,HIGH,226.32,638.21,0,1
MIG-13024,order_items,239841.28,234.22,37642075,3271,MIXED_OLTP,DROP_COLUMN,CRITICAL,1.65,10.59,1,0
MIG-13025,orders,207513.6,202.65,25331451,3805,READ_HEAVY,ADD_INDEX_LOCKING,CRITICAL,27.9,334.66,0,1
MIG-13026,orders,53667.84,52.41,6551387,2982,WRITE_HEAVY,ADD_COLUMN_DEFAULT,HIGH,0.88,3.71,1,0
MIG-13027,order_shipments,86978.56,84.94,22650250,764,WRITE_HEAVY,ADD_INDEX_CONCURRENTLY,MEDIUM,0.46,0.7,1,0
MIG-13028,order_items,369438.72,360.78,57983103,974,WRITE_HEAVY,TABLE_REWRITE,MEDIUM,156.15,219.98,0,1
MIG-13029,order_items,598138.88,584.12,93875911,2170,MIXED_OLTP,TABLE_REWRITE,HIGH,252.35,1194.93,0,1
MIG-13030,order_payments,71884.8,70.2,17279489,1942,MIXED_OLTP,ADD_COLUMN_DEFAULT,HIGH,0.87,2.32,1,0
MIG-13031,orders,107366.4,104.85,13105687,964,MIXED_OLTP,ADD_INDEX_CONCURRENTLY,MEDIUM,0.49,0.85,1,0
MIG-13032,orders,269240.32,262.93,32866521,675,MIXED_OLTP,ADD_INDEX_CONCURRENTLY,MEDIUM,0.84,1.06,1,0
MIG-13033,orders,166533.12,162.63,20328302,4668,MIXED_OLTP,ADD_COLUMN_DEFAULT,CRITICAL,1.54,16.68,1,0
MIG-13034,customer_sessions,70021.12,68.38,15629828,659,ANALYTICAL_BATCH,TABLE_REWRITE,MEDIUM,42.3,61.46,0,1
MIG-13035,order_payments,135772.16,132.59,32638446,327,MIXED_OLTP,ADD_INDEX_CONCURRENTLY,LOW,0.54,0.43,1,0
MIG-13036,order_items,382269.44,373.31,59995965,1977,WRITE_HEAVY,DROP_COLUMN,HIGH,2.04,7.73,1,0
MIG-13037,orders,149944.32,146.43,18304275,1079,WRITE_HEAVY,ALTER_COLUMN_TYPE,MEDIUM,39.71,100.23,0,1
MIG-13038,orders,171438.08,167.42,20927920,1047,READ_HEAVY,ADD_COLUMN_DEFAULT,MEDIUM,2.04,3.74,1,0
MIG-13039,order_items,552202.24,539.26,86666899,2449,MIXED_OLTP,DROP_COLUMN,HIGH,2.27,8.88,1,0
MIG-13040,order_items,612546.56,598.19,96137478,4513,READ_HEAVY,ADD_COLUMN_DEFAULT,CRITICAL,5.07,32.41,0,1
MIG-13041,customer_sessions,35512.32,34.68,7927838,772,WRITE_HEAVY,ADD_INDEX_CONCURRENTLY,MEDIUM,0.24,0.37,1,0
MIG-13042,order_payments,115118.08,112.42,27672555,1088,MIXED_OLTP,ADD_COLUMN_DEFAULT,MEDIUM,1.45,2.06,1,0
MIG-13043,order_items,261969.92,255.83,41115332,726,READ_HEAVY,ADD_INDEX_CONCURRENTLY,MEDIUM,1.0,1.58,1,0
MIG-13044,order_payments,99819.52,97.48,23995447,2082,WRITE_HEAVY,DROP_COLUMN,HIGH,0.85,2.51,1,0
MIG-13045,customer_sessions,66252.8,64.7,14788970,715,MIXED_OLTP,ADD_COLUMN_DEFAULT,MEDIUM,0.95,1.46,1,0
MIG-13046,order_items,572200.96,558.79,89805392,1034,READ_HEAVY,ADD_INDEX_LOCKING,MEDIUM,46.13,44.44,0,1
MIG-13047,order_items,346265.6,338.15,54346010,2669,WRITE_HEAVY,DROP_COLUMN,HIGH,1.91,6.79,1,0
MIG-13048,order_shipments,49100.8,47.95,12786722,4512,WRITE_HEAVY,TABLE_REWRITE,CRITICAL,39.48,784.52,0,1
MIG-13049,orders,105216.0,102.75,12843193,597,READ_HEAVY,ADD_INDEX_LOCKING,MEDIUM,13.64,16.15,1,0
MIG-13050,order_shipments,29501.44,28.81,7681810,576,READ_HEAVY,ADD_INDEX_LOCKING,MEDIUM,6.7,7.89,1,0
MIG-13051,orders,129863.68,126.82,15852774,1974,WRITE_HEAVY,ADD_COLUMN_DEFAULT,HIGH,1.42,3.63,1,0
MIG-13052,order_items,564715.52,551.48,88630202,1088,READ_HEAVY,ADD_COLUMN_DEFAULT,MEDIUM,4.06,7.54,1,0
MIG-13053,order_payments,76800.0,75.0,18461714,1920,MIXED_OLTP,ADD_INDEX_LOCKING,HIGH,12.8,78.81,0,1
MIG-13054,order_items,278446.08,271.92,43700746,1495,WRITE_HEAVY,ADD_INDEX_LOCKING,MEDIUM,32.33,66.0,0,1
MIG-13055,order_items,496148.48,484.52,77869711,336,READ_HEAVY,DROP_COLUMN,LOW,2.05,2.67,1,0
MIG-13056,order_items,225945.6,220.65,35462342,457,READ_HEAVY,ADD_INDEX_CONCURRENTLY,LOW,0.74,1.2,1,0
MIG-13057,orders,105840.64,103.36,12919743,469,WRITE_HEAVY,ADD_INDEX_CONCURRENTLY,LOW,0.44,0.77,1,0
MIG-13058,orders,256163.84,250.16,31269533,1644,WRITE_HEAVY,ADD_INDEX_CONCURRENTLY,HIGH,0.89,3.23,1,0
MIG-13059,orders,67194.88,65.62,8202921,2817,WRITE_HEAVY,ADD_INDEX_CONCURRENTLY,HIGH,0.37,1.92,1,0
MIG-13060,order_items,328673.28,320.97,51585125,1576,READ_HEAVY,ADD_INDEX_LOCKING,HIGH,33.44,260.76,0,1
MIG-13061,order_items,412344.32,402.68,64716846,1658,MIXED_OLTP,ADD_COLUMN_DEFAULT,HIGH,2.97,9.16,1,0
MIG-13062,orders,100085.76,97.74,12217039,1040,READ_HEAVY,ADD_COLUMN_DEFAULT,MEDIUM,1.24,2.22,1,0
MIG-13063,order_shipments,41738.24,40.76,10869869,4350,ANALYTICAL_BATCH,ADD_INDEX_CONCURRENTLY,CRITICAL,0.28,2.88,1,0
MIG-13064,order_items,229181.44,223.81,35969474,4621,READ_HEAVY,ADD_INDEX_LOCKING,CRITICAL,28.41,677.09,0,1
MIG-13065,order_items,292833.28,285.97,45960031,537,MIXED_OLTP,ADD_INDEX_CONCURRENTLY,MEDIUM,1.11,1.62,1,0
MIG-13066,order_items,578406.4,564.85,90778966,1661,READ_HEAVY,ADD_INDEX_CONCURRENTLY,HIGH,1.44,4.67,1,0
MIG-13067,orders,144609.28,141.22,17652858,2688,MIXED_OLTP,ADD_INDEX_LOCKING,HIGH,15.74,131.45,0,1
MIG-13068,order_payments,76687.36,74.89,18433475,1091,MIXED_OLTP,DROP_COLUMN,MEDIUM,0.59,0.94,1,0
MIG-13069,order_items,314204.16,306.84,49313051,249,READ_HEAVY,ADD_INDEX_CONCURRENTLY,LOW,1.29,0.96,1,0
MIG-13070,orders,262400.0,256.25,32031124,682,READ_HEAVY,ADD_INDEX_CONCURRENTLY,MEDIUM,1.14,1.06,1,0
MIG-13071,customer_sessions,21903.36,21.39,4889111,3537,ANALYTICAL_BATCH,ADD_COLUMN_DEFAULT,CRITICAL,0.48,4.04,1,0
MIG-13072,order_shipments,90746.88,88.62,23632509,1960,ANALYTICAL_BATCH,DROP_COLUMN,HIGH,0.67,1.6,1,0
MIG-13073,order_payments,65822.72,64.28,15822238,2226,ANALYTICAL_BATCH,ADD_INDEX_CONCURRENTLY,HIGH,0.36,1.44,1,0
MIG-13074,order_shipments,97771.52,95.48,25460650,5035,WRITE_HEAVY,DROP_COLUMN,CRITICAL,0.78,10.06,1,0
MIG-13075,order_shipments,44574.72,43.53,11608908,935,WRITE_HEAVY,ADD_COLUMN_DEFAULT,MEDIUM,0.77,0.98,1,0
MIG-13076,order_items,157460.48,153.77,24712823,4093,READ_HEAVY,DROP_COLUMN,CRITICAL,1.23,6.9,1,0
MIG-13077,order_items,383078.4,374.1,60123392,1443,MIXED_OLTP,ADD_INDEX_LOCKING,MEDIUM,30.57,47.15,0,1
MIG-13078,order_items,232284.16,226.84,36457111,1639,WRITE_HEAVY,ALTER_COLUMN_TYPE,HIGH,61.28,334.45,0,1
MIG-13079,orders,215705.6,210.65,26330725,533,READ_HEAVY,ADD_INDEX_CONCURRENTLY,MEDIUM,0.84,1.39,1,0
MIG-13080,orders,194539.52,189.98,23747251,1492,READ_HEAVY,ADD_INDEX_CONCURRENTLY,MEDIUM,0.87,1.31,1,0
MIG-13081,orders,200990.72,196.28,24534667,1449,WRITE_HEAVY,ADD_INDEX_CONCURRENTLY,MEDIUM,0.69,2.38,1,0
MIG-13082,order_payments,49807.36,48.64,11972497,903,MIXED_OLTP,ADD_INDEX_CONCURRENTLY,MEDIUM,0.27,0.59,1,0
MIG-13083,order_payments,111523.84,108.91,26808551,193,WRITE_HEAVY,ADD_COLUMN_DEFAULT,LOW,1.13,1.3,1,0
MIG-13084,order_payments,63928.32,62.43,15366333,622,MIXED_OLTP,ADD_INDEX_CONCURRENTLY,MEDIUM,0.33,0.63,1,0
MIG-13085,order_items,630097.92,615.33,98892596,1717,WRITE_HEAVY,ALTER_COLUMN_TYPE,HIGH,143.84,1193.13,0,1
MIG-13086,orders,211005.44,206.06,25757726,5230,READ_HEAVY,ALTER_COLUMN_TYPE,CRITICAL,53.15,939.1,0,1
MIG-13087,order_items,419399.68,409.57,65823332,396,READ_HEAVY,ADD_INDEX_LOCKING,LOW,35.62,48.35,0,1
MIG-13088,order_items,562206.72,549.03,88236540,437,WRITE_HEAVY,ADD_COLUMN_DEFAULT,LOW,3.53,4.25,1,0
MIG-13089,order_shipments,67307.52,65.73,17529132,1022,READ_HEAVY,ADD_INDEX_LOCKING,MEDIUM,12.43,20.62,1,0
MIG-13090,order_shipments,64276.48,62.77,16739397,2486,MIXED_OLTP,DROP_COLUMN,HIGH,0.72,2.62,1,0
MIG-13091,order_shipments,38113.28,37.22,9926017,2843,READ_HEAVY,DROP_COLUMN,HIGH,0.34,1.65,1,0
MIG-13092,order_shipments,74680.32,72.93,19447219,3893,WRITE_HEAVY,ADD_INDEX_CONCURRENTLY,CRITICAL,0.44,4.6,1,0
MIG-13093,customer_sessions,38502.4,37.6,8594879,1042,MIXED_OLTP,ALTER_COLUMN_TYPE,MEDIUM,20.63,37.6,0,1
MIG-13094,order_items,136919.04,133.71,21489692,788,WRITE_HEAVY,ADD_COLUMN_DEFAULT,MEDIUM,1.45,2.87,1,0
MIG-13095,orders,229652.48,224.27,28033668,4263,READ_HEAVY,ADD_INDEX_CONCURRENTLY,CRITICAL,0.78,7.55,1,0
MIG-13096,orders,60620.8,59.2,7400575,1818,READ_HEAVY,ADD_COLUMN_DEFAULT,HIGH,0.77,2.42,1,0
MIG-13097,order_items,461660.16,450.84,72456309,706,READ_HEAVY,ADD_INDEX_CONCURRENTLY,MEDIUM,1.26,1.97,1,0
MIG-13098,orders,83814.4,81.85,10231464,3893,WRITE_HEAVY,TABLE_REWRITE,CRITICAL,47.94,1620.58,0,1
MIG-13099,orders,144834.56,141.44,17679376,1449,WRITE_HEAVY,DROP_COLUMN,MEDIUM,1.0,2.39,1,0
MIG-13100,customer_sessions,69754.88,68.12,15570919,208,WRITE_HEAVY,ALTER_COLUMN_TYPE,LOW,33.14,30.0,0,1
MIG-13101,orders,70031.36,68.39,8549327,365,READ_HEAVY,TABLE_REWRITE,LOW,57.43,49.4,0,1
MIG-13102,customer_sessions,57374.72,56.03,12806969,2357,READ_HEAVY,DROP_COLUMN,HIGH,0.56,1.75,1,0
MIG-13103,order_payments,100024.32,97.68,24043419,4503,MIXED_OLTP,ADD_INDEX_LOCKING,CRITICAL,16.82,568.06,0,1
MIG-13104,order_items,562411.52,549.23,88269909,630,WRITE_HEAVY,ALTER_COLUMN_TYPE,MEDIUM,118.38,167.86,0,1
MIG-13105,order_payments,47319.04,46.21,11374764,1290,WRITE_HEAVY,ADD_INDEX_CONCURRENTLY,MEDIUM,0.31,0.71,1,0
MIG-13106,order_items,527452.16,515.09,82782787,1284,MIXED_OLTP,ADD_INDEX_CONCURRENTLY,MEDIUM,1.41,3.25,1,0
MIG-13107,order_items,346992.64,338.86,54459816,140,READ_HEAVY,ADD_COLUMN_DEFAULT,LOW,3.13,3.18,1,0
MIG-13108,orders,143964.16,140.59,17573385,2091,MIXED_OLTP,DROP_COLUMN,HIGH,1.04,3.23,1,0
MIG-13109,customer_sessions,37672.96,36.79,8409694,1366,WRITE_HEAVY,ADD_INDEX_LOCKING,MEDIUM,7.32,15.68,1,0
MIG-13110,order_items,313681.92,306.33,49231505,3593,WRITE_HEAVY,ADD_COLUMN_DEFAULT,CRITICAL,2.51,15.49,1,0
MIG-13111,orders,164157.44,160.31,20038909,2250,READ_HEAVY,ALTER_COLUMN_TYPE,HIGH,49.15,507.71,0,1
MIG-13112,order_payments,39424.0,38.5,9475834,1327,READ_HEAVY,DROP_COLUMN,MEDIUM,0.44,0.74,1,0
MIG-13113,order_payments,77547.52,75.73,18641897,2703,READ_HEAVY,ADD_COLUMN_DEFAULT,HIGH,1.16,3.91,1,0
MIG-13114,order_items,451174.4,440.6,70810478,2080,WRITE_HEAVY,DROP_COLUMN,HIGH,2.36,4.79,1,0
MIG-13115,order_items,371804.16,363.09,58353580,1212,WRITE_HEAVY,ALTER_COLUMN_TYPE,MEDIUM,103.57,140.15,0,1
MIG-13116,orders,85831.68,83.82,10477395,1430,MIXED_OLTP,ADD_COLUMN_DEFAULT,MEDIUM,0.94,1.25,1,0
MIG-13117,order_payments,70123.52,68.48,16855889,2176,WRITE_HEAVY,ADD_COLUMN_DEFAULT,HIGH,1.07,3.13,1,0
MIG-13118,orders,147128.32,143.68,17959965,2961,MIXED_OLTP,DROP_COLUMN,HIGH,1.19,4.95,1,0
MIG-13119,orders,197099.52,192.48,24059619,2654,WRITE_HEAVY,ADD_COLUMN_DEFAULT,HIGH,2.29,7.06,1,0
MIG-13120,orders,248391.68,242.57,30320690,1147,WRITE_HEAVY,ADD_INDEX_CONCURRENTLY,MEDIUM,0.88,1.59,1,0
MIG-13121,order_items,398735.36,389.39,62580416,2581,WRITE_HEAVY,ALTER_COLUMN_TYPE,HIGH,102.89,1665.79,0,1
MIG-13122,order_items,463759.36,452.89,72785818,1781,ANALYTICAL_BATCH,ADD_INDEX_CONCURRENTLY,HIGH,1.57,3.68,1,0
MIG-13123,order_items,154521.6,150.9,24252359,503,WRITE_HEAVY,ADD_INDEX_CONCURRENTLY,MEDIUM,0.66,0.76,1,0
MIG-13124,orders,260259.84,254.16,31770609,1327,WRITE_HEAVY,ALTER_COLUMN_TYPE,MEDIUM,72.9,160.66,0,1
MIG-13125,orders,118876.16,116.09,14510634,1209,MIXED_OLTP,DROP_COLUMN,MEDIUM,1.09,1.66,1,0
MIG-13126,order_items,297533.44,290.56,46697631,2906,WRITE_HEAVY,ADD_COLUMN_DEFAULT,HIGH,2.95,10.44,1,0
MIG-13127,orders,98437.12,96.13,12016755,303,WRITE_HEAVY,ADD_COLUMN_DEFAULT,LOW,1.02,1.92,1,0
MIG-13128,order_payments,36771.84,35.91,8838498,3963,WRITE_HEAVY,ADD_INDEX_CONCURRENTLY,CRITICAL,0.29,2.04,1,0
MIG-13129,customer_sessions,65300.48,63.77,14576673,1339,MIXED_OLTP,ADD_INDEX_CONCURRENTLY,MEDIUM,0.33,0.56,1,0
MIG-13130,order_items,238807.04,233.21,37479696,2912,READ_HEAVY,ALTER_COLUMN_TYPE,HIGH,54.41,455.63,0,1
MIG-13131,order_shipments,41881.6,40.9,10906055,423,MIXED_OLTP,ADD_INDEX_CONCURRENTLY,LOW,0.29,0.34,1,0
MIG-13132,orders,89364.48,87.27,10908499,2740,MIXED_OLTP,ADD_INDEX_CONCURRENTLY,HIGH,0.46,1.31,1,0
MIG-13133,orders,264785.92,258.58,32321902,670,READ_HEAVY,ADD_INDEX_LOCKING,MEDIUM,32.76,51.74,0,1
MIG-13134,order_payments,120197.12,117.38,28893802,2802,WRITE_HEAVY,ALTER_COLUMN_TYPE,HIGH,44.48,573.92,0,1
MIG-13135,order_payments,138035.2,134.8,33181109,3054,MIXED_OLTP,ADD_INDEX_LOCKING,CRITICAL,20.61,371.15,0,1
MIG-13136,order_shipments,89907.2,87.8,23413224,402,MIXED_OLTP,ADD_INDEX_CONCURRENTLY,LOW,0.45,0.58,1,0
MIG-13137,orders,249610.24,243.76,30470013,178,MIXED_OLTP,ADD_INDEX_CONCURRENTLY,LOW,0.92,0.9,1,0
MIG-13138,order_payments,84019.2,82.05,20196180,116,WRITE_HEAVY,TABLE_REWRITE,LOW,53.3,62.72,0,1
MIG-13139,order_items,202700.8,197.95,31813856,1241,MIXED_OLTP,ADD_INDEX_LOCKING,MEDIUM,23.69,45.81,0,1
MIG-13140,order_items,283392.0,276.75,44477307,2009,MIXED_OLTP,ALTER_COLUMN_TYPE,HIGH,78.92,437.03,0,1
MIG-13141,orders,113838.08,111.17,13896190,448,ANALYTICAL_BATCH,ADD_COLUMN_DEFAULT,LOW,1.48,1.43,1,0
MIG-13142,customer_sessions,60600.32,59.18,13526727,1924,WRITE_HEAVY,ADD_INDEX_LOCKING,HIGH,9.16,71.35,0,1
MIG-13143,orders,54835.2,53.55,6693162,1200,MIXED_OLTP,TABLE_REWRITE,MEDIUM,37.25,68.52,0,1
MIG-13144,order_shipments,30218.24,29.51,7868111,4609,MIXED_OLTP,ADD_COLUMN_DEFAULT,CRITICAL,0.63,5.65,1,0
MIG-13145,order_items,467118.08,456.17,73313694,1320,MIXED_OLTP,ADD_COLUMN_DEFAULT,MEDIUM,3.6,6.16,1,0
MIG-13146,order_payments,41410.56,40.44,9955139,5152,MIXED_OLTP,ADD_INDEX_CONCURRENTLY,CRITICAL,0.3,2.71,1,0
MIG-13147,order_payments,32409.6,31.65,7790805,1087,MIXED_OLTP,ADD_INDEX_LOCKING,MEDIUM,7.15,6.51,1,0
MIG-13148,order_shipments,27494.4,26.85,7159047,3864,READ_HEAVY,ADD_INDEX_CONCURRENTLY,CRITICAL,0.19,1.72,1,0
MIG-13149,orders,201922.56,197.19,24648202,2259,WRITE_HEAVY,ADD_INDEX_CONCURRENTLY,HIGH,0.77,2.61,1,0
MIG-13150,orders,79964.16,78.09,9761782,1101,READ_HEAVY,DROP_COLUMN,MEDIUM,0.74,0.97,1,0
MIG-13151,order_items,190197.76,185.74,29850653,2955,MIXED_OLTP,ADD_INDEX_LOCKING,HIGH,22.36,234.62,0,1
MIG-13152,order_items,233543.68,228.07,36654315,672,WRITE_HEAVY,ADD_COLUMN_DEFAULT,MEDIUM,2.24,4.14,1,0
MIG-13153,orders,215244.8,210.2,26274589,580,READ_HEAVY,TABLE_REWRITE,MEDIUM,101.19,134.79,0,1
MIG-13154,orders,93470.72,91.28,11409528,964,ANALYTICAL_BATCH,ADD_INDEX_CONCURRENTLY,MEDIUM,0.46,0.73,1,0
MIG-13155,order_items,132945.92,129.83,20865407,4053,MIXED_OLTP,ADD_COLUMN_DEFAULT,CRITICAL,1.45,9.06,1,0
MIG-13156,orders,249518.08,243.67,30458310,2851,MIXED_OLTP,DROP_COLUMN,HIGH,1.85,4.91,1,0
MIG-13157,orders,242974.72,237.28,29660597,211,MIXED_OLTP,DROP_COLUMN,LOW,1.37,1.42,1,0
MIG-13158,order_shipments,33761.28,32.97,8792090,1722,WRITE_HEAVY,DROP_COLUMN,HIGH,0.42,1.14,1,0
MIG-13159,order_items,251627.52,245.73,39492749,622,READ_HEAVY,DROP_COLUMN,MEDIUM,1.33,2.09,1,0
MIG-13160,customer_sessions,26501.12,25.88,5915229,457,READ_HEAVY,ADD_INDEX_LOCKING,LOW,6.32,6.1,1,0
MIG-13161,customer_sessions,60753.92,59.33,13561297,342,MIXED_OLTP,ADD_INDEX_LOCKING,LOW,11.54,10.41,1,0
MIG-13162,orders,104448.0,102.0,12750239,490,WRITE_HEAVY,TABLE_REWRITE,LOW,63.76,59.65,0,1
MIG-13163,order_payments,138219.52,134.98,33225753,1894,WRITE_HEAVY,TABLE_REWRITE,HIGH,78.48,721.92,0,1
MIG-13164,order_items,541829.12,529.13,85038922,581,MIXED_OLTP,ADD_COLUMN_DEFAULT,MEDIUM,4.21,4.26,1,0
MIG-13165,order_payments,97116.16,94.84,23345952,285,READ_HEAVY,ADD_INDEX_LOCKING,LOW,13.37,15.37,1,0
MIG-13166,orders,51128.32,49.93,6241332,672,MIXED_OLTP,ADD_COLUMN_DEFAULT,MEDIUM,0.78,0.91,1,0
MIG-13167,orders,244602.88,238.87,29859073,3341,READ_HEAVY,DROP_COLUMN,CRITICAL,1.34,10.89,1,0
MIG-13168,orders,210124.8,205.2,25649564,2823,MIXED_OLTP,ADD_INDEX_CONCURRENTLY,HIGH,0.78,2.88,1,0
MIG-13169,order_items,521328.64,509.11,81820499,889,READ_HEAVY,ADD_COLUMN_DEFAULT,MEDIUM,3.47,4.47,1,0
MIG-13170,customer_sessions,18964.48,18.52,4234282,1605,MIXED_OLTP,ALTER_COLUMN_TYPE,HIGH,12.13,52.26,0,1
MIG-13171,order_payments,111513.6,108.9,26806532,180,MIXED_OLTP,DROP_COLUMN,LOW,0.88,1.01,1,0
MIG-13172,order_payments,123023.36,120.14,29572176,3917,WRITE_HEAVY,ADD_INDEX_CONCURRENTLY,CRITICAL,0.6,3.0,1,0
MIG-13173,customer_sessions,76052.48,74.27,16975549,458,WRITE_HEAVY,ADD_COLUMN_DEFAULT,LOW,1.09,1.09,1,0
MIG-13174,order_payments,96174.08,93.92,23117549,355,MIXED_OLTP,ADD_COLUMN_DEFAULT,LOW,1.14,1.91,1,0
MIG-13175,orders,161525.76,157.74,19717130,1022,WRITE_HEAVY,ADD_INDEX_LOCKING,MEDIUM,18.38,30.2,0,1
MIG-13176,order_shipments,53719.04,52.46,13988570,333,MIXED_OLTP,ADD_INDEX_CONCURRENTLY,LOW,0.35,0.31,1,0
MIG-13177,order_items,476620.8,465.45,74804302,419,WRITE_HEAVY,DROP_COLUMN,LOW,2.09,2.65,1,0
MIG-13178,orders,252825.6,246.9,30862175,1790,MIXED_OLTP,ADD_INDEX_LOCKING,HIGH,24.48,205.86,0,1
MIG-13179,order_items,424222.72,414.28,66580158,985,WRITE_HEAVY,DROP_COLUMN,MEDIUM,2.26,3.81,1,0
MIG-13180,customer_sessions,28999.68,28.32,6472884,254,READ_HEAVY,ADD_INDEX_CONCURRENTLY,LOW,0.18,0.14,1,0
MIG-13181,orders,53043.2,51.8,6474496,1563,READ_HEAVY,ADD_INDEX_LOCKING,HIGH,8.61,80.84,0,1
MIG-13182,order_items,434206.72,424.03,68148162,2326,WRITE_HEAVY,ADD_INDEX_LOCKING,HIGH,46.02,407.68,0,1
MIG-13183,orders,240384.0,234.75,29344142,4736,READ_HEAVY,ADD_COLUMN_DEFAULT,CRITICAL,2.32,16.28,1,0
MIG-13184,orders,63744.0,62.25,7781332,366,MIXED_OLTP,ADD_INDEX_CONCURRENTLY,LOW,0.35,0.4,1,0
MIG-13185,orders,137093.12,133.88,16734422,3119,MIXED_OLTP,DROP_COLUMN,CRITICAL,1.19,5.51,1,0
MIG-13186,order_payments,139253.76,135.99,33473351,2092,ANALYTICAL_BATCH,ADD_COLUMN_DEFAULT,HIGH,1.47,5.08,1,0
MIG-13187,order_shipments,60047.36,58.64,15636223,895,MIXED_OLTP,ADD_COLUMN_DEFAULT,MEDIUM,0.72,1.13,1,0
MIG-13188,orders,97955.84,95.66,11957772,655,READ_HEAVY,ADD_COLUMN_DEFAULT,MEDIUM,1.2,1.85,1,0
MIG-13189,orders,127375.36,124.39,15548723,1046,READ_HEAVY,ADD_COLUMN_DEFAULT,MEDIUM,1.69,2.57,1,0
MIG-13190,orders,139427.84,136.16,17019768,312,ANALYTICAL_BATCH,ALTER_COLUMN_TYPE,LOW,50.86,46.16,0,1
MIG-13191,orders,75089.92,73.33,9166816,2669,READ_HEAVY,TABLE_REWRITE,HIGH,44.93,344.63,0,1
MIG-13192,order_items,455720.96,445.04,71524171,2645,READ_HEAVY,ADD_INDEX_LOCKING,HIGH,46.12,349.31,0,1
MIG-13193,order_payments,97566.72,95.28,23454332,459,MIXED_OLTP,ADD_INDEX_CONCURRENTLY,LOW,0.48,0.65,1,0
MIG-13194,order_items,448972.8,438.45,70465553,924,ANALYTICAL_BATCH,ADD_COLUMN_DEFAULT,MEDIUM,3.78,7.24,1,0
MIG-13195,order_items,429916.16,419.84,67474117,3512,READ_HEAVY,ADD_INDEX_CONCURRENTLY,CRITICAL,1.63,9.9,1,0
MIG-13196,order_items,123289.6,120.4,19350437,1041,WRITE_HEAVY,DROP_COLUMN,MEDIUM,1.07,1.84,1,0
MIG-13197,orders,87736.32,85.68,10710496,1163,READ_HEAVY,DROP_COLUMN,MEDIUM,0.81,1.16,1,0
MIG-13198,orders,85770.24,83.76,10470444,3833,MIXED_OLTP,TABLE_REWRITE,CRITICAL,49.74,1492.92,0,1
MIG-13199,customer_sessions,20654.08,20.17,4610501,970,READ_HEAVY,ADD_COLUMN_DEFAULT,MEDIUM,0.37,0.36,1,0
MIG-13200,order_payments,114739.2,112.05,27581702,2877,MIXED_OLTP,ADD_INDEX_CONCURRENTLY,HIGH,0.64,2.5,1,0
MIG-13201,customer_sessions,22087.68,21.57,4929975,2651,READ_HEAVY,DROP_COLUMN,HIGH,0.25,0.8,1,0
MIG-13202,order_shipments,73850.88,72.12,19232991,1109,WRITE_HEAVY,ADD_COLUMN_DEFAULT,MEDIUM,1.1,2.31,1,0
MIG-13203,order_items,206755.84,201.91,32449615,1439,READ_HEAVY,ADD_INDEX_CONCURRENTLY,MEDIUM,0.76,2.27,1,0
MIG-13204,customer_sessions,21964.8,21.45,4903666,3035,READ_HEAVY,ADD_COLUMN_DEFAULT,CRITICAL,0.46,1.78,1,0
MIG-13205,order_items,198574.08,193.92,31164933,313,MIXED_OLTP,ADD_INDEX_CONCURRENTLY,LOW,0.77,0.79,1,0
MIG-13206,orders,161607.68,157.82,19726893,206,WRITE_HEAVY,ADD_INDEX_CONCURRENTLY,LOW,0.77,0.95,1,0
MIG-13207,orders,191918.08,187.42,23428027,786,MIXED_OLTP,ADD_COLUMN_DEFAULT,MEDIUM,2.32,2.66,1,0
MIG-13208,orders,228741.12,223.38,27921971,2676,WRITE_HEAVY,ADD_INDEX_LOCKING,HIGH,24.94,392.56,0,1
MIG-13209,orders,77588.48,75.77,9471179,1298,ANALYTICAL_BATCH,ALTER_COLUMN_TYPE,MEDIUM,30.05,68.73,0,1
MIG-13210,order_items,432701.44,422.56,67911126,986,MIXED_OLTP,ADD_INDEX_CONCURRENTLY,MEDIUM,1.69,2.01,1,0
MIG-13211,order_payments,119336.96,116.54,28686580,1026,WRITE_HEAVY,ADD_COLUMN_DEFAULT,MEDIUM,1.33,2.11,1,0
MIG-13212,order_payments,64051.2,62.55,15397268,1099,ANALYTICAL_BATCH,ALTER_COLUMN_TYPE,MEDIUM,24.96,37.52,1,0
MIG-13213,order_items,155832.32,152.18,24456961,2823,READ_HEAVY,TABLE_REWRITE,HIGH,87.7,761.04,0,1
MIG-13214,orders,83640.32,81.68,10210541,3054,READ_HEAVY,ALTER_COLUMN_TYPE,CRITICAL,37.64,505.09,0,1
MIG-13215,order_payments,37591.04,36.71,9036889,1066,ANALYTICAL_BATCH,ADD_COLUMN_DEFAULT,MEDIUM,0.7,1.28,1,0
MIG-13216,order_items,572569.6,559.15,89864166,1601,ANALYTICAL_BATCH,ALTER_COLUMN_TYPE,HIGH,110.97,1032.6,0,1
MIG-13217,orders,132474.88,129.37,16170945,2905,MIXED_OLTP,ADD_INDEX_LOCKING,HIGH,16.41,177.32,0,1
MIG-13218,orders,164904.96,161.04,20130412,1857,ANALYTICAL_BATCH,ADD_INDEX_CONCURRENTLY,HIGH,0.84,2.74,1,0
MIG-13219,order_items,511406.08,499.42,80263740,517,WRITE_HEAVY,ADD_INDEX_CONCURRENTLY,MEDIUM,1.72,2.23,1,0
MIG-13220,orders,131317.76,128.24,16030457,423,WRITE_HEAVY,TABLE_REWRITE,LOW,67.84,80.75,0,1
MIG-13221,order_shipments,72273.92,70.58,18820617,2608,WRITE_HEAVY,TABLE_REWRITE,HIGH,51.02,435.21,0,1
MIG-13222,order_payments,35809.28,34.97,8608379,2852,WRITE_HEAVY,ADD_COLUMN_DEFAULT,HIGH,0.54,2.87,1,0
MIG-13223,order_payments,84244.48,82.27,20250082,2019,READ_HEAVY,DROP_COLUMN,HIGH,0.62,2.61,1,0
MIG-13224,orders,70502.4,68.85,8606012,776,WRITE_HEAVY,ADD_COLUMN_DEFAULT,MEDIUM,1.09,1.83,1,0
MIG-13225,order_shipments,39024.64,38.11,10162937,367,READ_HEAVY,ADD_INDEX_LOCKING,LOW,8.63,5.77,1,0
MIG-13226,order_payments,61767.68,60.32,14848215,478,WRITE_HEAVY,ADD_COLUMN_DEFAULT,LOW,0.88,1.44,1,0
MIG-13227,orders,207872.0,203.0,25374762,1442,READ_HEAVY,ADD_COLUMN_DEFAULT,MEDIUM,1.74,2.55,1,0
MIG-13228,order_items,462592.0,451.75,72602439,259,MIXED_OLTP,ADD_COLUMN_DEFAULT,LOW,3.7,2.82,1,0
MIG-13229,order_items,500254.72,488.53,78513487,1153,WRITE_HEAVY,ADD_COLUMN_DEFAULT,MEDIUM,4.28,7.78,1,0
MIG-13230,order_items,146554.88,143.12,23002158,430,MIXED_OLTP,TABLE_REWRITE,LOW,78.46,82.19,0,1
MIG-13231,orders,268994.56,262.69,32835683,1244,MIXED_OLTP,ALTER_COLUMN_TYPE,MEDIUM,62.84,171.76,0,1
MIG-13232,order_items,142776.32,139.43,22408022,4501,READ_HEAVY,ADD_INDEX_CONCURRENTLY,CRITICAL,0.66,5.73,1,0
MIG-13233,orders,231792.64,226.36,28295190,658,MIXED_OLTP,ADD_INDEX_CONCURRENTLY,MEDIUM,0.82,1.25,1,0
MIG-13234,orders,212889.6,207.9,25987261,1131,ANALYTICAL_BATCH,ADD_INDEX_CONCURRENTLY,MEDIUM,0.88,1.77,1,0
MIG-13235,orders,180039.68,175.82,21977568,1755,WRITE_HEAVY,ADD_INDEX_CONCURRENTLY,HIGH,0.87,1.57,1,0
MIG-13236,customer_sessions,42649.6,41.65,9519543,951,MIXED_OLTP,ADD_COLUMN_DEFAULT,MEDIUM,0.73,0.8,1,0
MIG-13237,orders,216616.96,211.54,26442573,329,WRITE_HEAVY,ADD_COLUMN_DEFAULT,LOW,2.07,2.17,1,0
MIG-13238,order_items,496527.36,484.89,77928482,526,READ_HEAVY,ADD_INDEX_CONCURRENTLY,MEDIUM,1.75,1.76,1,0
MIG-13239,order_items,185487.36,181.14,29111445,930,READ_HEAVY,TABLE_REWRITE,MEDIUM,93.46,165.36,0,1
MIG-13240,order_shipments,84172.8,82.2,21920861,813,MIXED_OLTP,ADD_INDEX_LOCKING,MEDIUM,11.19,15.88,1,0
MIG-13241,order_items,155228.16,151.59,24363116,144,MIXED_OLTP,ADD_INDEX_CONCURRENTLY,LOW,0.64,0.73,1,0
MIG-13242,order_shipments,59944.96,58.54,15611796,1147,MIXED_OLTP,ADD_INDEX_LOCKING,MEDIUM,8.67,18.59,1,0
MIG-13243,orders,191836.16,187.34,23417209,391,MIXED_OLTP,ADD_COLUMN_DEFAULT,LOW,2.15,2.6,1,0
MIG-13244,orders,230891.52,225.48,28185599,1393,READ_HEAVY,DROP_COLUMN,MEDIUM,1.68,3.16,1,0
MIG-13245,order_items,353699.84,345.41,55511927,2548,WRITE_HEAVY,ADD_COLUMN_DEFAULT,HIGH,2.96,7.89,1,0
MIG-13246,order_items,236933.12,231.38,37185504,683,WRITE_HEAVY,ADD_INDEX_CONCURRENTLY,MEDIUM,0.97,1.28,1,0
MIG-13247,order_shipments,59125.76,57.74,15398247,591,READ_HEAVY,ADD_COLUMN_DEFAULT,MEDIUM,0.73,1.11,1,0
MIG-13248,order_shipments,39188.48,38.27,10204495,428,MIXED_OLTP,TABLE_REWRITE,LOW,37.33,30.01,0,1
MIG-13249,order_items,387563.52,378.48,60826755,1572,WRITE_HEAVY,ADD_INDEX_LOCKING,HIGH,38.34,322.23,0,1
MIG-13250,customer_sessions,44175.36,43.14,9860117,880,READ_HEAVY,DROP_COLUMN,MEDIUM,0.54,0.94,1,0
MIG-13251,order_items,517498.88,505.37,81220863,2068,WRITE_HEAVY,ALTER_COLUMN_TYPE,HIGH,95.81,740.82,0,1
MIG-13252,orders,102256.64,99.86,12482433,681,READ_HEAVY,ALTER_COLUMN_TYPE,MEDIUM,41.83,44.98,0,1
MIG-13253,order_items,217896.96,212.79,34198799,4582,READ_HEAVY,ALTER_COLUMN_TYPE,CRITICAL,72.85,1258.84,0,1
MIG-13254,orders,154030.08,150.42,18803004,1270,WRITE_HEAVY,ADD_INDEX_CONCURRENTLY,MEDIUM,0.64,1.05,1,0
MIG-13255,order_shipments,22620.16,22.09,5890894,2840,WRITE_HEAVY,ADD_INDEX_CONCURRENTLY,HIGH,0.2,0.95,1,0
MIG-13256,orders,99880.96,97.54,12192196,969,WRITE_HEAVY,ADD_INDEX_LOCKING,MEDIUM,16.04,28.11,0,1
MIG-13257,order_items,297236.48,290.27,46650098,934,READ_HEAVY,TABLE_REWRITE,MEDIUM,107.75,234.38,0,1
MIG-13258,order_items,366356.48,357.77,57498006,1804,ANALYTICAL_BATCH,DROP_COLUMN,HIGH,2.17,5.99,1,0
MIG-13259,orders,108748.8,106.2,13274791,3210,WRITE_HEAVY,TABLE_REWRITE,CRITICAL,56.13,1395.2,0,1
MIG-13260,orders,173158.4,169.1,21137185,2760,READ_HEAVY,DROP_COLUMN,HIGH,1.37,3.74,1,0
MIG-13261,order_payments,131860.48,128.77,31698342,1340,READ_HEAVY,ADD_INDEX_CONCURRENTLY,MEDIUM,0.66,1.08,1,0
MIG-13262,orders,169420.8,165.45,20680641,1481,READ_HEAVY,TABLE_REWRITE,MEDIUM,77.16,198.45,0,1
MIG-13263,order_items,262727.68,256.57,41234001,624,WRITE_HEAVY,ALTER_COLUMN_TYPE,MEDIUM,65.15,70.48,0,1
MIG-13264,order_items,146677.76,143.24,23020458,2132,WRITE_HEAVY,ADD_COLUMN_DEFAULT,HIGH,1.33,6.39,1,0
MIG-13265,orders,79380.48,77.52,9689990,1137,ANALYTICAL_BATCH,ADD_INDEX_LOCKING,MEDIUM,13.96,23.75,1,0
MIG-13266,orders,173281.28,169.22,21152868,1380,ANALYTICAL_BATCH,ADD_COLUMN_DEFAULT,MEDIUM,1.86,3.77,1,0
MIG-13267,order_payments,108533.76,105.99,26090814,265,READ_HEAVY,DROP_COLUMN,LOW,0.78,0.56,1,0
MIG-13268,customer_sessions,17541.12,17.13,3915218,3346,READ_HEAVY,ADD_COLUMN_DEFAULT,CRITICAL,0.41,2.22,1,0
MIG-13269,orders,90193.92,88.08,11009845,463,WRITE_HEAVY,ADD_COLUMN_DEFAULT,LOW,0.95,1.31,1,0
MIG-13270,customer_sessions,34918.4,34.1,7794770,583,WRITE_HEAVY,DROP_COLUMN,MEDIUM,0.44,0.44,1,0
MIG-13271,order_items,279726.08,273.17,43901621,381,WRITE_HEAVY,ADD_INDEX_CONCURRENTLY,LOW,1.24,1.32,1,0
MIG-13272,order_items,609320.96,595.04,95630968,866,MIXED_OLTP,ADD_INDEX_CONCURRENTLY,MEDIUM,1.6,2.37,1,0
MIG-13273,order_payments,51036.16,49.84,12268593,100,WRITE_HEAVY,ADD_INDEX_CONCURRENTLY,LOW,0.32,0.26,1,0
MIG-13274,order_payments,34109.44,33.31,8200586,2288,WRITE_HEAVY,DROP_COLUMN,HIGH,0.4,1.53,1,0
MIG-13275,order_shipments,47708.16,46.59,12425120,872,WRITE_HEAVY,ADD_COLUMN_DEFAULT,MEDIUM,0.67,0.86,1,0
MIG-13276,order_items,184074.24,179.76,28889799,274,WRITE_HEAVY,ADD_COLUMN_DEFAULT,LOW,1.9,1.76,1,0
MIG-13277,order_items,180019.2,175.8,28253139,680,READ_HEAVY,ADD_COLUMN_DEFAULT,MEDIUM,1.8,2.68,1,0
MIG-13278,order_items,324976.64,317.36,51003503,1172,READ_HEAVY,ADD_INDEX_CONCURRENTLY,MEDIUM,1.4,1.71,1,0
MIG-13279,orders,116920.32,114.18,14272560,1925,READ_HEAVY,ADD_INDEX_LOCKING,HIGH,15.74,160.12,0,1
MIG-13280,order_payments,37611.52,36.73,9041731,652,READ_HEAVY,ADD_INDEX_LOCKING,MEDIUM,7.67,8.97,1,0
MIG-13281,orders,182814.72,178.53,22316192,2098,READ_HEAVY,DROP_COLUMN,HIGH,1.33,2.05,1,0
MIG-13282,orders,160122.88,156.37,19545893,687,MIXED_OLTP,ADD_INDEX_CONCURRENTLY,MEDIUM,0.59,0.64,1,0
MIG-13283,orders,66201.6,64.65,8081691,316,WRITE_HEAVY,DROP_COLUMN,LOW,0.63,0.63,1,0
MIG-13284,orders,239974.4,234.35,29294100,1032,WRITE_HEAVY,ADD_COLUMN_DEFAULT,MEDIUM,2.06,4.08,1,0
MIG-13285,order_items,261632.0,255.5,41061757,1298,MIXED_OLTP,ADD_INDEX_LOCKING,MEDIUM,23.65,48.69,0,1
MIG-13286,order_items,610856.96,596.54,95871843,1479,MIXED_OLTP,ADD_INDEX_CONCURRENTLY,MEDIUM,1.97,4.37,1,0
MIG-13287,order_items,595456.0,581.5,93454629,586,READ_HEAVY,ADD_INDEX_LOCKING,MEDIUM,43.07,69.08,0,1
MIG-13288,orders,145162.24,141.76,17720608,1556,WRITE_HEAVY,TABLE_REWRITE,HIGH,82.44,435.6,0,1
MIG-13289,order_items,232652.8,227.2,36513922,276,WRITE_HEAVY,ALTER_COLUMN_TYPE,LOW,53.02,78.4,0,1
MIG-13290,order_items,545556.48,532.77,85623069,567,WRITE_HEAVY,ALTER_COLUMN_TYPE,MEDIUM,136.75,138.94,0,1
MIG-13291,order_payments,69908.48,68.27,16805032,1350,MIXED_OLTP,ADD_INDEX_CONCURRENTLY,MEDIUM,0.45,0.69,1,0
MIG-13292,order_items,199096.32,194.43,31247606,1307,READ_HEAVY,ADD_COLUMN_DEFAULT,MEDIUM,2.33,2.29,1,0
MIG-13293,order_items,399370.24,390.01,62680224,932,WRITE_HEAVY,ADD_INDEX_CONCURRENTLY,MEDIUM,1.18,2.23,1,0
MIG-13294,order_items,367267.84,358.66,57641597,1460,WRITE_HEAVY,ADD_COLUMN_DEFAULT,MEDIUM,2.53,8.05,1,0
MIG-13295,customer_sessions,69171.2,67.55,15440257,1019,WRITE_HEAVY,ADD_INDEX_LOCKING,MEDIUM,11.66,20.72,1,0
MIG-13296,order_payments,114001.92,111.33,27403303,2318,WRITE_HEAVY,ADD_INDEX_LOCKING,HIGH,13.47,174.33,0,1
MIG-13297,order_items,566855.68,553.57,88967298,411,READ_HEAVY,TABLE_REWRITE,LOW,230.54,214.67,0,1
MIG-13298,order_items,493864.96,482.29,77510935,1051,READ_HEAVY,TABLE_REWRITE,MEDIUM,200.33,266.64,0,1
MIG-13299,orders,191191.04,186.71,23338723,2569,MIXED_OLTP,ADD_INDEX_CONCURRENTLY,HIGH,0.92,2.64,1,0
MIG-13300,customer_sessions,46602.24,45.51,10402550,739,MIXED_OLTP,ALTER_COLUMN_TYPE,MEDIUM,22.95,18.14,1,0
MIG-13301,order_items,624363.52,609.73,97991816,2264,ANALYTICAL_BATCH,ALTER_COLUMN_TYPE,HIGH,129.16,1035.63,0,1
MIG-13302,orders,261304.32,255.18,31897450,1310,MIXED_OLTP,ADD_INDEX_LOCKING,MEDIUM,31.62,60.59,0,1
MIG-13303,customer_sessions,69099.52,67.48,15423482,1467,ANALYTICAL_BATCH,ADD_INDEX_CONCURRENTLY,MEDIUM,0.38,1.02,1,0
MIG-13304,order_payments,119511.04,116.71,28729193,176,ANALYTICAL_BATCH,ADD_INDEX_CONCURRENTLY,LOW,0.55,0.64,1,0
MIG-13305,orders,176896.0,172.75,21594107,1554,WRITE_HEAVY,ADD_COLUMN_DEFAULT,HIGH,1.73,4.99,1,0
MIG-13306,orders,106608.64,104.11,13013340,1093,WRITE_HEAVY,ADD_INDEX_CONCURRENTLY,MEDIUM,0.46,1.04,1,0
MIG-13307,orders,242780.16,237.09,29636853,121,WRITE_HEAVY,ADD_INDEX_CONCURRENTLY,LOW,0.99,0.86,1,0
MIG-13308,order_items,120268.8,117.45,18876106,1182,READ_HEAVY,ADD_INDEX_CONCURRENTLY,MEDIUM,0.52,0.7,1,0
MIG-13309,orders,99461.12,97.13,12140879,270,MIXED_OLTP,ADD_COLUMN_DEFAULT,LOW,1.12,1.24,1,0
MIG-13310,customer_sessions,40386.56,39.44,9013747,1300,WRITE_HEAVY,DROP_COLUMN,MEDIUM,0.42,0.89,1,0
MIG-13311,customer_sessions,52152.32,50.93,11640663,163,MIXED_OLTP,ADD_INDEX_CONCURRENTLY,LOW,0.31,0.36,1,0
MIG-13312,order_items,404152.32,394.68,63431224,1568,MIXED_OLTP,ALTER_COLUMN_TYPE,HIGH,112.84,786.54,0,1
MIG-13313,order_items,205424.64,200.61,32241081,3541,READ_HEAVY,ADD_INDEX_CONCURRENTLY,CRITICAL,0.94,4.69,1,0
MIG-13314,orders,72335.36,70.64,8829551,3158,READ_HEAVY,ADD_COLUMN_DEFAULT,CRITICAL,1.12,8.15,1,0
MIG-13315,orders,98324.48,96.02,12002881,650,WRITE_HEAVY,ADD_COLUMN_DEFAULT,MEDIUM,1.24,1.23,1,0
MIG-13316,order_payments,68403.2,66.8,16442813,1257,READ_HEAVY,DROP_COLUMN,MEDIUM,0.75,0.82,1,0
MIG-13317,orders,52264.96,51.04,6379449,4730,WRITE_HEAVY,ADD_COLUMN_DEFAULT,CRITICAL,0.68,9.42,1,0
MIG-13318,orders,202311.68,197.57,24696307,2432,READ_HEAVY,ADD_INDEX_LOCKING,HIGH,23.3,201.88,0,1
MIG-13319,order_items,242534.4,236.85,38065922,921,WRITE_HEAVY,ADD_COLUMN_DEFAULT,MEDIUM,2.58,3.91,1,0
MIG-13320,orders,126873.6,123.9,15487919,1835,WRITE_HEAVY,ADD_INDEX_CONCURRENTLY,HIGH,0.72,1.9,1,0
MIG-13321,order_items,287528.96,280.79,45127036,1334,READ_HEAVY,ADD_COLUMN_DEFAULT,MEDIUM,2.28,4.71,1,0
MIG-13322,order_payments,87941.12,85.88,21140698,2814,READ_HEAVY,ADD_INDEX_CONCURRENTLY,HIGH,0.41,1.51,1,0
MIG-13323,order_shipments,89743.36,87.64,23371673,3625,READ_HEAVY,TABLE_REWRITE,CRITICAL,67.06,679.85,0,1
MIG-13324,order_items,191784.96,187.29,30100586,5241,ANALYTICAL_BATCH,DROP_COLUMN,CRITICAL,1.16,10.94,1,0
MIG-13325,order_shipments,46694.4,45.6,12159705,1123,WRITE_HEAVY,ADD_INDEX_CONCURRENTLY,MEDIUM,0.31,0.65,1,0
MIG-13326,order_items,471838.72,460.78,74054333,238,ANALYTICAL_BATCH,ADD_INDEX_LOCKING,LOW,41.95,59.79,0,1
MIG-13327,order_shipments,22097.92,21.58,5755398,1820,WRITE_HEAVY,ADD_INDEX_LOCKING,HIGH,4.69,30.0,0,1
MIG-13328,order_items,543037.44,530.31,85228269,2385,WRITE_HEAVY,ADD_COLUMN_DEFAULT,HIGH,4.59,15.54,1,0
MIG-13329,orders,261888.0,255.75,31969278,514,ANALYTICAL_BATCH,TABLE_REWRITE,MEDIUM,116.51,192.12,0,1
MIG-13330,customer_sessions,53534.72,52.28,11949975,816,MIXED_OLTP,ADD_COLUMN_DEFAULT,MEDIUM,0.88,1.48,1,0
MIG-13331,orders,260720.64,254.61,31825726,1188,READ_HEAVY,ADD_INDEX_CONCURRENTLY,MEDIUM,1.16,2.16,1,0
MIG-13332,orders,140513.28,137.22,17152669,996,MIXED_OLTP,ADD_INDEX_LOCKING,MEDIUM,20.53,30.84,0,1
MIG-13333,orders,140953.6,137.65,17205856,3363,READ_HEAVY,TABLE_REWRITE,CRITICAL,93.11,1021.73,0,1
MIG-13334,order_items,169523.2,165.55,26606161,1738,MIXED_OLTP,ADD_INDEX_CONCURRENTLY,HIGH,0.69,1.9,1,0
MIG-13335,order_items,132986.88,129.87,20871201,1193,WRITE_HEAVY,ADD_INDEX_CONCURRENTLY,MEDIUM,0.55,1.21,1,0
MIG-13336,order_items,240875.52,235.23,37804849,1337,MIXED_OLTP,DROP_COLUMN,MEDIUM,1.5,2.51,1,0
MIG-13337,order_shipments,58091.52,56.73,15127578,1190,ANALYTICAL_BATCH,ADD_INDEX_LOCKING,MEDIUM,11.56,21.94,1,0
MIG-13338,orders,161443.84,157.66,19707424,657,MIXED_OLTP,ADD_INDEX_CONCURRENTLY,MEDIUM,0.73,1.31,1,0
MIG-13339,order_items,226979.84,221.66,35623605,367,MIXED_OLTP,TABLE_REWRITE,LOW,113.55,104.91,0,1
MIG-13340,order_items,430950.4,420.85,67637259,1915,MIXED_OLTP,ADD_INDEX_CONCURRENTLY,HIGH,1.57,4.61,1,0
MIG-13341,order_shipments,33464.32,32.68,8714046,2387,READ_HEAVY,ADD_INDEX_LOCKING,HIGH,6.14,57.96,0,1
MIG-13342,orders,121303.04,118.46,14807700,1090,READ_HEAVY,ALTER_COLUMN_TYPE,MEDIUM,34.77,73.86,0,1
MIG-13343,orders,92436.48,90.27,11284156,5212,MIXED_OLTP,ADD_INDEX_CONCURRENTLY,CRITICAL,0.56,2.75,1,0
MIG-13344,order_items,474234.88,463.12,74429751,5063,READ_HEAVY,ADD_COLUMN_DEFAULT,CRITICAL,3.83,24.22,1,0
MIG-13345,order_payments,88514.56,86.44,21277288,1613,READ_HEAVY,ADD_INDEX_CONCURRENTLY,HIGH,0.46,1.07,1,0
MIG-13346,order_payments,114810.88,112.12,27599711,3000,MIXED_OLTP,DROP_COLUMN,CRITICAL,1.02,7.46,1,0
MIG-13347,order_items,144230.4,140.85,22637101,1431,WRITE_HEAVY,ADD_COLUMN_DEFAULT,MEDIUM,1.5,2.36,1,0
MIG-13348,order_payments,77588.48,75.77,18650427,3764,MIXED_OLTP,ADD_INDEX_LOCKING,CRITICAL,13.02,237.74,0,1
MIG-13349,order_items,613734.4,599.35,96323644,3164,MIXED_OLTP,ADD_COLUMN_DEFAULT,CRITICAL,3.89,24.0,1,0
MIG-13350,orders,61009.92,59.58,7447726,1786,WRITE_HEAVY,ADD_COLUMN_DEFAULT,HIGH,0.93,2.61,1,0
MIG-13351,orders,141690.88,138.37,17296224,298,WRITE_HEAVY,ADD_INDEX_CONCURRENTLY,LOW,0.7,0.68,1,0
MIG-13352,orders,58091.52,56.73,7090751,455,MIXED_OLTP,ADD_INDEX_CONCURRENTLY,LOW,0.34,0.43,1,0
MIG-13353,order_items,190371.84,185.91,29878918,1423,WRITE_HEAVY,ADD_COLUMN_DEFAULT,MEDIUM,2.24,2.62,1,0
MIG-13354,order_items,353392.64,345.11,55464642,2484,ANALYTICAL_BATCH,ALTER_COLUMN_TYPE,HIGH,88.29,845.06,0,1
MIG-13355,order_items,195983.36,191.39,30758585,768,WRITE_HEAVY,ADD_INDEX_LOCKING,MEDIUM,22.27,43.48,0,1
MIG-13356,order_items,382412.8,373.45,60019189,2568,WRITE_HEAVY,ADD_COLUMN_DEFAULT,HIGH,3.07,12.7,1,0
MIG-13357,order_items,590909.44,577.06,92741266,2756,WRITE_HEAVY,TABLE_REWRITE,HIGH,249.53,1383.59,0,1
MIG-13358,order_payments,50636.8,49.45,12171737,910,MIXED_OLTP,ADD_INDEX_CONCURRENTLY,MEDIUM,0.28,0.5,1,0
MIG-13359,order_payments,39464.96,38.54,9486971,337,READ_HEAVY,TABLE_REWRITE,LOW,33.7,41.31,0,1
MIG-13360,order_items,540610.56,527.94,84847401,2233,MIXED_OLTP,ADD_INDEX_CONCURRENTLY,HIGH,1.4,3.22,1,0
MIG-13361,order_items,352235.52,343.98,55281857,1361,ANALYTICAL_BATCH,ADD_INDEX_CONCURRENTLY,MEDIUM,1.13,2.97,1,0
MIG-13362,order_items,570204.16,556.84,89491499,4531,READ_HEAVY,ALTER_COLUMN_TYPE,CRITICAL,135.86,3563.34,0,1
MIG-13363,order_items,272680.96,266.29,42795986,3121,WRITE_HEAVY,ADD_COLUMN_DEFAULT,CRITICAL,2.27,16.89,1,0
MIG-13364,order_items,438558.72,428.28,68830092,1371,WRITE_HEAVY,ALTER_COLUMN_TYPE,MEDIUM,107.14,177.63,0,1
MIG-13365,order_items,591206.4,577.35,92788397,1055,MIXED_OLTP,ADD_INDEX_LOCKING,MEDIUM,56.73,105.06,0,1
MIG-13366,order_payments,47196.16,46.09,11344839,2146,WRITE_HEAVY,ADD_INDEX_CONCURRENTLY,HIGH,0.34,0.81,1,0
MIG-13367,order_items,527943.68,515.57,82859013,3471,MIXED_OLTP,ADD_INDEX_CONCURRENTLY,CRITICAL,1.79,11.76,1,0
MIG-13368,orders,188835.84,184.41,23050952,1198,MIXED_OLTP,ADD_COLUMN_DEFAULT,MEDIUM,2.04,3.6,1,0
MIG-13369,order_items,534251.52,521.73,83848686,3045,READ_HEAVY,DROP_COLUMN,CRITICAL,2.82,12.05,1,0
MIG-13370,order_shipments,32593.92,31.83,8486976,673,READ_HEAVY,ADD_COLUMN_DEFAULT,MEDIUM,0.67,0.67,1,0
MIG-13371,orders,145162.24,141.76,17720334,375,ANALYTICAL_BATCH,ADD_INDEX_CONCURRENTLY,LOW,0.72,0.83,1,0
MIG-13372,order_shipments,29122.56,28.44,7582884,772,MIXED_OLTP,ADD_INDEX_CONCURRENTLY,MEDIUM,0.18,0.37,1,0
MIG-13373,orders,261509.12,255.38,31922216,2624,MIXED_OLTP,ADD_COLUMN_DEFAULT,HIGH,2.2,8.55,1,0
MIG-13374,order_items,147046.4,143.6,23078029,3655,READ_HEAVY,ADD_INDEX_CONCURRENTLY,CRITICAL,0.8,4.19,1,0
MIG-13375,order_items,148480.0,145.0,23304155,394,READ_HEAVY,ADD_COLUMN_DEFAULT,LOW,1.62,1.48,1,0
MIG-13376,orders,247808.0,242.0,30250217,1179,READ_HEAVY,ADD_INDEX_CONCURRENTLY,MEDIUM,0.83,1.95,1,0
MIG-13377,order_shipments,43376.64,42.36,11296462,1226,ANALYTICAL_BATCH,ALTER_COLUMN_TYPE,MEDIUM,23.55,25.9,1,0
MIG-13378,order_items,422809.6,412.9,66358622,4833,READ_HEAVY,DROP_COLUMN,CRITICAL,1.96,14.82,1,0
MIG-13379,customer_sessions,32880.64,32.11,7339647,2699,MIXED_OLTP,ADD_INDEX_CONCURRENTLY,HIGH,0.27,0.72,1,0
MIG-13380,orders,192645.12,188.13,23516476,867,WRITE_HEAVY,ADD_INDEX_LOCKING,MEDIUM,22.95,45.56,0,1
MIG-13381,order_shipments,34396.16,33.59,8957338,4173,MIXED_OLTP,ADD_COLUMN_DEFAULT,CRITICAL,0.56,3.03,1,0
MIG-13382,customer_sessions,43939.84,42.91,9807720,1605,READ_HEAVY,ADD_COLUMN_DEFAULT,HIGH,0.81,1.61,1,0
MIG-13383,order_items,390021.12,380.88,61212866,3868,MIXED_OLTP,ADD_INDEX_CONCURRENTLY,CRITICAL,1.41,11.54,1,0
MIG-13384,orders,122951.68,120.07,15008358,2189,WRITE_HEAVY,ADD_COLUMN_DEFAULT,HIGH,1.31,4.71,1,0
MIG-13385,order_payments,56780.8,55.45,13648977,408,MIXED_OLTP,ALTER_COLUMN_TYPE,LOW,27.05,28.97,0,1
MIG-13386,order_items,187043.84,182.66,29356740,5257,MIXED_OLTP,ADD_INDEX_CONCURRENTLY,CRITICAL,0.81,7.18,1,0
MIG-13387,customer_sessions,59893.76,58.49,13368478,1166,READ_HEAVY,DROP_COLUMN,MEDIUM,0.5,0.72,1,0
MIG-13388,order_items,201533.44,196.81,31630899,3320,WRITE_HEAVY,ADD_INDEX_CONCURRENTLY,CRITICAL,0.98,6.79,1,0
MIG-13389,orders,113766.4,111.1,13887412,180,WRITE_HEAVY,ADD_COLUMN_DEFAULT,LOW,1.13,1.03,1,0
MIG-13390,orders,123668.48,120.77,15096536,2300,WRITE_HEAVY,ADD_COLUMN_DEFAULT,HIGH,1.57,5.37,1,0
MIG-13391,order_payments,81059.84,79.16,19485763,935,WRITE_HEAVY,ADD_INDEX_CONCURRENTLY,MEDIUM,0.44,0.65,1,0
MIG-13392,customer_sessions,59658.24,58.26,13316989,472,READ_HEAVY,ADD_INDEX_CONCURRENTLY,LOW,0.36,0.25,1,0
MIG-13393,orders,143810.56,140.44,17554518,3455,READ_HEAVY,ADD_COLUMN_DEFAULT,CRITICAL,1.81,7.07,1,0
MIG-13394,order_payments,130990.08,127.92,31487496,1071,READ_HEAVY,ADD_COLUMN_DEFAULT,MEDIUM,1.71,2.13,1,0
MIG-13395,customer_sessions,58193.92,56.83,12988913,411,MIXED_OLTP,TABLE_REWRITE,LOW,40.83,49.47,0,1
MIG-13396,orders,234608.64,229.11,28639141,4093,READ_HEAVY,DROP_COLUMN,CRITICAL,1.63,15.94,1,0
MIG-13397,orders,207595.52,202.73,25341556,747,WRITE_HEAVY,ALTER_COLUMN_TYPE,MEDIUM,67.35,102.02,0,1
MIG-13398,order_payments,44431.36,43.39,10680595,630,MIXED_OLTP,TABLE_REWRITE,MEDIUM,40.02,50.46,0,1
MIG-13399,order_items,619397.12,604.88,97212111,4556,READ_HEAVY,ADD_INDEX_CONCURRENTLY,CRITICAL,2.01,13.5,1,0
MIG-13400,orders,223129.6,217.9,27237829,1130,MIXED_OLTP,ALTER_COLUMN_TYPE,MEDIUM,54.07,99.38,0,1
MIG-13401,order_shipments,65935.36,64.39,17170790,394,ANALYTICAL_BATCH,TABLE_REWRITE,LOW,41.55,39.62,1,0
MIG-13402,order_items,199966.72,195.28,31383706,2756,MIXED_OLTP,ADD_COLUMN_DEFAULT,HIGH,1.91,10.23,1,0
MIG-13403,order_shipments,32757.76,31.99,8529902,2987,READ_HEAVY,DROP_COLUMN,HIGH,0.44,1.08,1,0
MIG-13404,order_shipments,69386.24,67.76,18069553,174,READ_HEAVY,ADD_COLUMN_DEFAULT,LOW,0.79,0.89,1,0
MIG-13405,order_shipments,52951.04,51.71,13789858,933,MIXED_OLTP,ADD_INDEX_CONCURRENTLY,MEDIUM,0.3,0.37,1,0
MIG-13406,order_items,463493.12,452.63,72744619,823,MIXED_OLTP,ADD_INDEX_CONCURRENTLY,MEDIUM,1.79,2.38,1,0
MIG-13407,orders,131522.56,128.44,16055548,448,WRITE_HEAVY,ADD_INDEX_CONCURRENTLY,LOW,0.65,0.6,1,0
MIG-13408,order_items,379361.28,370.47,59540458,617,READ_HEAVY,ADD_COLUMN_DEFAULT,MEDIUM,3.31,3.91,1,0
MIG-13409,orders,90726.4,88.6,11074867,4660,MIXED_OLTP,DROP_COLUMN,CRITICAL,0.82,6.83,1,0
MIG-13410,order_payments,45219.84,44.16,10869792,815,MIXED_OLTP,ADD_INDEX_CONCURRENTLY,MEDIUM,0.29,0.54,1,0
MIG-13411,orders,65884.16,64.34,8042408,508,WRITE_HEAVY,ADD_INDEX_CONCURRENTLY,MEDIUM,0.37,0.56,1,0
MIG-13412,order_items,537702.4,525.1,84390783,4493,READ_HEAVY,ADD_INDEX_CONCURRENTLY,CRITICAL,1.77,12.15,1,0
MIG-13413,orders,171991.04,167.96,20995428,891,READ_HEAVY,TABLE_REWRITE,MEDIUM,91.19,85.08,0,1
MIG-13414,orders,258641.92,252.58,31572808,4726,WRITE_HEAVY,ADD_INDEX_LOCKING,CRITICAL,23.25,941.78,0,1
MIG-13415,orders,214927.36,209.89,26236129,3985,MIXED_OLTP,ADD_INDEX_CONCURRENTLY,CRITICAL,0.8,7.38,1,0
MIG-13416,order_items,511447.04,499.46,80269815,690,READ_HEAVY,ADD_INDEX_LOCKING,MEDIUM,42.53,53.32,0,1
MIG-13417,order_payments,87613.44,85.56,21060882,619,WRITE_HEAVY,ALTER_COLUMN_TYPE,MEDIUM,36.87,53.62,0,1
MIG-13418,orders,229519.36,224.14,28017256,172,WRITE_HEAVY,ADD_INDEX_LOCKING,LOW,29.9,23.72,1,0
MIG-13419,order_shipments,96573.44,94.31,25148570,274,MIXED_OLTP,ALTER_COLUMN_TYPE,LOW,29.39,33.03,0,1
MIG-13420,order_shipments,78295.04,76.46,20389589,768,MIXED_OLTP,ADD_COLUMN_DEFAULT,MEDIUM,0.96,2.02,1,0
MIG-13421,order_items,169185.28,165.22,26552704,616,MIXED_OLTP,ADD_INDEX_CONCURRENTLY,MEDIUM,0.86,0.84,1,0
MIG-13422,order_payments,104622.08,102.17,25149371,816,ANALYTICAL_BATCH,ALTER_COLUMN_TYPE,MEDIUM,40.47,56.07,0,1
MIG-13423,order_items,176844.8,172.7,27755090,2753,ANALYTICAL_BATCH,ALTER_COLUMN_TYPE,HIGH,62.51,477.82,0,1
MIG-13424,orders,66232.32,64.68,8085005,1339,READ_HEAVY,ADD_INDEX_CONCURRENTLY,MEDIUM,0.46,0.43,1,0
MIG-13425,order_items,472289.28,461.22,74124932,861,WRITE_HEAVY,DROP_COLUMN,MEDIUM,2.72,3.9,1,0
MIG-13426,orders,233789.44,228.31,28539206,308,MIXED_OLTP,DROP_COLUMN,LOW,1.6,1.53,1,0
MIG-13427,order_shipments,31610.88,30.87,8230976,683,READ_HEAVY,ADD_COLUMN_DEFAULT,MEDIUM,0.56,0.74,1,0
MIG-13428,customer_sessions,19118.08,18.67,4267739,2117,READ_HEAVY,DROP_COLUMN,HIGH,0.25,0.7,1,0
MIG-13429,order_shipments,91965.44,89.81,23948894,2402,ANALYTICAL_BATCH,ADD_INDEX_CONCURRENTLY,HIGH,0.54,2.82,1,0
MIG-13430,order_items,182917.12,178.63,28708956,519,WRITE_HEAVY,ADD_COLUMN_DEFAULT,MEDIUM,1.87,2.78,1,0
MIG-13431,order_items,132792.32,129.68,20841973,1357,ANALYTICAL_BATCH,ADD_INDEX_CONCURRENTLY,MEDIUM,0.52,1.52,1,0
MIG-13432,customer_sessions,60856.32,59.43,13583182,1404,READ_HEAVY,ADD_INDEX_CONCURRENTLY,MEDIUM,0.33,0.64,1,0
MIG-13433,orders,236656.64,231.11,28888319,5337,WRITE_HEAVY,ADD_COLUMN_DEFAULT,CRITICAL,2.54,26.22,0,1
MIG-13434,orders,162949.12,159.13,19890780,711,MIXED_OLTP,ADD_COLUMN_DEFAULT,MEDIUM,1.72,2.5,1,0
MIG-13435,order_items,393338.88,384.12,61733944,2841,MIXED_OLTP,ADD_COLUMN_DEFAULT,HIGH,3.25,12.5,1,0
MIG-13436,order_items,288542.72,281.78,45285701,613,READ_HEAVY,ADD_INDEX_CONCURRENTLY,MEDIUM,0.93,1.24,1,0
MIG-13437,order_items,237762.56,232.19,37315519,1382,READ_HEAVY,ADD_COLUMN_DEFAULT,MEDIUM,2.43,4.47,1,0
MIG-13438,orders,216197.12,211.13,26391265,635,WRITE_HEAVY,ADD_INDEX_CONCURRENTLY,MEDIUM,0.74,1.84,1,0
MIG-13439,order_items,553000.96,540.04,86792037,239,WRITE_HEAVY,ADD_INDEX_CONCURRENTLY,LOW,1.52,1.9,1,0
MIG-13440,orders,120207.36,117.39,14673608,1448,WRITE_HEAVY,ADD_INDEX_LOCKING,MEDIUM,19.34,27.35,0,1
MIG-13441,orders,109711.36,107.14,13393117,1005,WRITE_HEAVY,DROP_COLUMN,MEDIUM,0.94,1.81,1,0
MIG-13442,orders,108380.16,105.84,13230376,186,WRITE_HEAVY,ADD_COLUMN_DEFAULT,LOW,1.23,1.84,1,0
MIG-13443,order_items,140800.0,137.5,22098228,3928,READ_HEAVY,DROP_COLUMN,CRITICAL,1.07,5.96,1,0
MIG-13444,order_shipments,41748.48,40.77,10871220,232,WRITE_HEAVY,ADD_COLUMN_DEFAULT,LOW,0.62,0.56,1,0
MIG-13445,order_items,127928.32,124.93,20077724,5305,READ_HEAVY,ADD_INDEX_CONCURRENTLY,CRITICAL,0.56,5.69,1,0
MIG-13446,order_payments,121077.76,118.24,29106139,912,WRITE_HEAVY,ADD_COLUMN_DEFAULT,MEDIUM,1.44,2.38,1,0
MIG-13447,order_payments,57282.56,55.94,13770692,592,WRITE_HEAVY,ADD_INDEX_LOCKING,MEDIUM,9.63,15.21,1,0
MIG-13448,order_items,470876.16,459.84,73902570,166,ANALYTICAL_BATCH,DROP_COLUMN,LOW,2.48,1.54,1,0
MIG-13449,order_shipments,63488.0,62.0,16532869,2331,ANALYTICAL_BATCH,ADD_INDEX_LOCKING,HIGH,11.73,96.44,0,1
MIG-13450,order_payments,126955.52,123.98,30518952,1520,MIXED_OLTP,ALTER_COLUMN_TYPE,HIGH,36.79,209.65,0,1
MIG-13451,order_items,610334.72,596.03,95790676,1870,WRITE_HEAVY,ADD_INDEX_CONCURRENTLY,HIGH,2.09,6.22,1,0
MIG-13452,orders,130385.92,127.33,15916873,1104,MIXED_OLTP,ALTER_COLUMN_TYPE,MEDIUM,36.74,54.24,0,1
MIG-13453,orders,68689.92,67.08,8385202,440,WRITE_HEAVY,DROP_COLUMN,LOW,0.52,0.88,1,0
MIG-13454,customer_sessions,62699.52,61.23,13994899,1644,READ_HEAVY,DROP_COLUMN,HIGH,0.57,1.59,1,0
MIG-13455,order_payments,29173.76,28.49,7013506,3848,MIXED_OLTP,ADD_COLUMN_DEFAULT,CRITICAL,0.5,4.05,1,0
MIG-13456,customer_sessions,28723.2,28.05,6410672,890,READ_HEAVY,ADD_COLUMN_DEFAULT,MEDIUM,0.55,0.94,1,0
MIG-13457,order_shipments,22845.44,22.31,5950214,2795,ANALYTICAL_BATCH,ADD_INDEX_CONCURRENTLY,HIGH,0.21,0.79,1,0
MIG-13458,orders,247808.0,242.0,30250006,2679,MIXED_OLTP,ADD_INDEX_CONCURRENTLY,HIGH,0.99,3.33,1,0
MIG-13459,order_payments,27258.88,26.62,6552555,1428,WRITE_HEAVY,ADD_COLUMN_DEFAULT,MEDIUM,0.49,0.93,1,0
MIG-13460,order_items,368988.16,360.34,57912115,2431,WRITE_HEAVY,ADD_INDEX_CONCURRENTLY,HIGH,1.19,5.05,1,0
MIG-13461,order_payments,77424.64,75.61,18611174,168,MIXED_OLTP,ADD_INDEX_CONCURRENTLY,LOW,0.49,0.44,1,0
MIG-13462,orders,193525.76,188.99,23624105,475,READ_HEAVY,ADD_INDEX_CONCURRENTLY,LOW,0.89,0.86,1,0
MIG-13463,orders,113233.92,110.58,13823090,2631,WRITE_HEAVY,TABLE_REWRITE,HIGH,77.86,918.68,0,1
MIG-13464,order_payments,131297.28,128.22,31562427,4652,WRITE_HEAVY,ADD_INDEX_CONCURRENTLY,CRITICAL,0.6,3.63,1,0
MIG-13465,order_payments,114606.08,111.92,27549157,849,ANALYTICAL_BATCH,TABLE_REWRITE,MEDIUM,67.43,118.16,0,1
MIG-13466,order_items,337797.12,329.88,53015848,418,WRITE_HEAVY,ADD_COLUMN_DEFAULT,LOW,2.57,3.11,1,0
MIG-13467,order_items,299468.8,292.45,47000126,261,ANALYTICAL_BATCH,ADD_INDEX_CONCURRENTLY,LOW,1.15,1.29,1,0
MIG-13468,order_items,535767.04,523.21,84086948,824,MIXED_OLTP,ADD_INDEX_CONCURRENTLY,MEDIUM,1.97,2.14,1,0
MIG-13469,customer_sessions,63170.56,61.69,14101668,1911,WRITE_HEAVY,ADD_INDEX_CONCURRENTLY,HIGH,0.4,1.22,1,0
MIG-13470,order_items,320614.4,313.1,50319004,363,READ_HEAVY,ADD_COLUMN_DEFAULT,LOW,2.58,3.75,1,0
MIG-13471,order_items,290867.2,284.05,45651120,346,MIXED_OLTP,ADD_INDEX_CONCURRENTLY,LOW,0.91,1.71,1,0
MIG-13472,order_items,134758.4,131.6,21149927,1840,READ_HEAVY,ALTER_COLUMN_TYPE,HIGH,38.88,351.19,0,1
MIG-13473,order_items,156856.32,153.18,24618286,237,WRITE_HEAVY,ADD_COLUMN_DEFAULT,LOW,1.97,2.26,1,0
MIG-13474,order_items,142510.08,139.17,22367394,727,WRITE_HEAVY,ADD_COLUMN_DEFAULT,MEDIUM,1.88,2.57,1,0
MIG-13475,order_items,127293.44,124.31,19977654,2610,MIXED_OLTP,ADD_COLUMN_DEFAULT,HIGH,1.45,5.58,1,0
MIG-13476,order_shipments,31109.12,30.38,8102043,237,MIXED_OLTP,DROP_COLUMN,LOW,0.43,0.4,1,0
MIG-13477,order_shipments,89528.32,87.43,23314263,1278,READ_HEAVY,TABLE_REWRITE,MEDIUM,60.12,104.22,0,1
MIG-13478,customer_sessions,65822.72,64.28,14693494,192,WRITE_HEAVY,ADD_COLUMN_DEFAULT,LOW,0.82,0.7,1,0
MIG-13479,order_items,551086.08,538.17,86491481,895,READ_HEAVY,ADD_COLUMN_DEFAULT,MEDIUM,3.9,5.38,1,0
MIG-13480,order_items,436633.6,426.4,68527829,3065,MIXED_OLTP,TABLE_REWRITE,CRITICAL,150.05,2050.6,0,1
MIG-13481,order_payments,101396.48,99.02,24373017,1507,WRITE_HEAVY,TABLE_REWRITE,HIGH,51.26,379.76,0,1
MIG-13482,order_shipments,28712.96,28.04,7476925,111,ANALYTICAL_BATCH,ADD_INDEX_LOCKING,LOW,6.42,5.4,1,0
MIG-13483,order_items,475422.72,464.28,74616193,126,MIXED_OLTP,ADD_INDEX_LOCKING,LOW,44.15,33.26,0,1
MIG-13484,order_payments,60170.24,58.76,14464760,1427,WRITE_HEAVY,ADD_COLUMN_DEFAULT,MEDIUM,0.74,1.53,1,0
MIG-13485,order_payments,88832.0,86.75,21354495,3684,MIXED_OLTP,ADD_COLUMN_DEFAULT,CRITICAL,0.94,6.61,1,0
MIG-13486,order_payments,141004.8,137.7,33896010,2297,MIXED_OLTP,ADD_COLUMN_DEFAULT,HIGH,1.73,4.46,1,0
MIG-13487,order_payments,130928.64,127.86,31473723,2930,MIXED_OLTP,DROP_COLUMN,HIGH,1.0,4.53,1,0
MIG-13488,orders,100730.88,98.37,12296224,294,WRITE_HEAVY,ALTER_COLUMN_TYPE,LOW,32.66,40.18,0,1
MIG-13489,order_items,494868.48,483.27,77668699,3984,ANALYTICAL_BATCH,ADD_COLUMN_DEFAULT,CRITICAL,4.16,33.5,1,0
MIG-13490,order_items,168407.04,164.46,26431350,2593,READ_HEAVY,ADD_COLUMN_DEFAULT,HIGH,1.59,7.05,1,0
MIG-13491,orders,55070.72,53.78,6722047,1244,MIXED_OLTP,ADD_INDEX_LOCKING,MEDIUM,10.0,17.89,1,0
MIG-13492,order_shipments,20766.72,20.28,5408564,600,WRITE_HEAVY,ADD_INDEX_CONCURRENTLY,MEDIUM,0.16,0.26,1,0
MIG-13493,order_items,202547.2,197.8,31789965,1436,WRITE_HEAVY,DROP_COLUMN,MEDIUM,1.53,2.83,1,0
MIG-13494,orders,202864.64,198.11,24763606,623,ANALYTICAL_BATCH,ADD_INDEX_LOCKING,MEDIUM,27.41,40.86,1,0
MIG-13495,order_shipments,48568.32,47.43,12647407,841,READ_HEAVY,ADD_INDEX_CONCURRENTLY,MEDIUM,0.29,0.53,1,0
MIG-13496,order_payments,28538.88,27.87,6859142,1453,WRITE_HEAVY,ADD_INDEX_CONCURRENTLY,MEDIUM,0.19,0.47,1,0
MIG-13497,order_payments,144998.4,141.6,34855051,2341,MIXED_OLTP,ADD_INDEX_CONCURRENTLY,HIGH,0.77,2.59,1,0
MIG-13498,order_items,389959.68,380.82,61203650,2352,WRITE_HEAVY,ADD_INDEX_CONCURRENTLY,HIGH,1.36,5.45,1,0
MIG-13499,order_shipments,51097.6,49.9,13307812,1352,MIXED_OLTP,ADD_COLUMN_DEFAULT,MEDIUM,0.7,1.51,1,0
MIG-13500,order_items,382464.0,373.5,60026841,948,ANALYTICAL_BATCH,ADD_INDEX_LOCKING,MEDIUM,36.15,60.34,0,1
MIG-13501,order_items,383047.68,374.07,60117643,345,WRITE_HEAVY,ADD_COLUMN_DEFAULT,LOW,3.39,3.14,1,0
MIG-13502,orders,153159.68,149.57,18696387,1045,READ_HEAVY,DROP_COLUMN,MEDIUM,1.29,1.22,1,0
MIG-13503,order_items,431032.32,420.93,67648861,1668,ANALYTICAL_BATCH,ADD_INDEX_CONCURRENTLY,HIGH,1.31,5.86,1,0
MIG-13504,order_payments,132730.88,129.62,31906046,804,ANALYTICAL_BATCH,ALTER_COLUMN_TYPE,MEDIUM,51.4,83.58,0,1
MIG-13505,order_items,270397.44,264.06,42438809,4923,READ_HEAVY,ADD_COLUMN_DEFAULT,CRITICAL,2.39,17.54,1,0
MIG-13506,order_items,366008.32,357.43,57444458,1992,MIXED_OLTP,ADD_INDEX_LOCKING,HIGH,34.87,162.29,0,1
MIG-13507,order_shipments,18739.2,18.3,4878710,2856,READ_HEAVY,ADD_INDEX_CONCURRENTLY,HIGH,0.16,0.65,1,0
MIG-13508,order_payments,129638.4,126.6,31162651,1459,WRITE_HEAVY,ADD_INDEX_LOCKING,MEDIUM,20.07,38.89,0,1
MIG-13509,orders,116817.92,114.08,14259405,407,MIXED_OLTP,ADD_COLUMN_DEFAULT,LOW,1.48,1.55,1,0
MIG-13510,customer_sessions,31836.16,31.09,7106675,3001,WRITE_HEAVY,TABLE_REWRITE,CRITICAL,31.0,279.24,0,1
MIG-13511,order_payments,146135.04,142.71,35129070,2628,WRITE_HEAVY,ADD_COLUMN_DEFAULT,HIGH,1.55,6.26,1,0
MIG-13512,customer_sessions,52039.68,50.82,11615258,5453,READ_HEAVY,ALTER_COLUMN_TYPE,CRITICAL,20.55,464.37,0,1
MIG-13513,customer_sessions,22272.0,21.75,4971822,2633,MIXED_OLTP,ADD_COLUMN_DEFAULT,HIGH,0.51,1.84,1,0
MIG-13514,order_shipments,40458.24,39.51,10535339,1137,WRITE_HEAVY,ADD_INDEX_CONCURRENTLY,MEDIUM,0.32,0.37,1,0
MIG-13515,order_payments,68945.92,67.33,16572925,345,WRITE_HEAVY,DROP_COLUMN,LOW,0.62,0.57,1,0
MIG-13516,order_items,623585.28,608.97,97870863,995,WRITE_HEAVY,ADD_INDEX_CONCURRENTLY,MEDIUM,1.69,3.89,1,0
MIG-13517,orders,144394.24,141.01,17626785,747,WRITE_HEAVY,ADD_INDEX_LOCKING,MEDIUM,17.63,32.46,0,1
MIG-13518,order_items,233461.76,227.99,36640853,4194,ANALYTICAL_BATCH,ADD_COLUMN_DEFAULT,CRITICAL,2.13,22.51,1,0
MIG-13519,order_payments,94883.84,92.66,22808251,2866,READ_HEAVY,ADD_INDEX_LOCKING,HIGH,13.77,145.45,0,1
MIG-13520,order_items,323584.0,316.0,50785532,585,WRITE_HEAVY,ADD_COLUMN_DEFAULT,MEDIUM,2.98,3.82,1,0
MIG-13521,order_shipments,22988.8,22.45,5987144,628,ANALYTICAL_BATCH,ADD_COLUMN_DEFAULT,MEDIUM,0.4,0.65,1,0
MIG-13522,orders,239575.04,233.96,29244829,449,WRITE_HEAVY,ADD_INDEX_LOCKING,LOW,21.95,38.16,0,1
MIG-13523,order_items,122787.84,119.91,19270689,1327,READ_HEAVY,DROP_COLUMN,MEDIUM,0.92,1.64,1,0
MIG-13524,order_items,578396.16,564.84,90777174,4276,MIXED_OLTP,DROP_COLUMN,CRITICAL,2.31,18.09,1,0
MIG-13525,order_items,523366.4,511.1,82140554,2039,MIXED_OLTP,DROP_COLUMN,HIGH,2.25,9.65,1,0
MIG-13526,orders,65925.12,64.38,8047226,610,WRITE_HEAVY,DROP_COLUMN,MEDIUM,0.59,1.17,1,0
MIG-13527,orders,209203.2,204.3,25537499,4684,MIXED_OLTP,ADD_INDEX_LOCKING,CRITICAL,27.28,712.26,0,1
MIG-13528,order_shipments,82380.8,80.45,21452340,315,READ_HEAVY,ADD_COLUMN_DEFAULT,LOW,0.94,1.03,1,0
MIG-13529,order_items,425533.44,415.56,66786872,5012,MIXED_OLTP,ADD_INDEX_CONCURRENTLY,CRITICAL,1.4,15.64,1,0
MIG-13530,orders,176926.72,172.78,21597111,2043,WRITE_HEAVY,ADD_INDEX_LOCKING,HIGH,17.82,150.28,0,1
MIG-13531,orders,60139.52,58.73,7341549,419,MIXED_OLTP,ADD_COLUMN_DEFAULT,LOW,0.96,1.34,1,0
MIG-13532,order_items,145397.76,141.99,22819206,2931,READ_HEAVY,ALTER_COLUMN_TYPE,HIGH,39.21,470.53,0,1
MIG-13533,orders,210012.16,205.09,25636793,164,MIXED_OLTP,TABLE_REWRITE,LOW,110.12,117.79,0,1
MIG-13534,order_payments,39270.4,38.35,9440277,2647,ANALYTICAL_BATCH,ALTER_COLUMN_TYPE,HIGH,16.8,282.01,0,1
MIG-13535,order_payments,55603.2,54.3,13365110,1110,MIXED_OLTP,ADD_COLUMN_DEFAULT,MEDIUM,0.82,1.18,1,0
MIG-13536,orders,159488.0,155.75,19468588,907,MIXED_OLTP,ADD_INDEX_LOCKING,MEDIUM,16.26,27.86,0,1
MIG-13537,order_items,199413.76,194.74,31297257,1821,WRITE_HEAVY,ADD_COLUMN_DEFAULT,HIGH,2.09,6.37,1,0
MIG-13538,orders,223856.64,218.61,27325668,654,WRITE_HEAVY,ADD_INDEX_CONCURRENTLY,MEDIUM,0.8,1.39,1,0
MIG-13539,order_items,531374.08,518.92,83397619,144,READ_HEAVY,ADD_INDEX_LOCKING,LOW,41.69,45.57,0,1
MIG-13540,order_shipments,88279.04,86.21,22990293,1899,WRITE_HEAVY,ADD_INDEX_LOCKING,HIGH,12.22,146.02,0,1
MIG-13541,order_items,140267.52,136.98,22015017,1013,MIXED_OLTP,ADD_INDEX_CONCURRENTLY,MEDIUM,0.66,1.37,1,0
MIG-13542,order_shipments,53923.84,52.66,14042060,2307,MIXED_OLTP,ALTER_COLUMN_TYPE,HIGH,19.68,200.17,0,1
MIG-13543,orders,236472.32,230.93,28866777,2981,READ_HEAVY,ALTER_COLUMN_TYPE,HIGH,70.85,374.31,0,1
MIG-13544,order_items,302141.44,295.06,47420770,396,WRITE_HEAVY,ADD_COLUMN_DEFAULT,LOW,2.18,3.85,1,0
MIG-13545,order_items,473794.56,462.69,74361450,5454,MIXED_OLTP,ADD_INDEX_CONCURRENTLY,CRITICAL,1.5,17.02,1,0
MIG-13546,order_items,418795.52,408.98,65728918,1253,READ_HEAVY,ALTER_COLUMN_TYPE,MEDIUM,101.75,160.79,0,1
MIG-13547,customer_sessions,36730.88,35.87,8199804,1073,READ_HEAVY,ADD_INDEX_CONCURRENTLY,MEDIUM,0.23,0.43,1,0
MIG-13548,orders,110284.8,107.7,13462930,1316,READ_HEAVY,ADD_INDEX_CONCURRENTLY,MEDIUM,0.48,0.97,1,0
MIG-13549,order_shipments,72570.88,70.87,18899250,2658,WRITE_HEAVY,ADD_COLUMN_DEFAULT,HIGH,1.09,3.79,1,0
MIG-13550,order_shipments,29511.68,28.82,7686281,423,MIXED_OLTP,ADD_INDEX_LOCKING,LOW,6.03,7.97,1,0
MIG-13551,order_items,558592.0,545.5,87669924,749,WRITE_HEAVY,ADD_INDEX_LOCKING,MEDIUM,56.17,60.93,0,1
MIG-13552,order_items,412190.72,402.53,64691918,1224,READ_HEAVY,DROP_COLUMN,MEDIUM,2.49,3.36,1,0
MIG-13553,order_items,172236.8,168.2,27031783,1836,WRITE_HEAVY,ALTER_COLUMN_TYPE,HIGH,47.88,365.23,0,1
MIG-13554,orders,204759.04,199.96,24995246,817,WRITE_HEAVY,DROP_COLUMN,MEDIUM,1.32,1.46,1,0
MIG-13555,order_payments,78274.56,76.44,18816041,1206,WRITE_HEAVY,DROP_COLUMN,MEDIUM,0.68,1.75,1,0
MIG-13556,order_items,220016.64,214.86,34530594,1005,WRITE_HEAVY,ADD_INDEX_CONCURRENTLY,MEDIUM,0.74,1.74,1,0
MIG-13557,customer_sessions,76339.2,74.55,17039397,1285,MIXED_OLTP,ADD_COLUMN_DEFAULT,MEDIUM,1.13,1.9,1,0
MIG-13558,order_items,486092.8,474.7,76291470,2580,MIXED_OLTP,ADD_COLUMN_DEFAULT,HIGH,4.41,8.2,1,0
MIG-13559,order_items,420730.88,410.87,66032483,1241,WRITE_HEAVY,ADD_INDEX_CONCURRENTLY,MEDIUM,1.45,2.89,1,0
MIG-13560,order_payments,128327.68,125.32,30847374,647,WRITE_HEAVY,ADD_COLUMN_DEFAULT,MEDIUM,1.5,2.18,1,0
MIG-13561,order_items,395376.64,386.11,62053452,604,MIXED_OLTP,ADD_INDEX_CONCURRENTLY,MEDIUM,1.13,2.15,1,0
MIG-13562,order_shipments,55050.24,53.76,14335765,1872,WRITE_HEAVY,ADD_INDEX_CONCURRENTLY,HIGH,0.3,0.92,1,0
MIG-13563,orders,91054.08,88.92,11115065,856,READ_HEAVY,ADD_COLUMN_DEFAULT,MEDIUM,1.37,1.5,1,0
MIG-13564,customer_sessions,24227.84,23.66,5408822,1319,WRITE_HEAVY,ADD_INDEX_CONCURRENTLY,MEDIUM,0.2,0.39,1,0
MIG-13565,order_shipments,54261.76,52.99,14130537,1566,READ_HEAVY,ADD_INDEX_CONCURRENTLY,HIGH,0.37,0.69,1,0
MIG-13566,order_shipments,56248.32,54.93,14649050,2310,ANALYTICAL_BATCH,ADD_INDEX_LOCKING,HIGH,11.33,75.52,0,1
MIG-13567,order_items,493148.16,481.59,77398312,414,WRITE_HEAVY,ADD_INDEX_LOCKING,LOW,39.06,57.31,0,1
MIG-13568,order_shipments,55101.44,53.81,14349036,863,ANALYTICAL_BATCH,DROP_COLUMN,MEDIUM,0.47,1.05,1,0
MIG-13569,order_items,420812.8,410.95,66045895,811,MIXED_OLTP,ADD_INDEX_CONCURRENTLY,MEDIUM,1.57,2.33,1,0
MIG-13570,order_payments,126361.6,123.4,30376533,1806,ANALYTICAL_BATCH,DROP_COLUMN,HIGH,0.91,3.22,1,0
MIG-13571,orders,268861.44,262.56,32820036,929,MIXED_OLTP,ADD_INDEX_LOCKING,MEDIUM,24.23,49.17,0,1
MIG-13572,order_items,281139.2,274.55,44124550,1115,MIXED_OLTP,ADD_INDEX_CONCURRENTLY,MEDIUM,1.26,2.67,1,0
MIG-13573,order_items,580188.16,566.59,91058311,1078,READ_HEAVY,ADD_INDEX_CONCURRENTLY,MEDIUM,1.76,3.34,1,0
MIG-13574,order_items,530688.0,518.25,83290120,1350,MIXED_OLTP,ADD_COLUMN_DEFAULT,MEDIUM,4.69,7.61,1,0
MIG-13575,order_items,149790.72,146.28,23508541,1500,WRITE_HEAVY,ADD_COLUMN_DEFAULT,HIGH,1.35,3.64,1,0
MIG-13576,order_shipments,46151.68,45.07,12017832,792,MIXED_OLTP,ADD_INDEX_CONCURRENTLY,MEDIUM,0.31,0.63,1,0
MIG-13577,orders,97597.44,95.31,11914159,854,READ_HEAVY,ADD_INDEX_CONCURRENTLY,MEDIUM,0.51,0.52,1,0
MIG-13578,order_payments,106219.52,103.73,25534267,2087,WRITE_HEAVY,ADD_COLUMN_DEFAULT,HIGH,1.51,2.62,1,0
MIG-13579,orders,171970.56,167.94,20993076,2590,WRITE_HEAVY,ADD_COLUMN_DEFAULT,HIGH,2.05,7.23,1,0
MIG-13580,order_payments,85913.6,83.9,20651710,3252,WRITE_HEAVY,ADD_COLUMN_DEFAULT,CRITICAL,1.18,7.87,1,0
MIG-13581,order_payments,118108.16,115.34,28390636,1929,READ_HEAVY,TABLE_REWRITE,HIGH,58.04,494.17,0,1
MIG-13582,order_items,286709.76,279.99,44998004,554,WRITE_HEAVY,ADD_INDEX_CONCURRENTLY,MEDIUM,1.21,1.13,1,0
MIG-13583,order_payments,72478.72,70.78,17423266,328,WRITE_HEAVY,ADD_INDEX_LOCKING,LOW,10.1,12.29,1,0
MIG-13584,order_shipments,90234.88,88.12,23497693,5410,WRITE_HEAVY,ADD_COLUMN_DEFAULT,CRITICAL,1.22,16.37,1,0
MIG-13585,order_shipments,99072.0,96.75,25799703,2965,READ_HEAVY,ADD_INDEX_LOCKING,HIGH,13.96,89.77,0,1
MIG-13586,order_items,515358.72,503.28,80884944,119,WRITE_HEAVY,ADD_INDEX_LOCKING,LOW,41.38,46.17,0,1
MIG-13587,order_items,226713.6,221.4,35582748,618,WRITE_HEAVY,DROP_COLUMN,MEDIUM,1.72,1.98,1,0
MIG-13588,order_payments,40120.32,39.18,9644367,1070,WRITE_HEAVY,DROP_COLUMN,MEDIUM,0.4,0.66,1,0
MIG-13589,orders,95426.56,93.19,11648538,768,READ_HEAVY,DROP_COLUMN,MEDIUM,0.95,0.89,1,0
MIG-13590,order_shipments,53493.76,52.24,13931645,1846,WRITE_HEAVY,ADD_INDEX_LOCKING,HIGH,8.45,66.29,0,1
MIG-13591,order_items,236851.2,231.3,37172459,2525,ANALYTICAL_BATCH,ADD_INDEX_CONCURRENTLY,HIGH,0.8,2.37,1,0
MIG-13592,order_shipments,93163.52,90.98,24262488,807,WRITE_HEAVY,ADD_COLUMN_DEFAULT,MEDIUM,1.33,1.8,1,0
MIG-13593,orders,197509.12,192.88,24109518,4495,WRITE_HEAVY,ALTER_COLUMN_TYPE,CRITICAL,63.49,1586.47,0,1
MIG-13594,orders,141322.24,138.01,17251689,3097,READ_HEAVY,ADD_COLUMN_DEFAULT,CRITICAL,1.45,6.38,1,0
MIG-13595,customer_sessions,32000.0,31.25,7142888,1478,MIXED_OLTP,ADD_INDEX_CONCURRENTLY,MEDIUM,0.21,0.53,1,0
MIG-13596,order_shipments,50001.92,48.83,13022277,584,READ_HEAVY,TABLE_REWRITE,MEDIUM,32.48,54.2,0,1
MIG-13597,order_shipments,57917.44,56.56,15082692,3086,WRITE_HEAVY,TABLE_REWRITE,CRITICAL,48.74,579.67,0,1
MIG-13598,customer_sessions,60385.28,58.97,13479041,917,READ_HEAVY,ADD_COLUMN_DEFAULT,MEDIUM,1.0,1.3,1,0
MIG-13599,order_items,160798.72,157.03,25236666,5194,READ_HEAVY,ADD_COLUMN_DEFAULT,CRITICAL,2.04,10.41,1,0
MIG-13600,orders,236902.4,231.35,28918489,1138,READ_HEAVY,ADD_INDEX_CONCURRENTLY,MEDIUM,1.04,1.12,1,0
MIG-13601,orders,77363.2,75.55,9444120,2232,ANALYTICAL_BATCH,ADD_COLUMN_DEFAULT,HIGH,0.93,4.18,1,0
MIG-13602,order_items,250132.48,244.27,39258456,776,ANALYTICAL_BATCH,TABLE_REWRITE,MEDIUM,111.36,131.08,0,1
MIG-13603,orders,268922.88,262.62,32826927,726,READ_HEAVY,ADD_INDEX_CONCURRENTLY,MEDIUM,1.04,1.44,1,0
MIG-13604,customer_sessions,26603.52,25.98,5939004,2479,WRITE_HEAVY,ADD_COLUMN_DEFAULT,HIGH,0.51,1.47,1,0
MIG-13605,orders,71526.4,69.85,8730839,301,READ_HEAVY,ALTER_COLUMN_TYPE,LOW,31.99,27.62,0,1
MIG-13606,orders,190361.6,185.9,23236943,1112,ANALYTICAL_BATCH,ADD_COLUMN_DEFAULT,MEDIUM,1.99,3.26,1,0
MIG-13607,orders,136110.08,132.92,16614485,912,ANALYTICAL_BATCH,TABLE_REWRITE,MEDIUM,64.97,141.85,0,1
MIG-13608,orders,69468.16,67.84,8479556,220,WRITE_HEAVY,ADD_COLUMN_DEFAULT,LOW,0.93,1.03,1,0
MIG-13609,orders,49981.44,48.81,6101045,171,WRITE_HEAVY,ADD_INDEX_CONCURRENTLY,LOW,0.28,0.24,1,0
MIG-13610,order_payments,36106.24,35.26,8679853,792,WRITE_HEAVY,TABLE_REWRITE,MEDIUM,25.14,48.82,0,1
MIG-13611,order_items,384471.04,375.46,60341581,719,MIXED_OLTP,ADD_INDEX_CONCURRENTLY,MEDIUM,1.4,1.82,1,0
MIG-13612,order_items,233850.88,228.37,36702328,295,READ_HEAVY,DROP_COLUMN,LOW,1.25,1.62,1,0
MIG-13613,order_shipments,82923.52,80.98,21595126,215,WRITE_HEAVY,ADD_INDEX_CONCURRENTLY,LOW,0.43,0.37,1,0
MIG-13614,order_items,557240.32,544.18,87458199,2693,WRITE_HEAVY,ADD_INDEX_LOCKING,HIGH,56.76,604.77,0,1
MIG-13615,order_payments,43980.8,42.95,10571190,320,WRITE_HEAVY,ADD_INDEX_CONCURRENTLY,LOW,0.34,0.31,1,0
MIG-13616,order_items,288624.64,281.86,45298609,1958,MIXED_OLTP,ADD_INDEX_LOCKING,HIGH,33.35,121.72,0,1
MIG-13617,orders,81571.84,79.66,9957501,133,READ_HEAVY,TABLE_REWRITE,LOW,53.79,56.08,0,1
MIG-13618,order_items,262645.76,256.49,41222108,148,WRITE_HEAVY,ADD_INDEX_CONCURRENTLY,LOW,1.11,1.22,1,0
MIG-13619,customer_sessions,29767.68,29.07,6644543,588,MIXED_OLTP,ADD_COLUMN_DEFAULT,MEDIUM,0.5,0.88,1,0
MIG-13620,order_items,520785.92,508.58,81736056,821,READ_HEAVY,ADD_INDEX_LOCKING,MEDIUM,48.98,75.11,0,1
MIG-13621,orders,125562.88,122.62,15327951,831,MIXED_OLTP,TABLE_REWRITE,MEDIUM,76.71,166.7,0,1
MIG-13622,order_items,370442.24,361.76,58140748,1573,MIXED_OLTP,ADD_COLUMN_DEFAULT,HIGH,3.05,7.71,1,0
MIG-13623,order_shipments,74332.16,72.59,19356134,1207,WRITE_HEAVY,TABLE_REWRITE,MEDIUM,53.04,88.74,0,1
MIG-13624,order_payments,125132.8,122.2,30080991,311,WRITE_HEAVY,ALTER_COLUMN_TYPE,LOW,45.32,68.49,0,1
MIG-13625,order_items,270141.44,263.81,42397936,2967,WRITE_HEAVY,ADD_INDEX_LOCKING,HIGH,30.08,404.32,0,1
MIG-13626,order_shipments,35788.8,34.95,9319166,454,MIXED_OLTP,ADD_COLUMN_DEFAULT,LOW,0.59,0.61,1,0
MIG-13627,order_payments,143851.52,140.48,34579457,1518,ANALYTICAL_BATCH,ADD_COLUMN_DEFAULT,HIGH,1.5,4.77,1,0
MIG-13628,order_items,279910.4,273.35,43931951,1199,WRITE_HEAVY,ADD_INDEX_LOCKING,MEDIUM,33.99,61.0,0,1
MIG-13629,orders,197580.8,192.95,24118838,1472,MIXED_OLTP,DROP_COLUMN,MEDIUM,1.44,2.23,1,0
MIG-13630,orders,199075.84,194.41,24301708,1301,MIXED_OLTP,ADD_INDEX_CONCURRENTLY,MEDIUM,0.76,1.77,1,0
MIG-13631,customer_sessions,47493.12,46.38,10602024,1186,ANALYTICAL_BATCH,DROP_COLUMN,MEDIUM,0.52,0.89,1,0
MIG-13632,order_items,232591.36,227.14,36504243,639,READ_HEAVY,ALTER_COLUMN_TYPE,MEDIUM,77.07,72.93,0,1
MIG-13633,order_items,187688.96,183.29,29458051,5252,WRITE_HEAVY,ADD_COLUMN_DEFAULT,CRITICAL,1.73,14.99,1,0
MIG-13634,order_items,366039.04,357.46,57448307,1321,MIXED_OLTP,DROP_COLUMN,MEDIUM,1.8,6.14,1,0
MIG-13635,orders,162160.64,158.36,19795097,4340,MIXED_OLTP,ADD_COLUMN_DEFAULT,CRITICAL,2.02,15.72,1,0
MIG-13636,order_shipments,82575.36,80.64,21504721,1421,MIXED_OLTP,ADD_INDEX_CONCURRENTLY,MEDIUM,0.47,0.9,1,0
MIG-13637,orders,206151.68,201.32,25165502,285,MIXED_OLTP,ADD_INDEX_CONCURRENTLY,LOW,0.85,0.74,1,0
MIG-13638,order_shipments,94085.12,91.88,24500091,1032,READ_HEAVY,ADD_COLUMN_DEFAULT,MEDIUM,1.29,1.5,1,0
MIG-13639,order_items,615741.44,601.31,96639705,4962,MIXED_OLTP,DROP_COLUMN,CRITICAL,3.36,27.8,0,1
MIG-13640,orders,210145.28,205.22,25651985,1220,WRITE_HEAVY,ADD_INDEX_LOCKING,MEDIUM,21.03,50.67,0,1
MIG-13641,orders,66078.72,64.53,8065803,2326,READ_HEAVY,ADD_INDEX_CONCURRENTLY,HIGH,0.36,1.21,1,0
MIG-13642,order_shipments,52029.44,50.81,13550555,1283,WRITE_HEAVY,ADD_COLUMN_DEFAULT,MEDIUM,0.79,1.7,1,0
MIG-13643,orders,183808.0,179.5,22437663,5243,WRITE_HEAVY,ADD_INDEX_LOCKING,CRITICAL,19.96,960.79,0,1
MIG-13644,orders,179691.52,175.48,21935266,2473,WRITE_HEAVY,ADD_INDEX_CONCURRENTLY,HIGH,0.88,4.04,1,0
MIG-13645,order_payments,48363.52,47.23,11625581,2839,MIXED_OLTP,TABLE_REWRITE,HIGH,38.67,302.07,0,1
MIG-13646,order_items,415539.2,405.8,65218523,2116,MIXED_OLTP,DROP_COLUMN,HIGH,2.25,5.3,1,0
MIG-13647,order_items,295157.76,288.24,46324121,1030,WRITE_HEAVY,TABLE_REWRITE,MEDIUM,123.47,290.68,0,1
MIG-13648,orders,124119.04,121.21,15151024,4621,READ_HEAVY,ADD_INDEX_LOCKING,CRITICAL,18.92,299.08,0,1
MIG-13649,order_shipments,87603.2,85.55,22814551,1073,WRITE_HEAVY,TABLE_REWRITE,MEDIUM,57.72,98.77,0,1
MIG-13650,orders,142479.36,139.14,17392195,678,READ_HEAVY,DROP_COLUMN,MEDIUM,0.93,2.21,1,0
MIG-13651,orders,165806.08,161.92,20239690,4140,WRITE_HEAVY,ADD_INDEX_CONCURRENTLY,CRITICAL,0.62,4.57,1,0
MIG-13652,order_items,405186.56,395.69,63592701,1701,READ_HEAVY,ADD_INDEX_LOCKING,HIGH,39.41,310.21,0,1
MIG-13653,orders,173680.64,169.61,21200913,1189,ANALYTICAL_BATCH,ADD_INDEX_CONCURRENTLY,MEDIUM,0.88,1.6,1,0
MIG-13654,order_items,224675.84,219.41,35262842,2698,READ_HEAVY,DROP_COLUMN,HIGH,1.26,4.03,1,0
MIG-13655,orders,181739.52,177.48,22185240,1182,MIXED_OLTP,ADD_COLUMN_DEFAULT,MEDIUM,1.57,3.59,1,0
MIG-13656,orders,123166.72,120.28,15034837,1364,MIXED_OLTP,ADD_INDEX_LOCKING,MEDIUM,16.46,30.3,0,1
MIG-13657,order_items,452741.12,442.13,71056643,360,WRITE_HEAVY,ADD_INDEX_LOCKING,LOW,44.37,45.72,0,1
MIG-13658,order_shipments,30515.2,29.8,7947068,3948,WRITE_HEAVY,ALTER_COLUMN_TYPE,CRITICAL,18.37,448.82,0,1
MIG-13659,orders,269035.52,262.73,32841121,1593,WRITE_HEAVY,ADD_INDEX_CONCURRENTLY,HIGH,0.94,1.8,1,0
MIG-13660,orders,219914.24,214.76,26845168,1549,READ_HEAVY,TABLE_REWRITE,HIGH,124.32,768.42,0,1
MIG-13661,order_shipments,53043.2,51.8,13812630,1463,MIXED_OLTP,ADD_INDEX_LOCKING,MEDIUM,9.84,19.48,1,0
MIG-13662,order_shipments,43427.84,42.41,11309199,4947,READ_HEAVY,ADD_COLUMN_DEFAULT,CRITICAL,0.68,6.28,1,0
MIG-13663,order_payments,73082.88,71.37,17568698,835,READ_HEAVY,ADD_INDEX_CONCURRENTLY,MEDIUM,0.49,0.73,1,0
MIG-13664,orders,208670.72,203.78,25472623,1455,WRITE_HEAVY,ADD_COLUMN_DEFAULT,MEDIUM,1.92,4.22,1,0
MIG-13665,order_items,452945.92,442.33,71088031,3615,WRITE_HEAVY,ADD_INDEX_CONCURRENTLY,CRITICAL,1.54,9.91,1,0
MIG-13666,orders,204441.6,199.65,24956497,2658,ANALYTICAL_BATCH,DROP_COLUMN,HIGH,1.36,4.84,1,0
MIG-13667,orders,245780.48,240.02,30002978,3527,WRITE_HEAVY,ADD_INDEX_CONCURRENTLY,CRITICAL,0.97,6.52,1,0
MIG-13668,order_items,350177.28,341.97,54959913,2564,MIXED_OLTP,ADD_COLUMN_DEFAULT,HIGH,2.82,9.46,1,0
MIG-13669,order_items,460226.56,449.44,72231213,569,WRITE_HEAVY,DROP_COLUMN,MEDIUM,1.95,3.09,1,0
MIG-13670,order_items,342548.48,334.52,53762144,1182,WRITE_HEAVY,ADD_COLUMN_DEFAULT,MEDIUM,2.79,3.23,1,0
MIG-13671,order_items,444006.4,433.6,69685944,4142,WRITE_HEAVY,ALTER_COLUMN_TYPE,CRITICAL,120.81,3188.97,0,1
MIG-13672,orders,154173.44,150.56,18820238,1082,ANALYTICAL_BATCH,ADD_INDEX_CONCURRENTLY,MEDIUM,0.61,1.42,1,0
MIG-13673,order_items,515522.56,503.44,80909753,1562,WRITE_HEAVY,ADD_COLUMN_DEFAULT,HIGH,4.48,11.01,1,0
MIG-13674,order_payments,27258.88,26.62,6551491,247,MIXED_OLTP,ALTER_COLUMN_TYPE,LOW,14.3,18.62,1,0
MIG-13675,order_shipments,36321.28,35.47,9459356,660,WRITE_HEAVY,ADD_COLUMN_DEFAULT,MEDIUM,0.71,0.73,1,0
MIG-13676,order_items,267673.6,261.4,42011447,2424,READ_HEAVY,ADD_COLUMN_DEFAULT,HIGH,2.85,5.01,1,0
MIG-13677,order_items,602603.52,588.48,94576955,3013,READ_HEAVY,TABLE_REWRITE,CRITICAL,201.25,2938.34,0,1
MIG-13678,orders,161300.48,157.52,19690247,1404,READ_HEAVY,ADD_COLUMN_DEFAULT,MEDIUM,1.41,3.36,1,0
MIG-13679,orders,129740.8,126.7,15837500,169,WRITE_HEAVY,ALTER_COLUMN_TYPE,LOW,43.75,40.11,0,1
MIG-13680,order_payments,75059.2,73.3,18044188,308,WRITE_HEAVY,TABLE_REWRITE,LOW,49.61,64.76,0,1
MIG-13681,orders,149084.16,145.59,18199201,498,MIXED_OLTP,ADD_INDEX_CONCURRENTLY,LOW,0.59,0.49,1,0
MIG-13682,order_items,562575.36,549.39,88294261,2114,READ_HEAVY,ADD_INDEX_LOCKING,HIGH,51.98,330.18,0,1
MIG-13683,order_items,611348.48,597.02,95949205,1041,WRITE_HEAVY,DROP_COLUMN,MEDIUM,2.62,5.09,1,0
MIG-13684,orders,235868.16,230.34,28792445,1459,READ_HEAVY,TABLE_REWRITE,MEDIUM,127.97,195.29,0,1
MIG-13685,orders,235315.2,229.8,28724732,1600,WRITE_HEAVY,DROP_COLUMN,HIGH,1.72,4.04,1,0
MIG-13686,order_items,217395.2,212.3,34120223,2343,READ_HEAVY,ADD_INDEX_LOCKING,HIGH,29.28,301.29,0,1
MIG-13687,customer_sessions,31672.32,30.93,7068964,1064,READ_HEAVY,ADD_COLUMN_DEFAULT,MEDIUM,0.58,0.72,1,0
MIG-13688,order_items,422307.84,412.41,66279983,4809,WRITE_HEAVY,DROP_COLUMN,CRITICAL,2.36,20.65,1,0
MIG-13689,order_items,453314.56,442.69,71147130,1100,READ_HEAVY,ADD_INDEX_LOCKING,MEDIUM,48.49,80.24,0,1
MIG-13690,orders,93982.72,91.78,11473045,980,READ_HEAVY,TABLE_REWRITE,MEDIUM,67.27,104.92,0,1
MIG-13691,order_items,499845.12,488.13,78448831,4369,ANALYTICAL_BATCH,ADD_INDEX_CONCURRENTLY,CRITICAL,1.47,16.1,1,0
MIG-13692,orders,93378.56,91.19,11399015,213,MIXED_OLTP,ADD_INDEX_CONCURRENTLY,LOW,0.52,0.61,1,0
MIG-13693,order_items,250429.44,244.56,39303862,3839,READ_HEAVY,TABLE_REWRITE,CRITICAL,129.09,2219.39,0,1
MIG-13694,order_payments,63385.6,61.9,15235711,2924,MIXED_OLTP,DROP_COLUMN,HIGH,0.52,2.04,1,0
MIG-13695,order_items,551301.12,538.38,86525304,4643,WRITE_HEAVY,ADD_INDEX_CONCURRENTLY,CRITICAL,1.49,20.03,1,0
MIG-13696,orders,211077.12,206.13,25766265,372,MIXED_OLTP,ADD_COLUMN_DEFAULT,LOW,2.3,2.58,1,0
MIG-13697,orders,166533.12,162.63,20328506,642,WRITE_HEAVY,TABLE_REWRITE,MEDIUM,97.45,76.03,0,1
MIG-13698,orders,230471.68,225.07,28133231,3966,WRITE_HEAVY,TABLE_REWRITE,CRITICAL,100.38,2943.59,0,1
MIG-13699,order_items,534241.28,521.72,83847188,1829,READ_HEAVY,ADD_COLUMN_DEFAULT,HIGH,3.37,7.94,1,0
MIG-13700,order_shipments,50769.92,49.58,13220394,5370,WRITE_HEAVY,ADD_INDEX_LOCKING,CRITICAL,8.7,318.37,0,1
MIG-13701,orders,221992.96,216.79,27098806,1494,MIXED_OLTP,ADD_COLUMN_DEFAULT,MEDIUM,2.16,5.58,1,0
MIG-13702,order_items,221132.8,215.95,34705664,2002,READ_HEAVY,ADD_COLUMN_DEFAULT,HIGH,2.13,5.23,1,0
MIG-13703,order_payments,86917.12,84.88,20892990,915,WRITE_HEAVY,ADD_INDEX_LOCKING,MEDIUM,14.26,20.13,1,0
MIG-13704,orders,75304.96,73.54,9192526,1185,READ_HEAVY,ADD_INDEX_CONCURRENTLY,MEDIUM,0.36,0.89,1,0
MIG-13705,orders,143554.56,140.19,17523451,647,READ_HEAVY,ADD_COLUMN_DEFAULT,MEDIUM,1.58,1.54,1,0
MIG-13706,order_items,383242.24,374.26,60149627,2341,MIXED_OLTP,ADD_INDEX_CONCURRENTLY,HIGH,1.38,4.79,1,0
MIG-13707,order_payments,36198.4,35.35,8701648,717,MIXED_OLTP,ADD_INDEX_CONCURRENTLY,MEDIUM,0.27,0.31,1,0
MIG-13708,order_items,353443.84,345.16,55471633,1027,WRITE_HEAVY,ADD_COLUMN_DEFAULT,MEDIUM,2.99,3.34,1,0
MIG-13709,order_payments,104704.0,102.25,25168111,2586,MIXED_OLTP,TABLE_REWRITE,HIGH,66.72,882.54,0,1
MIG-13710,order_shipments,69365.76,67.74,18064305,4848,READ_HEAVY,ADD_COLUMN_DEFAULT,CRITICAL,0.96,6.85,1,0
MIG-13711,order_payments,33136.64,32.36,7965391,616,WRITE_HEAVY,DROP_COLUMN,MEDIUM,0.45,0.43,1,0
MIG-13712,customer_sessions,20490.24,20.01,4572891,1934,READ_HEAVY,ADD_INDEX_CONCURRENTLY,HIGH,0.19,0.38,1,0
MIG-13713,order_payments,68720.64,67.11,16519059,3884,WRITE_HEAVY,ALTER_COLUMN_TYPE,CRITICAL,32.82,562.49,0,1
MIG-13714,order_shipments,88330.24,86.26,23002011,1225,WRITE_HEAVY,DROP_COLUMN,MEDIUM,0.71,1.24,1,0
MIG-13715,order_shipments,90572.8,88.45,23586730,1992,WRITE_HEAVY,TABLE_REWRITE,HIGH,54.9,551.99,0,1
MIG-13716,order_payments,63713.28,62.22,15316850,4158,MIXED_OLTP,ADD_COLUMN_DEFAULT,CRITICAL,0.9,7.0,1,0
MIG-13717,order_shipments,78059.52,76.23,20328069,1841,ANALYTICAL_BATCH,ADD_COLUMN_DEFAULT,HIGH,1.16,4.61,1,0
MIG-13718,customer_sessions,51589.12,50.38,11514424,237,ANALYTICAL_BATCH,ADD_INDEX_CONCURRENTLY,LOW,0.35,0.41,1,0
MIG-13719,order_items,622223.36,607.64,97657202,2215,WRITE_HEAVY,ADD_INDEX_CONCURRENTLY,HIGH,2.07,6.36,1,0
MIG-13720,order_items,163532.8,159.7,25666156,1815,READ_HEAVY,DROP_COLUMN,HIGH,1.06,3.19,1,0
MIG-13721,order_items,397445.12,388.13,62378340,1665,MIXED_OLTP,ADD_INDEX_LOCKING,HIGH,38.74,207.47,0,1
MIG-13722,order_shipments,67584.0,66.0,17598813,156,WRITE_HEAVY,ADD_INDEX_CONCURRENTLY,LOW,0.35,0.45,1,0
MIG-13723,order_items,273469.44,267.06,42921154,282,READ_HEAVY,ADD_INDEX_LOCKING,LOW,30.72,35.85,0,1
MIG-13724,order_shipments,22323.2,21.8,5814190,1745,WRITE_HEAVY,DROP_COLUMN,HIGH,0.28,0.87,1,0
MIG-13725,order_payments,32870.4,32.1,7900610,532,READ_HEAVY,ADD_COLUMN_DEFAULT,MEDIUM,0.66,0.77,1,0
MIG-13726,customer_sessions,43601.92,42.58,9732099,5084,MIXED_OLTP,ADD_INDEX_LOCKING,CRITICAL,9.37,187.71,0,1
MIG-13727,orders,202311.68,197.57,24696792,1470,WRITE_HEAVY,DROP_COLUMN,MEDIUM,1.51,3.08,1,0
MIG-13728,order_payments,110510.08,107.92,26565062,2266,WRITE_HEAVY,TABLE_REWRITE,HIGH,71.07,547.01,0,1
MIG-13729,order_payments,48302.08,47.17,11611931,341,MIXED_OLTP,ADD_INDEX_LOCKING,LOW,8.23,7.56,1,0
MIG-13730,customer_sessions,69683.2,68.05,15554798,1749,READ_HEAVY,ALTER_COLUMN_TYPE,HIGH,28.75,206.22,0,1
MIG-13731,order_shipments,49715.2,48.55,12946708,3187,WRITE_HEAVY,ADD_COLUMN_DEFAULT,CRITICAL,0.81,5.5,1,0
MIG-13732,order_items,612392.96,598.04,96113800,579,WRITE_HEAVY,ADD_INDEX_LOCKING,MEDIUM,55.95,101.97,0,1
MIG-13733,order_items,175667.2,171.55,27570930,690,ANALYTICAL_BATCH,TABLE_REWRITE,MEDIUM,102.5,120.43,0,1
MIG-13734,orders,234158.08,228.67,28584276,3278,READ_HEAVY,ADD_INDEX_CONCURRENTLY,CRITICAL,1.05,4.01,1,0
MIG-13735,customer_sessions,72939.52,71.23,16280069,2604,READ_HEAVY,ADD_COLUMN_DEFAULT,HIGH,1.03,2.35,1,0
MIG-13736,orders,231116.8,225.7,28212239,1270,READ_HEAVY,ALTER_COLUMN_TYPE,MEDIUM,65.59,106.48,0,1
MIG-13737,order_payments,123525.12,120.63,29694624,1231,ANALYTICAL_BATCH,ADD_COLUMN_DEFAULT,MEDIUM,1.61,2.55,1,0
MIG-13738,order_payments,69908.48,68.27,16805728,3718,WRITE_HEAVY,ADD_COLUMN_DEFAULT,CRITICAL,0.82,8.52,1,0
MIG-13739,order_items,482836.48,471.52,75780791,2047,WRITE_HEAVY,ADD_INDEX_LOCKING,HIGH,49.94,602.95,0,1
MIG-13740,orders,177295.36,173.14,21642357,858,READ_HEAVY,ALTER_COLUMN_TYPE,MEDIUM,57.74,55.92,0,1
MIG-13741,orders,143042.56,139.69,17460936,648,MIXED_OLTP,ADD_INDEX_CONCURRENTLY,MEDIUM,0.6,1.04,1,0
MIG-13742,order_shipments,100802.56,98.44,26251212,289,WRITE_HEAVY,ADD_COLUMN_DEFAULT,LOW,1.21,1.98,1,0
MIG-13743,order_items,264591.36,258.39,41526832,2303,WRITE_HEAVY,ADD_COLUMN_DEFAULT,HIGH,2.15,10.07,1,0
MIG-13744,orders,140533.76,137.24,17154888,1806,WRITE_HEAVY,ADD_INDEX_CONCURRENTLY,HIGH,0.6,2.34,1,0
MIG-13745,order_payments,134789.12,131.63,32402397,776,READ_HEAVY,ADD_INDEX_CONCURRENTLY,MEDIUM,0.56,0.87,1,0
MIG-13746,orders,113080.32,110.43,13803223,970,READ_HEAVY,ADD_INDEX_LOCKING,MEDIUM,14.48,21.68,1,0
MIG-13747,order_shipments,31098.88,30.37,8097912,596,READ_HEAVY,ALTER_COLUMN_TYPE,MEDIUM,17.83,21.82,1,0
MIG-13748,order_items,274677.76,268.24,43109979,335,WRITE_HEAVY,TABLE_REWRITE,LOW,142.88,126.35,0,1
MIG-13749,orders,217098.24,212.01,26501415,3864,MIXED_OLTP,TABLE_REWRITE,CRITICAL,101.4,3410.75,0,1
MIG-13750,orders,239339.52,233.73,29216058,2564,WRITE_HEAVY,TABLE_REWRITE,HIGH,107.97,735.49,0,1
MIG-13751,order_items,173752.32,169.68,27270043,1251,MIXED_OLTP,ADD_INDEX_CONCURRENTLY,MEDIUM,0.89,1.07,1,0
MIG-13752,order_items,435548.16,425.34,68358727,248,WRITE_HEAVY,ADD_COLUMN_DEFAULT,LOW,3.59,3.98,1,0
MIG-13753,order_payments,94586.88,92.37,22737862,241,ANALYTICAL_BATCH,ADD_INDEX_CONCURRENTLY,LOW,0.48,0.66,1,0
MIG-13754,order_items,459847.68,449.07,72172620,2291,READ_HEAVY,DROP_COLUMN,HIGH,2.61,8.03,1,0
MIG-13755,order_items,461015.04,450.21,72355566,540,READ_HEAVY,TABLE_REWRITE,MEDIUM,182.75,174.75,0,1
MIG-13756,orders,261365.76,255.24,31905621,692,WRITE_HEAVY,ADD_INDEX_CONCURRENTLY,MEDIUM,1.06,1.63,1,0
MIG-13757,orders,125798.4,122.85,15356288,3300,WRITE_HEAVY,ADD_COLUMN_DEFAULT,CRITICAL,1.63,11.62,1,0
MIG-13758,customer_sessions,33679.36,32.89,7516643,783,MIXED_OLTP,ADD_COLUMN_DEFAULT,MEDIUM,0.67,0.81,1,0
MIG-13759,orders,177704.96,173.54,21693082,2394,READ_HEAVY,ADD_INDEX_CONCURRENTLY,HIGH,0.77,2.32,1,0
MIG-13760,customer_sessions,42035.2,41.05,9383625,197,MIXED_OLTP,ALTER_COLUMN_TYPE,LOW,19.95,23.69,1,0
MIG-13761,order_items,359188.48,350.77,56374096,1022,READ_HEAVY,ADD_COLUMN_DEFAULT,MEDIUM,3.03,4.72,1,0
MIG-13762,orders,64471.04,62.96,7870478,4730,READ_HEAVY,ADD_COLUMN_DEFAULT,CRITICAL,0.84,4.16,1,0
MIG-13763,orders,81940.48,80.02,10002538,2512,MIXED_OLTP,TABLE_REWRITE,HIGH,61.3,438.92,0,1
MIG-13764,orders,256040.96,250.04,31255123,2296,READ_HEAVY,ADD_INDEX_CONCURRENTLY,HIGH,0.9,3.11,1,0
MIG-13765,order_payments,34805.76,33.99,8366793,1071,MIXED_OLTP,ADD_COLUMN_DEFAULT,MEDIUM,0.69,1.06,1,0
MIG-13766,order_items,419256.32,409.43,65801793,942,READ_HEAVY,ADD_INDEX_LOCKING,MEDIUM,44.05,52.98,0,1
MIG-13767,order_items,504125.44,492.31,79120577,997,WRITE_HEAVY,ADD_COLUMN_DEFAULT,MEDIUM,4.17,5.95,1,0
MIG-13768,order_payments,28047.36,27.39,6741669,418,MIXED_OLTP,DROP_COLUMN,LOW,0.32,0.43,1,0
MIG-13769,order_items,229652.48,224.27,36042599,975,WRITE_HEAVY,ADD_COLUMN_DEFAULT,MEDIUM,1.95,4.17,1,0
MIG-13770,customer_sessions,38666.24,37.76,8629837,851,WRITE_HEAVY,ADD_INDEX_CONCURRENTLY,MEDIUM,0.3,0.4,1,0
MIG-13771,customer_sessions,47032.32,45.93,10498171,484,WRITE_HEAVY,ADD_INDEX_CONCURRENTLY,LOW,0.26,0.35,1,0
MIG-13772,order_payments,67553.28,65.97,16237944,1416,READ_HEAVY,ALTER_COLUMN_TYPE,MEDIUM,22.67,45.85,0,1
MIG-13773,order_shipments,72263.68,70.57,18818383,444,READ_HEAVY,ADD_INDEX_CONCURRENTLY,LOW,0.37,0.4,1,0
MIG-13774,order_payments,53749.76,52.49,12920248,1320,WRITE_HEAVY,TABLE_REWRITE,MEDIUM,37.14,63.58,0,1
MIG-13775,order_items,127836.16,124.84,20064117,3957,WRITE_HEAVY,ADD_INDEX_CONCURRENTLY,CRITICAL,0.5,5.1,1,0
MIG-13776,order_payments,26808.32,26.18,6445246,5398,WRITE_HEAVY,ALTER_COLUMN_TYPE,CRITICAL,13.29,669.03,0,1
MIG-13777,orders,125573.12,122.63,15328824,361,WRITE_HEAVY,TABLE_REWRITE,LOW,67.56,65.55,0,1
MIG-13778,order_payments,69949.44,68.31,16815888,1390,WRITE_HEAVY,ADD_INDEX_CONCURRENTLY,MEDIUM,0.33,0.8,1,0
MIG-13779,customer_sessions,75530.24,73.76,16859899,1530,WRITE_HEAVY,DROP_COLUMN,HIGH,0.55,2.23,1,0
MIG-13780,orders,59054.08,57.67,7209079,142,MIXED_OLTP,ADD_INDEX_LOCKING,LOW,11.43,9.43,1,0
MIG-13781,order_shipments,62402.56,60.94,16249405,1531,MIXED_OLTP,DROP_COLUMN,HIGH,0.68,1.59,1,0
MIG-13782,customer_sessions,51609.6,50.4,11520511,498,WRITE_HEAVY,ALTER_COLUMN_TYPE,LOW,25.05,46.04,0,1
MIG-13783,orders,203816.96,199.04,24880425,1977,WRITE_HEAVY,ADD_INDEX_CONCURRENTLY,HIGH,0.73,3.28,1,0
MIG-13784,order_items,444334.08,433.92,69737502,539,WRITE_HEAVY,TABLE_REWRITE,MEDIUM,144.16,259.82,0,1
MIG-13785,customer_sessions,14858.24,14.51,3317208,2632,WRITE_HEAVY,DROP_COLUMN,HIGH,0.18,1.01,1,0
MIG-13786,customer_sessions,55101.44,53.81,12298750,1291,READ_HEAVY,ADD_COLUMN_DEFAULT,MEDIUM,0.78,1.48,1,0
MIG-13787,orders,120463.36,117.64,14704474,470,ANALYTICAL_BATCH,ADD_COLUMN_DEFAULT,LOW,1.4,1.47,1,0
MIG-13788,order_items,513566.72,501.53,80602385,1078,MIXED_OLTP,ADD_COLUMN_DEFAULT,MEDIUM,3.32,6.88,1,0
MIG-13789,order_payments,49192.96,48.04,11824923,1182,READ_HEAVY,ADD_COLUMN_DEFAULT,MEDIUM,0.86,1.73,1,0
MIG-13790,orders,207564.8,202.7,25337552,4544,WRITE_HEAVY,ADD_INDEX_CONCURRENTLY,CRITICAL,0.97,10.2,1,0
MIG-13791,order_items,437504.0,427.25,68665122,1206,MIXED_OLTP,ALTER_COLUMN_TYPE,MEDIUM,118.7,166.83,0,1
MIG-13792,orders,193423.36,188.89,23611853,306,ANALYTICAL_BATCH,ADD_COLUMN_DEFAULT,LOW,2.19,2.18,1,0
MIG-13793,orders,88064.0,86.0,10750587,532,WRITE_HEAVY,ADD_COLUMN_DEFAULT,MEDIUM,1.11,2.23,1,0
MIG-13794,order_items,460042.24,449.26,72203094,667,MIXED_OLTP,ALTER_COLUMN_TYPE,MEDIUM,102.5,145.71,0,1
MIG-13795,order_payments,114923.52,112.23,27624978,5325,WRITE_HEAVY,ALTER_COLUMN_TYPE,CRITICAL,46.59,884.76,0,1
MIG-13796,order_items,367267.84,358.66,57642231,1572,MIXED_OLTP,ADD_INDEX_LOCKING,HIGH,34.85,193.43,0,1
MIG-13797,order_payments,67399.68,65.82,16202531,134,WRITE_HEAVY,ADD_INDEX_CONCURRENTLY,LOW,0.33,0.37,1,0
MIG-13798,order_items,200642.56,195.94,31490942,1300,READ_HEAVY,ALTER_COLUMN_TYPE,MEDIUM,58.11,100.48,0,1
MIG-13799,orders,113285.12,110.63,13828934,2920,WRITE_HEAVY,ADD_INDEX_CONCURRENTLY,HIGH,0.47,2.65,1,0
MIG-13800,orders,218101.76,212.99,26623365,946,READ_HEAVY,ADD_COLUMN_DEFAULT,MEDIUM,2.46,4.0,1,0
MIG-13801,orders,139704.32,136.43,17053819,1712,READ_HEAVY,ALTER_COLUMN_TYPE,HIGH,46.57,353.71,0,1
MIG-13802,order_items,477358.08,466.17,74919772,1088,READ_HEAVY,ADD_INDEX_CONCURRENTLY,MEDIUM,1.37,2.32,1,0
MIG-13803,orders,212848.64,207.86,25982465,533,MIXED_OLTP,ADD_INDEX_CONCURRENTLY,MEDIUM,0.93,1.15,1,0
MIG-13804,orders,198266.88,193.62,24202596,860,WRITE_HEAVY,DROP_COLUMN,MEDIUM,1.48,2.73,1,0
MIG-13805,orders,198123.52,193.48,24185537,1063,MIXED_OLTP,ADD_COLUMN_DEFAULT,MEDIUM,2.01,2.72,1,0
MIG-13806,order_payments,99799.04,97.46,23991276,2820,WRITE_HEAVY,ADD_COLUMN_DEFAULT,HIGH,1.16,4.76,1,0
MIG-13807,order_items,382238.72,373.28,59992180,613,MIXED_OLTP,ADD_INDEX_LOCKING,MEDIUM,40.23,36.85,0,1
MIG-13808,customer_sessions,27095.04,26.46,6048560,2410,WRITE_HEAVY,ALTER_COLUMN_TYPE,HIGH,12.99,165.65,0,1
MIG-13809,order_payments,127600.64,124.61,30672737,528,READ_HEAVY,TABLE_REWRITE,MEDIUM,86.27,91.61,0,1
MIG-13810,order_items,612341.76,597.99,96105397,2197,READ_HEAVY,ADD_INDEX_CONCURRENTLY,HIGH,1.95,5.74,1,0
MIG-13811,orders,152330.24,148.76,18595069,1167,ANALYTICAL_BATCH,DROP_COLUMN,MEDIUM,1.05,1.63,1,0
MIG-13812,order_items,596326.4,582.35,93592339,536,READ_HEAVY,ALTER_COLUMN_TYPE,MEDIUM,149.06,135.9,0,1
MIG-13813,orders,269895.68,263.57,32945852,1238,WRITE_HEAVY,ADD_INDEX_CONCURRENTLY,MEDIUM,0.9,1.16,1,0
MIG-13814,order_items,365608.96,357.04,57381868,1485,MIXED_OLTP,ADD_COLUMN_DEFAULT,MEDIUM,2.8,3.77,1,0
MIG-13815,order_items,488529.92,477.08,76672785,217,WRITE_HEAVY,ADD_INDEX_CONCURRENTLY,LOW,1.79,2.38,1,0
MIG-13816,order_items,446945.28,436.47,70147017,1257,WRITE_HEAVY,ADD_INDEX_CONCURRENTLY,MEDIUM,1.71,2.1,1,0
MIG-13817,orders,101632.0,99.25,12406150,313,READ_HEAVY,ADD_INDEX_CONCURRENTLY,LOW,0.43,0.46,1,0
MIG-13818,order_payments,32266.24,31.51,7756175,1418,MIXED_OLTP,ADD_INDEX_LOCKING,MEDIUM,7.1,7.33,1,0
MIG-13819,order_shipments,56033.28,54.72,14592474,1086,ANALYTICAL_BATCH,DROP_COLUMN,MEDIUM,0.64,0.88,1,0
MIG-13820,order_payments,120934.4,118.1,29071503,2704,ANALYTICAL_BATCH,ADD_INDEX_CONCURRENTLY,HIGH,0.56,3.47,1,0
MIG-13821,order_items,282490.88,275.87,44335907,3402,WRITE_HEAVY,DROP_COLUMN,CRITICAL,1.52,9.55,1,0
MIG-13822,order_items,519536.64,507.36,81539536,3638,WRITE_HEAVY,ADD_INDEX_CONCURRENTLY,CRITICAL,1.69,12.49,1,0
MIG-13823,orders,193986.56,189.44,23679645,4100,MIXED_OLTP,ADD_INDEX_CONCURRENTLY,CRITICAL,0.71,5.45,1,0
MIG-13824,order_payments,109957.12,107.38,26431590,5259,WRITE_HEAVY,ALTER_COLUMN_TYPE,CRITICAL,34.95,1343.26,0,1
MIG-13825,order_items,262154.24,256.01,41145011,354,READ_HEAVY,ADD_COLUMN_DEFAULT,LOW,2.08,2.68,1,0
MIG-13826,orders,153118.72,149.53,18691279,712,ANALYTICAL_BATCH,ADD_INDEX_LOCKING,MEDIUM,22.78,27.16,1,0
MIG-13827,order_items,208465.92,203.58,32718007,1385,WRITE_HEAVY,ADD_COLUMN_DEFAULT,MEDIUM,2.32,3.7,1,0
MIG-13828,customer_sessions,30238.72,29.53,6750759,347,READ_HEAVY,ADD_INDEX_CONCURRENTLY,LOW,0.21,0.33,1,0
MIG-13829,order_items,161054.72,157.28,25277853,2128,MIXED_OLTP,ALTER_COLUMN_TYPE,HIGH,48.53,521.3,0,1
MIG-13830,order_items,180111.36,175.89,28268645,3960,READ_HEAVY,ADD_INDEX_CONCURRENTLY,CRITICAL,0.78,5.72,1,0
MIG-13831,order_items,223334.4,218.1,35051591,2549,ANALYTICAL_BATCH,ADD_COLUMN_DEFAULT,HIGH,2.34,9.09,1,0
MIG-13832,order_items,414146.56,404.44,64998971,5203,READ_HEAVY,ADD_INDEX_LOCKING,CRITICAL,32.54,807.02,0,1
MIG-13833,order_items,342394.88,334.37,53738100,2252,WRITE_HEAVY,DROP_COLUMN,HIGH,1.81,7.26,1,0
MIG-13834,orders,108195.84,105.66,13207366,1344,MIXED_OLTP,TABLE_REWRITE,MEDIUM,75.13,152.56,0,1
MIG-13835,order_items,559104.0,546.0,87750108,382,MIXED_OLTP,TABLE_REWRITE,LOW,217.25,197.99,0,1
MIG-13836,order_payments,89538.56,87.44,21524253,3184,ANALYTICAL_BATCH,ADD_INDEX_CONCURRENTLY,CRITICAL,0.43,3.82,1,0
MIG-13837,orders,253327.36,247.39,30923955,2683,READ_HEAVY,ADD_INDEX_CONCURRENTLY,HIGH,0.99,3.12,1,0
MIG-13838,order_payments,102696.96,100.29,24686990,1060,READ_HEAVY,DROP_COLUMN,MEDIUM,0.96,1.04,1,0
MIG-13839,orders,52643.84,51.41,6426265,312,WRITE_HEAVY,ADD_INDEX_CONCURRENTLY,LOW,0.31,0.35,1,0
MIG-13840,order_payments,136069.12,132.88,32708099,2419,WRITE_HEAVY,ADD_COLUMN_DEFAULT,HIGH,1.41,6.99,1,0
MIG-13841,order_items,557219.84,544.16,87454530,1591,ANALYTICAL_BATCH,ADD_COLUMN_DEFAULT,HIGH,4.4,13.41,1,0
MIG-13842,order_payments,102737.92,100.33,24695811,1407,ANALYTICAL_BATCH,ALTER_COLUMN_TYPE,MEDIUM,32.92,69.86,0,1
MIG-13843,order_items,390686.72,381.53,61316658,5188,READ_HEAVY,ALTER_COLUMN_TYPE,CRITICAL,102.0,1655.14,0,1
MIG-13844,customer_sessions,43550.72,42.53,9722135,1498,ANALYTICAL_BATCH,ADD_INDEX_CONCURRENTLY,MEDIUM,0.24,0.54,1,0
MIG-13845,order_items,363540.48,355.02,57056162,4502,READ_HEAVY,ADD_INDEX_CONCURRENTLY,CRITICAL,1.44,9.07,1,0
MIG-13846,order_payments,118784.0,116.0,28553554,1859,MIXED_OLTP,TABLE_REWRITE,HIGH,77.18,461.98,0,1
MIG-13847,order_payments,88104.96,86.04,21178478,2400,READ_HEAVY,ADD_INDEX_CONCURRENTLY,HIGH,0.39,1.74,1,0
MIG-13848,orders,88084.48,86.02,10752666,3704,MIXED_OLTP,ADD_INDEX_CONCURRENTLY,CRITICAL,0.47,3.3,1,0
MIG-13849,orders,62023.68,60.57,7570794,2264,MIXED_OLTP,ADD_INDEX_CONCURRENTLY,HIGH,0.35,1.25,1,0
MIG-13850,order_items,179814.4,175.6,28221088,1301,READ_HEAVY,ADD_COLUMN_DEFAULT,MEDIUM,1.99,3.93,1,0
MIG-13851,orders,104765.44,102.31,12788909,3434,MIXED_OLTP,ADD_INDEX_CONCURRENTLY,CRITICAL,0.57,3.93,1,0
MIG-13852,order_items,304476.16,297.34,47786463,954,READ_HEAVY,ADD_COLUMN_DEFAULT,MEDIUM,2.27,3.54,1,0
MIG-13853,order_items,575262.72,561.78,90285696,294,MIXED_OLTP,ADD_INDEX_CONCURRENTLY,LOW,1.79,1.57,1,0
MIG-13854,order_items,238080.0,232.5,37366065,2894,WRITE_HEAVY,ADD_INDEX_LOCKING,HIGH,25.83,340.53,0,1
MIG-13855,orders,119838.72,117.03,14629161,1036,WRITE_HEAVY,ADD_INDEX_CONCURRENTLY,MEDIUM,0.52,0.99,1,0
MIG-13856,order_shipments,36925.44,36.06,9617114,840,MIXED_OLTP,ADD_INDEX_LOCKING,MEDIUM,6.57,7.83,1,0
MIG-13857,order_items,396339.2,387.05,62205087,883,MIXED_OLTP,DROP_COLUMN,MEDIUM,1.99,2.95,1,0
MIG-13858,order_payments,100556.8,98.2,24172096,221,ANALYTICAL_BATCH,ADD_COLUMN_DEFAULT,LOW,1.02,1.18,1,0
MIG-13859,orders,166850.56,162.94,20367443,159,WRITE_HEAVY,TABLE_REWRITE,LOW,78.73,104.22,0,1
MIG-13860,order_items,605941.76,591.74,95100388,2565,WRITE_HEAVY,ADD_COLUMN_DEFAULT,HIGH,4.19,22.31,1,0
MIG-13861,orders,269312.0,263.0,32875206,1262,READ_HEAVY,ADD_INDEX_CONCURRENTLY,MEDIUM,0.96,2.09,1,0
MIG-13862,order_payments,126955.52,123.98,30517004,1798,MIXED_OLTP,DROP_COLUMN,HIGH,0.95,2.62,1,0
MIG-13863,order_items,530298.88,517.87,83228987,956,ANALYTICAL_BATCH,ADD_INDEX_CONCURRENTLY,MEDIUM,1.69,3.44,1,0
MIG-13864,customer_sessions,37949.44,37.06,8471159,1252,MIXED_OLTP,ADD_INDEX_CONCURRENTLY,MEDIUM,0.22,0.55,1,0
MIG-13865,order_items,413911.04,404.21,64962463,1200,READ_HEAVY,ALTER_COLUMN_TYPE,MEDIUM,89.22,210.94,0,1
MIG-13866,order_items,296079.36,289.14,46469265,579,MIXED_OLTP,ALTER_COLUMN_TYPE,MEDIUM,71.34,61.41,0,1
MIG-13867,orders,222638.08,217.42,27177607,3117,WRITE_HEAVY,ADD_COLUMN_DEFAULT,CRITICAL,1.96,13.53,1,0
MIG-13868,order_items,203366.4,198.6,31918322,3177,ANALYTICAL_BATCH,ADD_COLUMN_DEFAULT,CRITICAL,2.34,17.18,1,0
MIG-13869,order_items,226508.8,221.2,35550408,1004,READ_HEAVY,DROP_COLUMN,MEDIUM,1.58,1.87,1,0
MIG-13870,order_items,134656.0,131.5,21134219,465,READ_HEAVY,ADD_INDEX_CONCURRENTLY,LOW,0.65,0.53,1,0
MIG-13871,orders,183838.72,179.53,22441371,1610,READ_HEAVY,ADD_INDEX_CONCURRENTLY,HIGH,0.75,1.41,1,0
MIG-13872,orders,201441.28,196.72,24590532,1201,MIXED_OLTP,DROP_COLUMN,MEDIUM,1.49,2.48,1,0
MIG-13873,orders,49899.52,48.73,6090781,1233,WRITE_HEAVY,ADD_COLUMN_DEFAULT,MEDIUM,0.71,1.24,1,0
MIG-13874,customer_sessions,47288.32,46.18,10555315,1463,WRITE_HEAVY,ADD_INDEX_CONCURRENTLY,MEDIUM,0.31,0.49,1,0
MIG-13875,order_items,309186.56,301.94,48526837,2371,MIXED_OLTP,DROP_COLUMN,HIGH,1.87,7.9,1,0
MIG-13876,orders,224409.6,219.15,27394281,1454,ANALYTICAL_BATCH,DROP_COLUMN,MEDIUM,1.41,3.32,1,0
MIG-13877,customer_sessions,16844.8,16.45,3760026,4128,READ_HEAVY,ADD_COLUMN_DEFAULT,CRITICAL,0.36,2.96,1,0
MIG-13878,orders,59893.76,58.49,7311273,765,WRITE_HEAVY,TABLE_REWRITE,MEDIUM,45.09,60.67,0,1
MIG-13879,order_items,434780.16,424.59,68236936,1472,READ_HEAVY,ADD_INDEX_LOCKING,MEDIUM,42.38,82.24,0,1
MIG-13880,order_payments,97505.28,95.22,23439199,4303,WRITE_HEAVY,DROP_COLUMN,CRITICAL,0.86,5.94,1,0
MIG-13881,order_shipments,87367.68,85.32,22751544,826,WRITE_HEAVY,ADD_INDEX_CONCURRENTLY,MEDIUM,0.51,0.64,1,0
MIG-13882,order_payments,97587.2,95.3,23457286,357,WRITE_HEAVY,DROP_COLUMN,LOW,0.94,0.85,1,0
MIG-13883,order_items,604651.52,590.48,94899037,269,READ_HEAVY,DROP_COLUMN,LOW,2.75,2.7,1,0
MIG-13884,customer_sessions,34621.44,33.81,7727138,2621,WRITE_HEAVY,DROP_COLUMN,HIGH,0.47,1.2,1,0
MIG-13885,orders,137164.8,133.95,16743877,1237,WRITE_HEAVY,DROP_COLUMN,MEDIUM,0.99,1.72,1,0
MIG-13886,customer_sessions,77404.16,75.59,17278515,518,WRITE_HEAVY,ADD_INDEX_CONCURRENTLY,MEDIUM,0.45,0.4,1,0
MIG-13887,order_shipments,27351.04,26.71,7122523,310,READ_HEAVY,ADD_COLUMN_DEFAULT,LOW,0.46,0.54,1,0
MIG-13888,customer_sessions,65679.36,64.14,14661029,441,WRITE_HEAVY,ALTER_COLUMN_TYPE,LOW,29.79,39.19,0,1
MIG-13889,orders,51712.0,50.5,6312355,1158,WRITE_HEAVY,ADD_INDEX_CONCURRENTLY,MEDIUM,0.34,0.5,1,0
MIG-13890,orders,156764.16,153.09,19135857,1220,READ_HEAVY,DROP_COLUMN,MEDIUM,1.04,1.75,1,0
MIG-13891,order_payments,45004.8,43.95,10817987,1476,MIXED_OLTP,ALTER_COLUMN_TYPE,MEDIUM,19.36,46.98,0,1
MIG-13892,order_items,423761.92,413.83,66507798,843,MIXED_OLTP,ADD_INDEX_CONCURRENTLY,MEDIUM,1.5,2.78,1,0
MIG-13893,order_items,526622.72,514.28,82651767,2543,READ_HEAVY,TABLE_REWRITE,HIGH,172.46,1473.8,0,1
MIG-13894,customer_sessions,16465.92,16.08,3675809,1544,MIXED_OLTP,ALTER_COLUMN_TYPE,HIGH,9.76,66.09,0,1
MIG-13895,order_items,199208.96,194.54,31265590,1726,MIXED_OLTP,ADD_INDEX_LOCKING,HIGH,26.62,141.32,0,1
MIG-13896,order_items,291512.32,284.68,45751440,1197,MIXED_OLTP,ADD_INDEX_LOCKING,MEDIUM,27.07,61.11,0,1
MIG-13897,order_items,246702.08,240.92,38719716,709,READ_HEAVY,ALTER_COLUMN_TYPE,MEDIUM,65.68,82.75,0,1
MIG-13898,orders,133918.72,130.78,16346937,2680,WRITE_HEAVY,ADD_INDEX_CONCURRENTLY,HIGH,0.65,2.56,1,0
MIG-13899,orders,259686.4,253.6,31700444,447,WRITE_HEAVY,DROP_COLUMN,LOW,1.58,1.99,1,0
MIG-13900,orders,71536.64,69.86,8732565,2840,WRITE_HEAVY,ADD_COLUMN_DEFAULT,HIGH,1.11,4.19,1,0
MIG-13901,order_shipments,53544.96,52.29,13942893,547,READ_HEAVY,ALTER_COLUMN_TYPE,MEDIUM,22.53,32.56,0,1
MIG-13902,order_payments,81387.52,79.48,19564231,825,ANALYTICAL_BATCH,ADD_COLUMN_DEFAULT,MEDIUM,1.24,1.41,1,0
MIG-13903,order_items,259368.96,253.29,40707706,4272,WRITE_HEAVY,ADD_INDEX_LOCKING,CRITICAL,25.95,735.29,0,1
MIG-13904,order_items,258426.88,252.37,40559031,515,READ_HEAVY,ADD_INDEX_CONCURRENTLY,MEDIUM,1.17,0.98,1,0
MIG-13905,order_payments,112261.12,109.63,26984862,462,ANALYTICAL_BATCH,ADD_INDEX_CONCURRENTLY,LOW,0.46,0.41,1,0
MIG-13906,order_shipments,69683.2,68.05,18145427,5413,READ_HEAVY,ALTER_COLUMN_TYPE,CRITICAL,23.76,672.49,0,1
MIG-13907,order_shipments,85852.16,83.84,22357171,1276,WRITE_HEAVY,ADD_COLUMN_DEFAULT,MEDIUM,1.23,2.32,1,0
MIG-13908,order_items,323747.84,316.16,50810931,777,ANALYTICAL_BATCH,ADD_COLUMN_DEFAULT,MEDIUM,2.47,4.23,1,0
MIG-13909,order_shipments,68751.36,67.14,17904958,615,WRITE_HEAVY,ADD_INDEX_LOCKING,MEDIUM,12.83,16.94,1,0
MIG-13910,order_items,575866.88,562.37,90380639,1326,WRITE_HEAVY,ADD_INDEX_CONCURRENTLY,MEDIUM,1.83,2.93,1,0
MIG-13911,order_items,554055.68,541.07,86957606,1240,READ_HEAVY,ADD_COLUMN_DEFAULT,MEDIUM,4.16,8.31,1,0
MIG-13912,order_shipments,94740.48,92.52,24672505,2918,WRITE_HEAVY,ADD_COLUMN_DEFAULT,HIGH,1.19,3.91,1,0
MIG-13913,order_items,253501.44,247.56,39786976,2073,MIXED_OLTP,ALTER_COLUMN_TYPE,HIGH,77.18,464.93,0,1
MIG-13914,order_items,623257.6,608.65,97819115,668,WRITE_HEAVY,ADD_INDEX_CONCURRENTLY,MEDIUM,2.03,2.41,1,0
MIG-13915,order_items,536023.04,523.46,84127583,2851,MIXED_OLTP,ADD_COLUMN_DEFAULT,HIGH,3.26,14.55,1,0
MIG-13916,order_items,524881.92,512.58,82379432,1661,WRITE_HEAVY,TABLE_REWRITE,HIGH,195.21,1307.51,0,1
MIG-13917,order_items,459223.04,448.46,72073866,329,ANALYTICAL_BATCH,ALTER_COLUMN_TYPE,LOW,122.06,132.76,0,1
MIG-13918,order_payments,144424.96,141.04,34718117,971,WRITE_HEAVY,DROP_COLUMN,MEDIUM,0.94,1.66,1,0
MIG-13919,order_items,342579.2,334.55,53766621,319,ANALYTICAL_BATCH,ADD_COLUMN_DEFAULT,LOW,3.08,3.31,1,0
MIG-13920,orders,213166.08,208.17,26021561,902,WRITE_HEAVY,ALTER_COLUMN_TYPE,MEDIUM,60.01,89.13,0,1
MIG-13921,order_shipments,76390.4,74.6,19894323,1513,MIXED_OLTP,TABLE_REWRITE,HIGH,55.21,564.33,0,1
MIG-13922,order_items,492513.28,480.97,77299201,2432,MIXED_OLTP,TABLE_REWRITE,HIGH,182.0,2964.63,0,1
MIG-13923,customer_sessions,62812.16,61.34,14021093,3624,READ_HEAVY,DROP_COLUMN,CRITICAL,0.53,2.98,1,0
MIG-13924,orders,91340.8,89.2,11150409,617,WRITE_HEAVY,ADD_INDEX_LOCKING,MEDIUM,14.7,19.59,1,0
MIG-13925,order_items,294830.08,287.92,46273169,265,READ_HEAVY,ADD_INDEX_LOCKING,LOW,29.85,27.78,0,1
MIG-13926,order_items,317132.8,309.7,49772573,216,READ_HEAVY,ADD_INDEX_LOCKING,LOW,35.94,39.19,0,1
MIG-13927,order_shipments,80476.16,78.59,20956795,1223,READ_HEAVY,ADD_INDEX_LOCKING,MEDIUM,13.56,22.73,1,0
MIG-13928,orders,207575.04,202.71,25338695,862,READ_HEAVY,ADD_INDEX_CONCURRENTLY,MEDIUM,0.93,1.17,1,0
MIG-13929,order_shipments,87552.0,85.5,22800710,1020,ANALYTICAL_BATCH,ADD_INDEX_LOCKING,MEDIUM,14.51,16.55,1,0
MIG-13930,order_items,521635.84,509.41,81870051,2227,ANALYTICAL_BATCH,ADD_COLUMN_DEFAULT,HIGH,3.83,16.27,1,0
MIG-13931,order_items,422297.6,412.4,66278744,441,READ_HEAVY,ADD_INDEX_CONCURRENTLY,LOW,1.41,1.59,1,0
MIG-13932,order_items,186910.72,182.53,29335827,141,WRITE_HEAVY,ADD_INDEX_CONCURRENTLY,LOW,0.87,0.75,1,0
MIG-13933,orders,189706.24,185.26,23157291,113,WRITE_HEAVY,ADD_INDEX_CONCURRENTLY,LOW,0.76,1.06,1,0
MIG-13934,order_items,572497.92,559.08,89851801,2800,MIXED_OLTP,ADD_COLUMN_DEFAULT,HIGH,4.33,15.96,1,0
MIG-13935,orders,191416.32,186.93,23365707,822,ANALYTICAL_BATCH,ADD_INDEX_CONCURRENTLY,MEDIUM,0.94,1.23,1,0
MIG-13936,order_items,576921.6,563.4,90545740,387,READ_HEAVY,DROP_COLUMN,LOW,3.35,3.41,1,0
MIG-13937,order_items,630292.48,615.52,98923294,1097,WRITE_HEAVY,TABLE_REWRITE,MEDIUM,195.2,428.47,0,1
MIG-13938,order_items,300072.96,293.04,47095380,1263,READ_HEAVY,ADD_INDEX_CONCURRENTLY,MEDIUM,1.17,1.43,1,0
MIG-13939,orders,209131.52,204.23,25528821,1158,READ_HEAVY,ADD_INDEX_CONCURRENTLY,MEDIUM,0.92,1.39,1,0
MIG-13940,orders,168581.12,164.63,20578883,1866,ANALYTICAL_BATCH,ADD_INDEX_CONCURRENTLY,HIGH,0.79,1.91,1,0
MIG-13941,orders,149780.48,146.27,18284238,1002,MIXED_OLTP,ADD_INDEX_LOCKING,MEDIUM,18.8,28.22,0,1
MIG-13942,orders,102205.44,99.81,12476411,222,WRITE_HEAVY,ADD_INDEX_CONCURRENTLY,LOW,0.56,0.55,1,0
MIG-13943,order_items,241602.56,235.94,37919082,898,WRITE_HEAVY,ADD_INDEX_CONCURRENTLY,MEDIUM,1.04,1.87,1,0
MIG-13944,orders,90060.8,87.95,10994251,317,WRITE_HEAVY,ADD_INDEX_CONCURRENTLY,LOW,0.43,0.86,1,0
MIG-13945,order_shipments,70809.6,69.15,18440043,3178,MIXED_OLTP,ADD_INDEX_CONCURRENTLY,CRITICAL,0.35,3.11,1,0
MIG-13946,orders,80568.32,78.68,9835433,1546,MIXED_OLTP,ADD_INDEX_LOCKING,HIGH,11.47,68.77,0,1
MIG-13947,orders,144568.32,141.18,17647434,1196,WRITE_HEAVY,ADD_INDEX_LOCKING,MEDIUM,16.91,46.57,0,1
MIG-13948,order_shipments,61839.36,60.39,16103997,588,WRITE_HEAVY,ADD_COLUMN_DEFAULT,MEDIUM,1.03,1.15,1,0
MIG-13949,orders,146083.84,142.66,17832330,1403,ANALYTICAL_BATCH,ADD_COLUMN_DEFAULT,MEDIUM,1.34,3.02,1,0
MIG-13950,order_items,555909.12,542.88,87249290,1142,MIXED_OLTP,DROP_COLUMN,MEDIUM,3.2,3.52,1,0
MIG-13951,customer_sessions,42926.08,41.92,9581638,1308,READ_HEAVY,TABLE_REWRITE,MEDIUM,38.44,58.17,0,1
MIG-13952,customer_sessions,19681.28,19.22,4392782,2207,READ_HEAVY,ADD_INDEX_LOCKING,HIGH,3.99,35.71,0,1
MIG-13953,order_payments,145500.16,142.09,34975346,2551,ANALYTICAL_BATCH,ADD_INDEX_LOCKING,HIGH,22.28,294.56,0,1
MIG-13954,orders,236052.48,230.52,28814556,685,MIXED_OLTP,TABLE_REWRITE,MEDIUM,128.48,170.43,0,1
MIG-13955,order_items,455331.84,444.66,71463522,2451,ANALYTICAL_BATCH,ADD_COLUMN_DEFAULT,HIGH,3.93,17.17,1,0
MIG-13956,customer_sessions,63129.6,61.65,14091060,224,WRITE_HEAVY,ADD_INDEX_CONCURRENTLY,LOW,0.32,0.43,1,0
MIG-13957,customer_sessions,22609.92,22.08,5045946,1272,WRITE_HEAVY,ADD_INDEX_LOCKING,MEDIUM,5.95,7.71,1,0
MIG-13958,orders,218562.56,213.44,26679699,246,WRITE_HEAVY,ADD_INDEX_CONCURRENTLY,LOW,1.06,0.87,1,0
MIG-13959,order_items,221911.04,216.71,34827664,1276,MIXED_OLTP,ADD_COLUMN_DEFAULT,MEDIUM,2.29,4.98,1,0
MIG-13960,order_items,367042.56,358.44,57607066,1394,MIXED_OLTP,ADD_INDEX_LOCKING,MEDIUM,37.87,75.71,0,1
MIG-13961,orders,88514.56,86.44,10805535,3017,WRITE_HEAVY,DROP_COLUMN,CRITICAL,0.72,4.65,1,0
MIG-13962,order_payments,116930.56,114.19,28109006,562,ANALYTICAL_BATCH,ADD_COLUMN_DEFAULT,MEDIUM,1.16,1.94,1,0
MIG-13963,orders,103546.88,101.12,12640214,857,ANALYTICAL_BATCH,ADD_COLUMN_DEFAULT,MEDIUM,1.39,1.74,1,0
MIG-13964,order_items,245370.88,239.62,38509881,318,WRITE_HEAVY,ADD_INDEX_CONCURRENTLY,LOW,0.96,0.73,1,0
MIG-13965,orders,73308.16,71.59,8949003,447,READ_HEAVY,ADD_INDEX_CONCURRENTLY,LOW,0.43,0.47,1,0
MIG-13966,order_items,486594.56,475.19,76369123,939,MIXED_OLTP,ADD_COLUMN_DEFAULT,MEDIUM,3.17,5.13,1,0
MIG-13967,orders,114585.6,111.9,13987805,440,WRITE_HEAVY,ADD_INDEX_CONCURRENTLY,LOW,0.49,0.74,1,0
MIG-13968,order_items,382167.04,373.21,59980681,1229,MIXED_OLTP,TABLE_REWRITE,MEDIUM,153.06,387.53,0,1
MIG-13969,orders,122634.24,119.76,14970576,383,WRITE_HEAVY,ADD_COLUMN_DEFAULT,LOW,1.54,1.79,1,0
MIG-13970,customer_sessions,64317.44,62.81,14355698,463,ANALYTICAL_BATCH,ALTER_COLUMN_TYPE,LOW,28.26,35.27,1,0
MIG-13971,orders,99246.08,96.92,12115058,1963,MIXED_OLTP,TABLE_REWRITE,HIGH,58.37,621.88,0,1
MIG-13972,order_items,600248.32,586.18,94207594,4674,ANALYTICAL_BATCH,ADD_COLUMN_DEFAULT,CRITICAL,3.65,40.82,1,0
MIG-13973,orders,120227.84,117.41,14676179,419,MIXED_OLTP,ADD_COLUMN_DEFAULT,LOW,1.25,1.08,1,0
MIG-13974,orders,72120.32,70.43,8803993,2952,WRITE_HEAVY,ALTER_COLUMN_TYPE,HIGH,28.58,243.43,0,1
MIG-13975,orders,102307.84,99.91,12488241,1847,READ_HEAVY,ADD_INDEX_CONCURRENTLY,HIGH,0.62,1.41,1,0
MIG-13976,orders,65505.28,63.97,7996405,1286,MIXED_OLTP,ADD_COLUMN_DEFAULT,MEDIUM,1.01,1.27,1,0
MIG-13977,orders,152832.0,149.25,18655945,1836,WRITE_HEAVY,ADD_INDEX_CONCURRENTLY,HIGH,0.63,2.31,1,0
MIG-13978,order_items,243845.12,238.13,38270348,1462,MIXED_OLTP,ADD_INDEX_LOCKING,MEDIUM,27.34,30.63,0,1
MIG-13979,order_payments,132782.08,129.67,31918126,4339,WRITE_HEAVY,ALTER_COLUMN_TYPE,CRITICAL,48.1,554.59,0,1
MIG-13980,orders,163532.8,159.7,19962472,450,WRITE_HEAVY,DROP_COLUMN,LOW,1.21,2.02,1,0
MIG-13981,order_items,235130.88,229.62,36902844,1071,READ_HEAVY,ADD_COLUMN_DEFAULT,MEDIUM,2.12,3.05,1,0
MIG-13982,order_items,347586.56,339.44,54552896,1613,MIXED_OLTP,DROP_COLUMN,HIGH,2.32,4.51,1,0
MIG-13983,orders,92497.92,90.33,11291845,3878,READ_HEAVY,DROP_COLUMN,CRITICAL,0.83,5.68,1,0
MIG-13984,order_items,206929.92,202.08,32477079,1109,READ_HEAVY,DROP_COLUMN,MEDIUM,1.32,1.66,1,0
MIG-13985,orders,115650.56,112.94,14117724,4509,READ_HEAVY,TABLE_REWRITE,CRITICAL,67.35,1527.01,0,1
MIG-13986,orders,73103.36,71.39,8924139,2325,MIXED_OLTP,ADD_INDEX_CONCURRENTLY,HIGH,0.48,1.41,1,0
MIG-13987,order_items,212049.92,207.08,33280450,2563,READ_HEAVY,ADD_INDEX_CONCURRENTLY,HIGH,0.83,2.46,1,0
MIG-13988,customer_sessions,74854.4,73.1,16707874,2365,READ_HEAVY,ADD_INDEX_CONCURRENTLY,HIGH,0.44,1.31,1,0
MIG-13989,customer_sessions,57354.24,56.01,12801957,1770,READ_HEAVY,DROP_COLUMN,HIGH,0.59,1.5,1,0
MIG-13990,customer_sessions,73758.72,72.03,16463878,578,READ_HEAVY,ALTER_COLUMN_TYPE,MEDIUM,28.61,29.17,0,1
MIG-13991,order_items,247244.8,241.45,38804602,1932,WRITE_HEAVY,ADD_COLUMN_DEFAULT,HIGH,2.35,9.45,1,0
MIG-13992,orders,238704.64,233.11,29139360,155,MIXED_OLTP,ADD_COLUMN_DEFAULT,LOW,2.62,2.29,1,0
MIG-13993,order_items,301660.16,294.59,47344097,4749,WRITE_HEAVY,TABLE_REWRITE,CRITICAL,114.4,3173.02,0,1
MIG-13994,orders,81049.6,79.15,9893264,2965,MIXED_OLTP,ADD_INDEX_CONCURRENTLY,HIGH,0.37,1.57,1,0
MIG-13995,orders,227143.68,221.82,27727091,2890,MIXED_OLTP,ALTER_COLUMN_TYPE,HIGH,59.63,792.9,0,1
MIG-13996,orders,62341.12,60.88,7610553,326,READ_HEAVY,TABLE_REWRITE,LOW,51.88,45.8,0,1
MIG-13997,order_items,323635.2,316.05,50793079,1384,MIXED_OLTP,ADD_INDEX_LOCKING,MEDIUM,33.13,56.39,0,1
MIG-13998,order_items,537528.32,524.93,84364488,1157,MIXED_OLTP,ADD_COLUMN_DEFAULT,MEDIUM,4.18,7.05,1,0
MIG-13999,orders,185661.44,181.31,22663992,629,WRITE_HEAVY,DROP_COLUMN,MEDIUM,1.24,2.08,1,0
MIG-14000,order_payments,88688.64,86.61,21320292,2379,MIXED_OLTP,ADD_INDEX_CONCURRENTLY,HIGH,0.4,1.82,1,0
MIG-14001,order_items,297195.52,290.23,46644347,4424,ANALYTICAL_BATCH,ADD_INDEX_CONCURRENTLY,CRITICAL,1.0,12.78,1,0
MIG-14002,order_shipments,24657.92,24.08,6421205,2325,WRITE_HEAVY,ADD_INDEX_CONCURRENTLY,HIGH,0.22,0.74,1,0
MIG-14003,orders,268339.2,262.05,32756243,1300,WRITE_HEAVY,ADD_INDEX_CONCURRENTLY,MEDIUM,0.92,1.8,1,0
MIG-14004,order_items,204892.16,200.09,32156671,5465,READ_HEAVY,TABLE_REWRITE,CRITICAL,116.87,1755.68,0,1
MIG-14005,orders,105625.6,103.15,12893328,3593,READ_HEAVY,DROP_COLUMN,CRITICAL,0.74,5.18,1,0
MIG-14006,order_items,236441.6,230.9,37109176,1525,READ_HEAVY,ADD_COLUMN_DEFAULT,HIGH,2.59,4.0,1,0
MIG-14007,orders,249978.88,244.12,30514417,1143,READ_HEAVY,DROP_COLUMN,MEDIUM,1.37,2.75,1,0
MIG-14008,orders,218071.04,212.96,26619586,1665,MIXED_OLTP,DROP_COLUMN,HIGH,1.56,4.41,1,0
MIG-14009,order_items,350709.76,342.49,55043713,927,WRITE_HEAVY,ADD_INDEX_CONCURRENTLY,MEDIUM,1.19,2.27,1,0
MIG-14010,orders,260474.88,254.37,31796421,472,READ_HEAVY,ADD_INDEX_CONCURRENTLY,LOW,1.08,2.01,1,0
MIG-14011,orders,60825.6,59.4,7425151,2494,MIXED_OLTP,ADD_COLUMN_DEFAULT,HIGH,0.83,2.29,1,0
MIG-14012,customer_sessions,71987.2,70.3,16068853,2906,READ_HEAVY,ALTER_COLUMN_TYPE,HIGH,31.18,155.05,0,1
MIG-14013,orders,62515.2,61.05,7631538,532,READ_HEAVY,ADD_INDEX_CONCURRENTLY,MEDIUM,0.39,0.43,1,0
MIG-14014,order_items,316549.12,309.13,49681586,4766,WRITE_HEAVY,ALTER_COLUMN_TYPE,CRITICAL,89.86,1724.46,0,1
MIG-14015,order_items,142561.28,139.22,22374395,3782,WRITE_HEAVY,DROP_COLUMN,CRITICAL,1.22,8.33,1,0
MIG-14016,orders,270110.72,263.78,32972162,574,READ_HEAVY,ADD_COLUMN_DEFAULT,MEDIUM,2.36,3.74,1,0
MIG-14017,order_items,586598.4,572.85,92065549,222,READ_HEAVY,ADD_INDEX_CONCURRENTLY,LOW,1.79,2.03,1,0
MIG-14018,orders,178503.68,174.32,21789571,473,MIXED_OLTP,ADD_COLUMN_DEFAULT,LOW,2.03,1.58,1,0
MIG-14019,order_payments,52725.76,51.49,12673923,2128,READ_HEAVY,ADD_COLUMN_DEFAULT,HIGH,0.71,1.92,1,0
MIG-14020,orders,110366.72,107.78,13472998,2876,MIXED_OLTP,ADD_INDEX_CONCURRENTLY,HIGH,0.45,2.53,1,0
MIG-14021,orders,148582.4,145.1,18137670,614,MIXED_OLTP,ALTER_COLUMN_TYPE,MEDIUM,42.22,52.14,0,1
MIG-14022,order_items,281272.32,274.68,44145194,362,WRITE_HEAVY,ADD_COLUMN_DEFAULT,LOW,2.89,2.39,1,0
MIG-14023,order_shipments,20203.52,19.73,5260380,274,WRITE_HEAVY,ADD_INDEX_CONCURRENTLY,LOW,0.18,0.11,1,0
MIG-14024,order_payments,105246.72,102.78,25300173,799,MIXED_OLTP,ADD_COLUMN_DEFAULT,MEDIUM,1.31,1.49,1,0
MIG-14025,customer_sessions,53913.6,52.65,12033361,2312,WRITE_HEAVY,ADD_INDEX_CONCURRENTLY,HIGH,0.39,1.63,1,0
MIG-14026,order_payments,134963.2,131.8,32444148,1114,WRITE_HEAVY,TABLE_REWRITE,MEDIUM,82.84,163.93,0,1
MIG-14027,order_payments,83752.96,81.79,20133396,110,WRITE_HEAVY,ADD_INDEX_CONCURRENTLY,LOW,0.53,0.55,1,0
MIG-14028,order_items,292587.52,285.73,45921425,1153,MIXED_OLTP,ADD_COLUMN_DEFAULT,MEDIUM,2.56,5.62,1,0
MIG-14029,order_shipments,60856.32,59.43,15848771,3752,WRITE_HEAVY,ADD_INDEX_LOCKING,CRITICAL,8.98,230.63,0,1
MIG-14030,order_items,215173.12,210.13,33770294,1303,WRITE_HEAVY,ADD_INDEX_CONCURRENTLY,MEDIUM,0.78,2.09,1,0
MIG-14031,order_items,437524.48,427.27,68668768,170,READ_HEAVY,ADD_COLUMN_DEFAULT,LOW,3.78,3.31,1,0
MIG-14032,order_items,512102.4,500.1,80372663,785,MIXED_OLTP,DROP_COLUMN,MEDIUM,2.35,3.86,1,0
MIG-14033,order_items,193884.16,189.34,30430398,5430,WRITE_HEAVY,ALTER_COLUMN_TYPE,CRITICAL,51.67,1975.8,0,1
MIG-14034,orders,119572.48,116.77,14596346,198,MIXED_OLTP,DROP_COLUMN,LOW,1.08,0.98,1,0
MIG-14035,order_items,562554.88,549.37,88291879,152,READ_HEAVY,ADD_INDEX_CONCURRENTLY,LOW,1.65,1.71,1,0
MIG-14036,order_items,375592.96,366.79,58948071,1050,READ_HEAVY,ADD_COLUMN_DEFAULT,MEDIUM,3.49,5.17,1,0
MIG-14037,order_shipments,62545.92,61.08,16287671,1127,READ_HEAVY,ADD_COLUMN_DEFAULT,MEDIUM,0.74,1.15,1,0
MIG-14038,order_items,487516.16,476.09,76515063,4416,WRITE_HEAVY,ADD_COLUMN_DEFAULT,CRITICAL,3.73,30.4,0,1
MIG-14039,order_shipments,66365.44,64.81,17282484,2102,WRITE_HEAVY,TABLE_REWRITE,HIGH,54.66,533.89,0,1
MIG-14040,order_items,150599.68,147.07,23635961,142,MIXED_OLTP,ADD_INDEX_CONCURRENTLY,LOW,0.79,0.69,1,0
MIG-14041,order_payments,122941.44,120.06,29554097,3718,WRITE_HEAVY,ADD_COLUMN_DEFAULT,CRITICAL,1.25,13.28,1,0
MIG-14042,orders,253265.92,247.33,30916573,1584,ANALYTICAL_BATCH,ADD_COLUMN_DEFAULT,HIGH,2.72,7.22,1,0
MIG-14043,customer_sessions,17776.64,17.36,3967192,1354,WRITE_HEAVY,ADD_INDEX_CONCURRENTLY,MEDIUM,0.17,0.19,1,0
MIG-14044,order_items,177264.64,173.11,27821230,759,READ_HEAVY,ADD_COLUMN_DEFAULT,MEDIUM,1.59,1.88,1,0
MIG-14045,orders,204421.12,199.63,24953330,2496,READ_HEAVY,ADD_INDEX_CONCURRENTLY,HIGH,0.88,2.15,1,0
MIG-14046,orders,182855.68,178.57,22320796,3650,MIXED_OLTP,ALTER_COLUMN_TYPE,CRITICAL,50.62,948.94,0,1
MIG-14047,orders,133754.88,130.62,16327958,348,WRITE_HEAVY,ADD_INDEX_CONCURRENTLY,LOW,0.56,0.74,1,0
MIG-14048,order_items,392990.72,383.78,61679140,591,WRITE_HEAVY,ADD_COLUMN_DEFAULT,MEDIUM,3.79,7.25,1,0
MIG-14049,order_payments,110888.96,108.29,26656150,3234,READ_HEAVY,DROP_COLUMN,CRITICAL,0.77,5.62,1,0
MIG-14050,customer_sessions,46878.72,45.78,10464461,816,WRITE_HEAVY,ADD_COLUMN_DEFAULT,MEDIUM,0.72,1.29,1,0
MIG-14051,order_payments,43417.6,42.4,10437423,203,READ_HEAVY,ADD_COLUMN_DEFAULT,LOW,0.68,0.43,1,0
MIG-14052,order_items,160849.92,157.08,25244318,228,MIXED_OLTP,ADD_COLUMN_DEFAULT,LOW,1.55,1.6,1,0
MIG-14053,order_items,341176.32,333.18,53547557,1914,WRITE_HEAVY,ADD_INDEX_LOCKING,HIGH,37.27,384.27,0,1
MIG-14054,order_shipments,94976.0,92.75,24734310,2541,MIXED_OLTP,ADD_COLUMN_DEFAULT,HIGH,1.22,4.47,1,0
MIG-14055,order_shipments,64696.32,63.18,16848030,273,WRITE_HEAVY,ADD_COLUMN_DEFAULT,LOW,0.81,1.1,1,0
MIG-14056,orders,128389.12,125.38,15671941,654,MIXED_OLTP,DROP_COLUMN,MEDIUM,0.95,1.92,1,0
MIG-14057,customer_sessions,72960.0,71.25,16285368,1421,ANALYTICAL_BATCH,ADD_COLUMN_DEFAULT,MEDIUM,1.0,2.82,1,0
MIG-14058,order_items,315258.88,307.87,49479204,2452,MIXED_OLTP,ADD_INDEX_LOCKING,HIGH,37.33,362.79,0,1
MIG-14059,order_shipments,60661.76,59.24,15797563,261,ANALYTICAL_BATCH,ADD_INDEX_CONCURRENTLY,LOW,0.34,0.43,1,0
MIG-14060,customer_sessions,21852.16,21.34,4877590,1009,MIXED_OLTP,ADD_COLUMN_DEFAULT,MEDIUM,0.38,0.87,1,0
MIG-14061,order_payments,114974.72,112.28,27637147,828,WRITE_HEAVY,TABLE_REWRITE,MEDIUM,79.28,100.04,0,1
MIG-14062,orders,204052.48,199.27,24908179,257,WRITE_HEAVY,DROP_COLUMN,LOW,1.49,1.52,1,0
MIG-14063,order_items,524595.2,512.3,82333763,570,WRITE_HEAVY,ADD_COLUMN_DEFAULT,MEDIUM,4.2,4.28,1,0
MIG-14064,orders,121077.76,118.24,14780165,5077,READ_HEAVY,ADD_INDEX_LOCKING,CRITICAL,19.03,268.52,0,1
MIG-14065,order_payments,78868.48,77.02,18958332,3962,READ_HEAVY,ADD_COLUMN_DEFAULT,CRITICAL,1.16,8.28,1,0
MIG-14066,orders,86384.64,84.36,10545226,1196,READ_HEAVY,ADD_COLUMN_DEFAULT,MEDIUM,1.09,1.98,1,0
MIG-14067,order_payments,142182.4,138.85,34177740,3130,MIXED_OLTP,ADD_INDEX_CONCURRENTLY,CRITICAL,0.66,2.39,1,0
MIG-14068,order_shipments,25569.28,24.97,6659270,1637,READ_HEAVY,ADD_INDEX_CONCURRENTLY,HIGH,0.21,0.58,1,0
MIG-14069,orders,192706.56,188.19,23523359,3913,WRITE_HEAVY,ADD_INDEX_CONCURRENTLY,CRITICAL,0.76,6.74,1,0
MIG-14070,order_items,478668.8,467.45,75125848,3095,WRITE_HEAVY,ADD_INDEX_LOCKING,CRITICAL,50.23,808.6,0,1
MIG-14071,order_items,196096.0,191.5,30776654,2951,ANALYTICAL_BATCH,ADD_COLUMN_DEFAULT,HIGH,1.66,9.3,1,0
MIG-14072,order_items,303226.88,296.12,47591179,539,WRITE_HEAVY,TABLE_REWRITE,MEDIUM,148.4,185.65,0,1
MIG-14073,orders,58695.68,57.32,7164417,322,WRITE_HEAVY,ADD_INDEX_CONCURRENTLY,LOW,0.4,0.42,1,0
MIG-14074,orders,172267.52,168.23,21028422,850,WRITE_HEAVY,ADD_INDEX_CONCURRENTLY,MEDIUM,0.89,1.56,1,0
MIG-14075,order_items,628172.8,613.45,98589989,708,ANALYTICAL_BATCH,DROP_COLUMN,MEDIUM,2.52,4.52,1,0
MIG-14076,order_items,336547.84,328.66,52820681,1710,WRITE_HEAVY,ADD_INDEX_CONCURRENTLY,HIGH,1.33,3.45,1,0
MIG-14077,order_items,625623.04,610.96,98190665,219,READ_HEAVY,ADD_COLUMN_DEFAULT,LOW,4.39,3.25,1,0
MIG-14078,orders,77066.24,75.26,9408086,1576,WRITE_HEAVY,ADD_INDEX_CONCURRENTLY,HIGH,0.35,1.15,1,0
MIG-14079,order_items,317235.2,309.8,49788801,4427,WRITE_HEAVY,ADD_INDEX_CONCURRENTLY,CRITICAL,1.25,7.19,1,0
MIG-14080,order_items,580188.16,566.59,91059162,734,MIXED_OLTP,ADD_COLUMN_DEFAULT,MEDIUM,4.61,5.95,1,0
MIG-14081,orders,243066.88,237.37,29670778,1528,READ_HEAVY,DROP_COLUMN,HIGH,1.54,3.96,1,0
MIG-14082,order_payments,65392.64,63.86,15719437,1672,MIXED_OLTP,ADD_INDEX_CONCURRENTLY,HIGH,0.37,0.91,1,0
MIG-14083,order_items,464916.48,454.02,72967457,1399,WRITE_HEAVY,ADD_INDEX_CONCURRENTLY,MEDIUM,1.56,3.77,1,0
MIG-14084,order_items,572026.88,558.62,89778973,3599,ANALYTICAL_BATCH,ADD_INDEX_CONCURRENTLY,CRITICAL,1.91,15.73,1,0
MIG-14085,customer_sessions,63805.44,62.31,14243035,1078,READ_HEAVY,ADD_INDEX_CONCURRENTLY,MEDIUM,0.41,0.64,1,0
MIG-14086,order_items,439040.0,428.75,68906571,909,ANALYTICAL_BATCH,TABLE_REWRITE,MEDIUM,147.85,308.15,0,1
MIG-14087,order_items,193433.6,188.9,30358624,992,WRITE_HEAVY,DROP_COLUMN,MEDIUM,1.47,2.68,1,0
MIG-14088,orders,65300.48,63.77,7971072,1354,READ_HEAVY,ADD_INDEX_CONCURRENTLY,MEDIUM,0.45,0.67,1,0
MIG-14089,orders,185098.24,180.76,22594798,1216,WRITE_HEAVY,ADD_COLUMN_DEFAULT,MEDIUM,2.27,3.66,1,0
MIG-14090,orders,159805.44,156.06,19507442,2326,MIXED_OLTP,ADD_INDEX_CONCURRENTLY,HIGH,0.63,1.94,1,0
MIG-14091,order_payments,55142.4,53.85,13255455,1800,MIXED_OLTP,ADD_INDEX_CONCURRENTLY,HIGH,0.4,0.8,1,0
MIG-14092,order_shipments,42711.04,41.71,11123827,1349,READ_HEAVY,TABLE_REWRITE,MEDIUM,40.06,61.45,0,1
MIG-14093,orders,135874.56,132.69,16586353,521,WRITE_HEAVY,ADD_INDEX_CONCURRENTLY,MEDIUM,0.6,0.8,1,0
MIG-14094,orders,158750.72,155.03,19379063,1057,WRITE_HEAVY,ALTER_COLUMN_TYPE,MEDIUM,42.42,63.38,0,1
MIG-14095,order_items,316098.56,308.69,49610976,1115,WRITE_HEAVY,ALTER_COLUMN_TYPE,MEDIUM,75.58,132.29,0,1
MIG-14096,order_items,314572.8,307.2,49370625,1445,MIXED_OLTP,ADD_INDEX_LOCKING,MEDIUM,37.62,71.0,0,1
MIG-14097,order_items,174417.92,170.33,27374357,660,WRITE_HEAVY,ADD_COLUMN_DEFAULT,MEDIUM,1.74,2.78,1,0
MIG-14098,order_payments,130324.48,127.27,31329004,1933,WRITE_HEAVY,ADD_INDEX_CONCURRENTLY,HIGH,0.73,1.77,1,0
MIG-14099,order_shipments,68956.16,67.34,17957728,3030,READ_HEAVY,ALTER_COLUMN_TYPE,CRITICAL,26.62,478.33,0,1
MIG-14100,orders,81469.44,79.56,9944758,747,WRITE_HEAVY,ALTER_COLUMN_TYPE,MEDIUM,35.36,33.37,0,1
MIG-14101,order_payments,77404.16,75.59,18607582,2893,ANALYTICAL_BATCH,ADD_COLUMN_DEFAULT,HIGH,0.97,4.35,1,0
MIG-14102,order_items,329748.48,322.02,51753988,3021,WRITE_HEAVY,ADD_INDEX_CONCURRENTLY,CRITICAL,1.28,8.25,1,0
MIG-14103,order_items,424663.04,414.71,66650291,415,ANALYTICAL_BATCH,ADD_INDEX_CONCURRENTLY,LOW,1.23,1.73,1,0
MIG-14104,order_shipments,68935.68,67.32,17951583,473,MIXED_OLTP,ADD_INDEX_CONCURRENTLY,LOW,0.38,0.59,1,0
MIG-14105,orders,191866.88,187.37,23420997,145,READ_HEAVY,ADD_INDEX_CONCURRENTLY,LOW,0.94,0.8,1,0
MIG-14106,order_payments,110233.6,107.65,26499608,860,READ_HEAVY,ADD_COLUMN_DEFAULT,MEDIUM,1.33,2.16,1,0
MIG-14107,order_payments,39004.16,38.09,9376596,1396,MIXED_OLTP,ALTER_COLUMN_TYPE,MEDIUM,16.32,28.61,0,1
MIG-14108,order_shipments,43724.8,42.7,11386319,1220,MIXED_OLTP,DROP_COLUMN,MEDIUM,0.46,0.88,1,0
MIG-14109,order_items,123637.76,120.74,19405173,567,WRITE_HEAVY,DROP_COLUMN,MEDIUM,0.98,0.84,1,0
MIG-14110,order_items,349327.36,341.14,54825962,446,ANALYTICAL_BATCH,ADD_INDEX_LOCKING,LOW,28.74,53.47,0,1
MIG-14111,order_shipments,54046.72,52.78,14075689,1302,READ_HEAVY,DROP_COLUMN,MEDIUM,0.52,1.0,1,0
MIG-14112,order_payments,114606.08,111.92,27548615,224,READ_HEAVY,ADD_COLUMN_DEFAULT,LOW,1.4,1.42,1,0
MIG-14113,order_items,200939.52,196.23,31536472,914,READ_HEAVY,ADD_INDEX_LOCKING,MEDIUM,23.5,29.31,0,1
MIG-14114,order_payments,102277.12,99.88,24587040,804,MIXED_OLTP,ADD_COLUMN_DEFAULT,MEDIUM,1.16,2.07,1,0
MIG-14115,orders,116992.0,114.25,14280743,307,READ_HEAVY,TABLE_REWRITE,LOW,60.38,66.21,0,1
MIG-14116,order_items,311797.76,304.49,48935234,411,READ_HEAVY,ADD_INDEX_CONCURRENTLY,LOW,0.99,1.19,1,0
MIG-14117,order_shipments,78090.24,76.26,20336596,2502,WRITE_HEAVY,DROP_COLUMN,HIGH,0.56,2.75,1,0
MIG-14118,order_items,151613.44,148.06,23795391,1468,READ_HEAVY,ADD_COLUMN_DEFAULT,MEDIUM,1.62,3.36,1,0
MIG-14119,order_items,291594.24,284.76,45765414,1648,WRITE_HEAVY,ADD_COLUMN_DEFAULT,HIGH,2.89,8.24,1,0
MIG-14120,customer_sessions,39577.6,38.65,8835054,2886,MIXED_OLTP,ADD_COLUMN_DEFAULT,HIGH,0.53,3.25,1,0
MIG-14121,order_payments,112373.76,109.74,27013580,1407,WRITE_HEAVY,ADD_INDEX_CONCURRENTLY,MEDIUM,0.49,1.21,1,0
MIG-14122,order_shipments,34959.36,34.14,9103247,252,ANALYTICAL_BATCH,ADD_INDEX_LOCKING,LOW,7.66,10.86,1,0
MIG-14123,order_items,603648.0,589.5,94740452,1715,MIXED_OLTP,ADD_COLUMN_DEFAULT,HIGH,4.79,12.02,1,0
MIG-14124,customer_sessions,78704.64,76.86,17567772,190,MIXED_OLTP,ADD_COLUMN_DEFAULT,LOW,1.2,0.66,1,0
MIG-14125,orders,230277.12,224.88,28110573,2912,ANALYTICAL_BATCH,ALTER_COLUMN_TYPE,HIGH,68.51,1228.18,0,1
MIG-14126,order_items,269373.44,263.06,42276712,1514,WRITE_HEAVY,DROP_COLUMN,HIGH,1.55,5.18,1,0
MIG-14127,order_items,457308.16,446.59,71773198,591,READ_HEAVY,ALTER_COLUMN_TYPE,MEDIUM,106.39,156.88,0,1
MIG-14128,order_payments,36587.52,35.73,8794663,572,WRITE_HEAVY,ADD_INDEX_CONCURRENTLY,MEDIUM,0.21,0.33,1,0
MIG-14129,order_shipments,90695.68,88.57,23619633,1758,WRITE_HEAVY,ADD_INDEX_CONCURRENTLY,HIGH,0.51,0.87,1,0
MIG-14130,order_payments,88442.88,86.37,21260594,1289,READ_HEAVY,ADD_INDEX_CONCURRENTLY,MEDIUM,0.52,0.75,1,0
MIG-14131,order_items,205752.32,200.93,32291572,123,MIXED_OLTP,ALTER_COLUMN_TYPE,LOW,53.78,56.11,0,1
MIG-14132,order_items,283668.48,277.02,44520741,2947,MIXED_OLTP,ADD_INDEX_LOCKING,HIGH,32.49,311.1,0,1
MIG-14133,order_items,527943.68,515.57,82860162,897,WRITE_HEAVY,ALTER_COLUMN_TYPE,MEDIUM,119.76,219.19,0,1
MIG-14134,order_items,563804.16,550.59,88488368,4329,MIXED_OLTP,DROP_COLUMN,CRITICAL,2.67,14.57,1,0
MIG-14135,orders,164106.24,160.26,20032261,2386,WRITE_HEAVY,ADD_INDEX_CONCURRENTLY,HIGH,0.61,2.35,1,0
MIG-14136,order_items,362577.92,354.08,56905231,1311,WRITE_HEAVY,ADD_COLUMN_DEFAULT,MEDIUM,3.37,5.84,1,0
MIG-14137,order_shipments,80701.44,78.81,21015870,1125,WRITE_HEAVY,DROP_COLUMN,MEDIUM,0.79,1.5,1,0
MIG-14138,order_payments,125603.84,122.66,30194261,560,READ_HEAVY,ADD_INDEX_CONCURRENTLY,MEDIUM,0.57,0.78,1,0
MIG-14139,order_payments,118261.76,115.49,28427588,2742,READ_HEAVY,DROP_COLUMN,HIGH,0.8,3.2,1,0
MIG-14140,order_items,313088.0,305.75,49138672,135,WRITE_HEAVY,ALTER_COLUMN_TYPE,LOW,77.57,85.03,0,1
MIG-14141,order_items,445982.72,435.53,69995986,1028,WRITE_HEAVY,ADD_COLUMN_DEFAULT,MEDIUM,3.26,4.7,1,0
MIG-14142,orders,238786.56,233.19,29148717,2799,READ_HEAVY,DROP_COLUMN,HIGH,1.73,5.14,1,0
MIG-14143,order_items,193013.76,188.49,30292611,304,MIXED_OLTP,ADD_COLUMN_DEFAULT,LOW,2.27,2.01,1,0
MIG-14144,order_items,315002.88,307.62,49439071,267,WRITE_HEAVY,ADD_INDEX_CONCURRENTLY,LOW,1.28,1.24,1,0
MIG-14145,orders,61675.52,60.23,7528709,1989,MIXED_OLTP,ADD_INDEX_CONCURRENTLY,HIGH,0.33,0.77,1,0
MIG-14146,orders,139591.68,136.32,17039686,1285,READ_HEAVY,ADD_COLUMN_DEFAULT,MEDIUM,1.29,3.05,1,0
MIG-14147,order_payments,119152.64,116.36,28641724,1151,READ_HEAVY,ADD_INDEX_LOCKING,MEDIUM,17.01,24.75,1,0
MIG-14148,order_items,216371.2,211.3,33959303,1310,WRITE_HEAVY,ADD_COLUMN_DEFAULT,MEDIUM,1.9,5.26,1,0
MIG-14149,order_items,394352.64,385.11,61892859,1408,ANALYTICAL_BATCH,ADD_INDEX_CONCURRENTLY,MEDIUM,1.4,3.03,1,0
MIG-14150,orders,57241.6,55.9,6987814,1092,READ_HEAVY,ADD_INDEX_CONCURRENTLY,MEDIUM,0.3,0.65,1,0
MIG-14151,order_items,577966.08,564.42,90709649,855,READ_HEAVY,ADD_INDEX_LOCKING,MEDIUM,43.87,74.22,0,1
MIG-14152,order_items,537886.72,525.28,84420380,4483,MIXED_OLTP,ADD_COLUMN_DEFAULT,CRITICAL,4.68,35.85,0,1
MIG-14153,order_items,385331.2,376.3,60477144,242,MIXED_OLTP,DROP_COLUMN,LOW,2.2,2.94,1,0
MIG-14154,order_items,478945.28,467.72,75168746,705,MIXED_OLTP,ADD_INDEX_CONCURRENTLY,MEDIUM,1.69,1.74,1,0
MIG-14155,orders,72140.8,70.45,8805736,3858,MIXED_OLTP,ADD_INDEX_LOCKING,CRITICAL,11.25,362.29,0,1
MIG-14156,order_shipments,88535.04,86.46,23056525,979,WRITE_HEAVY,ADD_COLUMN_DEFAULT,MEDIUM,1.31,1.56,1,0
MIG-14157,orders,207360.0,202.5,25312061,3568,MIXED_OLTP,ADD_INDEX_CONCURRENTLY,CRITICAL,0.98,8.15,1,0
MIG-14158,order_items,176599.04,172.46,27717359,815,WRITE_HEAVY,ADD_COLUMN_DEFAULT,MEDIUM,1.55,1.96,1,0
MIG-14159,orders,266065.92,259.83,32478610,326,MIXED_OLTP,ADD_INDEX_LOCKING,LOW,31.81,29.92,0,1
MIG-14160,order_items,126320.64,123.36,19824965,153,READ_HEAVY,TABLE_REWRITE,LOW,66.77,82.86,0,1
MIG-14161,orders,188170.24,183.76,22969793,605,WRITE_HEAVY,TABLE_REWRITE,MEDIUM,114.24,114.53,0,1
MIG-14162,order_shipments,32675.84,31.91,8509907,4935,READ_HEAVY,ADD_COLUMN_DEFAULT,CRITICAL,0.54,3.53,1,0
MIG-14163,order_items,485898.24,474.51,76259869,5086,MIXED_OLTP,DROP_COLUMN,CRITICAL,2.62,23.01,1,0
MIG-14164,order_items,151019.52,147.48,23702906,813,READ_HEAVY,DROP_COLUMN,MEDIUM,1.15,1.36,1,0
MIG-14165,orders,67092.48,65.52,8189723,155,MIXED_OLTP,ADD_COLUMN_DEFAULT,LOW,0.82,0.63,1,0
MIG-14166,orders,152289.28,148.72,18589876,961,WRITE_HEAVY,ADD_INDEX_CONCURRENTLY,MEDIUM,0.8,1.16,1,0
MIG-14167,order_items,627691.52,612.98,98514766,673,WRITE_HEAVY,DROP_COLUMN,MEDIUM,2.6,4.83,1,0
MIG-14168,order_items,257392.64,251.36,40397815,1376,READ_HEAVY,TABLE_REWRITE,MEDIUM,118.7,197.36,0,1
MIG-14169,order_items,430807.04,420.71,67614781,127,READ_HEAVY,ADD_INDEX_CONCURRENTLY,LOW,1.17,1.44,1,0
MIG-14170,customer_sessions,47790.08,46.67,10667826,1003,MIXED_OLTP,ADD_COLUMN_DEFAULT,MEDIUM,0.63,1.28,1,0
MIG-14171,order_payments,127518.72,124.53,30653044,881,ANALYTICAL_BATCH,ADD_INDEX_CONCURRENTLY,MEDIUM,0.51,1.37,1,0
MIG-14172,customer_sessions,32952.32,32.18,7355690,2199,MIXED_OLTP,ADD_COLUMN_DEFAULT,HIGH,0.47,1.67,1,0
MIG-14173,orders,171898.88,167.87,20983498,1257,READ_HEAVY,ADD_COLUMN_DEFAULT,MEDIUM,1.71,3.15,1,0
MIG-14174,order_payments,140513.28,137.22,33777957,204,READ_HEAVY,ADD_COLUMN_DEFAULT,LOW,1.49,1.62,1,0
MIG-14175,order_items,286330.88,279.62,44939450,464,ANALYTICAL_BATCH,ADD_COLUMN_DEFAULT,LOW,2.91,2.57,1,0
MIG-14176,order_items,341463.04,333.46,53591852,2967,MIXED_OLTP,ADD_INDEX_LOCKING,HIGH,36.31,446.35,0,1
MIG-14177,customer_sessions,71680.0,70.0,15998911,2151,MIXED_OLTP,ADD_INDEX_CONCURRENTLY,HIGH,0.42,1.24,1,0
MIG-14178,order_payments,66457.6,64.9,15975967,254,WRITE_HEAVY,ADD_INDEX_LOCKING,LOW,10.48,10.3,1,0
MIG-14179,order_shipments,50001.92,48.83,13022553,3587,MIXED_OLTP,ADD_INDEX_LOCKING,CRITICAL,7.45,127.92,0,1
MIG-14180,order_payments,63057.92,61.58,15158621,2720,WRITE_HEAVY,DROP_COLUMN,HIGH,0.51,2.73,1,0
MIG-14181,orders,228208.64,222.86,27857347,390,MIXED_OLTP,ADD_COLUMN_DEFAULT,LOW,1.79,3.02,1,0
MIG-14182,order_payments,138096.64,134.86,33195144,949,MIXED_OLTP,TABLE_REWRITE,MEDIUM,82.99,87.18,0,1
MIG-14183,order_items,440391.68,430.07,69119009,4720,ANALYTICAL_BATCH,ADD_COLUMN_DEFAULT,CRITICAL,3.46,29.98,1,0
MIG-14184,order_shipments,70154.24,68.51,18270410,867,WRITE_HEAVY,ADD_INDEX_CONCURRENTLY,MEDIUM,0.37,0.69,1,0
MIG-14185,order_shipments,50780.16,49.59,13224078,1181,MIXED_OLTP,ADD_INDEX_CONCURRENTLY,MEDIUM,0.34,0.56,1,0
MIG-14186,orders,51916.8,50.7,6337061,1320,WRITE_HEAVY,ALTER_COLUMN_TYPE,MEDIUM,24.9,44.37,0,1
MIG-14187,orders,87623.68,85.57,10696315,943,READ_HEAVY,ADD_INDEX_CONCURRENTLY,MEDIUM,0.45,0.91,1,0
MIG-14188,orders,81766.4,79.85,9980835,2499,MIXED_OLTP,ADD_COLUMN_DEFAULT,HIGH,1.17,4.99,1,0
MIG-14189,order_items,174489.6,170.4,27386442,2347,READ_HEAVY,DROP_COLUMN,HIGH,1.16,2.98,1,0
MIG-14190,orders,193812.48,189.27,23659277,1608,WRITE_HEAVY,DROP_COLUMN,HIGH,1.4,2.49,1,0
MIG-14191,order_payments,42956.8,41.95,10326849,1592,MIXED_OLTP,DROP_COLUMN,HIGH,0.48,1.15,1,0
MIG-14192,order_items,158883.84,155.16,24936350,1895,MIXED_OLTP,ADD_COLUMN_DEFAULT,HIGH,1.75,5.57,1,0
MIG-14193,order_shipments,50165.76,48.99,13063760,750,READ_HEAVY,DROP_COLUMN,MEDIUM,0.54,0.85,1,0
MIG-14194,orders,104232.96,101.79,12723611,3474,READ_HEAVY,ADD_INDEX_CONCURRENTLY,CRITICAL,0.48,2.82,1,0
MIG-14195,order_items,189962.24,185.51,29814704,470,MIXED_OLTP,ADD_INDEX_CONCURRENTLY,LOW,0.86,0.83,1,0
MIG-14196,orders,81469.44,79.56,9945452,1105,READ_HEAVY,ADD_INDEX_CONCURRENTLY,MEDIUM,0.5,0.75,1,0
MIG-14197,order_shipments,39680.0,38.75,10334043,3104,WRITE_HEAVY,ADD_COLUMN_DEFAULT,CRITICAL,0.55,4.24,1,0
MIG-14198,orders,167895.04,163.96,20494943,5258,READ_HEAVY,ADD_INDEX_CONCURRENTLY,CRITICAL,0.66,6.1,1,0
MIG-14199,orders,216832.0,211.75,26468581,801,MIXED_OLTP,ADD_COLUMN_DEFAULT,MEDIUM,2.06,3.48,1,0
MIG-14200,orders,237772.8,232.2,29024969,1488,WRITE_HEAVY,ADD_INDEX_CONCURRENTLY,MEDIUM,0.86,1.9,1,0
MIG-14201,order_shipments,80752.64,78.86,21030625,190,WRITE_HEAVY,ADD_COLUMN_DEFAULT,LOW,1.27,0.84,1,0
MIG-14202,orders,188098.56,183.69,22961758,1626,ANALYTICAL_BATCH,ADD_INDEX_CONCURRENTLY,HIGH,0.69,2.14,1,0
MIG-14203,order_items,583106.56,569.44,91517590,152,MIXED_OLTP,ADD_COLUMN_DEFAULT,LOW,4.31,3.87,1,0
MIG-14204,order_payments,88893.44,86.81,21368419,886,READ_HEAVY,ADD_INDEX_LOCKING,MEDIUM,13.4,16.93,1,0
MIG-14205,order_payments,102502.4,100.1,24640677,1424,MIXED_OLTP,ADD_COLUMN_DEFAULT,MEDIUM,1.37,1.52,1,0
MIG-14206,orders,140195.84,136.91,17113754,4380,ANALYTICAL_BATCH,ADD_INDEX_LOCKING,CRITICAL,19.7,669.76,0,1
MIG-14207,orders,121559.04,118.71,14839373,3314,READ_HEAVY,ADD_COLUMN_DEFAULT,CRITICAL,1.6,7.72,1,0
MIG-14208,order_items,285880.32,279.18,44868654,3794,WRITE_HEAVY,ADD_INDEX_CONCURRENTLY,CRITICAL,0.95,9.82,1,0
MIG-14209,orders,81960.96,80.04,10004566,2234,READ_HEAVY,ADD_COLUMN_DEFAULT,HIGH,1.14,2.74,1,0
MIG-14210,order_payments,122060.8,119.2,29342012,1044,ANALYTICAL_BATCH,ADD_COLUMN_DEFAULT,MEDIUM,1.38,2.74,1,0
MIG-14211,order_items,143267.84,139.91,22484814,435,MIXED_OLTP,ADD_INDEX_LOCKING,LOW,17.76,17.61,1,0
MIG-14212,order_items,462888.96,452.04,72649504,545,WRITE_HEAVY,ADD_INDEX_CONCURRENTLY,MEDIUM,1.24,1.94,1,0
MIG-14213,orders,240353.28,234.72,29340425,503,ANALYTICAL_BATCH,TABLE_REWRITE,MEDIUM,128.64,150.86,0,1
MIG-14214,order_items,371404.8,362.7,58291696,2580,MIXED_OLTP,DROP_COLUMN,HIGH,1.86,6.92,1,0
MIG-14215,orders,64675.84,63.16,7895421,608,READ_HEAVY,ADD_COLUMN_DEFAULT,MEDIUM,0.77,1.25,1,0
MIG-14216,order_payments,77946.88,76.12,18738422,4707,ANALYTICAL_BATCH,TABLE_REWRITE,CRITICAL,43.43,1881.22,0,1
MIG-14217,orders,125071.36,122.14,15267118,841,MIXED_OLTP,ADD_INDEX_CONCURRENTLY,MEDIUM,0.67,0.85,1,0
MIG-14218,customer_sessions,77916.16,76.09,17391766,888,MIXED_OLTP,ADD_INDEX_LOCKING,MEDIUM,12.64,21.67,1,0
MIG-14219,order_payments,109445.12,106.88,26308437,1721,ANALYTICAL_BATCH,ADD_INDEX_CONCURRENTLY,HIGH,0.58,2.13,1,0
MIG-14220,orders,208701.44,203.81,25476714,1273,WRITE_HEAVY,ADD_COLUMN_DEFAULT,MEDIUM,2.33,3.9,1,0
MIG-14221,orders,163246.08,159.42,19927326,682,MIXED_OLTP,ADD_INDEX_CONCURRENTLY,MEDIUM,0.86,1.28,1,0
MIG-14222,order_items,480808.96,469.54,75462554,1512,READ_HEAVY,ALTER_COLUMN_TYPE,HIGH,110.65,304.28,0,1
MIG-14223,orders,208977.92,204.08,25509416,1091,MIXED_OLTP,ADD_COLUMN_DEFAULT,MEDIUM,1.82,2.95,1,0
MIG-14224,orders,63825.92,62.33,7791689,160,MIXED_OLTP,DROP_COLUMN,LOW,0.52,0.65,1,0
MIG-14225,order_shipments,36894.72,36.03,9608300,670,MIXED_OLTP,TABLE_REWRITE,MEDIUM,28.23,33.64,0,1
MIG-14226,order_items,121384.96,118.54,19050371,3545,MIXED_OLTP,ADD_INDEX_CONCURRENTLY,CRITICAL,0.59,3.54,1,0
MIG-14227,orders,161914.88,158.12,19764799,1138,MIXED_OLTP,TABLE_REWRITE,MEDIUM,81.63,140.15,0,1
MIG-14228,order_items,566681.6,553.4,88939788,1252,WRITE_HEAVY,ADD_COLUMN_DEFAULT,MEDIUM,4.72,10.15,1,0
MIG-14229,orders,183971.84,179.66,22457972,1415,READ_HEAVY,ADD_INDEX_LOCKING,MEDIUM,21.0,50.59,0,1
MIG-14230,customer_sessions,46602.24,45.51,10402988,1482,WRITE_HEAVY,ADD_COLUMN_DEFAULT,MEDIUM,0.83,1.33,1,0
MIG-14231,orders,253962.24,248.01,31001077,3573,MIXED_OLTP,ADD_INDEX_LOCKING,CRITICAL,33.02,404.68,0,1
MIG-14232,order_payments,47257.6,46.15,11359893,715,READ_HEAVY,ALTER_COLUMN_TYPE,MEDIUM,20.39,23.88,1,0
MIG-14233,order_payments,35563.52,34.73,8548604,1818,READ_HEAVY,ADD_COLUMN_DEFAULT,HIGH,0.5,1.38,1,0
MIG-14234,orders,252047.36,246.14,30767254,1780,WRITE_HEAVY,ADD_INDEX_LOCKING,HIGH,32.26,180.87,0,1
MIG-14235,orders,248832.0,243.0,30375107,511,READ_HEAVY,TABLE_REWRITE,MEDIUM,120.91,121.37,0,1
MIG-14236,order_items,467169.28,456.22,73320771,2381,READ_HEAVY,ADD_INDEX_LOCKING,HIGH,49.67,376.56,0,1
MIG-14237,order_shipments,38830.08,37.92,10113149,3036,ANALYTICAL_BATCH,TABLE_REWRITE,CRITICAL,37.62,514.13,0,1
MIG-14238,order_items,615178.24,600.76,96550886,3096,MIXED_OLTP,ADD_INDEX_LOCKING,CRITICAL,55.38,885.85,0,1
MIG-14239,order_payments,118323.2,115.55,28441974,2094,READ_HEAVY,ADD_COLUMN_DEFAULT,HIGH,1.39,4.53,1,0
MIG-14240,order_payments,107366.4,104.85,25808164,424,MIXED_OLTP,ALTER_COLUMN_TYPE,LOW,42.18,53.97,0,1
MIG-14241,order_shipments,36925.44,36.06,9614884,295,WRITE_HEAVY,DROP_COLUMN,LOW,0.36,0.55,1,0
MIG-14242,order_items,379494.4,370.6,59560222,897,WRITE_HEAVY,ADD_INDEX_CONCURRENTLY,MEDIUM,1.38,1.77,1,0
MIG-14243,order_items,539217.92,526.58,84628675,1774,READ_HEAVY,ADD_INDEX_CONCURRENTLY,HIGH,1.88,4.46,1,0
MIG-14244,order_payments,129689.6,126.65,31175494,1180,MIXED_OLTP,ADD_INDEX_CONCURRENTLY,MEDIUM,0.65,1.31,1,0
MIG-14245,orders,173332.48,169.27,21158613,1984,WRITE_HEAVY,ADD_INDEX_LOCKING,HIGH,21.79,202.24,0,1
MIG-14246,order_shipments,61798.4,60.35,16092347,2994,WRITE_HEAVY,ADD_INDEX_LOCKING,HIGH,10.43,141.21,0,1
MIG-14247,orders,203468.8,198.7,24837463,156,READ_HEAVY,ALTER_COLUMN_TYPE,LOW,52.54,80.41,0,1
MIG-14248,orders,165990.4,162.1,20262718,4963,WRITE_HEAVY,ADD_INDEX_CONCURRENTLY,CRITICAL,0.87,6.99,1,0
MIG-14249,order_shipments,53073.92,51.83,13821910,372,READ_HEAVY,ADD_INDEX_CONCURRENTLY,LOW,0.39,0.33,1,0
MIG-14250,order_items,158771.2,155.05,24918939,865,READ_HEAVY,ADD_INDEX_CONCURRENTLY,MEDIUM,0.64,0.86,1,0
MIG-14251,orders,77035.52,75.23,9403341,2089,ANALYTICAL_BATCH,DROP_COLUMN,HIGH,0.57,1.63,1,0
MIG-14252,orders,217313.28,212.22,26527437,484,WRITE_HEAVY,ALTER_COLUMN_TYPE,LOW,70.17,98.35,0,1
MIG-14253,order_items,127416.32,124.43,19997789,1234,WRITE_HEAVY,ALTER_COLUMN_TYPE,MEDIUM,40.13,85.42,0,1
MIG-14254,order_shipments,22773.76,22.24,5929788,3107,WRITE_HEAVY,ADD_INDEX_CONCURRENTLY,CRITICAL,0.18,1.15,1,0
MIG-14255,orders,249241.6,243.4,30425376,4375,WRITE_HEAVY,ADD_INDEX_LOCKING,CRITICAL,30.13,746.7,0,1
MIG-14256,orders,204861.44,200.06,25007922,2610,MIXED_OLTP,DROP_COLUMN,HIGH,1.35,4.62,1,0
MIG-14257,order_items,116858.88,114.12,18341230,250,READ_HEAVY,TABLE_REWRITE,LOW,68.23,74.18,0,1
MIG-14258,customer_sessions,34467.84,33.66,7693424,1190,WRITE_HEAVY,ADD_INDEX_LOCKING,MEDIUM,7.2,13.93,1,0
MIG-14259,orders,217989.12,212.88,26609598,1126,ANALYTICAL_BATCH,ADD_COLUMN_DEFAULT,MEDIUM,2.08,3.9,1,0
MIG-14260,customer_sessions,41277.44,40.31,9213451,231,MIXED_OLTP,ADD_INDEX_LOCKING,LOW,8.62,9.4,1,0
MIG-14261,order_shipments,57313.28,55.97,14926032,3017,WRITE_HEAVY,ADD_COLUMN_DEFAULT,CRITICAL,0.96,5.63,1,0
MIG-14262,orders,150630.4,147.1,18387574,114,WRITE_HEAVY,ADD_INDEX_LOCKING,LOW,21.44,16.9,1,0
MIG-14263,order_shipments,35194.88,34.37,9166103,2535,MIXED_OLTP,ADD_INDEX_LOCKING,HIGH,7.57,30.2,0,1
MIG-14264,order_payments,113049.6,110.4,27176073,410,MIXED_OLTP,ALTER_COLUMN_TYPE,LOW,39.44,39.64,0,1
MIG-14265,order_items,167854.08,163.92,26343512,871,ANALYTICAL_BATCH,ADD_INDEX_CONCURRENTLY,MEDIUM,0.63,1.42,1,0
MIG-14266,order_items,376473.6,367.65,59087339,290,WRITE_HEAVY,ALTER_COLUMN_TYPE,LOW,88.0,132.31,0,1
MIG-14267,order_shipments,32532.48,31.77,8471045,305,MIXED_OLTP,ADD_INDEX_CONCURRENTLY,LOW,0.26,0.22,1,0
MIG-14268,order_payments,32194.56,31.44,7740144,1383,WRITE_HEAVY,ADD_INDEX_LOCKING,MEDIUM,5.83,9.59,1,0
MIG-14269,order_payments,43786.24,42.76,10525423,4308,WRITE_HEAVY,TABLE_REWRITE,CRITICAL,31.65,1152.11,0,1
MIG-14270,customer_sessions,70420.48,68.77,15718423,2356,MIXED_OLTP,ADD_INDEX_CONCURRENTLY,HIGH,0.33,1.59,1,0
MIG-14271,order_items,205598.72,200.78,32267960,2337,MIXED_OLTP,DROP_COLUMN,HIGH,1.45,4.55,1,0
MIG-14272,order_shipments,41523.2,40.55,10812774,630,WRITE_HEAVY,DROP_COLUMN,MEDIUM,0.46,0.67,1,0
MIG-14273,order_shipments,29890.56,29.19,7782847,2553,WRITE_HEAVY,ADD_INDEX_LOCKING,HIGH,5.61,87.34,0,1
MIG-14274,orders,211845.12,206.88,25859717,2861,MIXED_OLTP,ADD_INDEX_CONCURRENTLY,HIGH,0.74,3.02,1,0
MIG-14275,orders,147681.28,144.22,18027127,610,WRITE_HEAVY,ALTER_COLUMN_TYPE,MEDIUM,49.74,69.69,0,1
MIG-14276,order_items,601692.16,587.59,94434438,1606,WRITE_HEAVY,TABLE_REWRITE,HIGH,241.1,1703.24,0,1
MIG-14277,order_shipments,73533.44,71.81,19149410,4222,WRITE_HEAVY,DROP_COLUMN,CRITICAL,0.67,6.82,1,0
MIG-14278,orders,166686.72,162.78,20347508,4912,WRITE_HEAVY,ADD_COLUMN_DEFAULT,CRITICAL,1.44,20.57,1,0
MIG-14279,order_payments,105297.92,102.83,25310970,3207,MIXED_OLTP,DROP_COLUMN,CRITICAL,0.72,3.79,1,0
MIG-14280,orders,58091.52,56.73,7091485,1243,WRITE_HEAVY,ADD_INDEX_CONCURRENTLY,MEDIUM,0.3,0.75,1,0
MIG-14281,order_items,605317.12,591.13,95003481,193,READ_HEAVY,ADD_INDEX_LOCKING,LOW,51.38,59.2,0,1
MIG-14282,order_items,608296.96,594.04,95470798,683,MIXED_OLTP,ADD_INDEX_CONCURRENTLY,MEDIUM,1.69,1.53,1,0
MIG-14283,orders,110233.6,107.65,13455776,175,WRITE_HEAVY,ADD_COLUMN_DEFAULT,LOW,1.57,1.04,1,0
MIG-14284,order_shipments,70543.36,68.89,18371182,1026,READ_HEAVY,ADD_INDEX_CONCURRENTLY,MEDIUM,0.42,0.75,1,0
MIG-14285,orders,93808.64,91.61,11451711,1098,WRITE_HEAVY,ADD_INDEX_LOCKING,MEDIUM,11.86,20.73,1,0
MIG-14286,order_shipments,63846.4,62.35,16625390,2192,MIXED_OLTP,DROP_COLUMN,HIGH,0.55,1.56,1,0
MIG-14287,orders,219637.76,214.49,26811309,1106,MIXED_OLTP,DROP_COLUMN,MEDIUM,1.25,2.76,1,0
MIG-14288,customer_sessions,74967.04,73.21,16733432,2707,MIXED_OLTP,ADD_INDEX_CONCURRENTLY,HIGH,0.35,1.21,1,0
MIG-14289,order_items,289761.28,282.97,45476570,5077,READ_HEAVY,ADD_COLUMN_DEFAULT,CRITICAL,2.81,19.87,1,0
MIG-14290,orders,202547.2,197.8,24724642,391,MIXED_OLTP,ADD_COLUMN_DEFAULT,LOW,1.82,2.17,1,0
MIG-14291,orders,207616.0,202.75,25343532,308,READ_HEAVY,DROP_COLUMN,LOW,1.13,1.34,1,0
MIG-14292,orders,98068.48,95.77,11971017,1828,READ_HEAVY,ADD_INDEX_CONCURRENTLY,HIGH,0.51,1.09,1,0
MIG-14293,order_items,439326.72,429.03,68951602,1244,WRITE_HEAVY,DROP_COLUMN,MEDIUM,2.53,6.28,1,0
MIG-14294,order_shipments,72796.16,71.09,18957099,1173,WRITE_HEAVY,ADD_COLUMN_DEFAULT,MEDIUM,1.09,2.08,1,0
MIG-14295,order_items,509020.16,497.09,79890164,5222,WRITE_HEAVY,ALTER_COLUMN_TYPE,CRITICAL,102.09,2767.44,0,1
MIG-14296,order_items,630753.28,615.97,98995727,384,WRITE_HEAVY,ADD_COLUMN_DEFAULT,LOW,4.48,6.05,1,0
MIG-14297,order_items,135454.72,132.28,21258821,633,ANALYTICAL_BATCH,ADD_INDEX_CONCURRENTLY,MEDIUM,0.65,0.74,1,0
MIG-14298,order_items,219095.04,213.96,34386708,4424,ANALYTICAL_BATCH,ADD_INDEX_CONCURRENTLY,CRITICAL,0.82,11.66,1,0
MIG-14299,order_payments,44001.28,42.97,10578258,1220,WRITE_HEAVY,ADD_INDEX_CONCURRENTLY,MEDIUM,0.31,0.57,1,0
MIG-14300,order_items,194385.92,189.83,30509158,1497,ANALYTICAL_BATCH,ADD_INDEX_CONCURRENTLY,MEDIUM,0.91,1.88,1,0
MIG-14301,order_payments,81049.6,79.15,19482361,231,MIXED_OLTP,ADD_INDEX_LOCKING,LOW,11.02,13.85,1,0
MIG-14302,customer_sessions,71014.4,69.35,15850926,1360,READ_HEAVY,ADD_INDEX_LOCKING,MEDIUM,11.99,11.51,1,0
MIG-14303,order_items,346275.84,338.16,54346584,211,ANALYTICAL_BATCH,ADD_INDEX_CONCURRENTLY,LOW,1.19,0.93,1,0
MIG-14304,orders,197007.36,192.39,24048970,876,MIXED_OLTP,ALTER_COLUMN_TYPE,MEDIUM,52.8,114.78,0,1
MIG-14305,orders,132423.68,129.32,16165476,1462,READ_HEAVY,ADD_INDEX_CONCURRENTLY,MEDIUM,0.51,0.87,1,0
MIG-14306,order_items,279664.64,273.11,43892728,3410,WRITE_HEAVY,ADD_INDEX_LOCKING,CRITICAL,26.17,1043.85,0,1
MIG-14307,order_items,545228.8,532.45,85573049,1809,WRITE_HEAVY,ADD_INDEX_CONCURRENTLY,HIGH,2.01,3.17,1,0
MIG-14308,customer_sessions,56627.2,55.3,12639884,434,ANALYTICAL_BATCH,ADD_COLUMN_DEFAULT,LOW,0.91,1.19,1,0
MIG-14309,order_items,295782.4,288.85,46422518,2871,WRITE_HEAVY,ADD_INDEX_LOCKING,HIGH,31.16,178.78,0,1
MIG-14310,order_items,586485.76,572.74,92046981,604,WRITE_HEAVY,ADD_INDEX_CONCURRENTLY,MEDIUM,1.56,3.58,1,0
MIG-14311,order_payments,86353.92,84.33,20757133,2735,WRITE_HEAVY,ADD_INDEX_CONCURRENTLY,HIGH,0.42,1.98,1,0
MIG-14312,orders,90798.08,88.67,11083418,1089,READ_HEAVY,ADD_INDEX_LOCKING,MEDIUM,14.78,24.85,1,0
MIG-14313,order_shipments,58511.36,57.14,15237592,2817,READ_HEAVY,DROP_COLUMN,HIGH,0.5,2.04,1,0
MIG-14314,orders,198389.76,193.74,24216884,4242,ANALYTICAL_BATCH,ALTER_COLUMN_TYPE,CRITICAL,57.2,1363.24,0,1
MIG-14315,order_items,304148.48,297.02,47736119,334,READ_HEAVY,DROP_COLUMN,LOW,1.99,2.38,1,0
MIG-14316,customer_sessions,68771.84,67.16,15350500,732,MIXED_OLTP,ADD_INDEX_CONCURRENTLY,MEDIUM,0.33,0.6,1,0
MIG-14317,order_payments,90501.12,88.38,21754546,1084,READ_HEAVY,DROP_COLUMN,MEDIUM,0.91,1.32,1,0
MIG-14318,order_shipments,57231.36,55.89,14903719,918,READ_HEAVY,ALTER_COLUMN_TYPE,MEDIUM,21.14,45.06,0,1
MIG-14319,order_items,557864.96,544.79,87555625,902,WRITE_HEAVY,ADD_INDEX_CONCURRENTLY,MEDIUM,1.49,3.04,1,0
MIG-14320,order_shipments,56832.0,55.5,14799024,1919,WRITE_HEAVY,ADD_INDEX_CONCURRENTLY,HIGH,0.37,1.31,1,0
MIG-14321,order_items,328560.64,320.86,51567221,900,MIXED_OLTP,DROP_COLUMN,MEDIUM,1.64,4.11,1,0
MIG-14322,order_items,168212.48,164.27,26401028,167,MIXED_OLTP,ADD_INDEX_LOCKING,LOW,18.88,25.5,0,1
MIG-14323,orders,129331.2,126.3,15787280,2776,READ_HEAVY,ADD_COLUMN_DEFAULT,HIGH,1.53,4.57,1,0
MIG-14324,orders,136970.24,133.76,16720304,2107,ANALYTICAL_BATCH,ADD_INDEX_LOCKING,HIGH,18.91,159.49,0,1
MIG-14325,order_items,207902.72,203.03,32630407,887,MIXED_OLTP,ADD_INDEX_CONCURRENTLY,MEDIUM,0.85,1.34,1,0
MIG-14326,orders,179169.28,174.97,21871226,5448,WRITE_HEAVY,ADD_COLUMN_DEFAULT,CRITICAL,1.65,20.7,1,0
MIG-14327,order_payments,43857.92,42.83,10542651,4216,READ_HEAVY,ADD_INDEX_LOCKING,CRITICAL,9.42,93.5,0,1
MIG-14328,order_shipments,36986.88,36.12,9631699,4756,MIXED_OLTP,ADD_INDEX_CONCURRENTLY,CRITICAL,0.22,2.66,1,0
MIG-14329,customer_sessions,50534.4,49.35,11279724,1496,MIXED_OLTP,ADD_COLUMN_DEFAULT,MEDIUM,0.66,1.29,1,0
MIG-14330,orders,108646.4,106.1,13262556,1362,WRITE_HEAVY,DROP_COLUMN,MEDIUM,0.82,1.78,1,0
MIG-14331,customer_sessions,55603.2,54.3,12411223,241,WRITE_HEAVY,ADD_COLUMN_DEFAULT,LOW,0.67,0.74,1,0
MIG-14332,orders,201881.6,197.15,24643854,4331,READ_HEAVY,ALTER_COLUMN_TYPE,CRITICAL,64.7,1196.4,0,1
MIG-14333,order_items,270182.4,263.85,42404523,5056,WRITE_HEAVY,TABLE_REWRITE,CRITICAL,120.27,4116.37,0,1
MIG-14334,order_shipments,25681.92,25.08,6687573,2250,WRITE_HEAVY,DROP_COLUMN,HIGH,0.34,1.49,1,0
MIG-14335,orders,157409.28,153.72,19215199,777,READ_HEAVY,ADD_INDEX_LOCKING,MEDIUM,17.22,18.81,1,0
MIG-14336,orders,69703.68,68.07,8508257,1028,READ_HEAVY,ALTER_COLUMN_TYPE,MEDIUM,31.25,57.63,0,1
MIG-14337,orders,163112.96,159.29,19911363,1537,WRITE_HEAVY,ADD_INDEX_LOCKING,HIGH,21.69,227.47,0,1
MIG-14338,order_items,489482.24,478.01,76823645,452,READ_HEAVY,ADD_INDEX_LOCKING,LOW,36.42,47.42,0,1
MIG-14339,order_shipments,69888.0,68.25,18199123,1093,WRITE_HEAVY,ADD_INDEX_CONCURRENTLY,MEDIUM,0.44,0.84,1,0
MIG-14340,orders,148305.92,144.83,18103226,1883,READ_HEAVY,ALTER_COLUMN_TYPE,HIGH,39.62,226.76,0,1
MIG-14341,orders,258365.44,252.31,31538180,2219,MIXED_OLTP,ADD_INDEX_CONCURRENTLY,HIGH,1.13,3.82,1,0
MIG-14342,order_items,167198.72,163.28,26241525,531,MIXED_OLTP,ADD_INDEX_CONCURRENTLY,MEDIUM,0.81,1.03,1,0
MIG-14343,orders,243793.92,238.08,29760040,2680,WRITE_HEAVY,DROP_COLUMN,HIGH,1.43,4.49,1,0
MIG-14344,order_payments,122490.88,119.62,29443711,312,MIXED_OLTP,ADD_INDEX_CONCURRENTLY,LOW,0.56,0.58,1,0
MIG-14345,customer_sessions,41410.56,40.44,9244235,504,MIXED_OLTP,ADD_INDEX_CONCURRENTLY,MEDIUM,0.3,0.3,1,0
MIG-14346,order_payments,44943.36,43.89,10802574,283,READ_HEAVY,DROP_COLUMN,LOW,0.52,0.5,1,0
MIG-14347,order_shipments,31365.12,30.63,8166722,570,ANALYTICAL_BATCH,ADD_INDEX_CONCURRENTLY,MEDIUM,0.25,0.21,1,0
MIG-14348,order_items,590428.16,576.59,92666266,887,WRITE_HEAVY,ALTER_COLUMN_TYPE,MEDIUM,127.47,235.08,0,1
MIG-14349,order_shipments,37816.32,36.93,9848020,1359,WRITE_HEAVY,TABLE_REWRITE,MEDIUM,31.31,74.01,0,1
MIG-14350,orders,242493.44,236.81,29601124,1153,MIXED_OLTP,ADD_INDEX_LOCKING,MEDIUM,24.72,42.3,0,1
MIG-14351,orders,160471.04,156.71,19588970,980,READ_HEAVY,ADD_INDEX_CONCURRENTLY,MEDIUM,0.67,1.18,1,0
MIG-14352,order_payments,81940.48,80.02,19697957,1011,WRITE_HEAVY,DROP_COLUMN,MEDIUM,0.63,1.62,1,0
MIG-14353,orders,186173.44,181.81,22726804,2259,WRITE_HEAVY,ADD_INDEX_CONCURRENTLY,HIGH,0.86,2.7,1,0
MIG-14354,order_shipments,36270.08,35.42,9444844,138,WRITE_HEAVY,DROP_COLUMN,LOW,0.37,0.4,1,0
MIG-14355,order_payments,77946.88,76.12,18737075,725,WRITE_HEAVY,ADD_INDEX_CONCURRENTLY,MEDIUM,0.51,0.63,1,0
MIG-14356,customer_sessions,74874.88,73.12,16714175,426,WRITE_HEAVY,ADD_COLUMN_DEFAULT,LOW,0.98,1.38,1,0
MIG-14357,order_items,237649.92,232.08,37298811,470,ANALYTICAL_BATCH,ADD_INDEX_CONCURRENTLY,LOW,0.83,1.11,1,0
MIG-14358,order_items,590315.52,576.48,92648268,1718,WRITE_HEAVY,TABLE_REWRITE,HIGH,223.28,1492.85,0,1
MIG-14359,order_payments,145735.68,142.32,35033239,5286,MIXED_OLTP,ADD_INDEX_CONCURRENTLY,CRITICAL,0.68,5.21,1,0
MIG-14360,orders,60631.04,59.21,7401494,530,WRITE_HEAVY,ADD_COLUMN_DEFAULT,MEDIUM,0.81,1.24,1,0
MIG-14361,order_items,388935.68,379.82,61041708,1016,WRITE_HEAVY,ADD_INDEX_CONCURRENTLY,MEDIUM,1.42,2.05,1,0
MIG-14362,order_payments,47206.4,46.1,11348395,1327,ANALYTICAL_BATCH,ADD_COLUMN_DEFAULT,MEDIUM,0.82,1.81,1,0
MIG-14363,customer_sessions,54446.08,53.17,12152685,187,WRITE_HEAVY,ALTER_COLUMN_TYPE,LOW,19.79,26.48,0,1
MIG-14364,order_payments,145182.72,141.78,34898828,5372,WRITE_HEAVY,ADD_INDEX_CONCURRENTLY,CRITICAL,0.54,7.09,1,0
MIG-14365,orders,247531.52,241.73,30215784,1482,MIXED_OLTP,ADD_INDEX_CONCURRENTLY,MEDIUM,0.8,2.05,1,0
MIG-14366,order_items,591994.88,578.12,92912725,2136,WRITE_HEAVY,ADD_INDEX_CONCURRENTLY,HIGH,1.82,5.92,1,0
MIG-14367,order_items,224798.72,219.53,35281334,5231,WRITE_HEAVY,DROP_COLUMN,CRITICAL,1.52,13.8,1,0
MIG-14368,orders,169103.36,165.14,20642629,579,ANALYTICAL_BATCH,DROP_COLUMN,MEDIUM,0.98,1.71,1,0
MIG-14369,order_items,235878.4,230.35,37021312,308,READ_HEAVY,ALTER_COLUMN_TYPE,LOW,65.18,79.67,0,1
MIG-14370,orders,248094.72,242.28,30284467,1938,MIXED_OLTP,ALTER_COLUMN_TYPE,HIGH,55.83,510.09,0,1
MIG-14371,orders,91432.96,89.29,11161157,2439,WRITE_HEAVY,ADD_INDEX_CONCURRENTLY,HIGH,0.54,1.35,1,0
MIG-14372,order_items,194150.4,189.6,30470671,750,WRITE_HEAVY,ALTER_COLUMN_TYPE,MEDIUM,66.21,83.82,0,1
MIG-14373,orders,51845.12,50.63,6328391,2159,READ_HEAVY,ALTER_COLUMN_TYPE,HIGH,21.09,158.16,0,1
MIG-14374,order_items,208588.8,203.7,32737776,1231,MIXED_OLTP,DROP_COLUMN,MEDIUM,1.55,2.41,1,0
MIG-14375,orders,91125.76,88.99,11123596,706,WRITE_HEAVY,ADD_COLUMN_DEFAULT,MEDIUM,1.03,2.32,1,0
MIG-14376,order_payments,35911.68,35.07,8631717,2763,MIXED_OLTP,ADD_INDEX_LOCKING,HIGH,5.77,65.03,0,1
MIG-14377,orders,241080.32,235.43,29429009,1181,MIXED_OLTP,DROP_COLUMN,MEDIUM,1.28,2.57,1,0
MIG-14378,order_shipments,83128.32,81.18,21647952,750,READ_HEAVY,ADD_COLUMN_DEFAULT,MEDIUM,1.05,1.63,1,0
MIG-14379,orders,105441.28,102.97,12871000,1169,READ_HEAVY,ADD_INDEX_CONCURRENTLY,MEDIUM,0.62,0.79,1,0
MIG-14380,order_items,518922.24,506.76,81443873,1976,READ_HEAVY,DROP_COLUMN,HIGH,2.76,7.87,1,0
MIG-14381,order_items,332564.48,324.77,52195328,4368,MIXED_OLTP,DROP_COLUMN,CRITICAL,2.13,15.57,1,0
MIG-14382,orders,220682.24,215.51,26939048,2415,WRITE_HEAVY,ADD_INDEX_CONCURRENTLY,HIGH,0.79,2.84,1,0
MIG-14383,order_items,281395.2,274.8,44163619,2721,MIXED_OLTP,ALTER_COLUMN_TYPE,HIGH,82.88,910.81,0,1
MIG-14384,order_shipments,65269.76,63.74,16996531,848,READ_HEAVY,ADD_INDEX_CONCURRENTLY,MEDIUM,0.42,0.52,1,0
MIG-14385,order_shipments,50083.84,48.91,13042787,951,ANALYTICAL_BATCH,ADD_INDEX_CONCURRENTLY,MEDIUM,0.28,0.66,1,0
MIG-14386,order_items,211548.16,206.59,33201741,277,ANALYTICAL_BATCH,ADD_COLUMN_DEFAULT,LOW,2.41,2.31,1,0
MIG-14387,orders,178688.0,174.5,21812087,1360,WRITE_HEAVY,DROP_COLUMN,MEDIUM,1.44,2.67,1,0
MIG-14388,order_payments,116582.4,113.85,28023927,2762,READ_HEAVY,ADD_INDEX_CONCURRENTLY,HIGH,0.51,2.31,1,0
MIG-14389,order_items,503367.68,491.57,79001677,186,READ_HEAVY,ADD_INDEX_LOCKING,LOW,37.62,31.34,0,1
MIG-14390,orders,127959.04,124.96,15619814,3263,READ_HEAVY,ADD_COLUMN_DEFAULT,CRITICAL,1.42,5.0,1,0
MIG-14391,order_payments,88770.56,86.69,21338898,1461,MIXED_OLTP,ADD_INDEX_CONCURRENTLY,MEDIUM,0.52,0.63,1,0
MIG-14392,order_items,508866.56,496.94,79866066,1750,WRITE_HEAVY,ADD_INDEX_CONCURRENTLY,HIGH,1.33,3.97,1,0
MIG-14393,order_payments,33157.12,32.38,7969530,705,READ_HEAVY,ADD_COLUMN_DEFAULT,MEDIUM,0.62,0.94,1,0
MIG-14394,order_items,151787.52,148.23,23822954,1678,ANALYTICAL_BATCH,ADD_COLUMN_DEFAULT,HIGH,1.85,7.11,1,0
MIG-14395,order_items,308858.88,301.62,48474041,660,ANALYTICAL_BATCH,ADD_INDEX_CONCURRENTLY,MEDIUM,1.23,1.7,1,0
MIG-14396,orders,98580.48,96.27,12033733,125,WRITE_HEAVY,ADD_COLUMN_DEFAULT,LOW,1.34,1.17,1,0
MIG-14397,order_payments,71505.92,69.83,17189805,4508,ANALYTICAL_BATCH,ADD_COLUMN_DEFAULT,CRITICAL,1.11,10.95,1,0
MIG-14398,orders,69888.0,68.25,8531333,2264,WRITE_HEAVY,TABLE_REWRITE,HIGH,43.96,373.65,0,1
MIG-14399,order_payments,97546.24,95.26,23449831,593,READ_HEAVY,ADD_INDEX_LOCKING,MEDIUM,13.18,19.11,1,0
MIG-14400,order_payments,107100.16,104.59,25746126,2478,WRITE_HEAVY,ADD_INDEX_CONCURRENTLY,HIGH,0.61,2.52,1,0
MIG-14401,order_payments,121497.6,118.65,29205006,667,READ_HEAVY,ADD_COLUMN_DEFAULT,MEDIUM,1.36,1.27,1,0
MIG-14402,orders,193034.24,188.51,23564119,2307,WRITE_HEAVY,ADD_INDEX_CONCURRENTLY,HIGH,0.84,2.6,1,0
MIG-14403,orders,136826.88,133.62,16702297,1229,WRITE_HEAVY,ADD_COLUMN_DEFAULT,MEDIUM,1.25,3.75,1,0
MIG-14404,order_items,597196.8,583.2,93729186,2138,WRITE_HEAVY,ADD_COLUMN_DEFAULT,HIGH,4.52,16.03,1,0
MIG-14405,order_items,489543.68,478.07,76832893,808,ANALYTICAL_BATCH,ALTER_COLUMN_TYPE,MEDIUM,130.13,123.99,0,1
MIG-14406,order_shipments,62197.76,60.74,16197914,2844,READ_HEAVY,ADD_COLUMN_DEFAULT,HIGH,0.77,2.64,1,0
MIG-14407,order_items,221440.0,216.25,34754883,5000,MIXED_OLTP,ALTER_COLUMN_TYPE,CRITICAL,67.54,1494.82,0,1
MIG-14408,order_shipments,72263.68,70.57,18817859,5110,MIXED_OLTP,DROP_COLUMN,CRITICAL,0.56,7.09,1,0
MIG-14409,orders,180029.44,175.81,21976454,1733,READ_HEAVY,ADD_COLUMN_DEFAULT,HIGH,1.68,4.76,1,0
MIG-14410,order_items,467353.6,456.4,73349729,1909,WRITE_HEAVY,ADD_INDEX_CONCURRENTLY,HIGH,1.61,3.95,1,0
MIG-14411,orders,221921.28,216.72,27090368,885,WRITE_HEAVY,ADD_INDEX_CONCURRENTLY,MEDIUM,0.86,1.77,1,0
MIG-14412,order_payments,136253.44,133.06,32753429,167,READ_HEAVY,ADD_INDEX_LOCKING,LOW,19.19,25.66,0,1
MIG-14413,orders,259072.0,253.0,31624527,886,ANALYTICAL_BATCH,ALTER_COLUMN_TYPE,MEDIUM,59.1,126.38,0,1
MIG-14414,orders,188538.88,184.12,23015008,747,WRITE_HEAVY,ADD_COLUMN_DEFAULT,MEDIUM,1.73,3.66,1,0
MIG-14415,order_payments,142356.48,139.02,34219533,292,MIXED_OLTP,ADD_COLUMN_DEFAULT,LOW,1.83,1.38,1,0
MIG-14416,order_items,585072.64,571.36,91825214,2561,MIXED_OLTP,ADD_INDEX_CONCURRENTLY,HIGH,1.65,6.12,1,0
MIG-14417,orders,49725.44,48.56,6070587,264,ANALYTICAL_BATCH,ADD_COLUMN_DEFAULT,LOW,0.87,0.66,1,0
MIG-14418,orders,190187.52,185.73,23215671,1222,WRITE_HEAVY,ALTER_COLUMN_TYPE,MEDIUM,62.41,124.41,0,1
MIG-14419,order_items,206796.8,201.95,32456022,886,ANALYTICAL_BATCH,ADD_INDEX_CONCURRENTLY,MEDIUM,0.73,1.47,1,0
MIG-14420,order_items,267038.72,260.78,41910605,4235,READ_HEAVY,ADD_INDEX_CONCURRENTLY,CRITICAL,0.91,4.34,1,0
MIG-14421,orders,114954.24,112.26,14032505,828,READ_HEAVY,DROP_COLUMN,MEDIUM,0.84,1.02,1,0
MIG-14422,order_items,364032.0,355.5,57133500,133,MIXED_OLTP,ADD_COLUMN_DEFAULT,LOW,2.81,3.08,1,0
MIG-14423,orders,51558.4,50.35,6293386,515,WRITE_HEAVY,ADD_INDEX_CONCURRENTLY,MEDIUM,0.36,0.31,1,0
MIG-14424,order_items,236380.16,230.84,37099509,683,MIXED_OLTP,ADD_COLUMN_DEFAULT,MEDIUM,2.63,2.55,1,0
MIG-14425,order_items,129720.32,126.68,20358797,346,READ_HEAVY,DROP_COLUMN,LOW,0.87,1.34,1,0
MIG-14426,orders,193044.48,188.52,23565081,1649,MIXED_OLTP,TABLE_REWRITE,HIGH,94.05,578.31,0,1
MIG-14427,orders,245852.16,240.09,30010764,4183,MIXED_OLTP,ALTER_COLUMN_TYPE,CRITICAL,60.74,1453.16,0,1
MIG-14428,orders,269844.48,263.52,32940293,1699,READ_HEAVY,DROP_COLUMN,HIGH,1.81,4.57,1,0
MIG-14429,orders,148367.36,144.89,18111036,873,WRITE_HEAVY,ADD_INDEX_LOCKING,MEDIUM,19.46,40.7,0,1
MIG-14430,order_items,248944.64,243.11,39071429,770,WRITE_HEAVY,DROP_COLUMN,MEDIUM,1.81,2.91,1,0
MIG-14431,order_shipments,89190.4,87.1,23227037,711,MIXED_OLTP,ADD_COLUMN_DEFAULT,MEDIUM,1.04,1.71,1,0
MIG-14432,order_shipments,27822.08,27.17,7244223,2272,READ_HEAVY,ADD_INDEX_CONCURRENTLY,HIGH,0.24,0.44,1,0
MIG-14433,order_items,617492.48,603.02,96913357,5228,MIXED_OLTP,ADD_INDEX_CONCURRENTLY,CRITICAL,1.99,17.4,1,0
MIG-14434,order_items,483614.72,472.28,75901833,361,READ_HEAVY,ADD_COLUMN_DEFAULT,LOW,4.07,4.76,1,0
MIG-14435,order_items,374763.52,365.98,58818707,737,READ_HEAVY,TABLE_REWRITE,MEDIUM,155.82,176.79,0,1
MIG-14436,order_shipments,26449.92,25.83,6887651,5122,MIXED_OLTP,DROP_COLUMN,CRITICAL,0.33,3.73,1,0
MIG-14437,orders,53176.32,51.93,6491290,468,MIXED_OLTP,TABLE_REWRITE,LOW,40.3,47.54,0,1
MIG-14438,orders,169594.88,165.62,20702369,4891,READ_HEAVY,ADD_INDEX_CONCURRENTLY,CRITICAL,0.68,6.6,1,0
MIG-14439,order_items,328273.92,320.58,51521891,717,WRITE_HEAVY,ADD_INDEX_CONCURRENTLY,MEDIUM,0.99,2.05,1,0
MIG-14440,orders,235540.48,230.02,28751941,1751,MIXED_OLTP,TABLE_REWRITE,HIGH,117.12,798.55,0,1
MIG-14441,order_items,446177.28,435.72,70026743,1471,MIXED_OLTP,ADD_COLUMN_DEFAULT,MEDIUM,3.76,4.64,1,0
MIG-14442,order_shipments,54251.52,52.98,14128961,2833,READ_HEAVY,ADD_COLUMN_DEFAULT,HIGH,0.75,2.16,1,0
MIG-14443,order_shipments,37181.44,36.31,9681752,4049,READ_HEAVY,ADD_INDEX_CONCURRENTLY,CRITICAL,0.31,1.85,1,0
MIG-14444,orders,155412.48,151.77,18971399,282,WRITE_HEAVY,ALTER_COLUMN_TYPE,LOW,57.39,58.54,0,1
MIG-14445,order_items,198809.6,194.15,31202536,2299,READ_HEAVY,ADD_INDEX_CONCURRENTLY,HIGH,0.97,3.18,1,0
MIG-14446,order_items,458926.08,448.17,72028025,455,WRITE_HEAVY,ALTER_COLUMN_TYPE,LOW,97.0,152.02,0,1
MIG-14447,order_items,427304.96,417.29,67064054,798,WRITE_HEAVY,ADD_INDEX_CONCURRENTLY,MEDIUM,1.38,1.58,1,0
MIG-14448,order_items,532766.72,520.28,83615780,1178,MIXED_OLTP,ADD_INDEX_CONCURRENTLY,MEDIUM,1.42,2.5,1,0
MIG-14449,orders,148582.4,145.1,18137290,2908,READ_HEAVY,ALTER_COLUMN_TYPE,HIGH,55.49,199.84,0,1
MIG-14450,order_shipments,41543.68,40.57,10818808,799,MIXED_OLTP,ADD_COLUMN_DEFAULT,MEDIUM,0.71,1.01,1,0
MIG-14451,customer_sessions,68290.56,66.69,15244093,782,READ_HEAVY,ADD_INDEX_CONCURRENTLY,MEDIUM,0.34,0.52,1,0
MIG-14452,order_payments,109414.4,106.85,26300715,153,WRITE_HEAVY,DROP_COLUMN,LOW,0.78,0.68,1,0
MIG-14453,order_payments,111288.32,108.68,26753223,1230,READ_HEAVY,ADD_INDEX_CONCURRENTLY,MEDIUM,0.59,1.16,1,0
MIG-14454,order_items,387225.6,378.15,60774850,208,WRITE_HEAVY,ADD_INDEX_CONCURRENTLY,LOW,1.32,1.39,1,0
MIG-14455,order_items,566773.76,553.49,88954267,520,MIXED_OLTP,ADD_INDEX_CONCURRENTLY,MEDIUM,1.53,2.37,1,0
MIG-14456,orders,99532.8,97.2,12150154,2254,ANALYTICAL_BATCH,ADD_COLUMN_DEFAULT,HIGH,1.41,3.85,1,0
MIG-14457,order_items,321996.8,314.45,50537054,1058,MIXED_OLTP,ADD_INDEX_CONCURRENTLY,MEDIUM,1.34,1.94,1,0
MIG-14458,orders,225269.76,219.99,27498279,3043,MIXED_OLTP,ALTER_COLUMN_TYPE,CRITICAL,65.07,841.54,0,1
MIG-14459,order_shipments,29460.48,28.77,7671955,1241,MIXED_OLTP,ADD_INDEX_LOCKING,MEDIUM,6.73,12.75,1,0
MIG-14460,order_items,531752.96,519.29,83456868,1058,MIXED_OLTP,ADD_INDEX_CONCURRENTLY,MEDIUM,1.86,1.76,1,0
MIG-14461,order_items,296663.04,289.71,46560212,288,READ_HEAVY,ADD_COLUMN_DEFAULT,LOW,2.65,3.06,1,0
MIG-14462,order_items,179456.0,175.25,28165799,237,MIXED_OLTP,DROP_COLUMN,LOW,1.45,1.27,1,0
MIG-14463,customer_sessions,19445.76,18.99,4339752,2464,READ_HEAVY,DROP_COLUMN,HIGH,0.27,0.94,1,0
MIG-14464,orders,235612.16,230.09,28761775,1250,WRITE_HEAVY,ADD_COLUMN_DEFAULT,MEDIUM,2.36,6.06,1,0
MIG-14465,orders,221368.32,216.18,27022619,1268,MIXED_OLTP,DROP_COLUMN,MEDIUM,1.49,1.92,1,0
MIG-14466,orders,112865.28,110.22,13777116,888,MIXED_OLTP,ADD_INDEX_CONCURRENTLY,MEDIUM,0.59,0.98,1,0
MIG-14467,order_payments,40560.64,39.61,9751231,2250,WRITE_HEAVY,ADD_COLUMN_DEFAULT,HIGH,0.74,2.66,1,0
MIG-14468,customer_sessions,30289.92,29.58,6760175,753,ANALYTICAL_BATCH,ADD_INDEX_CONCURRENTLY,MEDIUM,0.2,0.3,1,0
MIG-14469,orders,96266.24,94.01,11750666,187,WRITE_HEAVY,TABLE_REWRITE,LOW,67.48,58.18,0,1
MIG-14470,order_shipments,79237.12,77.38,20634002,1362,MIXED_OLTP,ADD_COLUMN_DEFAULT,MEDIUM,1.18,1.87,1,0
MIG-14471,orders,96829.44,94.56,11820203,896,ANALYTICAL_BATCH,DROP_COLUMN,MEDIUM,0.8,1.54,1,0
MIG-14472,order_items,226211.84,220.91,35503980,3683,WRITE_HEAVY,ADD_COLUMN_DEFAULT,CRITICAL,2.46,17.8,1,0
MIG-14473,orders,56289.28,54.97,6871239,392,ANALYTICAL_BATCH,ADD_INDEX_CONCURRENTLY,LOW,0.37,0.53,1,0
MIG-14474,order_items,422727.68,412.82,66345634,1196,MIXED_OLTP,ADD_INDEX_CONCURRENTLY,MEDIUM,1.23,2.02,1,0
MIG-14475,order_payments,109168.64,106.61,26242610,771,MIXED_OLTP,ADD_INDEX_CONCURRENTLY,MEDIUM,0.49,0.8,1,0
MIG-14476,order_items,451952.64,441.36,70932727,3436,ANALYTICAL_BATCH,DROP_COLUMN,CRITICAL,2.3,20.56,1,0
MIG-14477,orders,174919.68,170.82,21352177,352,MIXED_OLTP,DROP_COLUMN,LOW,1.02,1.3,1,0
MIG-14478,order_shipments,98560.0,96.25,25667218,2877,READ_HEAVY,ADD_INDEX_CONCURRENTLY,HIGH,0.53,1.38,1,0
MIG-14479,customer_sessions,44830.72,43.78,10007434,1722,MIXED_OLTP,ADD_COLUMN_DEFAULT,HIGH,0.7,2.35,1,0
MIG-14480,order_items,558602.24,545.51,87671057,739,READ_HEAVY,ADD_COLUMN_DEFAULT,MEDIUM,4.37,5.94,1,0
MIG-14481,order_items,448092.16,437.59,70326802,2895,WRITE_HEAVY,DROP_COLUMN,HIGH,2.8,6.61,1,0
MIG-14482,order_payments,36710.4,35.85,8823863,1232,WRITE_HEAVY,ADD_COLUMN_DEFAULT,MEDIUM,0.63,1.02,1,0
MIG-14483,orders,228331.52,222.98,27872388,341,READ_HEAVY,ALTER_COLUMN_TYPE,LOW,67.39,58.97,0,1
MIG-14484,order_shipments,66908.16,65.34,17422792,835,MIXED_OLTP,ADD_COLUMN_DEFAULT,MEDIUM,1.02,1.88,1,0
MIG-14485,orders,193699.84,189.16,23645192,968,ANALYTICAL_BATCH,ADD_COLUMN_DEFAULT,MEDIUM,2.1,3.31,1,0
MIG-14486,order_payments,48220.16,47.09,11590550,689,ANALYTICAL_BATCH,ADD_INDEX_LOCKING,MEDIUM,9.13,17.19,1,0
MIG-14487,orders,145920.0,142.5,17812232,2717,WRITE_HEAVY,ADD_INDEX_LOCKING,HIGH,18.94,222.88,0,1
MIG-14488,orders,243927.04,238.21,29775726,2252,READ_HEAVY,ADD_COLUMN_DEFAULT,HIGH,2.69,7.29,1,0
MIG-14489,order_items,225873.92,220.58,35449926,2695,READ_HEAVY,ADD_INDEX_CONCURRENTLY,HIGH,0.97,3.98,1,0
MIG-14490,order_items,114749.44,112.06,18010117,1377,WRITE_HEAVY,ADD_INDEX_CONCURRENTLY,MEDIUM,0.6,1.36,1,0
MIG-14491,order_shipments,39792.64,38.86,10362188,597,READ_HEAVY,ADD_COLUMN_DEFAULT,MEDIUM,0.67,0.94,1,0
MIG-14492,customer_sessions,45793.28,44.72,10220611,444,READ_HEAVY,ADD_INDEX_LOCKING,LOW,9.51,9.96,1,0
MIG-14493,orders,230809.6,225.4,28174507,1960,ANALYTICAL_BATCH,DROP_COLUMN,HIGH,1.52,4.41,1,0
MIG-14494,orders,191436.8,186.95,23368854,231,WRITE_HEAVY,ADD_INDEX_CONCURRENTLY,LOW,0.83,0.61,1,0
MIG-14495,order_items,589015.04,575.21,92444140,958,MIXED_OLTP,ADD_INDEX_CONCURRENTLY,MEDIUM,1.79,2.36,1,0
MIG-14496,order_items,349798.4,341.6,54900718,1945,MIXED_OLTP,DROP_COLUMN,HIGH,1.62,7.34,1,0
MIG-14497,order_items,316385.28,308.97,49656033,2010,MIXED_OLTP,DROP_COLUMN,HIGH,2.1,4.08,1,0
MIG-14498,order_shipments,37621.76,36.74,9798633,377,WRITE_HEAVY,ADD_INDEX_LOCKING,LOW,7.47,10.83,1,0
MIG-14499,order_payments,52746.24,51.51,12680199,1975,WRITE_HEAVY,DROP_COLUMN,HIGH,0.44,2.18,1,0
MIG-14500,orders,211968.0,207.0,25874967,343,ANALYTICAL_BATCH,ADD_INDEX_CONCURRENTLY,LOW,0.8,0.91,1,0
MIG-14501,order_items,156160.0,152.5,24509088,2028,WRITE_HEAVY,ADD_INDEX_LOCKING,HIGH,18.07,135.31,0,1
MIG-14502,order_items,239953.92,234.33,37659800,1987,WRITE_HEAVY,ADD_COLUMN_DEFAULT,HIGH,2.15,6.45,1,0
MIG-14503,order_items,571893.76,558.49,89757516,1713,ANALYTICAL_BATCH,DROP_COLUMN,HIGH,3.07,7.31,1,0
MIG-14504,orders,176752.64,172.61,21576862,445,MIXED_OLTP,ADD_COLUMN_DEFAULT,LOW,1.67,2.66,1,0
MIG-14505,order_items,138731.52,135.48,21773596,619,MIXED_OLTP,ADD_INDEX_LOCKING,MEDIUM,18.94,38.84,0,1
MIG-14506,order_items,478146.56,466.94,75044658,1053,WRITE_HEAVY,ADD_INDEX_CONCURRENTLY,MEDIUM,1.57,3.59,1,0
MIG-14507,orders,161218.56,157.44,19680423,760,READ_HEAVY,ADD_INDEX_CONCURRENTLY,MEDIUM,0.7,0.93,1,0
MIG-14508,order_payments,129003.52,125.98,31010225,5470,MIXED_OLTP,ADD_INDEX_CONCURRENTLY,CRITICAL,0.71,6.25,1,0
MIG-14509,order_items,466892.8,455.95,73277143,128,WRITE_HEAVY,ADD_INDEX_LOCKING,LOW,38.79,34.08,0,1
MIG-14510,order_items,116981.76,114.24,18360173,925,WRITE_HEAVY,ADD_INDEX_LOCKING,MEDIUM,13.6,32.5,0,1
MIG-14511,order_items,220866.56,215.69,34664866,304,WRITE_HEAVY,ADD_INDEX_CONCURRENTLY,LOW,0.92,1.37,1,0
MIG-14512,order_shipments,39833.6,38.9,10372015,1486,READ_HEAVY,ADD_INDEX_CONCURRENTLY,MEDIUM,0.26,0.43,1,0
MIG-14513,orders,204472.32,199.68,24960271,653,WRITE_HEAVY,ADD_INDEX_CONCURRENTLY,MEDIUM,0.76,1.49,1,0
MIG-14514,orders,161802.24,158.01,19751482,1332,MIXED_OLTP,DROP_COLUMN,MEDIUM,1.07,2.08,1,0
MIG-14515,order_items,500439.04,488.71,78543247,1601,WRITE_HEAVY,ADD_COLUMN_DEFAULT,HIGH,3.87,7.39,1,0
MIG-14516,order_items,379381.76,370.49,59542243,3725,WRITE_HEAVY,ADD_INDEX_LOCKING,CRITICAL,30.93,820.26,0,1
MIG-14517,orders,121569.28,118.72,14839384,2755,ANALYTICAL_BATCH,ADD_INDEX_LOCKING,HIGH,17.47,241.57,0,1
MIG-14518,order_payments,39045.12,38.13,9385426,3942,ANALYTICAL_BATCH,ALTER_COLUMN_TYPE,CRITICAL,15.26,363.38,0,1
MIG-14519,orders,93972.48,91.77,11470796,335,MIXED_OLTP,ADD_COLUMN_DEFAULT,LOW,1.4,1.61,1,0
MIG-14520,orders,137799.68,134.57,16821062,3978,ANALYTICAL_BATCH,ALTER_COLUMN_TYPE,CRITICAL,47.4,952.61,0,1
MIG-14521,order_items,399288.32,389.93,62667798,1398,WRITE_HEAVY,ADD_COLUMN_DEFAULT,MEDIUM,3.19,6.25,1,0
MIG-14522,order_payments,139079.68,135.82,33432757,136,READ_HEAVY,ADD_INDEX_LOCKING,LOW,17.23,19.69,1,0
MIG-14523,order_shipments,38318.08,37.42,9977955,1483,WRITE_HEAVY,DROP_COLUMN,MEDIUM,0.39,0.76,1,0
MIG-14524,order_payments,106424.32,103.93,25583246,734,READ_HEAVY,TABLE_REWRITE,MEDIUM,72.01,103.71,0,1
MIG-14525,order_items,193413.12,188.88,30356218,2390,MIXED_OLTP,ADD_COLUMN_DEFAULT,HIGH,1.74,4.08,1,0
MIG-14526,order_payments,112138.24,109.51,26956089,204,MIXED_OLTP,DROP_COLUMN,LOW,1.0,1.06,1,0
MIG-14527,order_payments,27985.92,27.33,6726617,1295,WRITE_HEAVY,DROP_COLUMN,MEDIUM,0.31,0.66,1,0
MIG-14528,orders,194232.32,189.68,23709838,1204,READ_HEAVY,TABLE_REWRITE,MEDIUM,96.67,137.4,0,1
MIG-14529,order_items,198922.24,194.26,31220630,659,ANALYTICAL_BATCH,ADD_INDEX_CONCURRENTLY,MEDIUM,0.8,0.99,1,0
MIG-14530,order_payments,48230.4,47.1,11593344,3616,READ_HEAVY,DROP_COLUMN,CRITICAL,0.53,2.88,1,0
MIG-14531,order_items,403138.56,393.69,63271518,1198,WRITE_HEAVY,ADD_INDEX_CONCURRENTLY,MEDIUM,1.58,2.75,1,0
MIG-14532,order_payments,71598.08,69.92,17211852,1002,READ_HEAVY,ALTER_COLUMN_TYPE,MEDIUM,31.61,49.75,0,1
MIG-14533,order_items,357928.96,349.54,56175717,2324,WRITE_HEAVY,ADD_INDEX_LOCKING,HIGH,36.57,456.43,0,1
MIG-14534,order_items,274104.32,267.68,43019999,3916,READ_HEAVY,DROP_COLUMN,CRITICAL,1.68,10.83,1,0
MIG-14535,orders,260044.8,253.95,31743610,1176,READ_HEAVY,ADD_COLUMN_DEFAULT,MEDIUM,2.85,3.42,1,0
MIG-14536,order_payments,61450.24,60.01,14770895,471,READ_HEAVY,DROP_COLUMN,LOW,0.5,0.78,1,0
MIG-14537,order_shipments,63395.84,61.91,16508224,3261,READ_HEAVY,DROP_COLUMN,CRITICAL,0.63,2.83,1,0
MIG-14538,orders,238120.96,232.54,29067599,1193,READ_HEAVY,ADD_INDEX_CONCURRENTLY,MEDIUM,1.09,1.09,1,0
MIG-14539,order_items,457472.0,446.75,71798645,1435,WRITE_HEAVY,ADD_INDEX_LOCKING,MEDIUM,46.41,79.62,0,1
MIG-14540,orders,120545.28,117.72,14714977,188,WRITE_HEAVY,ADD_COLUMN_DEFAULT,LOW,1.36,1.43,1,0
MIG-14541,orders,171345.92,167.33,20915790,266,READ_HEAVY,ADD_INDEX_CONCURRENTLY,LOW,0.83,0.72,1,0
MIG-14542,customer_sessions,19691.52,19.23,4395072,4416,MIXED_OLTP,DROP_COLUMN,CRITICAL,0.31,1.66,1,0
MIG-14543,order_items,396318.72,387.03,62200598,4939,MIXED_OLTP,ADD_INDEX_CONCURRENTLY,CRITICAL,1.2,12.01,1,0
MIG-14544,order_items,337326.08,329.42,52942516,1187,WRITE_HEAVY,ADD_INDEX_LOCKING,MEDIUM,39.82,42.5,0,1
MIG-14545,orders,216791.04,211.71,26464210,2985,READ_HEAVY,ADD_COLUMN_DEFAULT,HIGH,1.79,7.31,1,0
MIG-14546,customer_sessions,69038.08,67.42,15409800,2335,READ_HEAVY,DROP_COLUMN,HIGH,0.7,1.86,1,0
MIG-14547,orders,93306.88,91.12,11389646,1373,READ_HEAVY,ADD_INDEX_CONCURRENTLY,MEDIUM,0.45,1.09,1,0
MIG-14548,order_payments,36392.96,35.54,8748234,2279,MIXED_OLTP,ADD_INDEX_LOCKING,HIGH,7.19,82.36,0,1
MIG-14549,orders,135536.64,132.36,16545038,3779,ANALYTICAL_BATCH,ADD_INDEX_LOCKING,CRITICAL,16.78,372.27,0,1
MIG-14550,orders,167301.12,163.38,20422061,369,WRITE_HEAVY,ADD_INDEX_LOCKING,LOW,18.04,32.17,0,1
MIG-14551,order_payments,71772.16,70.09,17251896,260,READ_HEAVY,ADD_COLUMN_DEFAULT,LOW,0.96,0.91,1,0
MIG-14552,orders,188180.48,183.77,22971151,2486,READ_HEAVY,DROP_COLUMN,HIGH,1.42,3.91,1,0
MIG-14553,order_payments,87203.84,85.16,20962756,2472,READ_HEAVY,ADD_COLUMN_DEFAULT,HIGH,1.32,3.28,1,0
MIG-14554,orders,256317.44,250.31,31288902,129,WRITE_HEAVY,ADD_INDEX_CONCURRENTLY,LOW,0.93,1.03,1,0
MIG-14555,order_payments,75673.6,73.9,18190464,1038,READ_HEAVY,ADD_INDEX_CONCURRENTLY,MEDIUM,0.49,0.39,1,0
MIG-14556,order_payments,36505.6,35.65,8775832,1520,WRITE_HEAVY,ADD_COLUMN_DEFAULT,HIGH,0.68,1.67,1,0
MIG-14557,order_payments,62801.92,61.33,15095728,910,MIXED_OLTP,ADD_INDEX_LOCKING,MEDIUM,10.28,16.0,1,0
MIG-14558,orders,183162.88,178.87,22359134,4642,MIXED_OLTP,ADD_COLUMN_DEFAULT,CRITICAL,1.8,14.36,1,0
MIG-14559,order_payments,57292.8,55.95,13773522,2480,WRITE_HEAVY,ADD_INDEX_LOCKING,HIGH,8.05,104.3,0,1
MIG-14560,customer_sessions,31692.8,30.95,7073433,603,ANALYTICAL_BATCH,DROP_COLUMN,MEDIUM,0.3,0.79,1,0
MIG-14561,orders,124262.4,121.35,15168457,2864,MIXED_OLTP,ADD_COLUMN_DEFAULT,HIGH,1.22,5.63,1,0
MIG-14562,orders,214190.08,209.17,26145828,2606,READ_HEAVY,ADD_INDEX_CONCURRENTLY,HIGH,0.94,2.75,1,0
MIG-14563,order_shipments,96409.6,94.15,25106877,223,ANALYTICAL_BATCH,ADD_COLUMN_DEFAULT,LOW,1.43,1.5,1,0
MIG-14564,orders,126648.32,123.68,15460169,949,MIXED_OLTP,ADD_COLUMN_DEFAULT,MEDIUM,1.3,3.0,1,0
MIG-14565,order_payments,50042.88,48.87,12030055,628,WRITE_HEAVY,ADD_INDEX_CONCURRENTLY,MEDIUM,0.33,0.43,1,0
MIG-14566,order_payments,77015.04,75.21,18514344,3906,READ_HEAVY,ADD_INDEX_LOCKING,CRITICAL,10.63,267.89,0,1
MIG-14567,orders,126976.0,124.0,15499671,4689,READ_HEAVY,TABLE_REWRITE,CRITICAL,72.81,2645.07,0,1
MIG-14568,order_items,625633.28,610.97,98192018,452,MIXED_OLTP,ADD_INDEX_CONCURRENTLY,LOW,2.12,2.31,1,0
MIG-14569,order_items,354088.96,345.79,55573328,2384,ANALYTICAL_BATCH,ADD_INDEX_CONCURRENTLY,HIGH,1.15,5.47,1,0
MIG-14570,order_items,465264.64,454.36,73021951,1924,READ_HEAVY,DROP_COLUMN,HIGH,2.06,6.02,1,0
MIG-14571,order_shipments,94228.48,92.02,24537822,462,WRITE_HEAVY,TABLE_REWRITE,LOW,56.96,63.55,0,1
MIG-14572,orders,188293.12,183.88,22984662,1044,READ_HEAVY,TABLE_REWRITE,MEDIUM,101.28,162.16,0,1
MIG-14573,order_items,243394.56,237.69,38199656,4856,MIXED_OLTP,TABLE_REWRITE,CRITICAL,97.29,2490.1,0,1
MIG-14574,order_shipments,68812.8,67.2,17920058,1208,READ_HEAVY,ADD_COLUMN_DEFAULT,MEDIUM,1.02,1.37,1,0
MIG-14575,orders,138045.44,134.81,16850661,2095,WRITE_HEAVY,TABLE_REWRITE,HIGH,83.74,610.25,0,1
MIG-14576,order_shipments,53463.04,52.21,13922757,520,WRITE_HEAVY,ADD_COLUMN_DEFAULT,MEDIUM,0.85,1.19,1,0
MIG-14577,orders,265758.72,259.53,32441763,1133,MIXED_OLTP,ADD_INDEX_CONCURRENTLY,MEDIUM,0.84,1.79,1,0
MIG-14578,order_items,258467.84,252.41,40565872,1391,WRITE_HEAVY,ADD_INDEX_LOCKING,MEDIUM,32.15,55.13,0,1
MIG-14579,orders,152872.96,149.29,18661248,1362,READ_HEAVY,DROP_COLUMN,MEDIUM,1.31,1.21,1,0
MIG-14580,order_payments,45772.8,44.7,11004170,5149,WRITE_HEAVY,ADD_INDEX_LOCKING,CRITICAL,9.94,325.09,0,1
MIG-14581,order_payments,48015.36,46.89,11542072,847,READ_HEAVY,DROP_COLUMN,MEDIUM,0.44,0.84,1,0
MIG-14582,order_shipments,68485.12,66.88,17835263,462,WRITE_HEAVY,ALTER_COLUMN_TYPE,LOW,27.81,27.7,0,1
MIG-14583,customer_sessions,62781.44,61.31,14014626,513,WRITE_HEAVY,ADD_COLUMN_DEFAULT,MEDIUM,0.81,1.27,1,0
MIG-14584,order_payments,102881.28,100.47,24730044,1974,MIXED_OLTP,ADD_INDEX_CONCURRENTLY,HIGH,0.46,1.79,1,0
MIG-14585,order_payments,66078.72,64.53,15883379,1126,WRITE_HEAVY,ADD_INDEX_LOCKING,MEDIUM,11.83,17.75,1,0
MIG-14586,order_items,145459.2,142.05,22829071,1966,WRITE_HEAVY,ADD_COLUMN_DEFAULT,HIGH,1.32,4.34,1,0
MIG-14587,order_shipments,57436.16,56.09,14957699,525,READ_HEAVY,ADD_INDEX_CONCURRENTLY,MEDIUM,0.34,0.26,1,0
MIG-14588,order_items,374937.6,366.15,58845841,674,WRITE_HEAVY,ADD_COLUMN_DEFAULT,MEDIUM,3.66,3.33,1,0
MIG-14589,order_shipments,82350.08,80.42,21446074,5343,WRITE_HEAVY,ADD_INDEX_LOCKING,CRITICAL,10.68,533.72,0,1
MIG-14590,orders,190771.2,186.3,23287818,928,READ_HEAVY,TABLE_REWRITE,MEDIUM,85.5,136.26,0,1
MIG-14591,order_items,564336.64,551.11,88571948,1752,READ_HEAVY,ADD_INDEX_LOCKING,HIGH,53.62,262.24,0,1
MIG-14592,order_payments,120432.64,117.61,28949906,2428,READ_HEAVY,ADD_INDEX_LOCKING,HIGH,14.62,88.08,0,1
MIG-14593,orders,130078.72,127.03,15878700,2061,ANALYTICAL_BATCH,ADD_INDEX_LOCKING,HIGH,16.33,210.81,0,1
MIG-14594,orders,188989.44,184.56,23069978,893,READ_HEAVY,ADD_INDEX_CONCURRENTLY,MEDIUM,0.94,0.82,1,0
MIG-14595,customer_sessions,62545.92,61.08,13960926,2919,READ_HEAVY,DROP_COLUMN,HIGH,0.66,1.86,1,0
MIG-14596,order_items,608532.48,594.27,95507309,1042,ANALYTICAL_BATCH,DROP_COLUMN,MEDIUM,2.82,5.14,1,0
MIG-14597,orders,142571.52,139.23,17403508,579,READ_HEAVY,TABLE_REWRITE,MEDIUM,93.57,79.6,0,1
MIG-14598,order_items,449259.52,438.73,70510841,1442,MIXED_OLTP,ADD_INDEX_CONCURRENTLY,MEDIUM,1.59,3.4,1,0
MIG-14599,order_items,317337.6,309.9,49805770,504,READ_HEAVY,TABLE_REWRITE,MEDIUM,145.57,180.37,0,1
MIG-14600,order_items,495482.88,483.87,77764082,374,READ_HEAVY,ADD_INDEX_LOCKING,LOW,52.2,58.38,0,1
MIG-14601,customer_sessions,73175.04,71.46,16332701,1655,ANALYTICAL_BATCH,ADD_INDEX_CONCURRENTLY,HIGH,0.36,0.96,1,0
MIG-14602,customer_sessions,73635.84,71.91,16436854,771,WRITE_HEAVY,ADD_COLUMN_DEFAULT,MEDIUM,1.12,1.6,1,0
MIG-14603,order_payments,45445.12,44.38,10924120,494,ANALYTICAL_BATCH,ADD_INDEX_CONCURRENTLY,LOW,0.35,0.43,1,0
MIG-14604,order_payments,51077.12,49.88,12277982,668,READ_HEAVY,DROP_COLUMN,MEDIUM,0.6,0.6,1,0
MIG-14605,order_items,504299.52,492.48,79149285,2957,READ_HEAVY,ADD_COLUMN_DEFAULT,HIGH,3.52,8.13,1,0
MIG-14606,order_shipments,70768.64,69.11,18429813,792,READ_HEAVY,ADD_INDEX_LOCKING,MEDIUM,9.45,19.48,1,0
MIG-14607,orders,249344.0,243.5,30437896,2076,WRITE_HEAVY,DROP_COLUMN,HIGH,1.63,4.89,1,0
MIG-14608,orders,118558.72,115.78,14472615,1437,WRITE_HEAVY,ADD_INDEX_LOCKING,MEDIUM,19.33,29.42,0,1
MIG-14609,customer_sessions,69048.32,67.43,15411499,2614,ANALYTICAL_BATCH,ADD_COLUMN_DEFAULT,HIGH,0.96,4.45,1,0
MIG-14610,order_shipments,75151.36,73.39,19569558,217,READ_HEAVY,ALTER_COLUMN_TYPE,LOW,25.22,30.11,0,1
MIG-14611,order_items,215562.24,210.51,33831961,2603,MIXED_OLTP,ALTER_COLUMN_TYPE,HIGH,64.6,783.91,0,1
MIG-14612,order_payments,41779.2,40.8,10043037,977,WRITE_HEAVY,DROP_COLUMN,MEDIUM,0.47,0.73,1,0
MIG-14613,order_items,477358.08,466.17,74920611,599,WRITE_HEAVY,ADD_INDEX_CONCURRENTLY,MEDIUM,1.37,2.88,1,0
MIG-14614,order_items,196464.64,191.86,30835382,3630,WRITE_HEAVY,TABLE_REWRITE,CRITICAL,87.57,1997.22,0,1
MIG-14615,orders,224849.92,219.58,27446884,3587,WRITE_HEAVY,ADD_INDEX_LOCKING,CRITICAL,30.08,478.02,0,1
MIG-14616,orders,172369.92,168.33,21041566,289,READ_HEAVY,ALTER_COLUMN_TYPE,LOW,59.02,46.82,0,1
MIG-14617,order_items,360796.16,352.34,56626232,455,ANALYTICAL_BATCH,ADD_INDEX_CONCURRENTLY,LOW,1.31,1.62,1,0
MIG-14618,order_items,256890.88,250.87,40317851,4422,MIXED_OLTP,ALTER_COLUMN_TYPE,CRITICAL,82.37,1437.82,0,1
MIG-14619,order_items,622448.64,607.86,97691493,166,READ_HEAVY,ADD_INDEX_CONCURRENTLY,LOW,1.94,1.89,1,0
MIG-14620,orders,208885.76,203.99,25498511,4518,WRITE_HEAVY,ADD_COLUMN_DEFAULT,CRITICAL,2.39,22.76,1,0
MIG-14621,customer_sessions,64532.48,63.02,14404116,1020,READ_HEAVY,ADD_INDEX_LOCKING,MEDIUM,11.84,15.81,1,0
MIG-14622,order_items,511416.32,499.43,80265585,887,READ_HEAVY,ADD_COLUMN_DEFAULT,MEDIUM,4.12,6.68,1,0
MIG-14623,order_shipments,66877.44,65.31,17414736,197,MIXED_OLTP,ADD_INDEX_CONCURRENTLY,LOW,0.32,0.43,1,0
MIG-14624,orders,256993.28,250.97,31371868,1212,READ_HEAVY,ADD_COLUMN_DEFAULT,MEDIUM,2.39,5.47,1,0
MIG-14625,order_items,416000.0,406.25,65289541,323,WRITE_HEAVY,ADD_INDEX_CONCURRENTLY,LOW,1.55,1.56,1,0
MIG-14626,order_shipments,61562.88,60.12,16032984,929,WRITE_HEAVY,DROP_COLUMN,MEDIUM,0.54,0.94,1,0
MIG-14627,order_items,255948.8,249.95,40170545,3491,ANALYTICAL_BATCH,ADD_INDEX_CONCURRENTLY,CRITICAL,1.02,8.65,1,0
MIG-14628,orders,111462.4,108.85,13606869,620,MIXED_OLTP,ADD_COLUMN_DEFAULT,MEDIUM,1.19,1.84,1,0
MIG-14629,orders,212142.08,207.17,25895865,1823,ANALYTICAL_BATCH,DROP_COLUMN,HIGH,1.59,2.76,1,0
MIG-14630,orders,123197.44,120.31,15038720,1120,WRITE_HEAVY,TABLE_REWRITE,MEDIUM,80.43,99.89,0,1
MIG-14631,order_items,490772.48,479.27,77025570,1570,READ_HEAVY,ADD_COLUMN_DEFAULT,HIGH,4.4,8.86,1,0
MIG-14632,order_items,606371.84,592.16,95169247,571,WRITE_HEAVY,ADD_COLUMN_DEFAULT,MEDIUM,3.62,5.27,1,0
MIG-14633,orders,146319.36,142.89,17861300,2985,ANALYTICAL_BATCH,TABLE_REWRITE,HIGH,77.25,903.57,0,1
MIG-14634,order_items,164915.2,161.05,25883377,1902,WRITE_HEAVY,TABLE_REWRITE,HIGH,89.38,495.17,0,1
MIG-14635,orders,196577.28,191.97,23996754,3282,MIXED_OLTP,DROP_COLUMN,CRITICAL,1.47,5.33,1,0
MIG-14636,order_items,119603.2,116.8,18771365,5411,WRITE_HEAVY,ADD_COLUMN_DEFAULT,CRITICAL,1.27,18.91,1,0
MIG-14637,order_payments,120913.92,118.08,29065701,915,WRITE_HEAVY,ADD_INDEX_CONCURRENTLY,MEDIUM,0.65,1.02,1,0
MIG-14638,orders,165416.96,161.54,20192634,100,WRITE_HEAVY,DROP_COLUMN,LOW,1.07,1.61,1,0
MIG-14639,orders,157470.72,153.78,19222769,267,READ_HEAVY,ALTER_COLUMN_TYPE,LOW,53.91,51.26,0,1
MIG-14640,orders,175104.0,171.0,21374938,1530,MIXED_OLTP,TABLE_REWRITE,HIGH,74.7,535.92,0,1
MIG-14641,orders,163368.96,159.54,19943030,221,ANALYTICAL_BATCH,ADD_INDEX_CONCURRENTLY,LOW,0.86,0.76,1,0
MIG-14642,order_items,281784.32,275.18,44225959,2917,READ_HEAVY,ADD_INDEX_CONCURRENTLY,HIGH,1.06,5.45,1,0
MIG-14643,orders,111421.44,108.81,13600740,4984,READ_HEAVY,ALTER_COLUMN_TYPE,CRITICAL,42.72,841.58,0,1
MIG-14644,orders,141004.8,137.7,17213031,267,MIXED_OLTP,ALTER_COLUMN_TYPE,LOW,53.14,62.45,0,1
MIG-14645,customer_sessions,72069.12,70.38,16086693,837,WRITE_HEAVY,ADD_INDEX_LOCKING,MEDIUM,11.59,24.75,1,0
MIG-14646,order_shipments,29665.28,28.97,7724001,1083,MIXED_OLTP,ADD_INDEX_CONCURRENTLY,MEDIUM,0.22,0.31,1,0
MIG-14647,orders,120985.6,118.15,14768644,1125,MIXED_OLTP,ADD_INDEX_LOCKING,MEDIUM,15.44,31.02,0,1
MIG-14648,order_items,213934.08,208.92,33576334,1258,READ_HEAVY,ADD_COLUMN_DEFAULT,MEDIUM,2.08,2.47,1,0
MIG-14649,order_items,335134.72,327.28,52598095,1043,WRITE_HEAVY,ADD_COLUMN_DEFAULT,MEDIUM,2.38,6.38,1,0
MIG-14650,order_shipments,29501.44,28.81,7683565,3193,WRITE_HEAVY,ADD_INDEX_CONCURRENTLY,CRITICAL,0.23,1.63,1,0
MIG-14651,order_shipments,81530.88,79.62,21233185,2796,READ_HEAVY,ADD_COLUMN_DEFAULT,HIGH,1.1,3.97,1,0
MIG-14652,orders,72038.4,70.35,8793619,234,ANALYTICAL_BATCH,ADD_COLUMN_DEFAULT,LOW,0.81,0.95,1,0
MIG-14653,orders,196300.8,191.7,23962076,427,READ_HEAVY,ADD_INDEX_CONCURRENTLY,LOW,0.9,1.02,1,0
MIG-14654,order_items,252856.32,246.93,39684536,2716,READ_HEAVY,ADD_COLUMN_DEFAULT,HIGH,2.78,8.24,1,0
MIG-14655,order_shipments,57600.0,56.25,14999303,187,READ_HEAVY,ADD_INDEX_CONCURRENTLY,LOW,0.41,0.39,1,0
MIG-14656,order_shipments,35020.8,34.2,9119739,4286,MIXED_OLTP,ADD_COLUMN_DEFAULT,CRITICAL,0.61,5.39,1,0
MIG-14657,orders,210667.52,205.73,25716039,1250,WRITE_HEAVY,TABLE_REWRITE,MEDIUM,105.33,189.31,0,1
MIG-14658,order_items,604088.32,589.93,94810355,3894,WRITE_HEAVY,ADD_INDEX_LOCKING,CRITICAL,51.46,1378.69,0,1
MIG-14659,orders,98201.6,95.9,11987122,2688,MIXED_OLTP,ADD_INDEX_CONCURRENTLY,HIGH,0.46,1.33,1,0
MIG-14660,order_payments,140820.48,137.52,33850812,4309,WRITE_HEAVY,DROP_COLUMN,CRITICAL,1.09,9.04,1,0
MIG-14661,order_shipments,45414.4,44.35,11825914,2878,WRITE_HEAVY,ADD_INDEX_CONCURRENTLY,HIGH,0.32,1.09,1,0
MIG-14662,order_items,402585.6,393.15,63185620,1396,READ_HEAVY,ADD_COLUMN_DEFAULT,MEDIUM,3.74,4.75,1,0
MIG-14663,orders,204328.96,199.54,24942928,485,WRITE_HEAVY,ADD_INDEX_CONCURRENTLY,LOW,0.82,1.13,1,0
MIG-14664,order_items,217528.32,212.43,34140757,1830,ANALYTICAL_BATCH,TABLE_REWRITE,HIGH,115.45,942.32,0,1
MIG-14665,order_items,344227.84,336.16,54025878,1236,MIXED_OLTP,ADD_INDEX_CONCURRENTLY,MEDIUM,1.12,2.18,1,0
MIG-14666,order_shipments,24053.76,23.49,6265073,1251,ANALYTICAL_BATCH,ALTER_COLUMN_TYPE,MEDIUM,15.42,26.9,1,0
MIG-14667,order_items,474439.68,463.32,74461355,949,ANALYTICAL_BATCH,ADD_INDEX_LOCKING,MEDIUM,43.05,73.73,0,1
MIG-14668,order_shipments,52992.0,51.75,13798908,668,WRITE_HEAVY,ADD_COLUMN_DEFAULT,MEDIUM,0.82,1.26,1,0
MIG-14669,orders,246374.4,240.6,30074402,792,READ_HEAVY,ALTER_COLUMN_TYPE,MEDIUM,64.35,100.83,0,1
MIG-14670,orders,109752.32,107.18,13397780,305,MIXED_OLTP,ADD_COLUMN_DEFAULT,LOW,1.25,1.57,1,0
MIG-14671,order_items,591360.0,577.5,92811707,1364,WRITE_HEAVY,DROP_COLUMN,MEDIUM,3.22,6.0,1,0
MIG-14672,orders,80343.04,78.46,9808075,1415,ANALYTICAL_BATCH,ADD_INDEX_LOCKING,MEDIUM,12.48,23.16,1,0
MIG-14673,orders,183398.4,179.1,22388094,5288,WRITE_HEAVY,ADD_INDEX_CONCURRENTLY,CRITICAL,0.89,7.05,1,0
MIG-14674,order_payments,63498.24,62.01,15264875,1446,READ_HEAVY,ADD_INDEX_CONCURRENTLY,MEDIUM,0.4,0.85,1,0
MIG-14675,orders,89354.24,87.26,10908103,3243,MIXED_OLTP,ALTER_COLUMN_TYPE,CRITICAL,33.9,392.86,0,1
MIG-14676,orders,69928.96,68.29,8536303,5488,ANALYTICAL_BATCH,ADD_INDEX_CONCURRENTLY,CRITICAL,0.45,5.05,1,0
MIG-14677,orders,194170.88,189.62,23702349,321,READ_HEAVY,TABLE_REWRITE,LOW,113.16,101.22,0,1
MIG-14678,orders,100720.64,98.36,12295534,599,READ_HEAVY,ADD_COLUMN_DEFAULT,MEDIUM,1.12,1.58,1,0
MIG-14679,order_shipments,65945.6,64.4,17172791,629,WRITE_HEAVY,ADD_COLUMN_DEFAULT,MEDIUM,0.88,1.72,1,0
MIG-14680,customer_sessions,77516.8,75.7,17303629,3637,READ_HEAVY,ADD_COLUMN_DEFAULT,CRITICAL,0.91,6.79,1,0
MIG-14681,orders,119040.0,116.25,14530969,751,MIXED_OLTP,ADD_COLUMN_DEFAULT,MEDIUM,1.35,1.99,1,0
MIG-14682,order_payments,30812.16,30.09,7406395,144,READ_HEAVY,TABLE_REWRITE,LOW,25.28,28.1,0,1
MIG-14683,order_payments,43735.04,42.71,10513291,883,MIXED_OLTP,ADD_INDEX_CONCURRENTLY,MEDIUM,0.34,0.26,1,0
MIG-14684,customer_sessions,22036.48,21.52,4918236,2319,WRITE_HEAVY,DROP_COLUMN,HIGH,0.27,1.63,1,0
MIG-14685,order_items,353781.76,345.49,55525965,224,WRITE_HEAVY,ADD_INDEX_CONCURRENTLY,LOW,1.06,1.7,1,0
MIG-14686,orders,213852.16,208.84,26105565,1167,ANALYTICAL_BATCH,ADD_INDEX_CONCURRENTLY,MEDIUM,0.75,1.58,1,0
MIG-14687,order_items,267683.84,261.41,42011995,4789,WRITE_HEAVY,ADD_INDEX_CONCURRENTLY,CRITICAL,0.93,6.95,1,0
MIG-14688,order_shipments,30525.44,29.81,7950203,259,READ_HEAVY,DROP_COLUMN,LOW,0.35,0.36,1,0
MIG-14689,order_payments,103393.28,100.97,24854082,1618,READ_HEAVY,DROP_COLUMN,HIGH,0.77,2.38,1,0
MIG-14690,order_items,270120.96,263.79,42395596,1967,ANALYTICAL_BATCH,ADD_INDEX_CONCURRENTLY,HIGH,1.11,4.29,1,0
MIG-14691,orders,176373.76,172.24,21529599,1113,WRITE_HEAVY,TABLE_REWRITE,MEDIUM,85.97,166.85,0,1
MIG-14692,order_payments,138496.0,135.25,33293052,256,WRITE_HEAVY,ADD_COLUMN_DEFAULT,LOW,1.29,2.36,1,0
MIG-14693,order_shipments,42598.4,41.6,11093094,332,MIXED_OLTP,ALTER_COLUMN_TYPE,LOW,22.02,21.58,1,0
MIG-14694,order_items,379187.2,370.3,59511820,5106,MIXED_OLTP,ADD_INDEX_CONCURRENTLY,CRITICAL,1.47,11.59,1,0
MIG-14695,order_payments,123289.6,120.4,29636183,2680,READ_HEAVY,DROP_COLUMN,HIGH,1.12,3.36,1,0
MIG-14696,order_items,471685.12,460.63,74029167,1123,READ_HEAVY,ADD_COLUMN_DEFAULT,MEDIUM,4.22,4.99,1,0
MIG-14697,order_items,502528.0,490.75,78869732,1645,READ_HEAVY,ADD_COLUMN_DEFAULT,HIGH,3.66,8.18,1,0
MIG-14698,order_items,513402.88,501.37,80578119,398,ANALYTICAL_BATCH,ALTER_COLUMN_TYPE,LOW,101.55,155.33,0,1
MIG-14699,order_payments,91310.08,89.17,21949581,233,MIXED_OLTP,ADD_INDEX_LOCKING,LOW,15.68,12.28,1,0
MIG-14700,customer_sessions,48916.48,47.77,10919294,266,ANALYTICAL_BATCH,ADD_COLUMN_DEFAULT,LOW,0.76,0.92,1,0
MIG-14701,order_items,485703.68,474.32,76230056,2545,ANALYTICAL_BATCH,ADD_INDEX_LOCKING,HIGH,39.4,833.19,0,1
MIG-14702,order_items,474736.64,463.61,74509509,1332,READ_HEAVY,ADD_COLUMN_DEFAULT,MEDIUM,3.36,6.68,1,0
MIG-14703,order_items,460503.04,449.71,72274670,2567,READ_HEAVY,ADD_INDEX_CONCURRENTLY,HIGH,1.22,4.0,1,0
MIG-14704,orders,133672.96,130.54,16317636,801,MIXED_OLTP,DROP_COLUMN,MEDIUM,0.87,1.23,1,0
MIG-14705,orders,232417.28,226.97,28370651,2174,MIXED_OLTP,TABLE_REWRITE,HIGH,119.18,988.89,0,1
MIG-14706,orders,101396.48,99.02,12377478,2043,MIXED_OLTP,ADD_INDEX_CONCURRENTLY,HIGH,0.43,1.14,1,0
MIG-14707,order_items,195061.76,190.49,30614289,961,WRITE_HEAVY,DROP_COLUMN,MEDIUM,1.44,1.79,1,0
MIG-14708,orders,125501.44,122.56,15319379,1256,ANALYTICAL_BATCH,ALTER_COLUMN_TYPE,MEDIUM,46.11,84.0,0,1
MIG-14709,order_items,245688.32,239.93,38560330,2947,MIXED_OLTP,DROP_COLUMN,HIGH,1.35,6.55,1,0
MIG-14710,order_payments,106076.16,103.59,25499656,890,MIXED_OLTP,ADD_COLUMN_DEFAULT,MEDIUM,1.2,2.14,1,0
MIG-14711,orders,100249.6,97.9,12237481,230,READ_HEAVY,ADD_INDEX_CONCURRENTLY,LOW,0.46,0.48,1,0
MIG-14712,order_items,453498.88,442.87,71175676,2824,READ_HEAVY,ADD_INDEX_CONCURRENTLY,HIGH,1.56,4.42,1,0
MIG-14713,order_shipments,60999.68,59.57,15885612,650,MIXED_OLTP,ADD_COLUMN_DEFAULT,MEDIUM,0.99,1.1,1,0
MIG-14714,order_items,193361.92,188.83,30348455,2086,MIXED_OLTP,DROP_COLUMN,HIGH,1.26,4.04,1,0
MIG-14715,orders,106301.44,103.81,12976699,1452,WRITE_HEAVY,ADD_COLUMN_DEFAULT,MEDIUM,1.42,2.14,1,0
MIG-14716,order_items,383948.8,374.95,60259869,1381,READ_HEAVY,ADD_COLUMN_DEFAULT,MEDIUM,2.72,3.81,1,0
MIG-14717,order_items,493045.76,481.49,77381529,2714,MIXED_OLTP,DROP_COLUMN,HIGH,2.21,9.67,1,0
MIG-14718,order_items,320225.28,312.72,50258383,2833,ANALYTICAL_BATCH,ADD_INDEX_CONCURRENTLY,HIGH,0.96,4.81,1,0
MIG-14719,orders,100648.96,98.29,12286481,737,WRITE_HEAVY,ADD_INDEX_LOCKING,MEDIUM,13.52,23.69,1,0
MIG-14720,order_items,266977.28,260.72,41901334,558,WRITE_HEAVY,DROP_COLUMN,MEDIUM,1.5,3.14,1,0
MIG-14721,order_items,163778.56,159.94,25704492,442,READ_HEAVY,DROP_COLUMN,LOW,1.35,1.2,1,0
MIG-14722,orders,54712.32,53.43,6679036,991,WRITE_HEAVY,ADD_COLUMN_DEFAULT,MEDIUM,0.92,1.51,1,0
MIG-14723,order_items,616919.04,602.46,96823474,3630,WRITE_HEAVY,ADD_COLUMN_DEFAULT,CRITICAL,4.42,21.65,1,0
MIG-14724,orders,70471.68,68.82,8603068,290,READ_HEAVY,ADD_COLUMN_DEFAULT,LOW,0.84,0.97,1,0
MIG-14725,order_items,179138.56,174.94,28115874,1327,READ_HEAVY,ADD_INDEX_LOCKING,MEDIUM,19.59,37.49,0,1
MIG-14726,order_shipments,90675.2,88.55,23612824,296,READ_HEAVY,ADD_INDEX_LOCKING,LOW,13.02,8.68,1,0
MIG-14727,orders,195911.68,191.32,23914641,1128,READ_HEAVY,ADD_INDEX_LOCKING,MEDIUM,19.16,46.17,0,1
MIG-14728,order_items,339742.72,331.78,53321875,2270,ANALYTICAL_BATCH,ADD_INDEX_CONCURRENTLY,HIGH,1.32,4.02,1,0
MIG-14729,order_items,449648.64,439.11,70570895,982,READ_HEAVY,ADD_INDEX_LOCKING,MEDIUM,48.77,71.97,0,1
MIG-14730,order_items,597227.52,583.23,93733770,481,MIXED_OLTP,ADD_COLUMN_DEFAULT,LOW,3.68,5.72,1,0
MIG-14731,order_shipments,26675.2,26.05,6946549,1428,WRITE_HEAVY,ADD_INDEX_CONCURRENTLY,MEDIUM,0.22,0.55,1,0
MIG-14732,order_items,240465.92,234.83,37740593,269,MIXED_OLTP,ADD_INDEX_CONCURRENTLY,LOW,0.86,0.65,1,0
MIG-14733,orders,239431.68,233.82,29228110,1309,MIXED_OLTP,ALTER_COLUMN_TYPE,MEDIUM,65.63,127.05,0,1
MIG-14734,order_shipments,83179.52,81.23,21661809,2584,WRITE_HEAVY,DROP_COLUMN,HIGH,0.72,2.84,1,0
MIG-14735,order_payments,145745.92,142.33,35034593,629,MIXED_OLTP,ALTER_COLUMN_TYPE,MEDIUM,39.66,38.3,0,1
MIG-14736,order_payments,64235.52,62.73,15440573,1346,MIXED_OLTP,DROP_COLUMN,MEDIUM,0.56,1.07,1,0
MIG-14737,orders,258150.4,252.1,31511932,1205,READ_HEAVY,ALTER_COLUMN_TYPE,MEDIUM,58.4,107.26,0,1
MIG-14738,orders,125173.76,122.24,15279598,5140,MIXED_OLTP,DROP_COLUMN,CRITICAL,0.82,6.9,1,0
MIG-14739,order_items,483747.84,472.41,75922548,415,WRITE_HEAVY,DROP_COLUMN,LOW,2.63,2.83,1,0
MIG-14740,orders,244398.08,238.67,29834059,1434,READ_HEAVY,ADD_INDEX_CONCURRENTLY,MEDIUM,0.95,1.57,1,0
MIG-14741,orders,86927.36,84.89,10611116,316,ANALYTICAL_BATCH,DROP_COLUMN,LOW,0.71,0.78,1,0
MIG-14742,order_payments,51261.44,50.06,12322393,124,WRITE_HEAVY,DROP_COLUMN,LOW,0.46,0.57,1,0
MIG-14743,orders,177653.76,173.49,21685883,776,WRITE_HEAVY,ADD_INDEX_CONCURRENTLY,MEDIUM,0.71,1.36,1,0
MIG-14744,orders,235796.48,230.27,28783268,1719,WRITE_HEAVY,ADD_INDEX_CONCURRENTLY,HIGH,0.9,2.39,1,0
MIG-14745,orders,66611.2,65.05,8131637,193,ANALYTICAL_BATCH,ADD_COLUMN_DEFAULT,LOW,0.84,0.98,1,0
MIG-14746,order_items,553820.16,540.84,86921345,4431,WRITE_HEAVY,ADD_INDEX_CONCURRENTLY,CRITICAL,1.4,20.98,1,0
MIG-14747,order_items,291768.32,284.93,45792762,1474,WRITE_HEAVY,DROP_COLUMN,MEDIUM,2.03,3.51,1,0
MIG-14748,order_shipments,52121.6,50.9,13574494,2644,MIXED_OLTP,ADD_COLUMN_DEFAULT,HIGH,0.74,2.41,1,0
MIG-14749,orders,124323.84,121.41,15176249,936,MIXED_OLTP,ALTER_COLUMN_TYPE,MEDIUM,49.82,51.96,0,1
MIG-14750,orders,250757.12,244.88,30609957,990,READ_HEAVY,ADD_COLUMN_DEFAULT,MEDIUM,2.44,3.89,1,0
MIG-14751,order_items,182190.08,177.92,28594340,2278,ANALYTICAL_BATCH,ADD_INDEX_LOCKING,HIGH,25.31,218.65,0,1
MIG-14752,order_items,411064.32,401.43,64516232,910,WRITE_HEAVY,DROP_COLUMN,MEDIUM,2.1,2.39,1,0
MIG-14753,order_items,191129.6,186.65,29996754,1098,READ_HEAVY,DROP_COLUMN,MEDIUM,1.07,1.64,1,0
MIG-14754,customer_sessions,74240.0,72.5,16571762,2912,READ_HEAVY,ADD_COLUMN_DEFAULT,HIGH,0.89,2.67,1,0
MIG-14755,order_items,526499.84,514.16,82632436,1650,WRITE_HEAVY,ADD_COLUMN_DEFAULT,HIGH,4.6,11.13,1,0
MIG-14756,order_items,235356.16,229.84,36939361,2034,MIXED_OLTP,ADD_INDEX_CONCURRENTLY,HIGH,0.88,3.07,1,0
MIG-14757,customer_sessions,33546.24,32.76,7488007,132,READ_HEAVY,DROP_COLUMN,LOW,0.39,0.26,1,0
MIG-14758,orders,133539.84,130.41,16300913,2776,WRITE_HEAVY,ADD_COLUMN_DEFAULT,HIGH,1.66,6.36,1,0
MIG-14759,customer_sessions,40488.96,39.54,9038014,1797,WRITE_HEAVY,ADD_COLUMN_DEFAULT,HIGH,0.56,2.04,1,0
MIG-14760,order_items,536514.56,523.94,84204771,2479,WRITE_HEAVY,TABLE_REWRITE,HIGH,190.11,2530.6,0,1
MIG-14761,order_items,406036.48,396.52,63727201,565,MIXED_OLTP,DROP_COLUMN,MEDIUM,2.12,2.8,1,0
MIG-14762,customer_sessions,41943.04,40.96,9362470,2215,WRITE_HEAVY,ADD_INDEX_CONCURRENTLY,HIGH,0.27,0.92,1,0
MIG-14763,order_items,485990.4,474.6,76275017,2847,ANALYTICAL_BATCH,ADD_COLUMN_DEFAULT,HIGH,3.79,19.85,1,0
MIG-14764,order_items,350986.24,342.76,55087054,1452,WRITE_HEAVY,DROP_COLUMN,MEDIUM,1.74,4.4,1,0
MIG-14765,orders,77516.8,75.7,9462480,159,ANALYTICAL_BATCH,ALTER_COLUMN_TYPE,LOW,24.57,37.92,1,0
MIG-14766,order_payments,39505.92,38.58,9495688,364,MIXED_OLTP,ADD_INDEX_LOCKING,LOW,8.93,9.06,1,0
MIG-14767,order_items,282910.72,276.28,44402491,190,WRITE_HEAVY,ADD_COLUMN_DEFAULT,LOW,2.32,3.32,1,0
MIG-14768,orders,182497.28,178.22,22277496,2594,WRITE_HEAVY,ALTER_COLUMN_TYPE,HIGH,53.32,493.28,0,1
MIG-14769,order_payments,42782.72,41.78,10283430,1037,MIXED_OLTP,ADD_INDEX_CONCURRENTLY,MEDIUM,0.31,0.47,1,0
MIG-14770,order_items,398612.48,389.27,62560867,1298,WRITE_HEAVY,ADD_INDEX_CONCURRENTLY,MEDIUM,1.2,2.26,1,0
MIG-14771,order_items,253829.12,247.88,39838381,5240,WRITE_HEAVY,ADD_INDEX_CONCURRENTLY,CRITICAL,1.07,11.66,1,0
MIG-14772,orders,202967.04,198.21,24776162,3884,MIXED_OLTP,ADD_COLUMN_DEFAULT,CRITICAL,1.85,14.52,1,0
MIG-14773,order_items,129269.76,126.24,20289278,549,ANALYTICAL_BATCH,ADD_COLUMN_DEFAULT,MEDIUM,1.22,2.08,1,0
MIG-14774,orders,152893.44,149.31,18663632,817,MIXED_OLTP,ADD_INDEX_CONCURRENTLY,MEDIUM,0.67,0.99,1,0
MIG-14775,orders,60712.96,59.29,7411132,715,MIXED_OLTP,ADD_INDEX_CONCURRENTLY,MEDIUM,0.41,0.7,1,0
MIG-14776,order_items,285265.92,278.58,44771129,624,READ_HEAVY,ADD_INDEX_CONCURRENTLY,MEDIUM,1.12,1.46,1,0
MIG-14777,orders,52592.64,51.36,6420528,1217,MIXED_OLTP,TABLE_REWRITE,MEDIUM,33.95,81.0,0,1
MIG-14778,orders,152913.92,149.33,18665666,461,WRITE_HEAVY,ADD_INDEX_LOCKING,LOW,17.63,22.03,1,0
MIG-14779,order_payments,118517.76,115.74,28490057,2278,MIXED_OLTP,DROP_COLUMN,HIGH,0.76,3.76,1,0
MIG-14780,order_items,166410.24,162.51,26117823,1032,MIXED_OLTP,ADD_INDEX_LOCKING,MEDIUM,21.84,33.13,0,1
MIG-14781,customer_sessions,61767.68,60.32,13787206,1094,READ_HEAVY,DROP_COLUMN,MEDIUM,0.66,0.85,1,0
MIG-14782,order_shipments,66887.68,65.32,17418617,2847,ANALYTICAL_BATCH,ADD_INDEX_CONCURRENTLY,HIGH,0.4,1.46,1,0
MIG-14783,order_items,375111.68,366.32,58873027,516,READ_HEAVY,TABLE_REWRITE,MEDIUM,168.56,219.64,0,1
MIG-14784,customer_sessions,53012.48,51.77,11832558,1026,READ_HEAVY,ADD_COLUMN_DEFAULT,MEDIUM,0.69,1.15,1,0
MIG-14785,order_shipments,46295.04,45.21,12055378,1366,READ_HEAVY,ADD_COLUMN_DEFAULT,MEDIUM,0.71,1.38,1,0
MIG-14786,order_items,481290.24,470.01,75537503,164,WRITE_HEAVY,ALTER_COLUMN_TYPE,LOW,101.84,117.02,0,1
MIG-14787,order_payments,120033.28,117.22,28854376,1078,WRITE_HEAVY,ADD_INDEX_CONCURRENTLY,MEDIUM,0.64,1.19,1,0
MIG-14788,orders,221286.4,216.1,27012044,507,ANALYTICAL_BATCH,ADD_COLUMN_DEFAULT,MEDIUM,2.43,2.4,1,0
MIG-14789,order_payments,58910.72,57.53,14160441,433,READ_HEAVY,ALTER_COLUMN_TYPE,LOW,27.9,27.13,0,1
MIG-14790,order_items,452167.68,441.57,70966467,2482,MIXED_OLTP,ADD_COLUMN_DEFAULT,HIGH,3.21,12.22,1,0
MIG-14791,orders,81909.76,79.99,9998584,2945,READ_HEAVY,ADD_COLUMN_DEFAULT,HIGH,1.01,4.1,1,0
MIG-14792,orders,158730.24,155.01,19376329,799,MIXED_OLTP,TABLE_REWRITE,MEDIUM,96.87,137.32,0,1
MIG-14793,customer_sessions,14510.08,14.17,3237861,2598,MIXED_OLTP,ALTER_COLUMN_TYPE,HIGH,7.77,73.43,0,1
MIG-14794,order_items,214599.68,209.57,33680527,1269,WRITE_HEAVY,ALTER_COLUMN_TYPE,MEDIUM,63.38,81.42,0,1
MIG-14795,orders,188876.8,184.45,23056821,112,READ_HEAVY,ADD_INDEX_CONCURRENTLY,LOW,0.89,0.77,1,0
MIG-14796,orders,242544.64,236.86,29607760,1259,MIXED_OLTP,ALTER_COLUMN_TYPE,MEDIUM,69.36,150.98,0,1
MIG-14797,order_items,139991.04,136.71,21971292,1211,WRITE_HEAVY,DROP_COLUMN,MEDIUM,1.16,1.82,1,0
MIG-14798,order_shipments,64757.76,63.24,16864740,1114,READ_HEAVY,DROP_COLUMN,MEDIUM,0.71,1.19,1,0
MIG-14799,order_payments,102912.0,100.5,24739120,4408,WRITE_HEAVY,ADD_INDEX_CONCURRENTLY,CRITICAL,0.54,4.85,1,0
MIG-14800,order_items,595896.32,581.93,93523669,1300,WRITE_HEAVY,DROP_COLUMN,MEDIUM,2.93,6.26,1,0
MIG-14801,orders,194058.24,189.51,23688882,603,ANALYTICAL_BATCH,ADD_INDEX_CONCURRENTLY,MEDIUM,0.8,1.05,1,0
MIG-14802,orders,71946.24,70.26,8781882,257,ANALYTICAL_BATCH,TABLE_REWRITE,LOW,51.56,33.47,1,0
MIG-14803,order_items,190423.04,185.96,29886283,3676,MIXED_OLTP,DROP_COLUMN,CRITICAL,1.5,7.53,1,0
MIG-14804,order_shipments,71168.0,69.5,18532505,438,WRITE_HEAVY,DROP_COLUMN,LOW,0.62,0.6,1,0
MIG-14805,order_payments,52459.52,51.23,12609846,3422,ANALYTICAL_BATCH,ADD_INDEX_CONCURRENTLY,CRITICAL,0.35,2.76,1,0
MIG-14806,order_items,593786.88,579.87,93192743,124,READ_HEAVY,ADD_COLUMN_DEFAULT,LOW,4.75,4.73,1,0
MIG-14807,order_items,589854.72,576.03,92575663,2887,ANALYTICAL_BATCH,ADD_COLUMN_DEFAULT,HIGH,4.79,19.0,1,0
MIG-14808,order_items,604282.88,590.12,94841124,896,WRITE_HEAVY,ADD_INDEX_LOCKING,MEDIUM,50.96,71.33,0,1
MIG-14809,order_items,265881.6,259.65,41729161,1295,WRITE_HEAVY,DROP_COLUMN,MEDIUM,1.75,4.14,1,0
MIG-14810,order_items,484700.16,473.34,76072942,193,MIXED_OLTP,ADD_INDEX_CONCURRENTLY,LOW,1.42,1.62,1,0
MIG-14811,order_payments,106055.68,103.57,25494800,380,ANALYTICAL_BATCH,ADD_COLUMN_DEFAULT,LOW,1.3,1.64,1,0
MIG-14812,order_items,133058.56,129.94,20883906,470,WRITE_HEAVY,ADD_INDEX_CONCURRENTLY,LOW,0.71,0.7,1,0
MIG-14813,customer_sessions,31467.52,30.73,7024137,405,WRITE_HEAVY,ADD_COLUMN_DEFAULT,LOW,0.51,0.46,1,0
MIG-14814,order_items,221399.04,216.21,34748105,794,READ_HEAVY,ADD_COLUMN_DEFAULT,MEDIUM,1.98,2.5,1,0
MIG-14815,orders,131164.16,128.09,16011832,1101,ANALYTICAL_BATCH,ADD_INDEX_CONCURRENTLY,MEDIUM,0.68,1.14,1,0
MIG-14816,orders,259952.64,253.86,31732450,1331,MIXED_OLTP,ADD_INDEX_CONCURRENTLY,MEDIUM,0.85,1.34,1,0
MIG-14817,order_items,551096.32,538.18,86493732,2782,ANALYTICAL_BATCH,DROP_COLUMN,HIGH,3.09,13.65,1,0
MIG-14818,order_items,266127.36,259.89,41767391,1949,MIXED_OLTP,ADD_COLUMN_DEFAULT,HIGH,2.84,7.06,1,0
MIG-14819,order_items,388239.36,379.14,60932554,3571,MIXED_OLTP,ADD_INDEX_CONCURRENTLY,CRITICAL,1.25,8.69,1,0
MIG-14820,order_payments,49664.0,48.5,11937264,933,READ_HEAVY,DROP_COLUMN,MEDIUM,0.44,0.45,1,0
MIG-14821,orders,110520.32,107.93,13490717,750,WRITE_HEAVY,ADD_COLUMN_DEFAULT,MEDIUM,1.2,1.97,1,0
MIG-14822,order_payments,34416.64,33.61,8272093,4800,MIXED_OLTP,ADD_INDEX_CONCURRENTLY,CRITICAL,0.25,2.19,1,0
MIG-14823,order_payments,103608.32,101.18,24907067,4479,READ_HEAVY,ADD_INDEX_CONCURRENTLY,CRITICAL,0.45,3.03,1,0
MIG-14824,order_items,453724.16,443.09,71210582,4198,READ_HEAVY,ADD_COLUMN_DEFAULT,CRITICAL,3.7,21.32,1,0
MIG-14825,order_items,547430.4,534.6,85918631,2715,WRITE_HEAVY,ADD_INDEX_LOCKING,HIGH,47.6,407.85,0,1
MIG-14826,orders,241930.24,236.26,29531898,1820,MIXED_OLTP,ADD_INDEX_CONCURRENTLY,HIGH,1.06,2.56,1,0
MIG-14827,order_items,197294.08,192.67,30964811,5089,MIXED_OLTP,TABLE_REWRITE,CRITICAL,115.03,4923.7,0,1
MIG-14828,order_payments,115650.56,112.94,27799579,1063,READ_HEAVY,ADD_COLUMN_DEFAULT,MEDIUM,1.56,2.3,1,0
MIG-14829,order_shipments,29603.84,28.91,7709684,1476,ANALYTICAL_BATCH,ADD_INDEX_LOCKING,MEDIUM,6.01,16.09,1,0
MIG-14830,order_items,307558.4,300.35,48270915,4499,READ_HEAVY,TABLE_REWRITE,CRITICAL,117.49,2832.42,0,1
MIG-14831,orders,163184.64,159.36,19919487,2643,WRITE_HEAVY,ADD_INDEX_CONCURRENTLY,HIGH,0.7,3.46,1,0
MIG-14832,order_payments,32552.96,31.79,7824733,175,WRITE_HEAVY,DROP_COLUMN,LOW,0.35,0.44,1,0
MIG-14833,order_payments,45404.16,44.34,10914794,193,READ_HEAVY,ADD_COLUMN_DEFAULT,LOW,0.64,0.68,1,0
MIG-14834,order_items,254607.36,248.64,39960404,4390,WRITE_HEAVY,ADD_INDEX_CONCURRENTLY,CRITICAL,0.86,12.31,1,0
MIG-14835,order_shipments,29009.92,28.33,7554914,730,MIXED_OLTP,ADD_INDEX_LOCKING,MEDIUM,6.63,7.54,1,0
MIG-14836,orders,255754.24,249.76,31220599,1566,MIXED_OLTP,ADD_INDEX_CONCURRENTLY,HIGH,0.93,2.04,1,0
MIG-14837,orders,112926.72,110.28,13784618,278,READ_HEAVY,ALTER_COLUMN_TYPE,LOW,32.99,55.87,0,1
MIG-14838,orders,160000.0,156.25,19531634,205,MIXED_OLTP,ADD_INDEX_LOCKING,LOW,23.31,24.71,1,0
MIG-14839,orders,269568.0,263.25,32906424,2475,ANALYTICAL_BATCH,DROP_COLUMN,HIGH,1.94,6.97,1,0
MIG-14840,order_shipments,65433.6,63.9,17039481,4441,READ_HEAVY,DROP_COLUMN,CRITICAL,0.59,5.05,1,0
MIG-14841,order_items,327055.36,319.39,51331157,1012,WRITE_HEAVY,ALTER_COLUMN_TYPE,MEDIUM,76.52,190.47,0,1
MIG-14842,orders,254812.16,248.84,31104394,432,WRITE_HEAVY,ADD_INDEX_CONCURRENTLY,LOW,1.02,1.43,1,0
MIG-14843,order_items,229519.36,224.14,36022318,567,MIXED_OLTP,ADD_INDEX_LOCKING,MEDIUM,29.99,30.33,0,1
MIG-14844,order_items,207329.28,202.47,32539560,1283,READ_HEAVY,ADD_INDEX_CONCURRENTLY,MEDIUM,1.0,1.45,1,0
MIG-14845,order_items,390983.68,381.82,61364513,4204,MIXED_OLTP,ADD_INDEX_CONCURRENTLY,CRITICAL,1.15,10.22,1,0
MIG-14846,orders,143667.2,140.3,17537146,1196,MIXED_OLTP,ADD_COLUMN_DEFAULT,MEDIUM,1.41,3.03,1,0
MIG-14847,order_payments,122112.0,119.25,29353199,5042,READ_HEAVY,ADD_COLUMN_DEFAULT,CRITICAL,1.51,13.08,1,0
MIG-14848,orders,58439.68,57.07,7134271,3755,WRITE_HEAVY,ADD_INDEX_CONCURRENTLY,CRITICAL,0.42,2.1,1,0
MIG-14849,order_payments,100628.48,98.27,24190503,740,WRITE_HEAVY,ADD_INDEX_LOCKING,MEDIUM,15.49,30.67,0,1
MIG-14850,orders,206346.24,201.51,25188336,401,READ_HEAVY,DROP_COLUMN,LOW,1.24,2.14,1,0
MIG-14851,order_payments,143063.04,139.71,34391202,4587,MIXED_OLTP,TABLE_REWRITE,CRITICAL,93.01,1319.13,0,1
MIG-14852,order_shipments,30525.44,29.81,7948485,174,MIXED_OLTP,ADD_INDEX_LOCKING,LOW,6.87,9.27,1,0
MIG-14853,orders,103618.56,101.19,12648566,3674,READ_HEAVY,ALTER_COLUMN_TYPE,CRITICAL,39.89,467.76,0,1
MIG-14854,orders,255395.84,249.41,31175967,1354,MIXED_OLTP,ALTER_COLUMN_TYPE,MEDIUM,82.52,103.53,0,1
MIG-14855,customer_sessions,55019.52,53.73,12281055,1055,READ_HEAVY,ADD_INDEX_LOCKING,MEDIUM,10.96,14.74,1,0
MIG-14856,order_items,134328.32,131.18,21081971,1411,WRITE_HEAVY,ADD_INDEX_CONCURRENTLY,MEDIUM,0.72,1.15,1,0
MIG-14857,order_items,154603.52,150.98,24264864,1200,WRITE_HEAVY,ADD_INDEX_CONCURRENTLY,MEDIUM,0.57,1.37,1,0
MIG-14858,orders,222883.84,217.66,27206895,1809,WRITE_HEAVY,ADD_COLUMN_DEFAULT,HIGH,2.43,6.55,1,0
MIG-14859,orders,174663.68,170.57,21321811,707,WRITE_HEAVY,ADD_COLUMN_DEFAULT,MEDIUM,1.69,2.77,1,0
MIG-14860,order_items,406497.28,396.97,63798654,1465,WRITE_HEAVY,ALTER_COLUMN_TYPE,MEDIUM,83.01,166.42,0,1
MIG-14861,order_shipments,91412.48,89.27,23805097,1239,MIXED_OLTP,ADD_COLUMN_DEFAULT,MEDIUM,1.05,1.69,1,0
MIG-14862,orders,102481.92,100.08,12509643,1094,WRITE_HEAVY,ALTER_COLUMN_TYPE,MEDIUM,43.42,67.23,0,1
MIG-14863,order_payments,45844.48,44.77,11020412,4691,WRITE_HEAVY,ADD_COLUMN_DEFAULT,CRITICAL,0.62,8.07,1,0
MIG-14864,order_payments,100167.68,97.82,24077611,4035,WRITE_HEAVY,ALTER_COLUMN_TYPE,CRITICAL,39.81,974.5,0,1
MIG-14865,orders,244326.4,238.6,29825423,1969,WRITE_HEAVY,ADD_INDEX_CONCURRENTLY,HIGH,0.91,4.21,1,0
MIG-14866,orders,107816.96,105.29,13161767,5059,WRITE_HEAVY,ADD_COLUMN_DEFAULT,CRITICAL,1.49,13.23,1,0
MIG-14867,orders,199843.84,195.16,24394947,1394,WRITE_HEAVY,ALTER_COLUMN_TYPE,MEDIUM,57.82,91.93,0,1
MIG-14868,order_items,193331.2,188.8,30342701,462,WRITE_HEAVY,ADD_COLUMN_DEFAULT,LOW,2.21,2.77,1,0
MIG-14869,order_items,203407.36,198.64,31924604,412,ANALYTICAL_BATCH,ADD_INDEX_LOCKING,LOW,27.89,24.3,1,0
MIG-14870,order_items,579952.64,566.36,91022314,2807,WRITE_HEAVY,ADD_COLUMN_DEFAULT,HIGH,4.25,17.86,1,0
MIG-14871,orders,75243.52,73.48,9185054,1021,WRITE_HEAVY,ALTER_COLUMN_TYPE,MEDIUM,29.7,38.41,0,1
MIG-14872,order_payments,29542.4,28.85,7101151,3778,READ_HEAVY,DROP_COLUMN,CRITICAL,0.36,1.6,1,0
MIG-14873,order_items,514631.68,502.57,80770176,582,WRITE_HEAVY,ADD_INDEX_LOCKING,MEDIUM,51.82,80.14,0,1
MIG-14874,order_items,301772.8,294.7,47363273,223,READ_HEAVY,ADD_COLUMN_DEFAULT,LOW,2.22,2.09,1,0
MIG-14875,order_items,319406.08,311.92,50129342,940,READ_HEAVY,DROP_COLUMN,MEDIUM,1.69,2.44,1,0
MIG-14876,orders,226068.48,220.77,27596153,583,MIXED_OLTP,ADD_COLUMN_DEFAULT,MEDIUM,2.32,2.96,1,0
MIG-14877,order_payments,48179.2,47.05,11582150,829,ANALYTICAL_BATCH,DROP_COLUMN,MEDIUM,0.41,1.08,1,0
MIG-14878,order_items,450314.24,439.76,70676482,2892,MIXED_OLTP,DROP_COLUMN,HIGH,2.09,10.81,1,0
MIG-14879,order_items,276500.48,270.02,43395794,1893,WRITE_HEAVY,ADD_INDEX_CONCURRENTLY,HIGH,1.13,3.35,1,0
MIG-14880,orders,72212.48,70.52,8815248,893,READ_HEAVY,ADD_INDEX_LOCKING,MEDIUM,13.14,13.92,1,0
MIG-14881,order_items,469504.0,458.5,73687179,2465,WRITE_HEAVY,ADD_COLUMN_DEFAULT,HIGH,2.98,13.24,1,0
MIG-14882,order_items,279152.64,272.61,43811794,1384,MIXED_OLTP,ADD_INDEX_CONCURRENTLY,MEDIUM,0.92,1.79,1,0
MIG-14883,order_items,561940.48,548.77,88194932,2882,WRITE_HEAVY,DROP_COLUMN,HIGH,3.23,12.67,1,0
MIG-14884,order_shipments,94658.56,92.44,24651170,1312,MIXED_OLTP,DROP_COLUMN,MEDIUM,0.76,1.53,1,0
MIG-14885,order_shipments,88852.48,86.77,23139518,1719,WRITE_HEAVY,ADD_INDEX_LOCKING,HIGH,12.51,172.08,0,1
MIG-14886,orders,120453.12,117.63,14703497,611,READ_HEAVY,TABLE_REWRITE,MEDIUM,63.7,90.56,0,1
MIG-14887,order_payments,54968.32,53.68,13213579,396,WRITE_HEAVY,ADD_COLUMN_DEFAULT,LOW,0.88,1.34,1,0
MIG-14888,order_items,575457.28,561.97,90316852,2828,READ_HEAVY,TABLE_REWRITE,HIGH,247.8,2256.13,0,1
MIG-14889,customer_sessions,43560.96,42.54,9722436,1121,MIXED_OLTP,DROP_COLUMN,MEDIUM,0.54,0.61,1,0
MIG-14890,orders,205690.88,200.87,25108972,2871,READ_HEAVY,ADD_COLUMN_DEFAULT,HIGH,2.33,7.7,1,0
MIG-14891,orders,232110.08,226.67,28333433,1167,WRITE_HEAVY,DROP_COLUMN,MEDIUM,1.55,1.63,1,0
MIG-14892,order_items,257996.8,251.95,40492619,240,WRITE_HEAVY,ADD_INDEX_CONCURRENTLY,LOW,1.14,0.96,1,0
MIG-14893,orders,75499.52,73.73,9215630,1345,MIXED_OLTP,TABLE_REWRITE,MEDIUM,59.14,100.18,0,1
MIG-14894,order_payments,101478.4,99.1,24395033,2636,READ_HEAVY,ADD_COLUMN_DEFAULT,HIGH,1.25,3.4,1,0
MIG-14895,order_items,419287.04,409.46,65805572,875,READ_HEAVY,ADD_INDEX_CONCURRENTLY,MEDIUM,1.35,1.37,1,0
MIG-14896,orders,108912.64,106.36,13295401,1089,READ_HEAVY,DROP_COLUMN,MEDIUM,0.97,1.16,1,0
MIG-14897,order_items,416450.56,406.69,65361244,331,READ_HEAVY,ADD_INDEX_CONCURRENTLY,LOW,1.59,1.63,1,0
MIG-14898,order_shipments,83988.48,82.02,21871716,599,READ_HEAVY,ADD_INDEX_CONCURRENTLY,MEDIUM,0.44,0.55,1,0
MIG-14899,order_payments,68556.8,66.95,16480316,1915,WRITE_HEAVY,ADD_INDEX_CONCURRENTLY,HIGH,0.32,1.43,1,0
MIG-14900,order_items,239749.12,234.13,37627735,3569,READ_HEAVY,ALTER_COLUMN_TYPE,CRITICAL,65.63,1333.41,0,1
MIG-14901,orders,209510.4,204.6,25575032,784,READ_HEAVY,ADD_INDEX_CONCURRENTLY,MEDIUM,0.84,1.5,1,0
MIG-14902,orders,222976.0,217.75,27218544,1025,WRITE_HEAVY,ADD_COLUMN_DEFAULT,MEDIUM,2.11,4.44,1,0
MIG-14903,order_shipments,97587.2,95.3,25412651,1013,MIXED_OLTP,ADD_COLUMN_DEFAULT,MEDIUM,1.3,1.76,1,0
MIG-14904,order_payments,44308.48,43.27,10650471,2787,WRITE_HEAVY,ALTER_COLUMN_TYPE,HIGH,17.51,199.7,0,1
MIG-14905,order_items,573634.56,560.19,90030392,1510,WRITE_HEAVY,ALTER_COLUMN_TYPE,HIGH,132.98,638.64,0,1
MIG-14906,order_shipments,81889.28,79.97,21326134,1324,MIXED_OLTP,TABLE_REWRITE,MEDIUM,53.86,130.38,0,1
MIG-14907,orders,204400.64,199.61,24951297,1872,MIXED_OLTP,ADD_COLUMN_DEFAULT,HIGH,2.23,5.97,1,0
MIG-14908,order_payments,64133.12,62.63,15415944,851,WRITE_HEAVY,ADD_COLUMN_DEFAULT,MEDIUM,1.05,1.37,1,0
MIG-14909,orders,54056.96,52.79,6599209,160,MIXED_OLTP,ALTER_COLUMN_TYPE,LOW,23.49,22.33,1,0
MIG-14910,orders,161413.12,157.63,19703863,105,WRITE_HEAVY,ADD_INDEX_CONCURRENTLY,LOW,0.78,0.44,1,0
MIG-14911,order_items,262174.72,256.03,41147319,147,MIXED_OLTP,ADD_INDEX_CONCURRENTLY,LOW,1.06,1.15,1,0
MIG-14912,order_items,264263.68,258.07,41475502,724,READ_HEAVY,TABLE_REWRITE,MEDIUM,115.49,153.99,0,1
MIG-14913,customer_sessions,74147.84,72.41,16550795,253,MIXED_OLTP,ADD_INDEX_CONCURRENTLY,LOW,0.45,0.45,1,0
MIG-14914,order_items,193638.4,189.1,30390480,224,READ_HEAVY,ADD_COLUMN_DEFAULT,LOW,2.14,2.39,1,0
MIG-14915,order_shipments,95918.08,93.67,24979419,141,READ_HEAVY,ADD_INDEX_CONCURRENTLY,LOW,0.53,0.49,1,0
MIG-14916,order_payments,86988.8,84.95,20909633,235,MIXED_OLTP,ADD_INDEX_CONCURRENTLY,LOW,0.41,0.6,1,0
MIG-14917,order_payments,127057.92,124.08,30542443,654,WRITE_HEAVY,TABLE_REWRITE,MEDIUM,86.55,72.72,0,1
MIG-14918,customer_sessions,32634.88,31.87,7283661,2525,WRITE_HEAVY,ADD_INDEX_CONCURRENTLY,HIGH,0.21,0.97,1,0
MIG-14919,order_items,441856.0,431.5,69347573,1168,READ_HEAVY,ADD_COLUMN_DEFAULT,MEDIUM,4.16,4.95,1,0
MIG-14920,order_items,401940.48,392.52,63083660,125,READ_HEAVY,ADD_INDEX_CONCURRENTLY,LOW,1.52,1.46,1,0
MIG-14921,orders,253562.88,247.62,30952484,1151,WRITE_HEAVY,ADD_COLUMN_DEFAULT,MEDIUM,2.13,4.07,1,0
MIG-14922,orders,88811.52,86.73,10841057,1408,READ_HEAVY,ADD_INDEX_LOCKING,MEDIUM,14.15,27.75,0,1
MIG-14923,order_shipments,35399.68,34.57,9218709,478,READ_HEAVY,DROP_COLUMN,LOW,0.42,0.51,1,0
MIG-14924,order_items,604446.72,590.28,94866116,556,READ_HEAVY,DROP_COLUMN,MEDIUM,2.45,3.27,1,0
MIG-14925,order_items,165242.88,161.37,25935134,1420,ANALYTICAL_BATCH,ADD_COLUMN_DEFAULT,MEDIUM,1.78,3.3,1,0
MIG-14926,orders,189532.16,185.09,23136426,906,READ_HEAVY,ADD_INDEX_CONCURRENTLY,MEDIUM,0.86,1.23,1,0
MIG-14927,order_items,145940.48,142.52,22905693,2810,READ_HEAVY,ADD_COLUMN_DEFAULT,HIGH,1.83,5.13,1,0
MIG-14928,order_payments,35850.24,35.01,8617335,703,READ_HEAVY,ALTER_COLUMN_TYPE,MEDIUM,16.52,24.16,1,0
MIG-14929,orders,181227.52,176.98,22123016,376,WRITE_HEAVY,ALTER_COLUMN_TYPE,LOW,54.64,69.59,0,1
MIG-14930,order_payments,92682.24,90.51,22279397,421,MIXED_OLTP,ADD_INDEX_CONCURRENTLY,LOW,0.53,0.66,1,0
MIG-14931,order_items,410429.44,400.81,64415122,3666,MIXED_OLTP,ALTER_COLUMN_TYPE,CRITICAL,79.85,2123.11,0,1
MIG-14932,order_payments,83374.08,81.42,20041180,2606,MIXED_OLTP,ALTER_COLUMN_TYPE,HIGH,31.12,430.25,0,1
MIG-14933,orders,213350.4,208.35,26043702,1767,ANALYTICAL_BATCH,ADD_INDEX_LOCKING,HIGH,29.03,356.47,0,1
MIG-14934,order_items,626749.44,612.06,98367271,4774,READ_HEAVY,ADD_INDEX_LOCKING,CRITICAL,58.02,972.51,0,1
MIG-14935,orders,110151.68,107.57,13446093,1449,MIXED_OLTP,TABLE_REWRITE,MEDIUM,62.6,138.36,0,1
MIG-14936,order_items,281610.24,275.01,44198613,219,WRITE_HEAVY,ADD_INDEX_CONCURRENTLY,LOW,1.2,1.12,1,0
MIG-14937,order_payments,65331.2,63.8,15703826,2939,ANALYTICAL_BATCH,ADD_COLUMN_DEFAULT,HIGH,0.93,4.78,1,0
MIG-14938,order_items,508610.56,496.69,79824784,366,READ_HEAVY,TABLE_REWRITE,LOW,208.75,267.2,0,1
MIG-14939,orders,126126.08,123.17,15396418,2256,WRITE_HEAVY,DROP_COLUMN,HIGH,0.83,2.8,1,0
MIG-14940,order_shipments,74567.68,72.82,19417520,827,MIXED_OLTP,DROP_COLUMN,MEDIUM,0.59,0.85,1,0
MIG-14941,orders,147773.44,144.31,18038964,319,READ_HEAVY,ADD_COLUMN_DEFAULT,LOW,1.86,1.98,1,0
MIG-14942,order_items,428369.92,418.33,67232178,493,ANALYTICAL_BATCH,ADD_INDEX_CONCURRENTLY,LOW,1.34,1.08,1,0
MIG-14943,customer_sessions,67819.52,66.23,15137821,505,MIXED_OLTP,TABLE_REWRITE,MEDIUM,52.73,76.61,0,1
MIG-14944,order_items,379996.16,371.09,59638753,1366,MIXED_OLTP,ADD_COLUMN_DEFAULT,MEDIUM,3.06,7.6,1,0
MIG-14945,order_shipments,57845.76,56.49,15063741,159,READ_HEAVY,DROP_COLUMN,LOW,0.49,0.48,1,0
MIG-14946,order_items,252477.44,246.56,39624941,450,READ_HEAVY,ADD_INDEX_CONCURRENTLY,LOW,1.17,0.93,1,0
MIG-14947,order_payments,88432.64,86.36,21258051,1045,MIXED_OLTP,TABLE_REWRITE,MEDIUM,54.99,55.4,0,1
MIG-14948,order_payments,58060.8,56.7,13957473,2848,WRITE_HEAVY,ADD_INDEX_CONCURRENTLY,HIGH,0.36,1.25,1,0
MIG-14949,order_payments,127692.8,124.7,30694821,1772,WRITE_HEAVY,ALTER_COLUMN_TYPE,HIGH,47.02,399.32,0,1
MIG-14950,orders,135157.76,131.99,16499328,1571,ANALYTICAL_BATCH,ADD_INDEX_CONCURRENTLY,HIGH,0.61,1.46,1,0
MIG-14951,order_payments,42096.64,41.11,10118299,978,ANALYTICAL_BATCH,TABLE_REWRITE,MEDIUM,36.26,56.34,0,1
MIG-14952,orders,102225.92,99.83,12479123,1278,ANALYTICAL_BATCH,ADD_COLUMN_DEFAULT,MEDIUM,1.35,2.45,1,0
MIG-14953,customer_sessions,48824.32,47.68,10897973,1294,WRITE_HEAVY,ALTER_COLUMN_TYPE,MEDIUM,19.95,46.39,0,1
MIG-14954,orders,251822.08,245.92,30739762,405,WRITE_HEAVY,DROP_COLUMN,LOW,1.3,1.61,1,0
MIG-14955,orders,115630.08,112.92,14115160,420,ANALYTICAL_BATCH,ADD_INDEX_CONCURRENTLY,LOW,0.54,0.68,1,0
MIG-14956,order_shipments,40366.08,39.42,10510742,4938,WRITE_HEAVY,ADD_INDEX_CONCURRENTLY,CRITICAL,0.23,2.57,1,0
MIG-14957,orders,139079.68,135.82,16977115,1361,READ_HEAVY,ADD_INDEX_LOCKING,MEDIUM,18.83,41.49,0,1
MIG-14958,order_items,614144.0,599.75,96388112,168,WRITE_HEAVY,DROP_COLUMN,LOW,2.73,3.81,1,0
MIG-14959,order_payments,127887.36,124.89,30742326,735,MIXED_OLTP,ADD_COLUMN_DEFAULT,MEDIUM,1.68,2.26,1,0
MIG-14960,orders,82257.92,80.33,10041034,503,READ_HEAVY,ADD_INDEX_CONCURRENTLY,MEDIUM,0.43,0.69,1,0
MIG-14961,orders,184903.68,180.57,22571338,931,WRITE_HEAVY,ALTER_COLUMN_TYPE,MEDIUM,50.82,85.15,0,1
MIG-14962,order_items,523366.4,511.1,82141000,1894,READ_HEAVY,DROP_COLUMN,HIGH,2.66,5.09,1,0
MIG-14963,orders,219023.36,213.89,26736279,2440,WRITE_HEAVY,DROP_COLUMN,HIGH,1.26,6.73,1,0
MIG-14964,orders,157276.16,153.59,19198828,2329,MIXED_OLTP,ADD_COLUMN_DEFAULT,HIGH,1.91,4.87,1,0
MIG-14965,orders,211025.92,206.08,25759447,4452,READ_HEAVY,ADD_COLUMN_DEFAULT,CRITICAL,2.43,17.43,1,0
MIG-14966,order_items,415877.12,406.13,65270515,1158,READ_HEAVY,ADD_COLUMN_DEFAULT,MEDIUM,2.8,3.21,1,0
MIG-14967,order_items,218654.72,213.53,34317043,2998,READ_HEAVY,ADD_INDEX_CONCURRENTLY,HIGH,0.97,3.11,1,0
MIG-14968,orders,61552.64,60.11,7513448,3266,WRITE_HEAVY,TABLE_REWRITE,CRITICAL,39.89,1109.24,0,1
MIG-14969,order_items,305387.52,298.23,47929474,776,WRITE_HEAVY,ADD_COLUMN_DEFAULT,MEDIUM,2.85,3.28,1,0
MIG-14970,order_items,146657.28,143.22,23017059,2126,ANALYTICAL_BATCH,ADD_COLUMN_DEFAULT,HIGH,1.86,4.21,1,0
MIG-14971,orders,136519.68,133.32,16665361,3178,READ_HEAVY,ADD_COLUMN_DEFAULT,CRITICAL,1.71,6.36,1,0
MIG-14972,order_items,542474.24,529.76,85139199,2727,READ_HEAVY,ADD_COLUMN_DEFAULT,HIGH,4.5,13.78,1,0
MIG-14973,order_shipments,88463.36,86.39,23036753,255,READ_HEAVY,DROP_COLUMN,LOW,0.62,0.57,1,0
MIG-14974,order_items,132270.08,129.17,20759987,666,ANALYTICAL_BATCH,DROP_COLUMN,MEDIUM,0.84,0.91,1,0
MIG-14975,order_items,150579.2,147.05,23632372,2277,MIXED_OLTP,ADD_INDEX_LOCKING,HIGH,19.68,140.47,0,1
MIG-14976,order_items,460400.64,449.61,72259234,3479,WRITE_HEAVY,ADD_INDEX_CONCURRENTLY,CRITICAL,1.34,12.31,1,0
MIG-14977,orders,159744.0,156.0,19499964,254,READ_HEAVY,ALTER_COLUMN_TYPE,LOW,57.47,47.87,0,1
MIG-14978,order_shipments,30822.4,30.1,8026141,1144,READ_HEAVY,TABLE_REWRITE,MEDIUM,23.83,35.95,0,1
MIG-14979,order_shipments,85248.0,83.25,22199439,819,MIXED_OLTP,TABLE_REWRITE,MEDIUM,52.03,86.45,0,1
MIG-14980,order_shipments,36392.96,35.54,9476317,1332,ANALYTICAL_BATCH,ADD_INDEX_CONCURRENTLY,MEDIUM,0.25,0.66,1,0
MIG-14981,orders,66437.12,64.88,8110029,1885,MIXED_OLTP,ADD_COLUMN_DEFAULT,HIGH,0.85,2.16,1,0
MIG-14982,order_items,501504.0,489.75,78710078,614,MIXED_OLTP,TABLE_REWRITE,MEDIUM,225.08,201.55,0,1
MIG-14983,orders,183664.64,179.36,22419401,927,READ_HEAVY,ADD_INDEX_LOCKING,MEDIUM,20.92,32.15,0,1
MIG-14984,order_items,318259.2,310.8,49949861,1786,READ_HEAVY,ADD_INDEX_CONCURRENTLY,HIGH,1.03,2.42,1,0
MIG-14985,order_items,472197.12,461.13,74110822,1189,READ_HEAVY,ALTER_COLUMN_TYPE,MEDIUM,96.88,171.93,0,1
MIG-14986,order_items,585052.16,571.34,91821835,2285,MIXED_OLTP,ALTER_COLUMN_TYPE,HIGH,141.91,1000.63,0,1
MIG-14987,orders,56709.12,55.38,6922925,159,WRITE_HEAVY,ADD_INDEX_LOCKING,LOW,9.47,9.57,1,0
MIG-14988,order_shipments,70492.16,68.84,18357875,234,READ_HEAVY,ADD_COLUMN_DEFAULT,LOW,1.12,0.84,1,0
MIG-14989,orders,97402.88,95.12,11890517,2798,WRITE_HEAVY,DROP_COLUMN,HIGH,0.75,2.73,1,0
MIG-14990,orders,154019.84,150.41,18801719,1318,WRITE_HEAVY,ADD_INDEX_LOCKING,MEDIUM,21.61,37.57,0,1
MIG-14991,order_shipments,53596.16,52.34,13957992,1141,MIXED_OLTP,ADD_COLUMN_DEFAULT,MEDIUM,0.94,1.05,1,0
MIG-14992,order_payments,73349.12,71.63,17631414,1403,WRITE_HEAVY,ADD_INDEX_LOCKING,MEDIUM,13.33,22.9,1,0
MIG-14993,order_items,212930.56,207.94,33418844,1661,MIXED_OLTP,ADD_INDEX_CONCURRENTLY,HIGH,1.02,2.28,1,0
MIG-14994,order_items,528936.96,516.54,83014644,392,READ_HEAVY,ADD_INDEX_CONCURRENTLY,LOW,1.59,2.05,1,0
MIG-14995,orders,133099.52,129.98,16247055,523,MIXED_OLTP,ALTER_COLUMN_TYPE,MEDIUM,47.47,70.66,0,1
MIG-14996,orders,245381.12,239.63,29954299,339,ANALYTICAL_BATCH,ADD_COLUMN_DEFAULT,LOW,2.35,1.94,1,0
MIG-14997,order_items,297728.0,290.75,46728130,3128,MIXED_OLTP,ADD_INDEX_CONCURRENTLY,CRITICAL,0.93,4.98,1,0
MIG-14998,order_items,548065.28,535.22,86016780,841,MIXED_OLTP,ALTER_COLUMN_TYPE,MEDIUM,139.02,226.3,0,1
MIG-14999,order_items,395683.84,386.41,62101772,1635,WRITE_HEAVY,ADD_INDEX_LOCKING,HIGH,30.66,321.63,0,1
MIG-15000,orders,134451.2,131.3,16411881,1880,READ_HEAVY,ADD_INDEX_LOCKING,HIGH,15.53,114.47,0,1
MIG-15001,order_payments,110970.88,108.37,26676127,2465,MIXED_OLTP,ADD_COLUMN_DEFAULT,HIGH,1.41,5.42,1,0
MIG-15002,order_payments,120872.96,118.04,29055653,1282,MIXED_OLTP,DROP_COLUMN,MEDIUM,0.87,1.76,1,0
MIG-15003,orders,155914.24,152.26,19032651,476,MIXED_OLTP,ADD_INDEX_CONCURRENTLY,LOW,0.6,0.59,1,0
MIG-15004,orders,143247.36,139.89,17486351,5470,MIXED_OLTP,ADD_INDEX_CONCURRENTLY,CRITICAL,0.72,7.94,1,0
MIG-15005,order_items,412692.48,403.02,64770936,3333,WRITE_HEAVY,ADD_INDEX_CONCURRENTLY,CRITICAL,1.25,10.87,1,0
MIG-15006,order_payments,96727.04,94.46,23252705,5298,WRITE_HEAVY,ADD_COLUMN_DEFAULT,CRITICAL,1.31,9.85,1,0
MIG-15007,order_payments,77598.72,75.78,18653801,3710,ANALYTICAL_BATCH,DROP_COLUMN,CRITICAL,0.69,6.81,1,0
MIG-15008,order_payments,117401.6,114.65,28220690,1384,READ_HEAVY,ADD_INDEX_CONCURRENTLY,MEDIUM,0.56,1.32,1,0
MIG-15009,order_items,320983.04,313.46,50377437,1365,MIXED_OLTP,ALTER_COLUMN_TYPE,MEDIUM,79.89,138.85,0,1
MIG-15010,orders,149350.4,145.85,18230955,2878,READ_HEAVY,TABLE_REWRITE,HIGH,66.44,641.65,0,1
MIG-15011,order_items,427089.92,417.08,67030776,302,ANALYTICAL_BATCH,ADD_INDEX_CONCURRENTLY,LOW,1.16,1.7,1,0
MIG-15012,orders,267427.84,261.16,32644920,2625,MIXED_OLTP,ALTER_COLUMN_TYPE,HIGH,70.33,414.53,0,1
MIG-15013,order_payments,57856.0,56.5,13907759,2140,WRITE_HEAVY,DROP_COLUMN,HIGH,0.64,2.31,1,0
MIG-15014,orders,100454.4,98.1,12262725,577,MIXED_OLTP,ADD_COLUMN_DEFAULT,MEDIUM,1.42,0.99,1,0
MIG-15015,orders,88279.04,86.21,10775956,973,WRITE_HEAVY,ADD_COLUMN_DEFAULT,MEDIUM,1.0,1.33,1,0
MIG-15016,order_items,470507.52,459.48,73844981,1801,READ_HEAVY,ADD_INDEX_LOCKING,HIGH,36.58,506.26,0,1
MIG-15017,order_items,346460.16,338.34,54376665,3252,MIXED_OLTP,ADD_INDEX_CONCURRENTLY,CRITICAL,1.28,5.54,1,0
MIG-15018,order_items,315248.64,307.86,49477113,153,WRITE_HEAVY,DROP_COLUMN,LOW,2.04,1.55,1,0
MIG-15019,order_items,220016.64,214.86,34531320,719,WRITE_HEAVY,ADD_INDEX_CONCURRENTLY,MEDIUM,1.04,0.97,1,0
MIG-15020,order_shipments,92344.32,90.18,24048588,2694,MIXED_OLTP,ADD_INDEX_CONCURRENTLY,HIGH,0.47,1.18,1,0
MIG-15021,order_shipments,55193.6,53.9,14372537,2943,ANALYTICAL_BATCH,DROP_COLUMN,HIGH,0.6,3.35,1,0
MIG-15022,order_shipments,68833.28,67.22,17926175,2775,WRITE_HEAVY,ADD_INDEX_CONCURRENTLY,HIGH,0.39,1.86,1,0
MIG-15023,order_items,172759.04,168.71,27114895,1143,MIXED_OLTP,ADD_INDEX_LOCKING,MEDIUM,18.13,42.15,0,1
MIG-15024,order_items,170414.08,166.42,26745749,452,READ_HEAVY,DROP_COLUMN,LOW,1.2,1.26,1,0
MIG-15025,order_items,149452.8,145.95,23455717,786,READ_HEAVY,ADD_INDEX_CONCURRENTLY,MEDIUM,0.6,1.16,1,0
MIG-15026,order_items,304271.36,297.14,47755032,5270,MIXED_OLTP,ALTER_COLUMN_TYPE,CRITICAL,90.04,1735.42,0,1
MIG-15027,order_items,358737.92,350.33,56303814,1446,READ_HEAVY,ADD_COLUMN_DEFAULT,MEDIUM,3.22,3.71,1,0
MIG-15028,order_items,240916.48,235.27,37810830,648,MIXED_OLTP,ADD_INDEX_LOCKING,MEDIUM,27.42,33.02,0,1
MIG-15029,orders,126494.72,123.53,15441292,897,MIXED_OLTP,ADD_INDEX_CONCURRENTLY,MEDIUM,0.6,0.82,1,0
MIG-15030,orders,50534.4,49.35,6169020,780,ANALYTICAL_BATCH,ADD_INDEX_CONCURRENTLY,MEDIUM,0.35,0.58,1,0
MIG-15031,order_shipments,47554.56,46.44,12383510,640,MIXED_OLTP,ALTER_COLUMN_TYPE,MEDIUM,24.96,35.56,0,1
MIG-15032,orders,75509.76,73.74,9217626,1759,WRITE_HEAVY,ALTER_COLUMN_TYPE,HIGH,27.94,305.25,0,1
MIG-15033,order_items,180951.04,176.71,28399142,1465,MIXED_OLTP,ADD_COLUMN_DEFAULT,MEDIUM,2.18,2.63,1,0
MIG-15034,order_items,117012.48,114.27,18364993,1772,READ_HEAVY,ADD_COLUMN_DEFAULT,HIGH,1.21,2.79,1,0
MIG-15035,orders,203182.08,198.42,24802275,1165,WRITE_HEAVY,ADD_INDEX_LOCKING,MEDIUM,24.22,60.39,0,1
MIG-15036,order_shipments,95672.32,93.43,24915729,5181,READ_HEAVY,ADD_INDEX_CONCURRENTLY,CRITICAL,0.42,3.7,1,0
MIG-15037,orders,186624.0,182.25,22781730,401,MIXED_OLTP,ALTER_COLUMN_TYPE,LOW,51.28,47.06,0,1
MIG-15038,order_shipments,26408.96,25.79,6877964,281,WRITE_HEAVY,ADD_INDEX_CONCURRENTLY,LOW,0.19,0.25,1,0
MIG-15039,order_payments,145192.96,141.79,34901904,522,READ_HEAVY,ADD_INDEX_CONCURRENTLY,MEDIUM,0.69,1.04,1,0
MIG-15040,orders,264939.52,258.73,32340799,4045,READ_HEAVY,ADD_INDEX_CONCURRENTLY,CRITICAL,0.91,6.3,1,0
MIG-15041,orders,152719.36,149.14,18642332,1924,READ_HEAVY,ADD_COLUMN_DEFAULT,HIGH,1.51,4.63,1,0
MIG-15042,order_items,170362.88,166.37,26737406,2796,MIXED_OLTP,ALTER_COLUMN_TYPE,HIGH,55.16,470.53,0,1
MIG-15043,order_items,486656.0,475.25,76379884,1445,WRITE_HEAVY,DROP_COLUMN,MEDIUM,2.94,5.38,1,0
MIG-15044,orders,261816.32,255.68,31959641,732,MIXED_OLTP,ADD_INDEX_CONCURRENTLY,MEDIUM,1.17,1.87,1,0
MIG-15045,customer_sessions,64573.44,63.06,14413274,3388,MIXED_OLTP,ADD_INDEX_CONCURRENTLY,CRITICAL,0.38,1.75,1,0
MIG-15046,orders,187217.92,182.83,22853477,1320,READ_HEAVY,ADD_INDEX_CONCURRENTLY,MEDIUM,0.83,1.15,1,0
MIG-15047,order_shipments,69099.52,67.48,17993969,2810,READ_HEAVY,DROP_COLUMN,HIGH,0.62,2.03,1,0
MIG-15048,orders,265451.52,259.23,32403789,2974,WRITE_HEAVY,DROP_COLUMN,HIGH,1.83,7.12,1,0
MIG-15049,customer_sessions,19056.64,18.61,4252918,2655,WRITE_HEAVY,ADD_INDEX_CONCURRENTLY,HIGH,0.17,0.45,1,0
MIG-15050,orders,82227.2,80.3,10038012,963,READ_HEAVY,ADD_INDEX_LOCKING,MEDIUM,12.52,18.68,1,0
MIG-15051,order_items,543467.52,530.73,85295727,878,WRITE_HEAVY,DROP_COLUMN,MEDIUM,2.78,4.17,1,0
MIG-15052,order_items,189583.36,185.14,29754159,123,MIXED_OLTP,TABLE_REWRITE,LOW,87.19,82.28,0,1
MIG-15053,orders,133928.96,130.79,16349005,5216,READ_HEAVY,DROP_COLUMN,CRITICAL,1.04,8.33,1,0
MIG-15054,order_shipments,41779.2,40.8,10880383,2989,WRITE_HEAVY,ADD_COLUMN_DEFAULT,HIGH,0.61,3.57,1,0
MIG-15055,orders,102993.92,100.58,12573007,1422,READ_HEAVY,ADD_INDEX_CONCURRENTLY,MEDIUM,0.58,0.92,1,0
MIG-15056,order_items,127959.04,124.96,20083478,4434,MIXED_OLTP,ALTER_COLUMN_TYPE,CRITICAL,42.23,825.39,0,1
MIG-15057,order_items,406927.36,397.39,63866352,446,WRITE_HEAVY,ADD_INDEX_CONCURRENTLY,LOW,1.49,1.09,1,0
MIG-15058,order_items,321761.28,314.22,50500401,100,MIXED_OLTP,ADD_COLUMN_DEFAULT,LOW,2.95,2.83,1,0
MIG-15059,orders,171151.36,167.14,20892935,262,WRITE_HEAVY,ADD_COLUMN_DEFAULT,LOW,1.82,2.54,1,0
MIG-15060,orders,116500.48,113.77,14221721,3268,ANALYTICAL_BATCH,DROP_COLUMN,CRITICAL,1.08,5.12,1,0
MIG-15061,orders,257392.64,251.36,31419443,334,READ_HEAVY,DROP_COLUMN,LOW,1.39,1.08,1,0
MIG-15062,order_items,419880.96,410.04,65899122,100,READ_HEAVY,ADD_INDEX_LOCKING,LOW,39.46,46.48,0,1
MIG-15063,orders,261754.88,255.62,31952590,222,READ_HEAVY,ADD_INDEX_CONCURRENTLY,LOW,1.17,1.22,1,0
MIG-15064,customer_sessions,36915.2,36.05,8240085,919,READ_HEAVY,ADD_INDEX_LOCKING,MEDIUM,8.38,9.14,1,0
MIG-15065,order_items,115865.6,113.15,18185452,629,MIXED_OLTP,ALTER_COLUMN_TYPE,MEDIUM,40.92,58.09,0,1
MIG-15066,order_items,517898.24,505.76,81282510,586,WRITE_HEAVY,ADD_INDEX_CONCURRENTLY,MEDIUM,1.36,1.85,1,0
MIG-15067,order_items,541696.0,529.0,85017687,2853,WRITE_HEAVY,ADD_INDEX_CONCURRENTLY,HIGH,1.54,7.73,1,0
MIG-15068,orders,62136.32,60.68,7584991,3680,WRITE_HEAVY,TABLE_REWRITE,CRITICAL,47.27,772.48,0,1
MIG-15069,order_items,437442.56,427.19,68654907,1481,READ_HEAVY,ADD_COLUMN_DEFAULT,MEDIUM,3.34,4.4,1,0
MIG-15070,orders,195358.72,190.78,23847482,3926,MIXED_OLTP,ADD_COLUMN_DEFAULT,CRITICAL,2.29,14.16,1,0
MIG-15071,order_items,189900.8,185.45,29804443,1587,WRITE_HEAVY,ADD_COLUMN_DEFAULT,HIGH,2.17,4.9,1,0
MIG-15072,order_items,399841.28,390.47,62754488,3258,MIXED_OLTP,DROP_COLUMN,CRITICAL,2.16,16.23,1,0
MIG-15073,order_items,240199.68,234.57,37699109,375,MIXED_OLTP,ADD_INDEX_LOCKING,LOW,24.54,41.71,0,1
MIG-15074,customer_sessions,15400.96,15.04,3436904,1519,WRITE_HEAVY,ADD_INDEX_LOCKING,HIGH,3.52,20.63,1,0
MIG-15075,orders,240896.0,235.25,29406599,1449,WRITE_HEAVY,ADD_COLUMN_DEFAULT,MEDIUM,2.03,4.01,1,0
MIG-15076,order_items,368445.44,359.81,57827308,202,READ_HEAVY,ADD_INDEX_CONCURRENTLY,LOW,1.34,1.12,1,0
MIG-15077,orders,222054.4,216.85,27105875,2411,WRITE_HEAVY,ADD_COLUMN_DEFAULT,HIGH,2.32,4.87,1,0
MIG-15078,order_items,487772.16,476.34,76554335,943,MIXED_OLTP,ADD_COLUMN_DEFAULT,MEDIUM,3.62,4.22,1,0
MIG-15079,order_payments,145674.24,142.26,35018711,1570,READ_HEAVY,DROP_COLUMN,HIGH,0.88,1.69,1,0
MIG-15080,orders,146022.4,142.6,17824741,2554,READ_HEAVY,DROP_COLUMN,HIGH,0.98,3.65,1,0
MIG-15081,order_items,335349.76,327.49,52631599,514,MIXED_OLTP,ALTER_COLUMN_TYPE,MEDIUM,82.43,101.23,0,1
MIG-15082,order_items,260096.0,254.0,40822200,418,WRITE_HEAVY,ADD_INDEX_CONCURRENTLY,LOW,1.16,1.18,1,0
MIG-15083,orders,187422.72,183.03,22878974,4260,MIXED_OLTP,ADD_INDEX_CONCURRENTLY,CRITICAL,0.67,5.43,1,0
MIG-15084,customer_sessions,45701.12,44.63,10200020,220,MIXED_OLTP,ADD_INDEX_LOCKING,LOW,9.79,9.29,1,0
MIG-15085,order_items,490803.2,479.3,77029650,2909,WRITE_HEAVY,DROP_COLUMN,HIGH,2.61,11.08,1,0
MIG-15086,order_payments,69335.04,67.71,16667536,1804,READ_HEAVY,ADD_INDEX_CONCURRENTLY,HIGH,0.4,0.89,1,0
MIG-15087,order_items,182220.8,177.95,28598424,211,WRITE_HEAVY,TABLE_REWRITE,LOW,106.53,126.72,0,1
MIG-15088,customer_sessions,69969.92,68.33,15619070,1145,ANALYTICAL_BATCH,DROP_COLUMN,MEDIUM,0.63,1.37,1,0
MIG-15089,orders,232304.64,226.86,28357267,3875,READ_HEAVY,ADD_COLUMN_DEFAULT,CRITICAL,2.39,14.32,1,0
MIG-15090,order_items,295833.6,288.9,46431015,4217,MIXED_OLTP,ADD_INDEX_LOCKING,CRITICAL,30.56,531.51,0,1
MIG-15091,order_payments,109332.48,106.77,26282129,418,ANALYTICAL_BATCH,DROP_COLUMN,LOW,0.73,1.0,1,0
MIG-15092,order_items,368814.08,360.17,57884635,465,READ_HEAVY,ADD_COLUMN_DEFAULT,LOW,3.62,4.57,1,0
MIG-15093,order_items,507422.72,495.53,79638739,420,MIXED_OLTP,ADD_INDEX_CONCURRENTLY,LOW,1.74,2.41,1,0
MIG-15094,customer_sessions,39505.92,38.58,8817906,1620,READ_HEAVY,ADD_COLUMN_DEFAULT,HIGH,0.65,1.1,1,0
MIG-15095,order_items,391127.04,381.96,61386778,477,WRITE_HEAVY,ADD_COLUMN_DEFAULT,LOW,3.55,3.82,1,0
MIG-15096,order_payments,33546.24,32.76,8065103,268,ANALYTICAL_BATCH,ADD_INDEX_LOCKING,LOW,6.24,6.94,1,0
MIG-15097,order_items,204953.6,200.15,32167708,1338,READ_HEAVY,ADD_COLUMN_DEFAULT,MEDIUM,2.19,3.92,1,0
MIG-15098,order_shipments,83271.68,81.32,21686137,3714,MIXED_OLTP,ADD_INDEX_CONCURRENTLY,CRITICAL,0.45,4.67,1,0
MIG-15099,order_shipments,50083.84,48.91,13041814,1093,MIXED_OLTP,DROP_COLUMN,MEDIUM,0.59,0.81,1,0
MIG-15100,order_items,132802.56,129.69,20843539,2946,WRITE_HEAVY,ADD_INDEX_CONCURRENTLY,HIGH,0.66,3.5,1,0
MIG-15101,orders,86231.04,84.21,10526179,475,READ_HEAVY,ALTER_COLUMN_TYPE,LOW,36.47,35.43,0,1
MIG-15102,orders,140195.84,136.91,17113146,2481,WRITE_HEAVY,ADD_INDEX_LOCKING,HIGH,15.41,232.42,0,1
MIG-15103,order_items,485201.92,473.83,76150961,1114,WRITE_HEAVY,DROP_COLUMN,MEDIUM,2.62,5.97,1,0
MIG-15104,order_shipments,48578.56,47.44,12651276,3073,MIXED_OLTP,ADD_COLUMN_DEFAULT,CRITICAL,0.73,3.98,1,0
MIG-15105,order_items,499271.68,487.57,78360046,2402,WRITE_HEAVY,ADD_INDEX_CONCURRENTLY,HIGH,1.49,6.8,1,0
MIG-15106,orders,238940.16,233.34,29167635,268,ANALYTICAL_BATCH,DROP_COLUMN,LOW,1.47,1.44,1,0
MIG-15107,orders,124610.56,121.69,15210688,515,READ_HEAVY,ADD_INDEX_CONCURRENTLY,MEDIUM,0.71,0.5,1,0
MIG-15108,order_items,527759.36,515.39,82830421,478,READ_HEAVY,DROP_COLUMN,LOW,2.71,2.92,1,0
MIG-15109,order_shipments,28958.72,28.28,7540622,955,WRITE_HEAVY,ADD_INDEX_CONCURRENTLY,MEDIUM,0.19,0.42,1,0
MIG-15110,orders,141004.8,137.7,17212655,4923,WRITE_HEAVY,DROP_COLUMN,CRITICAL,0.96,6.7,1,0
MIG-15111,order_items,165038.08,161.17,25902554,542,READ_HEAVY,ADD_INDEX_CONCURRENTLY,MEDIUM,0.63,0.61,1,0
MIG-15112,order_payments,32921.6,32.15,7912806,3612,WRITE_HEAVY,ADD_INDEX_CONCURRENTLY,CRITICAL,0.21,2.17,1,0
MIG-15113,customer_sessions,18503.68,18.07,4129194,459,READ_HEAVY,ADD_COLUMN_DEFAULT,LOW,0.33,0.5,1,0
MIG-15114,orders,72325.12,70.63,8828304,5342,READ_HEAVY,ADD_INDEX_LOCKING,CRITICAL,12.55,345.92,0,1
MIG-15115,customer_sessions,68249.6,66.65,15234453,3026,WRITE_HEAVY,ADD_INDEX_CONCURRENTLY,CRITICAL,0.45,2.44,1,0
MIG-15116,order_items,395274.24,386.01,62037847,2838,READ_HEAVY,ADD_COLUMN_DEFAULT,HIGH,2.71,8.64,1,0
MIG-15117,order_payments,140124.16,136.84,33684779,222,WRITE_HEAVY,ADD_INDEX_LOCKING,LOW,17.01,11.96,1,0
MIG-15118,orders,168151.04,164.21,20526008,3540,WRITE_HEAVY,ADD_COLUMN_DEFAULT,CRITICAL,1.83,14.15,1,0
MIG-15119,order_items,439162.88,428.87,68925617,5487,MIXED_OLTP,DROP_COLUMN,CRITICAL,2.53,26.57,0,1
MIG-15120,order_items,209899.52,204.98,32943200,1034,WRITE_HEAVY,ADD_INDEX_CONCURRENTLY,MEDIUM,0.9,1.73,1,0
MIG-15121,order_items,393676.8,384.45,61787062,4987,WRITE_HEAVY,ADD_INDEX_CONCURRENTLY,CRITICAL,1.16,17.53,1,0
MIG-15122,order_items,313538.56,306.19,49209506,3344,READ_HEAVY,ADD_INDEX_CONCURRENTLY,CRITICAL,1.24,6.29,1,0
MIG-15123,order_items,595394.56,581.44,93446262,1257,READ_HEAVY,TABLE_REWRITE,MEDIUM,217.56,494.51,0,1
MIG-15124,order_items,596684.8,582.7,93647618,866,ANALYTICAL_BATCH,ADD_INDEX_CONCURRENTLY,MEDIUM,2.13,3.77,1,0
MIG-15125,orders,93061.12,90.88,11359462,1212,MIXED_OLTP,ADD_INDEX_CONCURRENTLY,MEDIUM,0.44,0.87,1,0
MIG-15126,order_items,434739.2,424.55,68230599,1155,MIXED_OLTP,ADD_INDEX_CONCURRENTLY,MEDIUM,1.39,1.95,1,0
MIG-15127,orders,190310.4,185.85,23230746,3128,READ_HEAVY,ADD_INDEX_LOCKING,CRITICAL,19.9,243.45,0,1
MIG-15128,order_shipments,65095.68,63.57,16950757,5187,READ_HEAVY,ADD_COLUMN_DEFAULT,CRITICAL,0.94,8.67,1,0
MIG-15129,customer_sessions,22353.92,21.83,4990347,215,WRITE_HEAVY,ADD_INDEX_LOCKING,LOW,4.6,5.79,1,0
MIG-15130,orders,193812.48,189.27,23658413,864,MIXED_OLTP,ADD_COLUMN_DEFAULT,MEDIUM,2.14,3.89,1,0
MIG-15131,orders,225894.4,220.6,27575302,1298,READ_HEAVY,ADD_INDEX_LOCKING,MEDIUM,27.85,41.38,0,1
MIG-15132,orders,125511.68,122.57,15321102,1377,WRITE_HEAVY,ALTER_COLUMN_TYPE,MEDIUM,49.76,129.6,0,1
MIG-15133,order_items,380241.92,371.33,59678687,2843,READ_HEAVY,ADD_COLUMN_DEFAULT,HIGH,2.87,12.6,1,0
MIG-15134,order_shipments,28078.08,27.42,7312683,2182,MIXED_OLTP,TABLE_REWRITE,HIGH,24.93,218.8,0,1
MIG-15135,order_items,595015.68,581.07,93385785,850,READ_HEAVY,TABLE_REWRITE,MEDIUM,218.12,407.01,0,1
MIG-15136,orders,73379.84,71.66,8957522,1319,WRITE_HEAVY,ADD_INDEX_CONCURRENTLY,MEDIUM,0.39,0.77,1,0
MIG-15137,orders,95242.24,93.01,11626181,3648,ANALYTICAL_BATCH,DROP_COLUMN,CRITICAL,0.89,7.7,1,0
MIG-15138,orders,115169.28,112.47,14058918,1143,WRITE_HEAVY,DROP_COLUMN,MEDIUM,0.97,1.21,1,0
MIG-15139,order_shipments,86927.36,84.89,22637069,735,ANALYTICAL_BATCH,ALTER_COLUMN_TYPE,MEDIUM,29.05,54.51,0,1
MIG-15140,order_items,476293.12,465.13,74753129,3525,READ_HEAVY,DROP_COLUMN,CRITICAL,2.8,11.65,1,0
MIG-15141,order_items,118312.96,115.54,18568169,4370,ANALYTICAL_BATCH,DROP_COLUMN,CRITICAL,0.97,7.86,1,0
MIG-15142,order_items,209428.48,204.52,32868485,2797,ANALYTICAL_BATCH,ADD_INDEX_CONCURRENTLY,HIGH,0.92,3.86,1,0
MIG-15143,customer_sessions,62730.24,61.26,14002176,791,READ_HEAVY,ALTER_COLUMN_TYPE,MEDIUM,30.55,30.48,0,1
MIG-15144,order_items,323102.72,315.53,50710593,2589,MIXED_OLTP,ADD_INDEX_CONCURRENTLY,HIGH,0.99,4.48,1,0
MIG-15145,order_shipments,20602.88,20.12,5366212,1532,WRITE_HEAVY,DROP_COLUMN,HIGH,0.3,0.75,1,0
MIG-15146,order_shipments,98385.92,96.08,25620604,1197,WRITE_HEAVY,ADD_INDEX_CONCURRENTLY,MEDIUM,0.55,0.84,1,0
MIG-15147,order_items,192737.28,188.22,30249865,256,READ_HEAVY,ADD_INDEX_LOCKING,LOW,23.8,21.07,1,0
MIG-15148,order_shipments,60774.4,59.35,15826079,574,READ_HEAVY,ADD_INDEX_LOCKING,MEDIUM,11.1,14.29,1,0
MIG-15149,orders,104079.36,101.64,12704534,1053,WRITE_HEAVY,ADD_INDEX_CONCURRENTLY,MEDIUM,0.6,1.07,1,0
MIG-15150,order_payments,114974.72,112.28,27639116,3598,READ_HEAVY,ADD_INDEX_LOCKING,CRITICAL,13.05,246.52,0,1
MIG-15151,orders,220948.48,215.77,26971604,2451,ANALYTICAL_BATCH,ALTER_COLUMN_TYPE,HIGH,66.72,879.33,0,1
MIG-15152,order_items,319692.8,312.2,50174852,117,MIXED_OLTP,ADD_INDEX_CONCURRENTLY,LOW,1.33,0.97,1,0
MIG-15153,orders,194795.52,190.23,23778139,842,WRITE_HEAVY,ADD_COLUMN_DEFAULT,MEDIUM,1.98,2.79,1,0
MIG-15154,orders,250224.64,244.36,30544986,736,READ_HEAVY,ADD_INDEX_CONCURRENTLY,MEDIUM,1.16,1.04,1,0
MIG-15155,orders,229376.0,224.0,27999846,813,WRITE_HEAVY,ADD_INDEX_CONCURRENTLY,MEDIUM,0.8,0.86,1,0
MIG-15156,order_items,328816.64,321.11,51606715,103,WRITE_HEAVY,ADD_INDEX_LOCKING,LOW,35.52,32.29,0,1
MIG-15157,order_items,342528.0,334.5,53759560,3709,ANALYTICAL_BATCH,ADD_INDEX_CONCURRENTLY,CRITICAL,1.39,9.1,1,0
MIG-15158,order_items,572405.76,558.99,89837140,3221,ANALYTICAL_BATCH,DROP_COLUMN,CRITICAL,2.96,19.85,1,0
MIG-15159,order_items,132423.68,129.32,20784196,4558,WRITE_HEAVY,ADD_INDEX_CONCURRENTLY,CRITICAL,0.72,5.04,1,0
MIG-15160,customer_sessions,15810.56,15.44,3528486,959,WRITE_HEAVY,ADD_INDEX_CONCURRENTLY,MEDIUM,0.13,0.22,1,0
MIG-15161,customer_sessions,27617.28,26.97,6163452,1925,READ_HEAVY,DROP_COLUMN,HIGH,0.31,0.87,1,0
MIG-15162,orders,232212.48,226.77,28345784,2424,READ_HEAVY,ADD_COLUMN_DEFAULT,HIGH,1.84,7.55,1,0
MIG-15163,order_items,193761.28,189.22,30410268,1416,WRITE_HEAVY,ALTER_COLUMN_TYPE,MEDIUM,56.44,143.22,0,1
MIG-15164,order_items,261918.72,255.78,41107622,316,WRITE_HEAVY,ADD_INDEX_CONCURRENTLY,LOW,0.87,1.09,1,0
MIG-15165,order_payments,101990.4,99.6,24517178,212,READ_HEAVY,DROP_COLUMN,LOW,0.99,0.75,1,0
MIG-15166,order_items,209776.64,204.86,32923667,903,WRITE_HEAVY,ADD_INDEX_LOCKING,MEDIUM,27.0,26.9,0,1
MIG-15167,order_payments,62935.04,61.46,15129750,4977,MIXED_OLTP,DROP_COLUMN,CRITICAL,0.51,7.63,1,0
MIG-15168,orders,152422.4,148.85,18606643,1648,MIXED_OLTP,DROP_COLUMN,HIGH,1.17,3.33,1,0
MIG-15169,order_items,232417.28,226.97,36476851,3799,READ_HEAVY,ADD_INDEX_CONCURRENTLY,CRITICAL,0.91,5.92,1,0
MIG-15170,order_payments,145520.64,142.11,34981514,969,READ_HEAVY,ADD_INDEX_LOCKING,MEDIUM,21.87,20.72,1,0
MIG-15171,order_items,199045.12,194.38,31239127,353,MIXED_OLTP,DROP_COLUMN,LOW,1.17,0.9,1,0
MIG-15172,order_shipments,88924.16,86.84,23158641,1076,WRITE_HEAVY,ADD_INDEX_LOCKING,MEDIUM,11.18,15.77,1,0
MIG-15173,orders,153128.96,149.54,18692695,379,MIXED_OLTP,ADD_INDEX_CONCURRENTLY,LOW,0.59,0.71,1,0
MIG-15174,orders,77711.36,75.89,9486339,5349,WRITE_HEAVY,ADD_INDEX_CONCURRENTLY,CRITICAL,0.42,4.13,1,0
MIG-15175,orders,75356.16,73.59,9199126,674,ANALYTICAL_BATCH,ADD_COLUMN_DEFAULT,MEDIUM,0.85,1.31,1,0
MIG-15176,orders,159805.44,156.06,19507993,291,WRITE_HEAVY,ADD_COLUMN_DEFAULT,LOW,1.73,1.68,1,0
MIG-15177,orders,127344.64,124.36,15545044,879,MIXED_OLTP,ADD_INDEX_CONCURRENTLY,MEDIUM,0.66,1.1,1,0
MIG-15178,order_items,235765.76,230.24,37002786,1632,WRITE_HEAVY,ADD_INDEX_CONCURRENTLY,HIGH,0.92,2.0,1,0
MIG-15179,order_items,609597.44,595.31,95674070,627,MIXED_OLTP,ADD_INDEX_CONCURRENTLY,MEDIUM,1.9,1.65,1,0
MIG-15180,order_payments,82145.28,80.22,19745336,351,READ_HEAVY,ADD_INDEX_CONCURRENTLY,LOW,0.53,0.39,1,0
MIG-15181,order_items,594042.88,580.12,93233689,2265,WRITE_HEAVY,ADD_INDEX_CONCURRENTLY,HIGH,1.55,5.15,1,0
MIG-15182,orders,85422.08,83.42,10427992,217,MIXED_OLTP,ADD_INDEX_LOCKING,LOW,11.11,12.25,1,0
MIG-15183,order_payments,48609.28,47.47,11683822,2864,WRITE_HEAVY,TABLE_REWRITE,HIGH,31.98,338.57,0,1
MIG-15184,orders,180981.76,176.74,22092747,1966,READ_HEAVY,ADD_COLUMN_DEFAULT,HIGH,2.2,5.55,1,0
MIG-15185,order_shipments,40816.64,39.86,10629313,1096,WRITE_HEAVY,ADD_INDEX_CONCURRENTLY,MEDIUM,0.24,0.42,1,0
MIG-15186,orders,90060.8,87.95,10993322,1488,MIXED_OLTP,ADD_COLUMN_DEFAULT,MEDIUM,1.27,2.2,1,0
MIG-15187,order_items,163553.28,159.72,25669516,380,MIXED_OLTP,ADD_INDEX_LOCKING,LOW,23.32,21.12,1,0
MIG-15188,order_shipments,24760.32,24.18,6447446,1228,READ_HEAVY,TABLE_REWRITE,MEDIUM,24.25,35.51,0,1
MIG-15189,order_items,503398.4,491.6,79006639,1924,MIXED_OLTP,ADD_INDEX_CONCURRENTLY,HIGH,1.67,4.23,1,0
MIG-15190,order_items,260311.04,254.21,40855214,1414,ANALYTICAL_BATCH,ADD_INDEX_CONCURRENTLY,MEDIUM,0.86,2.73,1,0
MIG-15191,order_payments,143851.52,140.48,34578471,287,MIXED_OLTP,ADD_COLUMN_DEFAULT,LOW,1.66,1.77,1,0
MIG-15192,orders,89651.2,87.55,10944270,1952,WRITE_HEAVY,ADD_COLUMN_DEFAULT,HIGH,1.36,3.29,1,0
MIG-15193,order_payments,69089.28,67.47,16608063,2611,READ_HEAVY,ADD_INDEX_CONCURRENTLY,HIGH,0.35,0.9,1,0
MIG-15194,order_shipments,49530.88,48.37,12898026,4326,WRITE_HEAVY,DROP_COLUMN,CRITICAL,0.59,3.92,1,0
MIG-15195,customer_sessions,46602.24,45.51,10402200,3328,READ_HEAVY,ADD_INDEX_CONCURRENTLY,CRITICAL,0.3,1.97,1,0
MIG-15196,order_items,564019.2,550.8,88521505,519,WRITE_HEAVY,ADD_INDEX_CONCURRENTLY,MEDIUM,1.76,2.3,1,0
MIG-15197,order_items,545505.28,532.72,85616387,621,MIXED_OLTP,ADD_INDEX_LOCKING,MEDIUM,41.87,68.0,0,1
MIG-15198,order_payments,27811.84,27.16,6686742,659,READ_HEAVY,ADD_INDEX_LOCKING,MEDIUM,4.86,10.5,1,0
MIG-15199,order_items,325898.24,318.26,51149660,1836,READ_HEAVY,ADD_INDEX_CONCURRENTLY,HIGH,1.24,1.96,1,0
MIG-15200,orders,232273.92,226.83,28354291,845,WRITE_HEAVY,ADD_INDEX_LOCKING,MEDIUM,21.34,45.93,0,1
MIG-15201,orders,49192.96,48.04,6005340,3591,WRITE_HEAVY,ADD_INDEX_CONCURRENTLY,CRITICAL,0.35,3.02,1,0
MIG-15202,orders,167188.48,163.27,20408268,2854,MIXED_OLTP,ADD_COLUMN_DEFAULT,HIGH,1.44,5.65,1,0
MIG-15203,order_items,248606.72,242.78,39017525,1462,READ_HEAVY,ADD_INDEX_CONCURRENTLY,MEDIUM,0.95,1.75,1,0
MIG-15204,orders,140451.84,137.16,17144750,2958,ANALYTICAL_BATCH,ADD_INDEX_CONCURRENTLY,HIGH,0.72,3.86,1,0
MIG-15205,orders,142120.96,138.79,17348226,163,READ_HEAVY,ADD_INDEX_CONCURRENTLY,LOW,0.65,0.46,1,0
MIG-15206,orders,135802.88,132.62,16577369,4335,WRITE_HEAVY,DROP_COLUMN,CRITICAL,0.89,6.99,1,0
MIG-15207,customer_sessions,71874.56,70.19,16044081,605,MIXED_OLTP,ALTER_COLUMN_TYPE,MEDIUM,24.36,30.98,0,1
MIG-15208,orders,167813.12,163.88,20484517,2563,MIXED_OLTP,ADD_INDEX_CONCURRENTLY,HIGH,0.69,2.24,1,0
MIG-15209,orders,249047.04,243.21,30401161,1706,WRITE_HEAVY,ADD_INDEX_CONCURRENTLY,HIGH,0.93,2.15,1,0
MIG-15210,order_items,489758.72,478.28,76866134,215,MIXED_OLTP,ADD_COLUMN_DEFAULT,LOW,4.15,4.43,1,0
MIG-15211,orders,126812.16,123.84,15480241,1804,WRITE_HEAVY,ADD_COLUMN_DEFAULT,HIGH,1.55,3.27,1,0
MIG-15212,customer_sessions,46172.16,45.09,10307317,980,WRITE_HEAVY,ALTER_COLUMN_TYPE,MEDIUM,17.19,42.15,0,1
MIG-15213,order_shipments,50769.92,49.58,13220944,868,WRITE_HEAVY,ADD_INDEX_CONCURRENTLY,MEDIUM,0.35,0.48,1,0
MIG-15214,order_items,542310.4,529.6,85114516,316,READ_HEAVY,DROP_COLUMN,LOW,2.83,3.0,1,0
MIG-15215,order_items,211507.2,206.55,33195422,1795,MIXED_OLTP,ADD_COLUMN_DEFAULT,HIGH,1.94,7.71,1,0
MIG-15216,order_items,597964.8,583.95,93849394,4270,WRITE_HEAVY,ALTER_COLUMN_TYPE,CRITICAL,131.04,2068.91,0,1
MIG-15217,orders,177530.88,173.37,21671461,135,MIXED_OLTP,ADD_COLUMN_DEFAULT,LOW,1.59,1.96,1,0
MIG-15218,orders,184463.36,180.14,22517464,1561,MIXED_OLTP,ADD_INDEX_CONCURRENTLY,HIGH,0.85,2.78,1,0
MIG-15219,orders,163461.12,159.63,19953637,3341,READ_HEAVY,ADD_INDEX_CONCURRENTLY,CRITICAL,0.84,5.04,1,0
MIG-15220,orders,171796.48,167.77,20971404,206,WRITE_HEAVY,DROP_COLUMN,LOW,1.43,1.22,1,0
MIG-15221,order_items,459274.24,448.51,72081708,4974,WRITE_HEAVY,ADD_COLUMN_DEFAULT,CRITICAL,2.95,38.78,0,1
MIG-15222,orders,194037.76,189.49,23685951,232,WRITE_HEAVY,DROP_COLUMN,LOW,1.2,1.81,1,0
MIG-15223,orders,96522.24,94.26,11781971,2280,ANALYTICAL_BATCH,ADD_INDEX_CONCURRENTLY,HIGH,0.53,1.55,1,0
MIG-15224,order_items,415283.2,405.55,65177653,1178,MIXED_OLTP,ADD_INDEX_CONCURRENTLY,MEDIUM,1.5,2.17,1,0
MIG-15225,order_items,297707.52,290.73,46724741,4864,WRITE_HEAVY,DROP_COLUMN,CRITICAL,1.89,21.12,1,0
MIG-15226,orders,190054.4,185.6,23199818,1083,READ_HEAVY,ADD_INDEX_CONCURRENTLY,MEDIUM,0.72,1.05,1,0
MIG-15227,orders,170321.92,166.33,20791533,676,WRITE_HEAVY,TABLE_REWRITE,MEDIUM,106.43,123.54,0,1
MIG-15228,orders,88893.44,86.81,10851358,2494,WRITE_HEAVY,ADD_INDEX_LOCKING,HIGH,12.56,141.77,0,1
MIG-15229,orders,211660.8,206.7,25837815,1957,WRITE_HEAVY,ADD_INDEX_CONCURRENTLY,HIGH,0.72,2.48,1,0
MIG-15230,order_shipments,56340.48,55.02,14671490,2386,WRITE_HEAVY,DROP_COLUMN,HIGH,0.49,1.82,1,0
MIG-15231,order_shipments,64174.08,62.67,16711137,2973,WRITE_HEAVY,ADD_INDEX_CONCURRENTLY,HIGH,0.32,1.87,1,0
MIG-15232,order_items,461834.24,451.01,72484072,1609,WRITE_HEAVY,TABLE_REWRITE,HIGH,147.59,1556.57,0,1
MIG-15233,order_items,451635.2,441.05,70882613,134,READ_HEAVY,DROP_COLUMN,LOW,2.62,1.64,1,0
MIG-15234,order_payments,116346.88,113.62,27969150,199,READ_HEAVY,ADD_COLUMN_DEFAULT,LOW,1.22,1.39,1,0
MIG-15235,order_items,221388.8,216.2,34746890,275,READ_HEAVY,DROP_COLUMN,LOW,1.51,1.18,1,0
MIG-15236,orders,73564.16,71.84,8980563,291,READ_HEAVY,ADD_INDEX_CONCURRENTLY,LOW,0.34,0.58,1,0
MIG-15237,orders,197160.96,192.54,24067848,1943,READ_HEAVY,ADD_INDEX_CONCURRENTLY,HIGH,0.75,1.99,1,0
MIG-15238,order_items,236482.56,230.94,37114780,1400,READ_HEAVY,ADD_INDEX_CONCURRENTLY,MEDIUM,0.93,2.01,1,0
MIG-15239,order_items,173834.24,169.76,27282994,507,ANALYTICAL_BATCH,ADD_COLUMN_DEFAULT,MEDIUM,1.68,2.56,1,0
MIG-15240,orders,78182.4,76.35,9543412,317,WRITE_HEAVY,ADD_INDEX_CONCURRENTLY,LOW,0.49,0.61,1,0
MIG-15241,orders,118333.44,115.56,14445603,4381,READ_HEAVY,TABLE_REWRITE,CRITICAL,79.14,841.56,0,1
MIG-15242,order_items,626544.64,611.86,98334750,407,WRITE_HEAVY,ADD_COLUMN_DEFAULT,LOW,5.21,5.78,1,0
MIG-15243,orders,83937.28,81.97,10246028,320,READ_HEAVY,ALTER_COLUMN_TYPE,LOW,29.66,36.91,0,1
MIG-15244,order_items,268759.04,262.46,42181461,1703,READ_HEAVY,ADD_INDEX_CONCURRENTLY,HIGH,0.93,2.26,1,0
MIG-15245,order_payments,136939.52,133.73,32917143,228,MIXED_OLTP,ALTER_COLUMN_TYPE,LOW,51.89,29.95,0,1
MIG-15246,order_items,611850.24,597.51,96027953,1759,ANALYTICAL_BATCH,DROP_COLUMN,HIGH,2.97,5.64,1,0
MIG-15247,orders,99768.32,97.43,12178770,972,READ_HEAVY,DROP_COLUMN,MEDIUM,0.86,1.37,1,0
MIG-15248,orders,243896.32,238.18,29772222,2871,WRITE_HEAVY,ADD_INDEX_LOCKING,HIGH,25.51,196.47,0,1
MIG-15249,order_shipments,29952.0,29.25,7800627,256,MIXED_OLTP,ADD_COLUMN_DEFAULT,LOW,0.58,0.57,1,0
MIG-15250,order_items,507709.44,495.81,79684449,864,WRITE_HEAVY,DROP_COLUMN,MEDIUM,2.79,4.05,1,0
MIG-15251,orders,52029.44,50.81,6351220,964,READ_HEAVY,ALTER_COLUMN_TYPE,MEDIUM,19.23,25.85,0,1
MIG-15252,orders,139089.92,135.83,16978729,1749,MIXED_OLTP,ADD_INDEX_CONCURRENTLY,HIGH,0.66,1.51,1,0
MIG-15253,order_shipments,38942.72,38.03,10142440,2772,READ_HEAVY,ADD_INDEX_CONCURRENTLY,HIGH,0.23,0.82,1,0
MIG-15254,order_payments,110970.88,108.37,26675430,1165,READ_HEAVY,TABLE_REWRITE,MEDIUM,76.26,64.97,0,1
MIG-15255,order_shipments,19763.2,19.3,5146812,2570,WRITE_HEAVY,ALTER_COLUMN_TYPE,HIGH,10.72,120.2,0,1
MIG-15256,order_items,354621.44,346.31,55657038,239,WRITE_HEAVY,ADD_COLUMN_DEFAULT,LOW,3.55,2.34,1,0
MIG-15257,order_items,474265.6,463.15,74435051,1920,ANALYTICAL_BATCH,ADD_INDEX_LOCKING,HIGH,43.48,227.28,0,1
MIG-15258,order_items,138792.96,135.54,21783094,4185,WRITE_HEAVY,ALTER_COLUMN_TYPE,CRITICAL,48.61,909.56,0,1
MIG-15259,orders,247644.16,241.84,30229804,195,WRITE_HEAVY,ADD_COLUMN_DEFAULT,LOW,2.33,2.09,1,0
MIG-15260,order_payments,69898.24,68.26,16802485,108,READ_HEAVY,ADD_INDEX_CONCURRENTLY,LOW,0.46,0.45,1,0
MIG-15261,order_items,199976.96,195.29,31386532,2587,READ_HEAVY,ADD_COLUMN_DEFAULT,HIGH,1.68,5.99,1,0
MIG-15262,orders,99020.8,96.7,12087541,5149,WRITE_HEAVY,ADD_COLUMN_DEFAULT,CRITICAL,1.27,15.62,1,0
MIG-15263,order_shipments,46540.8,45.45,12120368,1836,WRITE_HEAVY,ADD_INDEX_CONCURRENTLY,HIGH,0.27,1.36,1,0
MIG-15264,order_items,217067.52,211.98,34068383,1126,READ_HEAVY,TABLE_REWRITE,MEDIUM,115.1,129.57,0,1
MIG-15265,orders,162088.96,158.29,19785626,2861,READ_HEAVY,ADD_INDEX_LOCKING,HIGH,16.63,223.07,0,1
MIG-15266,order_items,441344.0,431.0,69267470,1240,MIXED_OLTP,ADD_INDEX_LOCKING,MEDIUM,37.94,76.23,0,1
MIG-15267,order_shipments,54384.64,53.11,14162090,5082,WRITE_HEAVY,DROP_COLUMN,CRITICAL,0.62,6.1,1,0
MIG-15268,order_shipments,53852.16,52.59,14023894,2837,ANALYTICAL_BATCH,ADD_INDEX_CONCURRENTLY,HIGH,0.36,2.03,1,0
MIG-15269,order_items,518123.52,505.98,81317661,3631,WRITE_HEAVY,DROP_COLUMN,CRITICAL,2.63,15.13,1,0
MIG-15270,customer_sessions,33751.04,32.96,7534640,3183,WRITE_HEAVY,DROP_COLUMN,CRITICAL,0.35,1.92,1,0
MIG-15271,order_shipments,70082.56,68.44,18251806,5003,ANALYTICAL_BATCH,DROP_COLUMN,CRITICAL,0.63,7.35,1,0
MIG-15272,order_shipments,92497.92,90.33,24087106,416,MIXED_OLTP,ADD_INDEX_CONCURRENTLY,LOW,0.51,0.69,1,0
MIG-15273,order_shipments,36802.56,35.94,9584710,3478,WRITE_HEAVY,ADD_INDEX_LOCKING,CRITICAL,6.82,148.02,0,1
MIG-15274,order_items,434616.32,424.43,68211959,1403,READ_HEAVY,ADD_INDEX_CONCURRENTLY,MEDIUM,1.72,2.69,1,0
MIG-15275,order_payments,140195.84,136.91,33701587,524,MIXED_OLTP,ADD_COLUMN_DEFAULT,MEDIUM,1.49,2.34,1,0
MIG-15276,order_items,388116.48,379.02,60913415,877,WRITE_HEAVY,DROP_COLUMN,MEDIUM,2.46,3.24,1,0
MIG-15277,order_payments,143667.2,140.3,34534654,1461,WRITE_HEAVY,TABLE_REWRITE,MEDIUM,84.52,213.17,0,1
MIG-15278,orders,117729.28,114.97,14371243,852,READ_HEAVY,ADD_COLUMN_DEFAULT,MEDIUM,1.15,2.43,1,0
MIG-15279,order_payments,94228.48,92.02,22651664,1261,MIXED_OLTP,ADD_INDEX_CONCURRENTLY,MEDIUM,0.46,1.16,1,0
MIG-15280,customer_sessions,34406.4,33.6,7678914,115,READ_HEAVY,TABLE_REWRITE,LOW,31.72,30.43,0,1
MIG-15281,order_items,116602.88,113.87,18301273,989,READ_HEAVY,TABLE_REWRITE,MEDIUM,79.11,96.13,0,1
MIG-15282,customer_sessions,78673.92,76.83,17561236,1281,ANALYTICAL_BATCH,ADD_INDEX_CONCURRENTLY,MEDIUM,0.48,1.12,1,0
MIG-15283,order_items,238581.76,232.99,37444865,2764,WRITE_HEAVY,ALTER_COLUMN_TYPE,HIGH,59.05,875.49,0,1
MIG-15284,orders,264386.56,258.19,32273753,936,MIXED_OLTP,ALTER_COLUMN_TYPE,MEDIUM,61.46,81.18,0,1
MIG-15285,orders,193597.44,189.06,23631886,1613,WRITE_HEAVY,ADD_INDEX_CONCURRENTLY,HIGH,0.78,1.61,1,0
MIG-15286,order_payments,134922.24,131.76,32433287,2298,MIXED_OLTP,ADD_INDEX_LOCKING,HIGH,20.82,171.8,0,1
MIG-15287,order_items,613857.28,599.47,96343422,2609,READ_HEAVY,ADD_INDEX_CONCURRENTLY,HIGH,1.5,4.78,1,0
MIG-15288,order_items,407746.56,398.19,63994165,950,WRITE_HEAVY,ALTER_COLUMN_TYPE,MEDIUM,91.58,132.1,0,1
MIG-15289,order_items,630620.16,615.84,98974998,1456,READ_HEAVY,ADD_INDEX_CONCURRENTLY,MEDIUM,1.56,4.1,1,0
MIG-15290,order_items,510699.52,498.73,80153722,814,MIXED_OLTP,DROP_COLUMN,MEDIUM,2.45,3.51,1,0
MIG-15291,order_items,385024.0,376.0,60428979,427,READ_HEAVY,ADD_INDEX_LOCKING,LOW,33.96,44.0,0,1
MIG-15292,order_shipments,72755.2,71.05,18946774,4887,WRITE_HEAVY,ADD_INDEX_CONCURRENTLY,CRITICAL,0.48,3.21,1,0
MIG-15293,order_payments,49899.52,48.73,11995015,272,WRITE_HEAVY,ADD_INDEX_LOCKING,LOW,8.47,8.7,1,0
MIG-15294,order_payments,27944.96,27.29,6717739,3244,READ_HEAVY,ADD_INDEX_CONCURRENTLY,CRITICAL,0.19,1.34,1,0
MIG-15295,order_items,247214.08,241.42,38799937,238,MIXED_OLTP,ADD_INDEX_CONCURRENTLY,LOW,1.15,1.01,1,0
MIG-15296,customer_sessions,42393.6,41.4,9463580,2650,READ_HEAVY,TABLE_REWRITE,HIGH,29.6,284.29,0,1
MIG-15297,orders,99594.24,97.26,12157419,1392,WRITE_HEAVY,TABLE_REWRITE,MEDIUM,55.36,132.65,0,1
MIG-15298,orders,162846.72,159.03,19878969,4142,MIXED_OLTP,ADD_INDEX_LOCKING,CRITICAL,20.11,459.83,0,1
MIG-15299,orders,194682.88,190.12,23764491,1937,WRITE_HEAVY,ALTER_COLUMN_TYPE,HIGH,47.44,755.2,0,1
MIG-15300,order_items,453140.48,442.52,71119301,406,WRITE_HEAVY,ADD_INDEX_CONCURRENTLY,LOW,1.47,1.18,1,0
MIG-15301,order_items,575959.04,562.46,90394918,474,READ_HEAVY,ADD_COLUMN_DEFAULT,LOW,3.65,5.46,1,0
MIG-15302,order_payments,142397.44,139.06,34229989,1713,READ_HEAVY,ALTER_COLUMN_TYPE,HIGH,54.04,230.49,0,1
MIG-15303,order_items,574371.84,560.91,90146296,227,ANALYTICAL_BATCH,ALTER_COLUMN_TYPE,LOW,113.96,107.47,0,1
MIG-15304,orders,186327.04,181.96,22744723,417,READ_HEAVY,ADD_COLUMN_DEFAULT,LOW,2.04,1.97,1,0
MIG-15305,order_items,220887.04,215.71,34666896,3312,WRITE_HEAVY,ADD_COLUMN_DEFAULT,CRITICAL,2.24,16.92,1,0
MIG-15306,customer_sessions,75202.56,73.44,16785696,2960,MIXED_OLTP,DROP_COLUMN,HIGH,0.79,2.55,1,0
MIG-15307,orders,87828.48,85.77,10721230,194,WRITE_HEAVY,ADD_INDEX_CONCURRENTLY,LOW,0.42,0.34,1,0
MIG-15308,orders,82647.04,80.71,10088539,986,ANALYTICAL_BATCH,ADD_INDEX_LOCKING,MEDIUM,10.41,21.34,1,0
MIG-15309,orders,119388.16,116.59,14574371,307,WRITE_HEAVY,ADD_INDEX_CONCURRENTLY,LOW,0.62,0.61,1,0
MIG-15310,order_items,410726.4,401.1,64462050,2061,ANALYTICAL_BATCH,ADD_COLUMN_DEFAULT,HIGH,3.1,12.53,1,0
MIG-15311,orders,199884.8,195.2,24399761,152,MIXED_OLTP,ADD_INDEX_CONCURRENTLY,LOW,0.95,0.52,1,0
MIG-15312,order_items,121548.8,118.7,19076706,530,MIXED_OLTP,ADD_INDEX_LOCKING,MEDIUM,17.3,18.65,1,0
MIG-15313,order_items,516218.88,504.12,81019804,879,WRITE_HEAVY,TABLE_REWRITE,MEDIUM,222.15,288.07,0,1
MIG-15314,order_items,205015.04,200.21,32176583,3673,MIXED_OLTP,ADD_COLUMN_DEFAULT,CRITICAL,2.28,11.09,1,0
MIG-15315,order_items,267704.32,261.43,42015272,462,MIXED_OLTP,TABLE_REWRITE,LOW,104.55,161.55,0,1
MIG-15316,orders,120391.68,117.57,14696341,2496,WRITE_HEAVY,ADD_COLUMN_DEFAULT,HIGH,1.67,4.11,1,0
MIG-15317,order_shipments,46008.32,44.93,11980833,593,READ_HEAVY,ADD_INDEX_CONCURRENTLY,MEDIUM,0.29,0.35,1,0
MIG-15318,order_items,507115.52,495.23,79589775,2632,READ_HEAVY,ALTER_COLUMN_TYPE,HIGH,111.04,1630.06,0,1
MIG-15319,order_items,135823.36,132.64,21316493,1114,ANALYTICAL_BATCH,ADD_INDEX_CONCURRENTLY,MEDIUM,0.7,1.5,1,0
MIG-15320,orders,92620.8,90.45,11305981,3314,MIXED_OLTP,ADD_INDEX_CONCURRENTLY,CRITICAL,0.57,3.08,1,0
MIG-15321,order_items,126208.0,123.25,19807857,4009,READ_HEAVY,DROP_COLUMN,CRITICAL,0.94,6.34,1,0
MIG-15322,order_shipments,82984.96,81.04,21611268,1237,READ_HEAVY,ADD_INDEX_CONCURRENTLY,MEDIUM,0.38,0.82,1,0
MIG-15323,orders,266731.52,260.48,32560503,1147,WRITE_HEAVY,ALTER_COLUMN_TYPE,MEDIUM,76.69,131.31,0,1
MIG-15324,orders,195031.04,190.46,23807773,4433,READ_HEAVY,ADD_COLUMN_DEFAULT,CRITICAL,2.0,15.57,1,0
MIG-15325,orders,179681.28,175.47,21933757,989,MIXED_OLTP,ADD_INDEX_CONCURRENTLY,MEDIUM,0.91,1.23,1,0
MIG-15326,order_items,583342.08,569.67,91553363,2535,READ_HEAVY,ADD_COLUMN_DEFAULT,HIGH,4.0,11.86,1,0
MIG-15327,customer_sessions,30781.44,30.06,6871337,2815,MIXED_OLTP,ADD_INDEX_CONCURRENTLY,HIGH,0.26,0.7,1,0
MIG-15328,order_items,148992.0,145.5,23383446,671,READ_HEAVY,ADD_INDEX_LOCKING,MEDIUM,18.15,22.97,1,0
MIG-15329,order_items,377876.48,369.02,59307562,260,READ_HEAVY,ADD_INDEX_CONCURRENTLY,LOW,1.39,1.43,1,0
MIG-15330,order_payments,57815.04,56.46,13898042,1348,MIXED_OLTP,ALTER_COLUMN_TYPE,MEDIUM,28.95,36.27,0,1
MIG-15331,order_payments,80670.72,78.78,19391150,1008,WRITE_HEAVY,ADD_INDEX_CONCURRENTLY,MEDIUM,0.45,0.9,1,0
MIG-15332,orders,150077.44,146.56,18320095,676,ANALYTICAL_BATCH,ADD_INDEX_CONCURRENTLY,MEDIUM,0.72,1.07,1,0
MIG-15333,orders,119674.88,116.87,14608459,1695,ANALYTICAL_BATCH,DROP_COLUMN,HIGH,1.05,2.78,1,0
MIG-15334,order_items,365680.64,357.11,57392291,1227,MIXED_OLTP,ADD_COLUMN_DEFAULT,MEDIUM,2.85,4.29,1,0
MIG-15335,order_payments,72171.52,70.48,17348374,2235,MIXED_OLTP,ADD_COLUMN_DEFAULT,HIGH,1.09,3.79,1,0
MIG-15336,order_payments,40171.52,39.23,9656108,416,READ_HEAVY,DROP_COLUMN,LOW,0.43,0.63,1,0
MIG-15337,order_payments,130467.84,127.41,31361700,614,READ_HEAVY,ADD_INDEX_CONCURRENTLY,MEDIUM,0.63,0.48,1,0
MIG-15338,order_shipments,76595.2,74.8,19947512,342,MIXED_OLTP,ADD_COLUMN_DEFAULT,LOW,0.86,1.17,1,0
MIG-15339,orders,58286.08,56.92,7115339,333,WRITE_HEAVY,TABLE_REWRITE,LOW,46.51,60.01,0,1
MIG-15340,order_items,174448.64,170.36,27378700,959,MIXED_OLTP,ADD_INDEX_CONCURRENTLY,MEDIUM,0.66,1.33,1,0
MIG-15341,orders,70502.4,68.85,8605890,4068,WRITE_HEAVY,DROP_COLUMN,CRITICAL,0.72,3.87,1,0
MIG-15342,order_shipments,23552.0,23.0,6133660,771,MIXED_OLTP,ADD_COLUMN_DEFAULT,MEDIUM,0.49,0.61,1,0
MIG-15343,order_items,145162.24,141.76,22783598,1283,READ_HEAVY,ALTER_COLUMN_TYPE,MEDIUM,42.15,60.25,0,1
MIG-15344,orders,83906.56,81.94,10242032,1996,MIXED_OLTP,ADD_INDEX_CONCURRENTLY,HIGH,0.5,1.09,1,0
MIG-15345,orders,236687.36,231.14,28892474,2127,READ_HEAVY,ADD_INDEX_CONCURRENTLY,HIGH,1.08,2.59,1,0
MIG-15346,order_payments,125849.6,122.9,30253118,1359,READ_HEAVY,ADD_COLUMN_DEFAULT,MEDIUM,1.22,2.68,1,0
MIG-15347,order_payments,120453.12,117.63,28954618,1130,ANALYTICAL_BATCH,DROP_COLUMN,MEDIUM,0.84,1.56,1,0
MIG-15348,order_payments,100270.08,97.92,24103547,538,READ_HEAVY,ADD_INDEX_CONCURRENTLY,MEDIUM,0.52,0.63,1,0
MIG-15349,orders,209172.48,204.27,25534325,123,WRITE_HEAVY,ADD_INDEX_LOCKING,LOW,22.81,26.95,0,1
MIG-15350,order_shipments,79687.68,77.82,20751194,1037,WRITE_HEAVY,ADD_COLUMN_DEFAULT,MEDIUM,0.98,1.28,1,0
MIG-15351,order_payments,133171.2,130.05,32012210,384,READ_HEAVY,TABLE_REWRITE,LOW,73.18,67.39,0,1
MIG-15352,order_payments,114360.32,111.68,27491479,2206,READ_HEAVY,ALTER_COLUMN_TYPE,HIGH,34.49,201.13,0,1
MIG-15353,order_payments,114862.08,112.17,27610028,5393,READ_HEAVY,ADD_INDEX_LOCKING,CRITICAL,14.68,253.33,0,1
MIG-15354,order_shipments,85125.12,83.13,22168153,1350,WRITE_HEAVY,ADD_INDEX_LOCKING,MEDIUM,13.09,25.49,0,1
MIG-15355,customer_sessions,50227.2,49.05,11211509,947,WRITE_HEAVY,DROP_COLUMN,MEDIUM,0.6,0.74,1,0
MIG-15356,order_items,224634.88,219.37,35255331,3588,MIXED_OLTP,ADD_INDEX_LOCKING,CRITICAL,27.95,391.97,0,1
MIG-15357,order_items,158320.64,154.61,24847940,509,MIXED_OLTP,ADD_INDEX_CONCURRENTLY,MEDIUM,0.75,0.97,1,0
MIG-15358,order_items,330956.8,323.2,51942528,1550,WRITE_HEAVY,ADD_INDEX_LOCKING,HIGH,34.15,331.6,0,1
MIG-15359,order_shipments,26040.32,25.43,6780410,4509,WRITE_HEAVY,DROP_COLUMN,CRITICAL,0.33,2.01,1,0
MIG-15360,order_items,202065.92,197.33,31713626,2002,WRITE_HEAVY,ADD_INDEX_LOCKING,HIGH,27.82,198.04,0,1
MIG-15361,orders,54425.6,53.15,6643680,1717,MIXED_OLTP,ADD_COLUMN_DEFAULT,HIGH,0.68,2.31,1,0
MIG-15362,orders,115548.16,112.84,14105569,573,MIXED_OLTP,DROP_COLUMN,MEDIUM,0.99,1.21,1,0
MIG-15363,order_shipments,98887.68,96.57,25751952,4169,READ_HEAVY,ADD_COLUMN_DEFAULT,CRITICAL,1.04,8.96,1,0
MIG-15364,order_shipments,49858.56,48.69,12984915,2377,READ_HEAVY,ADD_COLUMN_DEFAULT,HIGH,0.69,2.26,1,0
MIG-15365,customer_sessions,29880.32,29.18,6668853,112,MIXED_OLTP,ADD_COLUMN_DEFAULT,LOW,0.46,0.67,1,0
MIG-15366,order_items,322908.16,315.34,50679407,918,WRITE_HEAVY,ADD_INDEX_LOCKING,MEDIUM,31.38,38.28,0,1
MIG-15367,order_payments,62730.24,61.26,15078549,277,WRITE_HEAVY,ADD_INDEX_CONCURRENTLY,LOW,0.36,0.35,1,0
MIG-15368,order_shipments,74321.92,72.58,19355739,556,READ_HEAVY,TABLE_REWRITE,MEDIUM,45.36,60.86,0,1
MIG-15369,order_items,442132.48,431.77,69391807,449,ANALYTICAL_BATCH,ALTER_COLUMN_TYPE,LOW,116.94,135.01,0,1
MIG-15370,orders,55203.84,53.91,6738258,1844,READ_HEAVY,ALTER_COLUMN_TYPE,HIGH,19.79,157.39,0,1
MIG-15371,customer_sessions,47319.04,46.21,10563053,635,READ_HEAVY,ALTER_COLUMN_TYPE,MEDIUM,22.93,27.63,0,1
MIG-15372,orders,57159.68,55.82,6977391,633,MIXED_OLTP,ADD_COLUMN_DEFAULT,MEDIUM,0.86,1.14,1,0
MIG-15373,order_items,464271.36,453.39,72866424,2247,WRITE_HEAVY,ALTER_COLUMN_TYPE,HIGH,111.6,916.35,0,1
MIG-15374,order_payments,138741.76,135.49,33351279,1208,READ_HEAVY,ADD_COLUMN_DEFAULT,MEDIUM,1.77,2.46,1,0
MIG-15375,order_payments,135352.32,132.18,32535650,753,READ_HEAVY,ADD_INDEX_CONCURRENTLY,MEDIUM,0.55,0.87,1,0
MIG-15376,orders,94648.32,92.43,11554227,1265,ANALYTICAL_BATCH,ADD_INDEX_CONCURRENTLY,MEDIUM,0.48,0.68,1,0
MIG-15377,order_payments,115599.36,112.89,27788180,761,WRITE_HEAVY,ADD_INDEX_CONCURRENTLY,MEDIUM,0.64,0.74,1,0
MIG-15378,orders,224563.2,219.3,27412781,3467,READ_HEAVY,ADD_INDEX_CONCURRENTLY,CRITICAL,0.99,6.36,1,0
MIG-15379,order_shipments,90122.24,88.01,23470338,1143,ANALYTICAL_BATCH,ADD_COLUMN_DEFAULT,MEDIUM,1.25,2.11,1,0
MIG-15380,orders,106567.68,104.07,13009164,1273,MIXED_OLTP,TABLE_REWRITE,MEDIUM,56.33,98.08,0,1
MIG-15381,order_payments,80640.0,78.75,19384043,4870,READ_HEAVY,ADD_INDEX_CONCURRENTLY,CRITICAL,0.46,3.88,1,0
MIG-15382,order_payments,53166.08,51.92,12779327,2336,WRITE_HEAVY,ALTER_COLUMN_TYPE,HIGH,19.08,325.23,0,1
MIG-15383,orders,54528.0,53.25,6656355,1373,WRITE_HEAVY,ADD_INDEX_LOCKING,MEDIUM,10.19,20.86,1,0
MIG-15384,orders,194918.4,190.35,23793340,1349,READ_HEAVY,ALTER_COLUMN_TYPE,MEDIUM,55.8,82.63,0,1
MIG-15385,order_payments,78315.52,76.48,18826152,3695,WRITE_HEAVY,ADD_INDEX_LOCKING,CRITICAL,12.5,321.91,0,1
MIG-15386,orders,104028.16,101.59,12699155,1127,MIXED_OLTP,TABLE_REWRITE,MEDIUM,60.32,91.11,0,1
MIG-15387,orders,236513.28,230.97,28871806,570,MIXED_OLTP,ADD_INDEX_CONCURRENTLY,MEDIUM,0.99,0.75,1,0
MIG-15388,order_items,370503.68,361.82,58150131,579,MIXED_OLTP,ADD_COLUMN_DEFAULT,MEDIUM,2.94,4.54,1,0
MIG-15389,customer_sessions,78499.84,76.66,17523070,276,WRITE_HEAVY,ADD_COLUMN_DEFAULT,LOW,0.98,0.7,1,0
MIG-15390,order_items,524134.4,511.85,82261983,1203,WRITE_HEAVY,ADD_INDEX_CONCURRENTLY,MEDIUM,1.38,3.25,1,0
MIG-15391,order_items,563281.92,550.08,88406107,4461,MIXED_OLTP,ADD_COLUMN_DEFAULT,CRITICAL,4.03,22.85,1,0
MIG-15392,customer_sessions,64225.28,62.72,14335984,3410,WRITE_HEAVY,ADD_COLUMN_DEFAULT,CRITICAL,1.03,5.76,1,0
MIG-15393,order_items,169359.36,165.39,26579916,2609,WRITE_HEAVY,TABLE_REWRITE,HIGH,81.61,1190.1,0,1
MIG-15394,order_items,148244.48,144.77,23267349,4517,READ_HEAVY,ADD_INDEX_CONCURRENTLY,CRITICAL,0.67,3.92,1,0
MIG-15395,order_items,586956.8,573.2,92121380,2634,WRITE_HEAVY,ALTER_COLUMN_TYPE,HIGH,142.64,1474.91,0,1
MIG-15396,order_items,186009.6,181.65,29193972,4530,WRITE_HEAVY,ADD_INDEX_CONCURRENTLY,CRITICAL,0.91,7.24,1,0
MIG-15397,order_items,316600.32,309.18,49689318,5159,WRITE_HEAVY,DROP_COLUMN,CRITICAL,2.12,24.04,1,0
MIG-15398,order_payments,99696.64,97.36,23965437,3905,MIXED_OLTP,ADD_COLUMN_DEFAULT,CRITICAL,1.19,10.17,1,0
MIG-15399,orders,96020.48,93.77,11721255,531,WRITE_HEAVY,TABLE_REWRITE,MEDIUM,52.47,104.34,0,1
MIG-15400,order_payments,53616.64,52.36,12888209,339,READ_HEAVY,DROP_COLUMN,LOW,0.48,0.73,1,0
MIG-15401,orders,152279.04,148.71,18588516,492,READ_HEAVY,ADD_INDEX_CONCURRENTLY,LOW,0.6,1.13,1,0
MIG-15402,order_items,300943.36,293.89,47232502,1647,READ_HEAVY,TABLE_REWRITE,HIGH,121.94,853.09,0,1
MIG-15403,orders,198799.36,194.14,24267543,5417,READ_HEAVY,ADD_INDEX_CONCURRENTLY,CRITICAL,0.78,7.89,1,0
MIG-15404,order_items,153436.16,149.84,24081171,4925,WRITE_HEAVY,TABLE_REWRITE,CRITICAL,87.95,2979.72,0,1
MIG-15405,order_payments,85176.32,83.18,20476249,3088,WRITE_HEAVY,ADD_INDEX_CONCURRENTLY,CRITICAL,0.49,3.13,1,0
MIG-15406,order_items,204625.92,199.83,32115053,2314,READ_HEAVY,ADD_INDEX_CONCURRENTLY,HIGH,0.91,2.95,1,0
MIG-15407,orders,183347.2,179.05,22381575,813,ANALYTICAL_BATCH,ADD_INDEX_CONCURRENTLY,MEDIUM,0.76,1.18,1,0
MIG-15408,orders,74854.4,73.1,9137758,1153,READ_HEAVY,DROP_COLUMN,MEDIUM,0.75,1.31,1,0
MIG-15409,order_shipments,34826.24,34.01,9068848,2648,READ_HEAVY,ADD_INDEX_LOCKING,HIGH,6.77,80.28,0,1
MIG-15410,orders,226959.36,221.64,27705002,249,ANALYTICAL_BATCH,DROP_COLUMN,LOW,1.27,1.69,1,0
MIG-15411,order_payments,54794.24,53.51,13172809,2217,MIXED_OLTP,ADD_INDEX_CONCURRENTLY,HIGH,0.32,1.4,1,0
MIG-15412,order_items,495083.52,483.48,77702292,1559,MIXED_OLTP,ADD_COLUMN_DEFAULT,HIGH,3.68,7.82,1,0
MIG-15413,orders,109547.52,106.98,13372692,101,READ_HEAVY,ADD_COLUMN_DEFAULT,LOW,1.07,1.45,1,0
MIG-15414,order_payments,54784.0,53.5,13168792,2639,MIXED_OLTP,ADD_COLUMN_DEFAULT,HIGH,0.85,4.64,1,0
MIG-15415,order_items,269076.48,262.77,42231537,854,READ_HEAVY,ADD_COLUMN_DEFAULT,MEDIUM,2.64,4.1,1,0
MIG-15416,orders,243998.72,238.28,29785163,2817,MIXED_OLTP,ADD_COLUMN_DEFAULT,HIGH,1.92,8.5,1,0
MIG-15417,customer_sessions,39956.48,39.02,8919185,2368,MIXED_OLTP,DROP_COLUMN,HIGH,0.42,1.93,1,0
MIG-15418,orders,103065.6,100.65,12581534,896,READ_HEAVY,DROP_COLUMN,MEDIUM,0.97,1.28,1,0
MIG-15419,order_items,391649.28,382.47,61467797,2819,ANALYTICAL_BATCH,ADD_INDEX_CONCURRENTLY,HIGH,1.35,6.58,1,0
MIG-15420,order_items,313712.64,306.36,49236954,122,ANALYTICAL_BATCH,ALTER_COLUMN_TYPE,LOW,78.52,71.3,0,1
MIG-15421,order_items,522506.24,510.26,82005999,1329,READ_HEAVY,ALTER_COLUMN_TYPE,MEDIUM,123.79,141.07,0,1
MIG-15422,order_payments,145285.12,141.88,34924833,574,WRITE_HEAVY,ADD_INDEX_LOCKING,MEDIUM,16.74,26.93,0,1
MIG-15423,orders,165621.76,161.74,20217509,2919,MIXED_OLTP,ADD_INDEX_LOCKING,HIGH,22.31,245.91,0,1
MIG-15424,customer_sessions,43479.04,42.46,9705184,4413,WRITE_HEAVY,ADD_COLUMN_DEFAULT,CRITICAL,0.78,5.87,1,0
MIG-15425,order_items,291727.36,284.89,45785867,287,READ_HEAVY,TABLE_REWRITE,LOW,129.38,107.89,0,1
MIG-15426,customer_sessions,77127.68,75.32,17216077,2482,WRITE_HEAVY,ADD_COLUMN_DEFAULT,HIGH,1.19,3.21,1,0
MIG-15427,order_shipments,58521.6,57.15,15238918,4995,MIXED_OLTP,ADD_COLUMN_DEFAULT,CRITICAL,0.97,8.85,1,0
MIG-15428,customer_sessions,25815.04,25.21,5763154,3713,ANALYTICAL_BATCH,ADD_INDEX_LOCKING,CRITICAL,6.24,231.32,0,1
MIG-15429,order_items,614891.52,600.48,96506488,600,WRITE_HEAVY,ALTER_COLUMN_TYPE,MEDIUM,143.45,211.23,0,1
MIG-15430,order_items,610590.72,596.28,95831452,486,MIXED_OLTP,ADD_COLUMN_DEFAULT,LOW,4.16,5.92,1,0
MIG-15431,order_items,339568.64,331.61,53293729,1018,MIXED_OLTP,ALTER_COLUMN_TYPE,MEDIUM,77.78,152.74,0,1
MIG-15432,order_payments,68341.76,66.74,16427757,3717,WRITE_HEAVY,DROP_COLUMN,CRITICAL,0.6,5.48,1,0
MIG-15433,order_items,465858.56,454.94,73115433,1416,WRITE_HEAVY,ADD_COLUMN_DEFAULT,MEDIUM,3.83,5.12,1,0
MIG-15434,order_payments,125931.52,122.98,30273014,539,READ_HEAVY,ALTER_COLUMN_TYPE,MEDIUM,38.6,47.75,0,1
MIG-15435,orders,159416.32,155.68,19460367,5097,MIXED_OLTP,ADD_COLUMN_DEFAULT,CRITICAL,1.64,14.31,1,0
MIG-15436,order_shipments,45875.2,44.8,11945560,518,READ_HEAVY,ALTER_COLUMN_TYPE,MEDIUM,17.8,20.7,1,0
MIG-15437,orders,115814.4,113.1,14137638,2483,WRITE_HEAVY,ADD_INDEX_LOCKING,HIGH,14.61,183.14,0,1
MIG-15438,customer_sessions,35409.92,34.58,7903021,3094,WRITE_HEAVY,ADD_INDEX_CONCURRENTLY,CRITICAL,0.29,1.85,1,0
MIG-15439,orders,75264.0,73.5,9186889,649,READ_HEAVY,ALTER_COLUMN_TYPE,MEDIUM,30.26,39.65,0,1
MIG-15440,orders,221368.32,216.18,27022751,826,WRITE_HEAVY,ADD_INDEX_CONCURRENTLY,MEDIUM,0.85,1.12,1,0
MIG-15441,order_shipments,27136.0,26.5,7067133,682,READ_HEAVY,ADD_INDEX_LOCKING,MEDIUM,5.34,6.66,1,0
MIG-15442,order_shipments,51466.24,50.26,13403593,1567,WRITE_HEAVY,ADD_INDEX_LOCKING,HIGH,10.49,50.26,0,1
MIG-15443,order_payments,126658.56,123.69,30446368,371,MIXED_OLTP,ADD_INDEX_LOCKING,LOW,19.47,20.62,1,0
MIG-15444,customer_sessions,40407.04,39.46,9019124,404,MIXED_OLTP,TABLE_REWRITE,LOW,38.64,42.47,0,1
MIG-15445,orders,114350.08,111.67,13958568,825,MIXED_OLTP,DROP_COLUMN,MEDIUM,0.97,1.57,1,0
MIG-15446,order_shipments,97085.44,94.81,25282280,1197,WRITE_HEAVY,ADD_COLUMN_DEFAULT,MEDIUM,1.23,2.47,1,0
MIG-15447,order_items,179998.72,175.78,28250044,1994,READ_HEAVY,DROP_COLUMN,HIGH,1.31,4.49,1,0
MIG-15448,order_items,571361.28,557.97,89673166,715,MIXED_OLTP,DROP_COLUMN,MEDIUM,2.71,2.94,1,0
MIG-15449,order_items,146728.96,143.29,23028220,2771,READ_HEAVY,ADD_COLUMN_DEFAULT,HIGH,1.86,4.3,1,0
MIG-15450,orders,140615.68,137.32,17165294,4312,WRITE_HEAVY,ADD_INDEX_CONCURRENTLY,CRITICAL,0.71,6.82,1,0
MIG-15451,order_items,440719.36,430.39,69169405,1530,WRITE_HEAVY,ADD_COLUMN_DEFAULT,HIGH,3.26,7.56,1,0
MIG-15452,order_payments,70952.96,69.29,17057105,2548,READ_HEAVY,ALTER_COLUMN_TYPE,HIGH,27.22,175.48,0,1
MIG-15453,orders,167393.28,163.47,20434373,257,READ_HEAVY,DROP_COLUMN,LOW,1.22,1.41,1,0
MIG-15454,customer_sessions,27494.4,26.85,6137623,573,ANALYTICAL_BATCH,ALTER_COLUMN_TYPE,MEDIUM,12.44,17.7,1,0
MIG-15455,order_items,408360.96,398.79,64091795,738,MIXED_OLTP,ADD_COLUMN_DEFAULT,MEDIUM,3.0,6.58,1,0
MIG-15456,orders,78909.44,77.06,9633085,819,MIXED_OLTP,TABLE_REWRITE,MEDIUM,59.26,78.31,0,1
MIG-15457,order_items,525547.52,513.23,82483801,3067,ANALYTICAL_BATCH,ADD_INDEX_LOCKING,CRITICAL,39.13,1021.09,0,1
MIG-15458,orders,178278.4,174.1,21762327,1228,MIXED_OLTP,ADD_COLUMN_DEFAULT,MEDIUM,1.94,2.93,1,0
MIG-15459,orders,155750.4,152.1,19012167,186,WRITE_HEAVY,ADD_COLUMN_DEFAULT,LOW,1.85,1.96,1,0
MIG-15460,order_payments,33177.6,32.4,7974403,1734,WRITE_HEAVY,TABLE_REWRITE,HIGH,26.77,182.09,0,1
MIG-15461,orders,159692.8,155.95,19493907,3460,MIXED_OLTP,TABLE_REWRITE,CRITICAL,90.35,1800.55,0,1
MIG-15462,orders,173803.52,169.73,21216374,2571,READ_HEAVY,ADD_COLUMN_DEFAULT,HIGH,1.53,6.27,1,0
MIG-15463,order_payments,58449.92,57.08,14051224,301,ANALYTICAL_BATCH,ALTER_COLUMN_TYPE,LOW,28.31,23.24,1,0
MIG-15464,orders,199024.64,194.36,24294939,1313,WRITE_HEAVY,ALTER_COLUMN_TYPE,MEDIUM,61.02,95.28,0,1
MIG-15465,order_shipments,24801.28,24.22,6458127,935,WRITE_HEAVY,ADD_INDEX_CONCURRENTLY,MEDIUM,0.22,0.32,1,0
MIG-15466,order_payments,51630.08,50.42,12410245,2523,MIXED_OLTP,ADD_COLUMN_DEFAULT,HIGH,0.82,2.19,1,0
MIG-15467,orders,212285.44,207.31,25913809,2207,MIXED_OLTP,ADD_INDEX_LOCKING,HIGH,23.32,268.8,0,1
MIG-15468,order_items,190668.8,186.2,29924999,2389,MIXED_OLTP,ADD_INDEX_CONCURRENTLY,HIGH,0.76,3.61,1,0
MIG-15469,orders,103464.96,101.04,12629818,1377,WRITE_HEAVY,ADD_INDEX_LOCKING,MEDIUM,15.68,32.87,0,1
MIG-15470,order_items,450590.72,440.03,70719283,4534,READ_HEAVY,ADD_INDEX_CONCURRENTLY,CRITICAL,1.37,9.8,1,0
MIG-15471,orders,210360.32,205.43,25678726,994,READ_HEAVY,ADD_COLUMN_DEFAULT,MEDIUM,1.76,3.56,1,0
MIG-15472,customer_sessions,17653.76,17.24,3941445,446,ANALYTICAL_BATCH,ADD_COLUMN_DEFAULT,LOW,0.34,0.34,1,0
MIG-15473,orders,77148.16,75.34,9417914,2458,WRITE_HEAVY,ADD_INDEX_LOCKING,HIGH,14.03,97.64,0,1
MIG-15474,order_payments,80076.8,78.2,19248198,1433,READ_HEAVY,ADD_INDEX_CONCURRENTLY,MEDIUM,0.45,0.64,1,0
MIG-15475,orders,180264.96,176.04,22005463,1147,WRITE_HEAVY,ADD_COLUMN_DEFAULT,MEDIUM,2.14,4.07,1,0
MIG-15476,orders,149524.48,146.02,18252093,1187,MIXED_OLTP,ADD_INDEX_CONCURRENTLY,MEDIUM,0.75,1.26,1,0
MIG-15477,order_items,448634.88,438.12,70412669,306,WRITE_HEAVY,ADD_INDEX_CONCURRENTLY,LOW,1.53,1.55,1,0
MIG-15478,order_items,504852.48,493.02,79235425,439,ANALYTICAL_BATCH,ALTER_COLUMN_TYPE,LOW,98.47,110.23,0,1
MIG-15479,customer_sessions,75591.68,73.82,16873431,1957,WRITE_HEAVY,ADD_INDEX_CONCURRENTLY,HIGH,0.43,1.29,1,0
MIG-15480,orders,126535.68,123.57,15446779,1044,MIXED_OLTP,ADD_INDEX_CONCURRENTLY,MEDIUM,0.65,1.21,1,0
MIG-15481,orders,85227.52,83.23,10403828,5257,MIXED_OLTP,ADD_INDEX_CONCURRENTLY,CRITICAL,0.52,4.27,1,0
MIG-15482,order_items,250982.4,245.1,39390804,1818,WRITE_HEAVY,ADD_COLUMN_DEFAULT,HIGH,1.94,9.52,1,0
MIG-15483,order_items,191150.08,186.67,30001320,2157,WRITE_HEAVY,ADD_INDEX_CONCURRENTLY,HIGH,0.74,4.01,1,0
MIG-15484,order_shipments,51128.32,49.93,13315705,3064,READ_HEAVY,DROP_COLUMN,CRITICAL,0.42,2.53,1,0
MIG-15485,order_shipments,90808.32,88.68,23647452,2356,READ_HEAVY,ADD_INDEX_LOCKING,HIGH,15.88,183.42,0,1
MIG-15486,order_shipments,47216.64,46.11,12296493,847,MIXED_OLTP,ADD_INDEX_CONCURRENTLY,MEDIUM,0.34,0.53,1,0
MIG-15487,orders,82073.6,80.15,10018212,4397,READ_HEAVY,ADD_INDEX_CONCURRENTLY,CRITICAL,0.42,3.11,1,0
MIG-15488,order_items,384419.84,375.41,60333263,736,WRITE_HEAVY,ADD_COLUMN_DEFAULT,MEDIUM,3.34,3.79,1,0
MIG-15489,order_payments,145469.44,142.06,34967981,431,ANALYTICAL_BATCH,ALTER_COLUMN_TYPE,LOW,53.92,58.01,0,1
MIG-15490,order_items,211804.16,206.84,33242678,1485,WRITE_HEAVY,ADD_INDEX_CONCURRENTLY,MEDIUM,1.01,1.82,1,0
MIG-15491,order_payments,119818.24,117.01,28802798,313,READ_HEAVY,ADD_INDEX_LOCKING,LOW,16.6,26.33,0,1
MIG-15492,orders,231270.4,225.85,28230691,2415,ANALYTICAL_BATCH,TABLE_REWRITE,HIGH,107.87,1285.91,0,1
MIG-15493,order_items,321812.48,314.27,50508405,4142,ANALYTICAL_BATCH,ADD_INDEX_CONCURRENTLY,CRITICAL,1.38,9.43,1,0
MIG-15494,order_shipments,69816.32,68.18,18182311,1947,WRITE_HEAVY,ADD_COLUMN_DEFAULT,HIGH,1.01,2.82,1,0
MIG-15495,orders,144783.36,141.39,17674083,960,WRITE_HEAVY,ADD_INDEX_LOCKING,MEDIUM,15.46,32.92,0,1
MIG-15496,customer_sessions,31262.72,30.53,6977507,297,READ_HEAVY,TABLE_REWRITE,LOW,22.39,21.02,1,0
MIG-15497,order_items,334602.24,326.76,52515622,1279,WRITE_HEAVY,ADD_INDEX_CONCURRENTLY,MEDIUM,1.04,2.12,1,0
MIG-15498,orders,70225.92,68.58,8572833,376,MIXED_OLTP,DROP_COLUMN,LOW,0.53,0.52,1,0
MIG-15499,orders,205516.8,200.7,25087815,829,READ_HEAVY,ADD_INDEX_LOCKING,MEDIUM,25.49,28.49,0,1
MIG-15500,orders,232560.64,227.11,28388211,2425,WRITE_HEAVY,ADD_COLUMN_DEFAULT,HIGH,2.12,7.51,1,0
MIG-15501,order_items,273336.32,266.93,42899394,2902,READ_HEAVY,DROP_COLUMN,HIGH,1.43,5.61,1,0
MIG-15502,orders,174448.64,170.36,21294874,2126,MIXED_OLTP,ADD_COLUMN_DEFAULT,HIGH,1.85,6.88,1,0
MIG-15503,order_items,234496.0,229.0,36804031,1346,MIXED_OLTP,TABLE_REWRITE,MEDIUM,124.88,194.41,0,1
MIG-15504,order_shipments,28999.68,28.32,7553145,289,READ_HEAVY,ADD_COLUMN_DEFAULT,LOW,0.59,0.58,1,0
MIG-15505,order_items,457175.04,446.46,71753103,1707,WRITE_HEAVY,ADD_COLUMN_DEFAULT,HIGH,3.93,12.0,1,0
MIG-15506,orders,78817.28,76.97,9620905,682,READ_HEAVY,DROP_COLUMN,MEDIUM,0.8,0.95,1,0
MIG-15507,order_items,518266.88,506.12,81340304,817,READ_HEAVY,ADD_INDEX_CONCURRENTLY,MEDIUM,1.72,1.37,1,0
MIG-15508,order_payments,59187.2,57.8,14226531,2373,MIXED_OLTP,ADD_COLUMN_DEFAULT,HIGH,0.88,3.19,1,0
MIG-15509,order_items,537118.72,524.53,84299584,1405,MIXED_OLTP,ADD_INDEX_CONCURRENTLY,MEDIUM,1.94,2.19,1,0
MIG-15510,orders,130662.4,127.6,15949623,257,ANALYTICAL_BATCH,DROP_COLUMN,LOW,1.1,1.32,1,0
MIG-15511,order_items,305049.6,297.9,47876250,778,READ_HEAVY,ADD_COLUMN_DEFAULT,MEDIUM,2.24,3.73,1,0
MIG-15512,order_items,502056.96,490.29,78796393,1154,MIXED_OLTP,ALTER_COLUMN_TYPE,MEDIUM,96.96,201.43,0,1
MIG-15513,order_items,378030.08,369.17,59331527,1976,WRITE_HEAVY,ADD_INDEX_LOCKING,HIGH,30.84,340.46,0,1
MIG-15514,orders,93603.84,91.41,11426390,274,READ_HEAVY,ADD_COLUMN_DEFAULT,LOW,0.97,1.19,1,0
MIG-15515,customer_sessions,69201.92,67.58,15445883,3543,READ_HEAVY,DROP_COLUMN,CRITICAL,0.75,4.23,1,0
MIG-15516,orders,124385.28,121.47,15184136,794,MIXED_OLTP,ADD_COLUMN_DEFAULT,MEDIUM,1.36,2.28,1,0
MIG-15517,orders,71884.8,70.2,8774972,121,MIXED_OLTP,ADD_COLUMN_DEFAULT,LOW,0.81,0.95,1,0
MIG-15518,orders,141168.64,137.86,17232028,327,WRITE_HEAVY,ADD_INDEX_CONCURRENTLY,LOW,0.78,0.67,1,0
MIG-15519,order_items,410910.72,401.28,64490902,4196,MIXED_OLTP,ADD_INDEX_CONCURRENTLY,CRITICAL,1.37,7.78,1,0
MIG-15520,order_items,429445.12,419.38,67400712,671,MIXED_OLTP,ADD_INDEX_LOCKING,MEDIUM,33.38,48.5,0,1
MIG-15521,orders,233973.76,228.49,28561411,2632,ANALYTICAL_BATCH,TABLE_REWRITE,HIGH,93.66,1152.01,0,1
MIG-15522,order_items,394106.88,384.87,61853952,3504,READ_HEAVY,ADD_COLUMN_DEFAULT,CRITICAL,3.68,20.54,1,0
MIG-15523,order_payments,53422.08,52.17,12842861,1159,ANALYTICAL_BATCH,ADD_INDEX_CONCURRENTLY,MEDIUM,0.34,0.96,1,0
MIG-15524,orders,107028.48,104.52,13064990,612,MIXED_OLTP,ADD_INDEX_CONCURRENTLY,MEDIUM,0.5,0.71,1,0
MIG-15525,order_shipments,26798.08,26.17,6978156,1541,MIXED_OLTP,ADD_INDEX_CONCURRENTLY,HIGH,0.18,0.39,1,0
MIG-15526,order_items,494499.84,482.91,77609867,1685,READ_HEAVY,ALTER_COLUMN_TYPE,HIGH,101.42,714.56,0,1
MIG-15527,orders,72581.12,70.88,8860421,1023,MIXED_OLTP,ADD_COLUMN_DEFAULT,MEDIUM,1.14,1.25,1,0
MIG-15528,customer_sessions,53422.08,52.17,11923701,3449,MIXED_OLTP,ALTER_COLUMN_TYPE,CRITICAL,27.02,648.82,0,1
MIG-15529,order_shipments,67942.4,66.35,17694063,1995,READ_HEAVY,ADD_COLUMN_DEFAULT,HIGH,1.08,2.68,1,0
MIG-15530,order_items,520079.36,507.89,81625788,4343,ANALYTICAL_BATCH,DROP_COLUMN,CRITICAL,2.13,16.8,1,0
MIG-15531,order_shipments,24627.2,24.05,6412001,356,WRITE_HEAVY,DROP_COLUMN,LOW,0.31,0.47,1,0
MIG-15532,order_items,219412.48,214.27,34435818,1284,READ_HEAVY,ADD_INDEX_CONCURRENTLY,MEDIUM,0.88,1.94,1,0
MIG-15533,order_items,584110.08,570.42,91674552,262,WRITE_HEAVY,DROP_COLUMN,LOW,2.69,3.98,1,0
MIG-15534,order_shipments,65894.4,64.35,17160315,3264,READ_HEAVY,ADD_INDEX_LOCKING,CRITICAL,11.12,190.18,0,1
MIG-15535,order_payments,81459.2,79.55,19581478,1480,WRITE_HEAVY,ADD_INDEX_CONCURRENTLY,MEDIUM,0.45,1.06,1,0
MIG-15536,orders,214528.0,209.5,26187259,2666,WRITE_HEAVY,ADD_INDEX_CONCURRENTLY,HIGH,0.87,3.47,1,0
MIG-15537,order_items,580485.12,566.88,91104966,431,READ_HEAVY,ADD_COLUMN_DEFAULT,LOW,4.64,5.37,1,0
MIG-15538,order_items,250429.44,244.56,39303780,1422,WRITE_HEAVY,TABLE_REWRITE,MEDIUM,106.08,165.37,0,1
MIG-15539,orders,248545.28,242.72,30339841,1200,WRITE_HEAVY,TABLE_REWRITE,MEDIUM,107.59,194.61,0,1
MIG-15540,customer_sessions,21350.4,20.85,4765202,2990,MIXED_OLTP,ADD_INDEX_CONCURRENTLY,HIGH,0.16,0.52,1,0
MIG-15541,order_items,619264.0,604.75,97192326,1015,WRITE_HEAVY,ADD_INDEX_LOCKING,MEDIUM,55.76,71.95,0,1
MIG-15542,order_items,199772.16,195.09,31352997,2340,WRITE_HEAVY,ADD_INDEX_LOCKING,HIGH,25.43,161.49,0,1
MIG-15543,order_items,252088.32,246.18,39565145,2386,WRITE_HEAVY,ALTER_COLUMN_TYPE,HIGH,68.29,972.75,0,1
MIG-15544,order_items,164536.32,160.68,25824109,4270,WRITE_HEAVY,ADD_INDEX_CONCURRENTLY,CRITICAL,0.75,5.48,1,0
MIG-15545,orders,226908.16,221.59,27699265,2163,WRITE_HEAVY,TABLE_REWRITE,HIGH,96.57,583.92,0,1
MIG-15546,customer_sessions,77834.24,76.01,17372941,1996,ANALYTICAL_BATCH,ALTER_COLUMN_TYPE,HIGH,27.08,201.23,0,1
MIG-15547,order_items,267960.32,261.68,42055097,2691,READ_HEAVY,DROP_COLUMN,HIGH,1.75,5.26,1,0
MIG-15548,order_payments,65638.4,64.1,15777624,231,READ_HEAVY,ADD_INDEX_CONCURRENTLY,LOW,0.37,0.34,1,0
MIG-15549,order_items,258672.64,252.61,40597372,1408,READ_HEAVY,ADD_INDEX_CONCURRENTLY,MEDIUM,1.07,1.61,1,0
MIG-15550,orders,83394.56,81.44,10180358,4874,WRITE_HEAVY,ADD_COLUMN_DEFAULT,CRITICAL,1.27,9.54,1,0
MIG-15551,orders,223324.16,218.09,27260993,499,MIXED_OLTP,ALTER_COLUMN_TYPE,LOW,68.71,70.63,0,1
MIG-15552,order_items,146022.4,142.6,22918307,358,ANALYTICAL_BATCH,ADD_INDEX_LOCKING,LOW,16.82,14.93,1,0
MIG-15553,orders,263208.96,257.04,32129901,2398,WRITE_HEAVY,TABLE_REWRITE,HIGH,99.73,877.28,0,1
MIG-15554,order_payments,137728.0,134.5,33106687,2002,WRITE_HEAVY,ADD_COLUMN_DEFAULT,HIGH,1.71,4.53,1,0
MIG-15555,order_shipments,28252.16,27.59,7358284,1181,READ_HEAVY,ALTER_COLUMN_TYPE,MEDIUM,12.22,22.27,1,0
MIG-15556,order_items,387973.12,378.88,60891431,4451,WRITE_HEAVY,ALTER_COLUMN_TYPE,CRITICAL,102.75,2518.91,0,1
MIG-15557,order_items,627097.6,612.4,98420960,899,WRITE_HEAVY,ADD_INDEX_CONCURRENTLY,MEDIUM,1.65,1.92,1,0
MIG-15558,order_payments,128778.24,125.76,30955434,567,MIXED_OLTP,ADD_INDEX_CONCURRENTLY,MEDIUM,0.69,0.85,1,0
MIG-15559,orders,207329.28,202.47,25308610,3021,READ_HEAVY,ADD_INDEX_LOCKING,CRITICAL,25.5,523.35,0,1
MIG-15560,customer_sessions,15790.08,15.42,3523437,730,WRITE_HEAVY,DROP_COLUMN,MEDIUM,0.26,0.34,1,0
MIG-15561,order_items,149975.04,146.46,23538573,1203,MIXED_OLTP,ADD_INDEX_CONCURRENTLY,MEDIUM,0.6,0.8,1,0
MIG-15562,orders,224778.24,219.51,27438461,5296,WRITE_HEAVY,ADD_INDEX_LOCKING,CRITICAL,26.23,929.79,0,1
MIG-15563,orders,132413.44,129.31,16164011,1434,WRITE_HEAVY,ADD_COLUMN_DEFAULT,MEDIUM,1.64,2.05,1,0
MIG-15564,customer_sessions,57456.64,56.11,12825419,310,MIXED_OLTP,DROP_COLUMN,LOW,0.49,0.44,1,0
MIG-15565,orders,212643.84,207.66,25957903,5149,READ_HEAVY,TABLE_REWRITE,CRITICAL,97.18,1760.82,0,1
MIG-15566,order_payments,77209.6,75.4,18558904,504,READ_HEAVY,ADD_INDEX_CONCURRENTLY,MEDIUM,0.49,0.43,1,0
MIG-15567,orders,80865.28,78.97,9871307,5196,MIXED_OLTP,ADD_INDEX_CONCURRENTLY,CRITICAL,0.52,4.31,1,0
MIG-15568,orders,134686.72,131.53,16440751,5409,READ_HEAVY,DROP_COLUMN,CRITICAL,0.97,9.19,1,0
MIG-15569,order_shipments,90675.2,88.55,23614646,902,MIXED_OLTP,ADD_INDEX_LOCKING,MEDIUM,14.58,22.19,1,0
MIG-15570,orders,122378.24,119.51,14939316,545,READ_HEAVY,ADD_COLUMN_DEFAULT,MEDIUM,1.24,1.42,1,0
MIG-15571,orders,63006.72,61.53,7691534,1213,READ_HEAVY,ADD_COLUMN_DEFAULT,MEDIUM,1.04,1.51,1,0
MIG-15572,order_items,609689.6,595.4,95689644,105,MIXED_OLTP,ADD_COLUMN_DEFAULT,LOW,4.22,5.87,1,0
MIG-15573,order_shipments,74885.12,73.13,19502621,1138,WRITE_HEAVY,ADD_INDEX_LOCKING,MEDIUM,10.76,17.34,1,0
MIG-15574,order_items,393820.16,384.59,61809396,1982,MIXED_OLTP,DROP_COLUMN,HIGH,1.86,6.35,1,0
MIG-15575,orders,232540.16,227.09,28385898,4352,WRITE_HEAVY,ADD_INDEX_CONCURRENTLY,CRITICAL,0.77,5.1,1,0
MIG-15576,customer_sessions,40857.6,39.9,9120713,5299,READ_HEAVY,ADD_INDEX_CONCURRENTLY,CRITICAL,0.25,2.68,1,0
MIG-15577,order_payments,144650.24,141.26,34771334,3379,MIXED_OLTP,ADD_COLUMN_DEFAULT,CRITICAL,1.42,10.89,1,0
MIG-15578,order_shipments,89559.04,87.46,23323578,113,READ_HEAVY,ADD_INDEX_CONCURRENTLY,LOW,0.45,0.49,1,0
MIG-15579,order_payments,60231.68,58.82,14479688,1075,WRITE_HEAVY,ADD_INDEX_CONCURRENTLY,MEDIUM,0.38,0.66,1,0
MIG-15580,order_payments,71075.84,69.41,17086182,1196,READ_HEAVY,ADD_INDEX_LOCKING,MEDIUM,12.2,13.58,1,0
MIG-15581,order_items,256993.28,250.97,40335180,1947,MIXED_OLTP,ALTER_COLUMN_TYPE,HIGH,78.68,363.02,0,1
MIG-15582,order_items,454973.44,444.31,71406608,3410,ANALYTICAL_BATCH,ADD_INDEX_CONCURRENTLY,CRITICAL,1.61,9.63,1,0
MIG-15583,order_payments,103219.2,100.8,24812759,4758,READ_HEAVY,ALTER_COLUMN_TYPE,CRITICAL,43.64,653.65,0,1
MIG-15584,order_payments,89221.12,87.13,21448169,4722,WRITE_HEAVY,DROP_COLUMN,CRITICAL,0.71,10.39,1,0
MIG-15585,customer_sessions,76646.4,74.85,17108101,1444,READ_HEAVY,ADD_INDEX_LOCKING,MEDIUM,13.29,21.84,1,0
MIG-15586,order_items,358430.72,350.03,56254298,1364,READ_HEAVY,ALTER_COLUMN_TYPE,MEDIUM,93.16,161.41,0,1
MIG-15587,orders,222494.72,217.28,27160504,1227,WRITE_HEAVY,ADD_COLUMN_DEFAULT,MEDIUM,2.46,3.75,1,0
MIG-15588,order_items,454328.32,443.68,71305704,519,MIXED_OLTP,DROP_COLUMN,MEDIUM,2.41,3.08,1,0
MIG-15589,order_items,382126.08,373.17,59972980,759,READ_HEAVY,ADD_COLUMN_DEFAULT,MEDIUM,2.66,5.79,1,0
MIG-15590,order_items,136417.28,133.22,21409703,2482,READ_HEAVY,ALTER_COLUMN_TYPE,HIGH,50.37,346.3,0,1
MIG-15591,order_payments,105400.32,102.93,25335856,965,READ_HEAVY,ADD_INDEX_CONCURRENTLY,MEDIUM,0.55,0.94,1,0
MIG-15592,order_items,446330.88,435.87,70050201,1577,WRITE_HEAVY,DROP_COLUMN,HIGH,2.11,7.62,1,0
MIG-15593,orders,76769.28,74.97,9371597,4412,READ_HEAVY,ADD_INDEX_CONCURRENTLY,CRITICAL,0.37,2.17,1,0
MIG-15594,order_items,525455.36,513.14,82469113,1259,READ_HEAVY,ADD_COLUMN_DEFAULT,MEDIUM,4.31,5.07,1,0
MIG-15595,order_items,355706.88,347.37,55826520,2589,WRITE_HEAVY,ADD_COLUMN_DEFAULT,HIGH,3.24,12.42,1,0
MIG-15596,order_shipments,45322.24,44.26,11801553,2884,MIXED_OLTP,ADD_INDEX_LOCKING,HIGH,9.3,62.66,0,1
MIG-15597,order_items,539934.72,527.28,84740710,3369,READ_HEAVY,ADD_INDEX_CONCURRENTLY,CRITICAL,1.44,7.6,1,0
MIG-15598,order_items,291901.44,285.06,45813047,481,READ_HEAVY,ADD_COLUMN_DEFAULT,LOW,2.41,2.03,1,0
MIG-15599,order_items,435619.84,425.41,68369914,2288,MIXED_OLTP,ADD_INDEX_CONCURRENTLY,HIGH,1.64,7.3,1,0
MIG-15600,order_items,433592.32,423.43,68051098,805,READ_HEAVY,ADD_COLUMN_DEFAULT,MEDIUM,3.14,5.94,1,0
MIG-15601,orders,60835.84,59.41,7425761,1360,READ_HEAVY,ADD_INDEX_CONCURRENTLY,MEDIUM,0.38,0.45,1,0
MIG-15602,order_shipments,53504.0,52.25,13933206,141,MIXED_OLTP,ADD_COLUMN_DEFAULT,LOW,0.91,0.68,1,0
MIG-15603,order_shipments,36915.2,36.05,9612020,527,READ_HEAVY,ADD_COLUMN_DEFAULT,MEDIUM,0.66,0.8,1,0
MIG-15604,order_items,217681.92,212.58,34165223,1230,READ_HEAVY,TABLE_REWRITE,MEDIUM,119.8,170.35,0,1
MIG-15605,order_items,452710.4,442.1,71051912,2591,MIXED_OLTP,ADD_COLUMN_DEFAULT,HIGH,3.86,10.96,1,0
MIG-15606,orders,51671.04,50.46,6308069,590,READ_HEAVY,ADD_INDEX_CONCURRENTLY,MEDIUM,0.29,0.44,1,0
MIG-15607,order_items,614830.08,600.42,96495397,452,ANALYTICAL_BATCH,ADD_INDEX_LOCKING,LOW,46.49,58.65,0,1
MIG-15608,order_items,318750.72,311.28,50026671,2760,READ_HEAVY,ADD_INDEX_CONCURRENTLY,HIGH,1.13,2.83,1,0
MIG-15609,order_payments,62423.04,60.96,15005541,418,READ_HEAVY,ALTER_COLUMN_TYPE,LOW,26.01,42.03,0,1
MIG-15610,orders,252631.04,246.71,30839308,891,WRITE_HEAVY,ADD_COLUMN_DEFAULT,MEDIUM,2.52,3.3,1,0
MIG-15611,order_payments,84930.56,82.94,20416157,1431,WRITE_HEAVY,ADD_INDEX_CONCURRENTLY,MEDIUM,0.54,0.95,1,0
MIG-15612,orders,185026.56,180.69,22586781,630,READ_HEAVY,TABLE_REWRITE,MEDIUM,84.68,117.27,0,1
MIG-15613,order_payments,109987.84,107.41,26440501,1282,WRITE_HEAVY,ADD_COLUMN_DEFAULT,MEDIUM,1.15,2.69,1,0
MIG-15614,order_items,564418.56,551.19,88584313,2761,READ_HEAVY,ALTER_COLUMN_TYPE,HIGH,142.47,655.41,0,1
MIG-15615,orders,77844.48,76.02,9503033,2277,WRITE_HEAVY,ADD_COLUMN_DEFAULT,HIGH,1.24,3.67,1,0
MIG-15616,order_items,156825.6,153.15,24613907,238,WRITE_HEAVY,ADD_COLUMN_DEFAULT,LOW,1.45,1.64,1,0
MIG-15617,order_shipments,100853.76,98.49,26264152,290,READ_HEAVY,ADD_COLUMN_DEFAULT,LOW,1.05,1.08,1,0
MIG-15618,order_items,119275.52,116.48,18719587,1571,READ_HEAVY,ADD_COLUMN_DEFAULT,HIGH,1.16,2.18,1,0
MIG-15619,orders,205793.28,200.97,25121258,531,WRITE_HEAVY,ADD_INDEX_LOCKING,MEDIUM,23.59,43.56,0,1
MIG-15620,order_items,430059.52,419.98,67496294,837,MIXED_OLTP,ADD_INDEX_CONCURRENTLY,MEDIUM,1.46,2.69,1,0
MIG-15621,order_items,399861.76,390.49,62756632,107,WRITE_HEAVY,ADD_COLUMN_DEFAULT,LOW,3.73,3.03,1,0
MIG-15622,order_items,520253.44,508.06,81652064,2453,WRITE_HEAVY,ADD_INDEX_CONCURRENTLY,HIGH,1.35,3.73,1,0
MIG-15623,order_items,626903.04,612.21,98390308,2459,ANALYTICAL_BATCH,DROP_COLUMN,HIGH,2.43,13.17,1,0
MIG-15624,orders,59525.12,58.13,7265917,1354,ANALYTICAL_BATCH,ADD_INDEX_CONCURRENTLY,MEDIUM,0.3,0.95,1,0
MIG-15625,order_items,431841.28,421.72,67776969,210,READ_HEAVY,ADD_COLUMN_DEFAULT,LOW,3.38,4.91,1,0
MIG-15626,order_payments,112496.64,109.86,27043196,2722,READ_HEAVY,ADD_COLUMN_DEFAULT,HIGH,1.42,4.68,1,0
MIG-15627,order_payments,63272.96,61.79,15211052,222,MIXED_OLTP,ADD_INDEX_LOCKING,LOW,10.53,9.39,1,0
MIG-15628,orders,246640.64,240.86,30107257,1042,READ_HEAVY,TABLE_REWRITE,MEDIUM,104.41,184.03,0,1
MIG-15629,order_items,350535.68,342.32,55016420,2710,WRITE_HEAVY,ADD_INDEX_CONCURRENTLY,HIGH,1.23,4.86,1,0
MIG-15630,order_items,199577.6,194.9,31322755,855,WRITE_HEAVY,ADD_COLUMN_DEFAULT,MEDIUM,1.65,2.96,1,0
MIG-15631,orders,238131.2,232.55,29069011,611,WRITE_HEAVY,ADD_COLUMN_DEFAULT,MEDIUM,2.35,1.92,1,0
MIG-15632,order_items,601323.52,587.23,94376975,2722,MIXED_OLTP,DROP_COLUMN,HIGH,2.7,13.06,1,0
MIG-15633,orders,71168.0,69.5,8686902,1925,READ_HEAVY,ADD_COLUMN_DEFAULT,HIGH,1.11,2.72,1,0
MIG-15634,orders,215408.64,210.36,26295383,716,WRITE_HEAVY,ADD_INDEX_CONCURRENTLY,MEDIUM,0.93,0.97,1,0
MIG-15635,order_payments,52387.84,51.16,12592409,1185,WRITE_HEAVY,DROP_COLUMN,MEDIUM,0.49,1.18,1,0
MIG-15636,orders,50636.8,49.45,6181499,1034,WRITE_HEAVY,ADD_INDEX_CONCURRENTLY,MEDIUM,0.36,0.75,1,0
MIG-15637,order_payments,57845.76,56.49,13905678,530,MIXED_OLTP,ADD_INDEX_CONCURRENTLY,MEDIUM,0.4,0.38,1,0
MIG-15638,orders,238243.84,232.66,29082565,1414,MIXED_OLTP,ALTER_COLUMN_TYPE,MEDIUM,56.94,133.06,0,1
MIG-15639,order_items,187555.84,183.16,29435894,1019,READ_HEAVY,ALTER_COLUMN_TYPE,MEDIUM,61.08,80.12,0,1
MIG-15640,order_items,182128.64,177.86,28584179,770,MIXED_OLTP,DROP_COLUMN,MEDIUM,1.41,1.22,1,0
MIG-15641,order_payments,115169.28,112.47,27684573,585,WRITE_HEAVY,ADD_INDEX_CONCURRENTLY,MEDIUM,0.53,0.82,1,0
MIG-15642,order_payments,75304.96,73.54,18103157,1185,READ_HEAVY,ADD_COLUMN_DEFAULT,MEDIUM,1.18,1.87,1,0
MIG-15643,order_items,191324.16,186.84,30027371,1261,READ_HEAVY,ADD_COLUMN_DEFAULT,MEDIUM,1.85,3.33,1,0
MIG-15644,order_items,233390.08,227.92,36630030,2623,WRITE_HEAVY,ADD_INDEX_LOCKING,HIGH,30.78,460.99,0,1
MIG-15645,orders,224901.12,219.63,27454251,4586,READ_HEAVY,ADD_INDEX_LOCKING,CRITICAL,24.35,496.18,0,1
MIG-15646,order_items,436357.12,426.13,68484771,2813,MIXED_OLTP,ADD_COLUMN_DEFAULT,HIGH,3.67,11.27,1,0
MIG-15647,orders,217456.64,212.36,26545076,2412,WRITE_HEAVY,ADD_COLUMN_DEFAULT,HIGH,1.93,9.61,1,0
MIG-15648,order_items,165150.72,161.28,25919632,196,READ_HEAVY,ADD_INDEX_CONCURRENTLY,LOW,0.71,0.45,1,0
MIG-15649,orders,150476.8,146.95,18368815,1831,MIXED_OLTP,ADD_INDEX_LOCKING,HIGH,19.6,95.0,0,1
MIG-15650,order_shipments,84551.68,82.57,22017495,884,MIXED_OLTP,ADD_COLUMN_DEFAULT,MEDIUM,0.95,1.78,1,0
MIG-15651,order_items,251863.04,245.96,39529212,4811,READ_HEAVY,ADD_INDEX_LOCKING,CRITICAL,31.18,808.01,0,1
MIG-15652,order_items,202004.48,197.27,31704306,3055,WRITE_HEAVY,ADD_INDEX_LOCKING,CRITICAL,21.66,324.27,0,1
MIG-15653,order_items,311726.08,304.42,48924495,801,MIXED_OLTP,ADD_INDEX_CONCURRENTLY,MEDIUM,0.93,1.94,1,0
MIG-15654,orders,122890.24,120.01,15001259,4081,WRITE_HEAVY,ALTER_COLUMN_TYPE,CRITICAL,36.9,876.65,0,1
MIG-15655,orders,90173.44,88.06,11007765,2356,WRITE_HEAVY,ALTER_COLUMN_TYPE,HIGH,39.08,291.84,0,1
MIG-15656,order_shipments,97556.48,95.27,25405210,1720,WRITE_HEAVY,DROP_COLUMN,HIGH,0.67,2.31,1,0
MIG-15657,order_payments,84500.48,82.52,20313234,592,READ_HEAVY,ADD_INDEX_CONCURRENTLY,MEDIUM,0.5,0.44,1,0
MIG-15658,orders,183644.16,179.34,22418061,1410,READ_HEAVY,ADD_INDEX_CONCURRENTLY,MEDIUM,0.73,1.76,1,0
MIG-15659,order_payments,41134.08,40.17,9887878,1644,MIXED_OLTP,ADD_INDEX_CONCURRENTLY,HIGH,0.32,0.65,1,0
MIG-15660,order_items,429527.04,419.46,67412842,131,READ_HEAVY,ADD_COLUMN_DEFAULT,LOW,3.92,3.46,1,0
MIG-15661,orders,171980.8,167.95,20993712,693,ANALYTICAL_BATCH,ADD_INDEX_CONCURRENTLY,MEDIUM,0.78,1.08,1,0
MIG-15662,order_items,595650.56,581.69,93486275,237,READ_HEAVY,ALTER_COLUMN_TYPE,LOW,115.3,153.7,0,1
MIG-15663,orders,140349.44,137.06,17132553,716,READ_HEAVY,ADD_COLUMN_DEFAULT,MEDIUM,1.42,1.97,1,0
MIG-15664,orders,222136.32,216.93,27115676,2721,WRITE_HEAVY,ADD_COLUMN_DEFAULT,HIGH,2.55,5.93,1,0
MIG-15665,order_payments,63068.16,61.59,15160412,1689,WRITE_HEAVY,TABLE_REWRITE,HIGH,50.42,210.0,0,1
MIG-15666,orders,177203.2,173.05,21631389,3347,READ_HEAVY,DROP_COLUMN,CRITICAL,1.09,4.61,1,0
MIG-15667,order_shipments,95313.92,93.08,24822560,1677,MIXED_OLTP,ADD_COLUMN_DEFAULT,HIGH,1.04,4.14,1,0
MIG-15668,order_payments,101509.12,99.13,24402053,2479,WRITE_HEAVY,TABLE_REWRITE,HIGH,67.18,470.58,0,1
MIG-15669,order_shipments,77414.4,75.6,20161027,5197,READ_HEAVY,ADD_COLUMN_DEFAULT,CRITICAL,1.06,7.49,1,0
MIG-15670,order_items,566784.0,553.5,88954746,662,READ_HEAVY,DROP_COLUMN,MEDIUM,3.18,2.55,1,0
MIG-15671,order_shipments,95191.04,92.96,24789166,2331,READ_HEAVY,ADD_COLUMN_DEFAULT,HIGH,1.03,3.72,1,0
MIG-15672,order_items,222177.28,216.97,34870264,3930,WRITE_HEAVY,DROP_COLUMN,CRITICAL,1.46,12.95,1,0
MIG-15673,order_items,215756.8,210.7,33862880,2433,WRITE_HEAVY,ADD_INDEX_LOCKING,HIGH,24.64,357.3,0,1
MIG-15674,order_items,398786.56,389.44,62588566,2474,WRITE_HEAVY,DROP_COLUMN,HIGH,1.8,7.02,1,0
MIG-15675,order_shipments,101007.36,98.64,26303153,787,MIXED_OLTP,ADD_INDEX_CONCURRENTLY,MEDIUM,0.54,0.84,1,0
MIG-15676,orders,157562.88,153.87,19234112,1104,MIXED_OLTP,TABLE_REWRITE,MEDIUM,70.69,171.88,0,1
MIG-15677,order_items,285470.72,278.78,44803302,1583,WRITE_HEAVY,ADD_COLUMN_DEFAULT,HIGH,2.77,7.49,1,0
MIG-15678,order_payments,90992.64,88.86,21873124,2229,WRITE_HEAVY,ALTER_COLUMN_TYPE,HIGH,33.17,393.07,0,1
MIG-15679,order_items,147927.04,144.46,23216057,1468,READ_HEAVY,ADD_INDEX_CONCURRENTLY,MEDIUM,0.78,1.01,1,0
MIG-15680,order_shipments,33126.4,32.35,8627666,459,WRITE_HEAVY,ADD_COLUMN_DEFAULT,LOW,0.61,0.72,1,0
MIG-15681,order_items,191549.44,187.06,30062553,554,MIXED_OLTP,TABLE_REWRITE,MEDIUM,95.8,134.05,0,1
MIG-15682,orders,55326.72,54.03,6753719,557,READ_HEAVY,DROP_COLUMN,MEDIUM,0.62,0.73,1,0
MIG-15683,order_items,487424.0,476.0,76499196,1322,MIXED_OLTP,ADD_INDEX_CONCURRENTLY,MEDIUM,1.6,2.73,1,0
MIG-15684,order_items,282664.96,276.04,44363438,709,WRITE_HEAVY,ADD_INDEX_LOCKING,MEDIUM,27.59,41.61,0,1
MIG-15685,orders,86425.6,84.4,10550480,366,ANALYTICAL_BATCH,ADD_INDEX_CONCURRENTLY,LOW,0.51,0.45,1,0
MIG-15686,orders,162447.36,158.64,19830581,317,MIXED_OLTP,ADD_COLUMN_DEFAULT,LOW,2.05,2.26,1,0
MIG-15687,orders,120688.64,117.86,14732998,2111,MIXED_OLTP,ADD_INDEX_CONCURRENTLY,HIGH,0.52,2.0,1,0
MIG-15688,order_payments,73707.52,71.98,17718911,808,ANALYTICAL_BATCH,ADD_INDEX_CONCURRENTLY,MEDIUM,0.39,0.55,1,0
MIG-15689,order_shipments,44605.44,43.56,11615487,2619,READ_HEAVY,ADD_INDEX_CONCURRENTLY,HIGH,0.29,1.03,1,0
MIG-15690,order_items,116746.24,114.01,18322664,203,WRITE_HEAVY,DROP_COLUMN,LOW,1.06,0.95,1,0
MIG-15691,orders,201400.32,196.68,24584879,1264,READ_HEAVY,ADD_INDEX_LOCKING,MEDIUM,27.57,46.4,0,1
MIG-15692,order_items,171816.96,167.79,26965928,193,MIXED_OLTP,ADD_INDEX_CONCURRENTLY,LOW,0.72,0.7,1,0
MIG-15693,order_shipments,36608.0,35.75,9533475,451,MIXED_OLTP,DROP_COLUMN,LOW,0.45,0.4,1,0
MIG-15694,order_payments,49428.48,48.27,11881130,380,READ_HEAVY,ADD_COLUMN_DEFAULT,LOW,0.84,0.84,1,0
MIG-15695,orders,122449.92,119.58,14946916,1044,MIXED_OLTP,TABLE_REWRITE,MEDIUM,80.71,106.54,0,1
MIG-15696,orders,84582.4,82.6,10325337,139,WRITE_HEAVY,ADD_INDEX_LOCKING,LOW,14.85,15.17,1,0
MIG-15697,order_shipments,47206.4,46.1,12294165,1820,WRITE_HEAVY,TABLE_REWRITE,HIGH,42.51,221.51,0,1
MIG-15698,order_shipments,38604.8,37.7,10054509,1131,READ_HEAVY,ALTER_COLUMN_TYPE,MEDIUM,18.23,33.24,0,1
MIG-15699,orders,62689.28,61.22,7652808,1072,READ_HEAVY,DROP_COLUMN,MEDIUM,0.69,1.04,1,0
MIG-15700,order_shipments,90644.48,88.52,23604160,1654,WRITE_HEAVY,ADD_INDEX_CONCURRENTLY,HIGH,0.47,1.43,1,0
MIG-15701,orders,116746.24,114.01,14250689,599,MIXED_OLTP,ALTER_COLUMN_TYPE,MEDIUM,46.01,53.04,0,1
MIG-15702,orders,70225.92,68.58,8572617,1106,READ_HEAVY,ADD_INDEX_LOCKING,MEDIUM,13.31,18.87,1,0
MIG-15703,order_payments,89108.48,87.02,21419959,876,READ_HEAVY,ADD_INDEX_CONCURRENTLY,MEDIUM,0.42,0.69,1,0
MIG-15704,order_items,178309.12,174.13,27985316,2210,WRITE_HEAVY,ADD_INDEX_CONCURRENTLY,HIGH,0.89,2.51,1,0
MIG-15705,order_items,513679.36,501.64,80620549,1110,WRITE_HEAVY,ADD_COLUMN_DEFAULT,MEDIUM,3.2,6.76,1,0
MIG-15706,order_shipments,23541.76,22.99,6130083,5123,MIXED_OLTP,ADD_INDEX_CONCURRENTLY,CRITICAL,0.19,1.35,1,0
MIG-15707,order_shipments,56975.36,55.64,14836136,751,MIXED_OLTP,TABLE_REWRITE,MEDIUM,36.39,45.51,0,1
MIG-15708,orders,257914.88,251.87,31483310,1193,WRITE_HEAVY,ADD_INDEX_CONCURRENTLY,MEDIUM,1.08,2.32,1,0
MIG-15709,order_items,196730.88,192.12,30876493,5162,MIXED_OLTP,ADD_INDEX_CONCURRENTLY,CRITICAL,0.85,8.69,1,0
MIG-15710,order_payments,50749.44,49.56,12199417,2870,MIXED_OLTP,ADD_INDEX_CONCURRENTLY,HIGH,0.35,1.08,1,0
MIG-15711,order_items,424581.12,414.63,66637657,5440,MIXED_OLTP,DROP_COLUMN,CRITICAL,2.09,21.63,1,0
MIG-15712,customer_sessions,77547.52,75.73,17309898,1506,READ_HEAVY,ADD_INDEX_LOCKING,HIGH,11.38,49.45,0,1
MIG-15713,order_payments,72847.36,71.14,17512069,575,READ_HEAVY,DROP_COLUMN,MEDIUM,0.67,0.78,1,0
MIG-15714,orders,192624.64,188.11,23513417,2803,MIXED_OLTP,ADD_INDEX_CONCURRENTLY,HIGH,0.84,3.62,1,0
MIG-15715,orders,82841.6,80.9,10112560,705,READ_HEAVY,TABLE_REWRITE,MEDIUM,48.55,43.44,0,1
MIG-15716,order_shipments,71628.8,69.95,18654178,216,WRITE_HEAVY,ADD_COLUMN_DEFAULT,LOW,1.0,0.91,1,0
MIG-15717,customer_sessions,30638.08,29.92,6838333,973,READ_HEAVY,ADD_INDEX_CONCURRENTLY,MEDIUM,0.24,0.31,1,0
MIG-15718,orders,184801.28,180.47,22558765,1155,READ_HEAVY,ADD_INDEX_CONCURRENTLY,MEDIUM,0.68,0.92,1,0
MIG-15719,orders,68761.6,67.15,8393852,1556,READ_HEAVY,ADD_COLUMN_DEFAULT,HIGH,0.99,1.83,1,0
MIG-15720,order_payments,89518.08,87.42,21519107,2473,MIXED_OLTP,ADD_COLUMN_DEFAULT,HIGH,1.08,3.45,1,0
MIG-15721,orders,101662.72,99.28,12409934,3232,READ_HEAVY,DROP_COLUMN,CRITICAL,0.97,3.07,1,0
MIG-15722,orders,199936.0,195.25,24406134,248,WRITE_HEAVY,ADD_INDEX_CONCURRENTLY,LOW,0.75,0.71,1,0
MIG-15723,order_shipments,80445.44,78.56,20949667,1400,ANALYTICAL_BATCH,ALTER_COLUMN_TYPE,MEDIUM,28.15,67.52,0,1
MIG-15724,order_shipments,88780.8,86.7,23119878,625,WRITE_HEAVY,ADD_COLUMN_DEFAULT,MEDIUM,1.28,1.82,1,0
MIG-15725,order_shipments,100741.12,98.38,26235739,545,WRITE_HEAVY,ADD_INDEX_CONCURRENTLY,MEDIUM,0.51,0.68,1,0
MIG-15726,order_payments,81653.76,79.74,19629417,290,MIXED_OLTP,DROP_COLUMN,LOW,0.68,0.79,1,0
MIG-15727,order_items,460779.52,449.98,72318147,747,ANALYTICAL_BATCH,DROP_COLUMN,MEDIUM,2.62,4.37,1,0
MIG-15728,order_shipments,19957.76,19.49,5197952,1868,MIXED_OLTP,TABLE_REWRITE,HIGH,16.55,139.77,0,1
MIG-15729,orders,249344.0,243.5,30437349,923,READ_HEAVY,ADD_COLUMN_DEFAULT,MEDIUM,2.38,2.95,1,0
MIG-15730,orders,185344.0,181.0,22625064,1755,READ_HEAVY,ADD_INDEX_CONCURRENTLY,HIGH,0.68,2.73,1,0
MIG-15731,order_shipments,53381.12,52.13,13901051,520,MIXED_OLTP,TABLE_REWRITE,MEDIUM,34.36,56.01,0,1
MIG-15732,order_payments,78653.44,76.81,18908206,1425,MIXED_OLTP,ADD_COLUMN_DEFAULT,MEDIUM,1.21,1.93,1,0
MIG-15733,order_shipments,81305.6,79.4,21172705,5026,WRITE_HEAVY,DROP_COLUMN,CRITICAL,0.66,9.54,1,0
MIG-15734,orders,233502.72,228.03,28503690,264,MIXED_OLTP,ADD_INDEX_CONCURRENTLY,LOW,0.89,0.72,1,0
MIG-15735,customer_sessions,66457.6,64.9,14833812,1330,READ_HEAVY,ADD_COLUMN_DEFAULT,MEDIUM,1.03,1.52,1,0
MIG-15736,order_items,378193.92,369.33,59357356,5489,WRITE_HEAVY,TABLE_REWRITE,CRITICAL,146.57,5612.06,0,1
MIG-15737,order_payments,71086.08,69.42,17089023,257,WRITE_HEAVY,TABLE_REWRITE,LOW,40.39,73.25,0,1
MIG-15738,order_shipments,96860.16,94.59,25223650,656,WRITE_HEAVY,TABLE_REWRITE,MEDIUM,62.65,88.78,0,1
MIG-15739,order_items,441999.36,431.64,69370161,701,ANALYTICAL_BATCH,ALTER_COLUMN_TYPE,MEDIUM,98.74,127.9,0,1
MIG-15740,order_payments,91760.64,89.61,22057218,2941,READ_HEAVY,ADD_COLUMN_DEFAULT,HIGH,1.38,4.28,1,0
MIG-15741,order_items,423475.2,413.55,66463833,2838,MIXED_OLTP,DROP_COLUMN,HIGH,1.87,7.67,1,0
MIG-15742,order_payments,102082.56,99.69,24540155,2549,WRITE_HEAVY,ADD_INDEX_CONCURRENTLY,HIGH,0.51,1.87,1,0
MIG-15743,order_shipments,77578.24,75.76,20202374,4696,MIXED_OLTP,ADD_INDEX_LOCKING,CRITICAL,11.73,222.47,0,1
MIG-15744,order_payments,92897.28,90.72,22331719,806,READ_HEAVY,ADD_INDEX_LOCKING,MEDIUM,13.67,21.38,1,0
MIG-15745,orders,242769.92,237.08,29634594,1023,ANALYTICAL_BATCH,ADD_INDEX_LOCKING,MEDIUM,22.47,40.15,1,0
MIG-15746,orders,239308.8,233.7,29212283,3920,READ_HEAVY,ADD_COLUMN_DEFAULT,CRITICAL,2.08,17.35,1,0
MIG-15747,customer_sessions,42864.64,41.86,9568511,256,MIXED_OLTP,ADD_INDEX_CONCURRENTLY,LOW,0.25,0.4,1,0
MIG-15748,customer_sessions,25210.88,24.62,5626920,4817,READ_HEAVY,ADD_INDEX_LOCKING,CRITICAL,5.42,93.9,0,1
MIG-15749,customer_sessions,51537.92,50.33,11503842,4348,READ_HEAVY,TABLE_REWRITE,CRITICAL,33.66,824.07,0,1
MIG-15750,orders,186449.92,182.08,22759967,4071,ANALYTICAL_BATCH,ADD_COLUMN_DEFAULT,CRITICAL,2.04,17.88,1,0
MIG-15751,order_items,384798.72,375.78,60393745,199,READ_HEAVY,ADD_INDEX_CONCURRENTLY,LOW,1.12,0.93,1,0
MIG-15752,order_payments,133324.8,130.2,32048641,1155,MIXED_OLTP,ALTER_COLUMN_TYPE,MEDIUM,36.49,93.9,0,1
MIG-15753,order_payments,37765.12,36.88,9078983,2174,WRITE_HEAVY,DROP_COLUMN,HIGH,0.43,1.58,1,0
MIG-15754,orders,112721.92,110.08,13760299,550,MIXED_OLTP,DROP_COLUMN,MEDIUM,0.89,1.08,1,0
MIG-15755,order_items,561520.64,548.36,88128977,1185,ANALYTICAL_BATCH,TABLE_REWRITE,MEDIUM,205.73,294.31,0,1
MIG-15756,orders,256931.84,250.91,31364159,835,MIXED_OLTP,DROP_COLUMN,MEDIUM,1.45,2.15,1,0
MIG-15757,order_items,334510.08,326.67,52499931,264,READ_HEAVY,DROP_COLUMN,LOW,1.58,2.13,1,0
MIG-15758,orders,91760.64,89.61,11201387,5471,READ_HEAVY,ADD_INDEX_LOCKING,CRITICAL,13.11,402.42,0,1
MIG-15759,orders,142120.96,138.79,17348896,4712,MIXED_OLTP,ADD_COLUMN_DEFAULT,CRITICAL,1.54,11.52,1,0
MIG-15760,orders,150046.72,146.53,18316494,126,WRITE_HEAVY,ADD_INDEX_CONCURRENTLY,LOW,0.75,0.55,1,0
MIG-15761,order_shipments,61532.16,60.09,16022698,395,ANALYTICAL_BATCH,ADD_INDEX_CONCURRENTLY,LOW,0.31,0.39,1,0
MIG-15762,order_payments,59494.4,58.1,14301368,791,WRITE_HEAVY,ADD_INDEX_LOCKING,MEDIUM,11.68,17.49,1,0
MIG-15763,customer_sessions,34508.8,33.7,7701834,401,WRITE_HEAVY,ADD_INDEX_CONCURRENTLY,LOW,0.26,0.28,1,0
MIG-15764,order_items,453038.08,442.42,71102598,2024,MIXED_OLTP,TABLE_REWRITE,HIGH,199.06,2839.23,0,1
MIG-15765,order_items,435589.12,425.38,68365326,2353,READ_HEAVY,ADD_COLUMN_DEFAULT,HIGH,3.73,11.86,1,0
MIG-15766,order_items,456396.8,445.7,71630303,1194,READ_HEAVY,DROP_COLUMN,MEDIUM,2.43,3.73,1,0
MIG-15767,order_items,309401.6,302.15,48560083,1776,WRITE_HEAVY,ADD_INDEX_CONCURRENTLY,HIGH,1.24,2.64,1,0
MIG-15768,order_items,288327.68,281.57,45253003,154,ANALYTICAL_BATCH,ADD_COLUMN_DEFAULT,LOW,2.4,2.92,1,0
MIG-15769,order_payments,68741.12,67.13,16524313,1200,READ_HEAVY,ADD_COLUMN_DEFAULT,MEDIUM,0.81,1.62,1,0
MIG-15770,order_shipments,97331.2,95.05,25345412,1607,ANALYTICAL_BATCH,ADD_INDEX_LOCKING,HIGH,16.15,137.51,0,1
MIG-15771,order_shipments,51210.24,50.01,13337294,427,WRITE_HEAVY,ADD_INDEX_CONCURRENTLY,LOW,0.37,0.23,1,0
MIG-15772,orders,183214.08,178.92,22365574,933,READ_HEAVY,ADD_COLUMN_DEFAULT,MEDIUM,2.13,3.27,1,0
MIG-15773,order_items,384522.24,375.51,60350298,1641,WRITE_HEAVY,ALTER_COLUMN_TYPE,HIGH,82.6,713.1,0,1
MIG-15774,orders,242954.24,237.26,29657989,1263,READ_HEAVY,DROP_COLUMN,MEDIUM,1.76,2.44,1,0
MIG-15775,orders,130795.52,127.73,15966153,1395,WRITE_HEAVY,ADD_INDEX_LOCKING,MEDIUM,14.24,31.99,0,1
MIG-15776,order_payments,78632.96,76.79,18903359,1600,WRITE_HEAVY,ADD_INDEX_LOCKING,HIGH,13.24,99.39,0,1
MIG-15777,order_items,549652.48,536.77,86266337,1441,READ_HEAVY,DROP_COLUMN,MEDIUM,2.93,3.9,1,0
MIG-15778,order_payments,45905.92,44.83,11035579,914,MIXED_OLTP,ADD_COLUMN_DEFAULT,MEDIUM,0.69,1.54,1,0
MIG-15779,orders,180602.88,176.37,22045952,367,READ_HEAVY,ADD_COLUMN_DEFAULT,LOW,1.7,2.41,1,0
MIG-15780,customer_sessions,40130.56,39.19,8958678,1899,READ_HEAVY,ADD_INDEX_CONCURRENTLY,HIGH,0.24,0.8,1,0
MIG-15781,customer_sessions,77926.4,76.1,17395398,611,READ_HEAVY,ADD_INDEX_CONCURRENTLY,MEDIUM,0.4,0.41,1,0
MIG-15782,order_items,486993.92,475.58,76432113,5467,READ_HEAVY,DROP_COLUMN,CRITICAL,2.3,21.19,1,0
MIG-15783,order_shipments,19312.64,18.86,5028015,361,MIXED_OLTP,ALTER_COLUMN_TYPE,LOW,11.36,16.01,1,0
MIG-15784,orders,234833.92,229.33,28665795,1882,MIXED_OLTP,DROP_COLUMN,HIGH,1.22,5.11,1,0
MIG-15785,order_payments,110868.48,108.27,26651574,2034,MIXED_OLTP,ADD_COLUMN_DEFAULT,HIGH,1.47,3.32,1,0
MIG-15786,order_shipments,64962.56,63.44,16916755,2636,WRITE_HEAVY,ALTER_COLUMN_TYPE,HIGH,30.34,357.08,0,1
MIG-15787,order_shipments,38021.12,37.13,9900375,1955,READ_HEAVY,ADD_COLUMN_DEFAULT,HIGH,0.66,1.82,1,0
MIG-15788,order_shipments,30812.16,30.09,8025239,1187,MIXED_OLTP,ADD_INDEX_CONCURRENTLY,MEDIUM,0.18,0.39,1,0
MIG-15789,order_items,438999.04,428.71,68900364,536,ANALYTICAL_BATCH,ADD_INDEX_CONCURRENTLY,MEDIUM,1.34,1.31,1,0
MIG-15790,order_shipments,54927.36,53.64,14302709,1487,READ_HEAVY,ALTER_COLUMN_TYPE,MEDIUM,20.9,48.28,0,1
MIG-15791,order_payments,129853.44,126.81,31214664,1224,READ_HEAVY,DROP_COLUMN,MEDIUM,1.0,1.18,1,0
MIG-15792,orders,107182.08,104.67,13084086,836,MIXED_OLTP,DROP_COLUMN,MEDIUM,0.98,1.73,1,0
MIG-15793,orders,190156.8,185.7,23213039,2350,ANALYTICAL_BATCH,ADD_INDEX_LOCKING,HIGH,24.8,182.51,0,1
MIG-15794,order_payments,56432.64,55.11,13566679,673,READ_HEAVY,DROP_COLUMN,MEDIUM,0.61,0.75,1,0
MIG-15795,order_items,443084.8,432.7,69541683,4126,WRITE_HEAVY,ADD_COLUMN_DEFAULT,CRITICAL,3.44,34.89,0,1
MIG-15796,order_items,139642.88,136.37,21915916,2030,MIXED_OLTP,DROP_COLUMN,HIGH,0.96,1.87,1,0
MIG-15797,order_shipments,50923.52,49.73,13260880,888,MIXED_OLTP,ADD_INDEX_CONCURRENTLY,MEDIUM,0.29,0.51,1,0
MIG-15798,order_payments,47308.8,46.2,11373345,1313,WRITE_HEAVY,ADD_INDEX_CONCURRENTLY,MEDIUM,0.36,0.61,1,0
MIG-15799,order_items,427407.36,417.39,67080653,911,WRITE_HEAVY,ADD_COLUMN_DEFAULT,MEDIUM,3.62,3.83,1,0
MIG-15800,order_items,278149.12,271.63,43654972,506,READ_HEAVY,ADD_INDEX_CONCURRENTLY,MEDIUM,1.24,1.01,1,0
MIG-15801,order_items,512870.4,500.85,80494142,953,MIXED_OLTP,ALTER_COLUMN_TYPE,MEDIUM,126.25,197.92,0,1
MIG-15802,order_payments,40355.84,39.41,9700317,551,MIXED_OLTP,ADD_INDEX_CONCURRENTLY,MEDIUM,0.26,0.36,1,0
MIG-15803,order_items,401745.92,392.33,63053258,2216,WRITE_HEAVY,ADD_COLUMN_DEFAULT,HIGH,3.28,11.47,1,0
MIG-15804,order_items,421079.04,411.21,66087906,1179,WRITE_HEAVY,ADD_COLUMN_DEFAULT,MEDIUM,2.97,5.67,1,0
MIG-15805,order_payments,29276.16,28.59,7036598,597,MIXED_OLTP,DROP_COLUMN,MEDIUM,0.41,0.59,1,0
MIG-15806,order_payments,30935.04,30.21,7436388,563,WRITE_HEAVY,ADD_INDEX_CONCURRENTLY,MEDIUM,0.24,0.35,1,0
MIG-15807,order_shipments,44001.28,42.97,11457987,880,READ_HEAVY,ALTER_COLUMN_TYPE,MEDIUM,19.74,31.34,0,1
MIG-15808,orders,183869.44,179.56,22445036,982,READ_HEAVY,ADD_COLUMN_DEFAULT,MEDIUM,2.14,2.15,1,0
MIG-15809,order_payments,141957.12,138.63,34123743,1596,WRITE_HEAVY,ADD_INDEX_CONCURRENTLY,HIGH,0.63,2.0,1,0
MIG-15810,order_items,161536.0,157.75,25353464,1988,MIXED_OLTP,ADD_INDEX_CONCURRENTLY,HIGH,0.69,3.19,1,0
MIG-15811,orders,204677.12,199.88,24985394,1275,WRITE_HEAVY,TABLE_REWRITE,MEDIUM,113.49,125.29,0,1
MIG-15812,order_payments,109619.2,107.05,26350224,4427,MIXED_OLTP,ADD_COLUMN_DEFAULT,CRITICAL,1.26,12.51,1,0
MIG-15813,order_payments,106833.92,104.33,25680858,2283,READ_HEAVY,ADD_COLUMN_DEFAULT,HIGH,1.53,3.7,1,0
MIG-15814,order_items,381071.36,372.14,59807934,141,READ_HEAVY,ADD_INDEX_CONCURRENTLY,LOW,1.38,1.31,1,0
MIG-15815,order_payments,142458.88,139.12,34244587,2699,MIXED_OLTP,ADD_COLUMN_DEFAULT,HIGH,1.54,7.07,1,0
MIG-15816,order_items,373647.36,364.89,58643786,2388,WRITE_HEAVY,ADD_COLUMN_DEFAULT,HIGH,2.81,9.66,1,0
MIG-15817,orders,234567.68,229.07,28634021,929,MIXED_OLTP,ADD_INDEX_CONCURRENTLY,MEDIUM,0.93,1.33,1,0
MIG-15818,order_items,250173.44,244.31,39264168,1114,WRITE_HEAVY,ADD_INDEX_LOCKING,MEDIUM,30.79,46.46,0,1
MIG-15819,order_items,530821.12,518.38,83310988,1729,ANALYTICAL_BATCH,ALTER_COLUMN_TYPE,HIGH,96.56,601.38,0,1
MIG-15820,order_payments,146022.4,142.6,35100517,370,WRITE_HEAVY,ADD_COLUMN_DEFAULT,LOW,1.4,1.96,1,0
MIG-15821,order_shipments,93921.28,91.72,24457857,799,READ_HEAVY,ADD_INDEX_CONCURRENTLY,MEDIUM,0.55,0.56,1,0
MIG-15822,order_payments,63057.92,61.58,15157265,1561,WRITE_HEAVY,ADD_COLUMN_DEFAULT,HIGH,0.73,2.53,1,0
MIG-15823,orders,236308.48,230.77,28846251,1850,READ_HEAVY,TABLE_REWRITE,HIGH,100.25,691.83,0,1
MIG-15824,order_items,163850.24,160.01,25715826,2047,WRITE_HEAVY,DROP_COLUMN,HIGH,1.02,3.98,1,0
MIG-15825,orders,199045.12,194.38,24298104,275,WRITE_HEAVY,ADD_INDEX_CONCURRENTLY,LOW,0.9,0.91,1,0
MIG-15826,order_payments,67614.72,66.03,16253811,728,WRITE_HEAVY,DROP_COLUMN,MEDIUM,0.71,0.91,1,0
MIG-15827,orders,194836.48,190.27,23784092,4972,WRITE_HEAVY,ADD_COLUMN_DEFAULT,CRITICAL,1.74,16.23,1,0
MIG-15828,order_items,327444.48,319.77,51392169,1896,MIXED_OLTP,ADD_INDEX_CONCURRENTLY,HIGH,1.03,4.13,1,0
MIG-15829,order_payments,27709.44,27.06,6660154,1674,READ_HEAVY,TABLE_REWRITE,HIGH,29.46,179.15,0,1
MIG-15830,order_payments,54333.44,53.06,13060764,188,WRITE_HEAVY,ADD_INDEX_CONCURRENTLY,LOW,0.31,0.49,1,0
MIG-15831,orders,58531.84,57.16,7144428,4000,ANALYTICAL_BATCH,ADD_COLUMN_DEFAULT,CRITICAL,0.87,6.38,1,0
MIG-15832,order_items,335196.16,327.34,52608863,544,MIXED_OLTP,DROP_COLUMN,MEDIUM,2.06,2.58,1,0
MIG-15833,order_payments,127272.96,124.29,30594053,591,WRITE_HEAVY,DROP_COLUMN,MEDIUM,1.01,1.3,1,0
MIG-15834,order_items,495564.8,483.95,77777737,1735,READ_HEAVY,ADD_INDEX_CONCURRENTLY,HIGH,1.55,4.42,1,0
MIG-15835,orders,223651.84,218.41,27300629,891,READ_HEAVY,DROP_COLUMN,MEDIUM,1.22,2.21,1,0
MIG-15836,order_shipments,85381.12,83.38,22235512,2927,READ_HEAVY,ADD_INDEX_LOCKING,HIGH,14.86,87.32,0,1
MIG-15837,order_items,306647.04,299.46,48127122,1082,MIXED_OLTP,ALTER_COLUMN_TYPE,MEDIUM,90.55,99.55,0,1
MIG-15838,order_items,375848.96,367.04,58988084,3204,READ_HEAVY,ADD_INDEX_CONCURRENTLY,CRITICAL,1.12,4.53,1,0
MIG-15839,orders,161617.92,157.83,19728181,127,ANALYTICAL_BATCH,ADD_INDEX_CONCURRENTLY,LOW,0.8,0.87,1,0
MIG-15840,order_items,173117.44,169.06,27169889,141,MIXED_OLTP,TABLE_REWRITE,LOW,81.19,94.58,0,1
MIG-15841,order_items,423383.04,413.46,66449511,1599,ANALYTICAL_BATCH,DROP_COLUMN,HIGH,2.19,7.09,1,0
MIG-15842,orders,208445.44,203.56,25444854,2257,READ_HEAVY,ADD_COLUMN_DEFAULT,HIGH,1.78,5.43,1,0
MIG-15843,order_items,430008.32,419.93,67488393,4826,MIXED_OLTP,ADD_INDEX_LOCKING,CRITICAL,46.57,923.27,0,1
MIG-15844,order_items,499681.28,487.97,78423240,934,MIXED_OLTP,ADD_INDEX_CONCURRENTLY,MEDIUM,1.39,2.72,1,0
MIG-15845,order_shipments,28293.12,27.63,7368051,2111,MIXED_OLTP,TABLE_REWRITE,HIGH,22.67,205.21,0,1
MIG-15846,customer_sessions,63457.28,61.97,14164288,1094,WRITE_HEAVY,DROP_COLUMN,MEDIUM,0.53,0.83,1,0
MIG-15847,orders,95191.04,92.96,11619782,851,WRITE_HEAVY,ALTER_COLUMN_TYPE,MEDIUM,29.48,47.58,0,1
MIG-15848,orders,243087.36,237.39,29674324,423,WRITE_HEAVY,DROP_COLUMN,LOW,1.76,1.74,1,0
MIG-15849,order_payments,55971.84,54.66,13454021,1186,WRITE_HEAVY,ADD_INDEX_LOCKING,MEDIUM,10.13,17.94,1,0
MIG-15850,customer_sessions,46080.0,45.0,10284690,493,ANALYTICAL_BATCH,ADD_COLUMN_DEFAULT,LOW,0.67,1.01,1,0
MIG-15851,order_shipments,58849.28,57.47,15324952,584,MIXED_OLTP,ADD_INDEX_CONCURRENTLY,MEDIUM,0.4,0.41,1,0
MIG-15852,orders,108615.68,106.07,13258958,933,WRITE_HEAVY,ADD_COLUMN_DEFAULT,MEDIUM,1.08,2.51,1,0
MIG-15853,orders,129157.12,126.13,15766158,5149,READ_HEAVY,ALTER_COLUMN_TYPE,CRITICAL,41.83,844.33,0,1
MIG-15854,orders,90204.16,88.09,11011112,1172,WRITE_HEAVY,DROP_COLUMN,MEDIUM,0.68,1.46,1,0
MIG-15855,order_shipments,65720.32,64.18,17114175,2663,MIXED_OLTP,ADD_COLUMN_DEFAULT,HIGH,0.91,2.88,1,0
MIG-15856,order_items,585902.08,572.17,91955270,4170,ANALYTICAL_BATCH,ADD_INDEX_CONCURRENTLY,CRITICAL,2.1,17.51,1,0
MIG-15857,order_items,278087.68,271.57,43645213,889,WRITE_HEAVY,DROP_COLUMN,MEDIUM,1.73,1.77,1,0
MIG-15858,order_items,376893.44,368.06,59153071,2629,READ_HEAVY,DROP_COLUMN,HIGH,1.83,5.92,1,0
MIG-15859,orders,239790.08,234.17,29270776,968,ANALYTICAL_BATCH,ADD_COLUMN_DEFAULT,MEDIUM,2.26,4.78,1,0
MIG-15860,order_items,348221.44,340.06,54652422,262,MIXED_OLTP,ADD_INDEX_LOCKING,LOW,40.29,34.26,0,1
MIG-15861,orders,233011.2,227.55,28444028,2096,MIXED_OLTP,ADD_INDEX_CONCURRENTLY,HIGH,0.91,4.31,1,0
MIG-15862,order_items,345067.52,336.98,54157643,1685,READ_HEAVY,ADD_COLUMN_DEFAULT,HIGH,2.89,7.34,1,0
MIG-15863,order_payments,79370.24,77.51,19078983,1285,WRITE_HEAVY,ADD_COLUMN_DEFAULT,MEDIUM,1.1,1.72,1,0
MIG-15864,order_payments,45465.6,44.4,10928510,5128,MIXED_OLTP,ADD_INDEX_CONCURRENTLY,CRITICAL,0.26,2.74,1,0
MIG-15865,order_items,179189.76,174.99,28123284,1543,WRITE_HEAVY,ADD_COLUMN_DEFAULT,HIGH,2.2,5.9,1,0
MIG-15866,order_shipments,69150.72,67.53,18008329,902,MIXED_OLTP,ADD_INDEX_LOCKING,MEDIUM,13.22,19.77,1,0
MIG-15867,order_payments,125747.2,122.8,30227205,368,MIXED_OLTP,ADD_INDEX_CONCURRENTLY,LOW,0.65,0.81,1,0
MIG-15868,orders,79104.0,77.25,9655975,3375,WRITE_HEAVY,ADD_INDEX_CONCURRENTLY,CRITICAL,0.4,3.44,1,0
MIG-15869,orders,250449.92,244.58,30572536,3756,READ_HEAVY,ADD_COLUMN_DEFAULT,CRITICAL,2.23,10.26,1,0
MIG-15870,order_items,299909.12,292.88,47069263,2942,MIXED_OLTP,ADD_COLUMN_DEFAULT,HIGH,2.76,11.62,1,0
MIG-15871,orders,143216.64,139.86,17481944,2669,ANALYTICAL_BATCH,ALTER_COLUMN_TYPE,HIGH,44.18,479.23,0,1
MIG-15872,orders,246988.8,241.2,30150241,1377,READ_HEAVY,ADD_INDEX_LOCKING,MEDIUM,30.03,42.83,0,1
MIG-15873,orders,247398.4,241.6,30200004,1483,MIXED_OLTP,DROP_COLUMN,MEDIUM,1.76,2.93,1,0
MIG-15874,orders,165242.88,161.37,20171189,4703,WRITE_HEAVY,ADD_INDEX_CONCURRENTLY,CRITICAL,0.87,9.23,1,0
MIG-15875,order_items,257525.76,251.49,40417960,1918,ANALYTICAL_BATCH,ADD_INDEX_CONCURRENTLY,HIGH,1.12,3.1,1,0
MIG-15876,order_items,203427.84,198.66,31927097,1453,MIXED_OLTP,ADD_COLUMN_DEFAULT,MEDIUM,1.84,4.22,1,0
MIG-15877,orders,109219.84,106.66,13332661,2168,WRITE_HEAVY,DROP_COLUMN,HIGH,0.95,2.44,1,0
MIG-15878,order_payments,120145.92,117.33,28882069,1039,MIXED_OLTP,ADD_INDEX_CONCURRENTLY,MEDIUM,0.62,0.92,1,0
MIG-15879,orders,120944.64,118.11,14763951,319,MIXED_OLTP,ALTER_COLUMN_TYPE,LOW,39.72,27.36,0,1
MIG-15880,order_items,473149.44,462.06,74259478,2322,MIXED_OLTP,TABLE_REWRITE,HIGH,153.78,1271.21,0,1
MIG-15881,orders,92323.84,90.16,11270422,320,WRITE_HEAVY,ADD_INDEX_LOCKING,LOW,14.45,17.67,1,0
MIG-15882,order_payments,83947.52,81.98,20180904,1277,MIXED_OLTP,ADD_COLUMN_DEFAULT,MEDIUM,0.92,1.77,1,0
MIG-15883,customer_sessions,37048.32,36.18,8270329,162,MIXED_OLTP,ADD_INDEX_LOCKING,LOW,6.05,7.34,1,0
MIG-15884,order_items,374599.68,365.82,58792598,941,WRITE_HEAVY,ADD_INDEX_CONCURRENTLY,MEDIUM,1.38,2.04,1,0
MIG-15885,orders,175216.64,171.11,21388522,4458,WRITE_HEAVY,TABLE_REWRITE,CRITICAL,84.28,2659.74,0,1
MIG-15886,orders,268328.96,262.04,32755244,322,MIXED_OLTP,ADD_COLUMN_DEFAULT,LOW,2.77,2.99,1,0
MIG-15887,orders,248197.12,242.38,30297166,1223,READ_HEAVY,DROP_COLUMN,MEDIUM,1.83,3.23,1,0
MIG-15888,order_shipments,76154.88,74.37,19830715,2001,READ_HEAVY,ADD_INDEX_CONCURRENTLY,HIGH,0.46,1.06,1,0
MIG-15889,orders,83159.04,81.21,10151073,5360,MIXED_OLTP,DROP_COLUMN,CRITICAL,0.66,9.76,1,0
MIG-15890,customer_sessions,73625.6,71.9,16434011,1522,WRITE_HEAVY,ADD_INDEX_CONCURRENTLY,HIGH,0.4,1.38,1,0
MIG-15891,order_items,575344.64,561.86,90299471,4813,MIXED_OLTP,ADD_INDEX_CONCURRENTLY,CRITICAL,1.65,13.86,1,0
MIG-15892,order_items,572313.6,558.9,89822977,1754,READ_HEAVY,ADD_COLUMN_DEFAULT,HIGH,3.55,8.44,1,0
MIG-15893,order_shipments,58163.2,56.8,15146764,2404,WRITE_HEAVY,ADD_INDEX_CONCURRENTLY,HIGH,0.35,1.46,1,0
MIG-15894,orders,86906.88,84.87,10609081,523,ANALYTICAL_BATCH,ADD_INDEX_CONCURRENTLY,MEDIUM,0.5,0.49,1,0
MIG-15895,order_payments,117012.48,114.27,28126812,733,MIXED_OLTP,ALTER_COLUMN_TYPE,MEDIUM,34.71,43.81,0,1
MIG-15896,orders,135086.08,131.92,16489906,891,WRITE_HEAVY,ADD_INDEX_CONCURRENTLY,MEDIUM,0.59,0.94,1,0
MIG-15897,order_shipments,47011.84,45.91,12242675,1646,ANALYTICAL_BATCH,DROP_COLUMN,HIGH,0.48,1.34,1,0
MIG-15898,order_items,316364.8,308.95,49653343,1992,ANALYTICAL_BATCH,ADD_INDEX_CONCURRENTLY,HIGH,1.25,5.44,1,0
MIG-15899,orders,172810.24,168.76,21094905,2451,MIXED_OLTP,ADD_INDEX_LOCKING,HIGH,21.47,310.98,0,1
MIG-15900,order_shipments,46100.48,45.02,12004006,1742,WRITE_HEAVY,TABLE_REWRITE,HIGH,30.56,218.39,0,1
MIG-15901,orders,201748.48,197.02,24627856,2437,WRITE_HEAVY,ADD_COLUMN_DEFAULT,HIGH,1.84,6.98,1,0
MIG-15902,orders,192419.84,187.91,23488542,287,MIXED_OLTP,TABLE_REWRITE,LOW,92.8,101.05,0,1
MIG-15903,order_payments,87592.96,85.54,21055243,1339,ANALYTICAL_BATCH,DROP_COLUMN,MEDIUM,0.76,1.66,1,0
MIG-15904,order_items,142540.8,139.2,22371831,1137,WRITE_HEAVY,DROP_COLUMN,MEDIUM,1.23,1.52,1,0
MIG-15905,order_shipments,96112.64,93.86,25029321,278,READ_HEAVY,ADD_INDEX_CONCURRENTLY,LOW,0.46,0.43,1,0
MIG-15906,order_items,327157.76,319.49,51347398,5062,WRITE_HEAVY,TABLE_REWRITE,CRITICAL,142.85,3483.6,0,1
MIG-15907,order_items,346644.48,338.52,54405708,672,READ_HEAVY,ALTER_COLUMN_TYPE,MEDIUM,97.35,133.11,0,1
MIG-15908,orders,150016.0,146.5,18312877,326,READ_HEAVY,ADD_INDEX_CONCURRENTLY,LOW,0.8,0.82,1,0
MIG-15909,orders,129894.4,126.85,15855754,1837,WRITE_HEAVY,ADD_INDEX_CONCURRENTLY,HIGH,0.61,2.37,1,0
MIG-15910,customer_sessions,57856.0,56.5,12914065,280,READ_HEAVY,ADD_COLUMN_DEFAULT,LOW,0.79,0.72,1,0
MIG-15911,orders,52234.24,51.01,6375777,976,READ_HEAVY,ADD_INDEX_CONCURRENTLY,MEDIUM,0.28,0.65,1,0
MIG-15912,order_items,565504.0,552.25,88754174,1098,READ_HEAVY,ADD_COLUMN_DEFAULT,MEDIUM,4.75,5.98,1,0
MIG-15913,orders,71813.12,70.13,8765853,224,MIXED_OLTP,TABLE_REWRITE,LOW,56.04,47.59,0,1
MIG-15914,orders,270274.56,263.94,32992269,2492,WRITE_HEAVY,ALTER_COLUMN_TYPE,HIGH,76.88,525.29,0,1
MIG-15915,order_items,438835.2,428.55,68874692,680,WRITE_HEAVY,ADD_COLUMN_DEFAULT,MEDIUM,3.94,6.43,1,0
MIG-15916,order_payments,34560.0,33.75,8307898,667,READ_HEAVY,ADD_INDEX_CONCURRENTLY,MEDIUM,0.28,0.22,1,0
MIG-15917,order_payments,94013.44,91.81,22598187,607,READ_HEAVY,DROP_COLUMN,MEDIUM,0.84,1.06,1,0
MIG-15918,order_shipments,45916.16,44.84,11956248,980,WRITE_HEAVY,TABLE_REWRITE,MEDIUM,37.65,55.05,0,1
MIG-15919,orders,259952.64,253.86,31732167,912,ANALYTICAL_BATCH,ADD_INDEX_LOCKING,MEDIUM,31.41,38.46,1,0
MIG-15920,order_items,504586.24,492.76,79193151,430,WRITE_HEAVY,ALTER_COLUMN_TYPE,LOW,133.13,95.43,0,1
MIG-15921,orders,161300.48,157.52,19689396,2006,WRITE_HEAVY,ADD_INDEX_LOCKING,HIGH,20.08,159.04,0,1
MIG-15922,order_payments,78110.72,76.28,18777589,1080,MIXED_OLTP,ADD_COLUMN_DEFAULT,MEDIUM,0.9,1.86,1,0
MIG-15923,order_items,628654.08,613.92,98665378,5413,ANALYTICAL_BATCH,ADD_INDEX_CONCURRENTLY,CRITICAL,1.93,23.16,1,0
MIG-15924,order_items,459120.64,448.36,72058110,2423,READ_HEAVY,ADD_INDEX_LOCKING,HIGH,42.19,375.33,0,1
MIG-15925,orders,162826.24,159.01,19876103,1356,WRITE_HEAVY,DROP_COLUMN,MEDIUM,1.34,2.67,1,0
MIG-15926,order_shipments,51435.52,50.23,13395592,303,READ_HEAVY,ADD_INDEX_LOCKING,LOW,10.46,11.25,1,0
MIG-15927,order_shipments,45352.96,44.29,11810989,1775,WRITE_HEAVY,ADD_INDEX_LOCKING,HIGH,9.67,75.47,0,1
MIG-15928,order_shipments,76943.36,75.14,20037059,949,READ_HEAVY,ADD_INDEX_CONCURRENTLY,MEDIUM,0.35,0.65,1,0
MIG-15929,orders,179179.52,174.98,21872908,2630,MIXED_OLTP,ADD_INDEX_CONCURRENTLY,HIGH,0.84,2.71,1,0
MIG-15930,customer_sessions,69058.56,67.44,15413861,615,READ_HEAVY,ALTER_COLUMN_TYPE,MEDIUM,32.52,24.69,1,0
MIG-15931,orders,171591.68,167.57,20946139,292,READ_HEAVY,ADD_COLUMN_DEFAULT,LOW,1.48,2.2,1,0
MIG-15932,order_items,415232.0,405.5,65168842,2276,MIXED_OLTP,ADD_INDEX_CONCURRENTLY,HIGH,1.59,3.96,1,0
MIG-15933,orders,154736.64,151.11,18888625,2889,WRITE_HEAVY,DROP_COLUMN,HIGH,1.25,4.69,1,0
MIG-15934,orders,217835.52,212.73,26590765,490,WRITE_HEAVY,ADD_INDEX_CONCURRENTLY,LOW,0.77,1.29,1,0
MIG-15935,order_items,328867.84,321.16,51614366,2412,MIXED_OLTP,DROP_COLUMN,HIGH,2.18,6.89,1,0
MIG-15936,orders,237588.48,232.02,29002369,711,WRITE_HEAVY,DROP_COLUMN,MEDIUM,1.77,2.4,1,0
MIG-15937,order_items,283473.92,276.83,44490625,703,WRITE_HEAVY,DROP_COLUMN,MEDIUM,2.02,1.87,1,0
MIG-15938,order_payments,109608.96,107.04,26347601,4496,WRITE_HEAVY,TABLE_REWRITE,CRITICAL,67.29,1593.75,0,1
MIG-15939,order_shipments,92497.92,90.33,24088171,695,READ_HEAVY,ADD_INDEX_CONCURRENTLY,MEDIUM,0.56,0.76,1,0
MIG-15940,order_payments,118763.52,115.98,28549327,369,READ_HEAVY,TABLE_REWRITE,LOW,80.31,92.94,0,1
MIG-15941,order_items,291502.08,284.67,45751259,1467,READ_HEAVY,ADD_INDEX_LOCKING,MEDIUM,33.21,68.64,0,1
MIG-15942,orders,205383.68,200.57,25071153,3467,READ_HEAVY,ALTER_COLUMN_TYPE,CRITICAL,70.87,1452.44,0,1
MIG-15943,order_shipments,35604.48,34.77,9270871,1418,READ_HEAVY,ADD_INDEX_LOCKING,MEDIUM,6.07,12.85,1,0
MIG-15944,orders,62013.44,60.56,7570457,1558,WRITE_HEAVY,ADD_INDEX_CONCURRENTLY,HIGH,0.42,0.9,1,0
MIG-15945,orders,224194.56,218.94,27367306,2224,MIXED_OLTP,ADD_COLUMN_DEFAULT,HIGH,2.09,5.5,1,0
MIG-15946,orders,227870.72,222.53,27816246,2078,ANALYTICAL_BATCH,ADD_INDEX_CONCURRENTLY,HIGH,0.9,3.65,1,0
MIG-15947,order_payments,29368.32,28.68,7060411,325,READ_HEAVY,DROP_COLUMN,LOW,0.35,0.44,1,0
MIG-15948,order_items,603842.56,589.69,94771396,293,READ_HEAVY,ADD_INDEX_CONCURRENTLY,LOW,1.7,2.45,1,0
MIG-15949,order_payments,80046.08,78.17,19241915,4367,MIXED_OLTP,ADD_INDEX_CONCURRENTLY,CRITICAL,0.39,4.51,1,0
MIG-15950,order_items,581898.24,568.26,91327043,620,WRITE_HEAVY,ALTER_COLUMN_TYPE,MEDIUM,132.9,222.86,0,1
MIG-15951,order_items,521461.76,509.24,81842136,405,WRITE_HEAVY,ALTER_COLUMN_TYPE,LOW,102.26,146.77,0,1
MIG-15952,order_items,579512.32,565.93,90952935,477,ANALYTICAL_BATCH,DROP_COLUMN,LOW,2.96,4.84,1,0
MIG-15953,orders,233482.24,228.01,28501142,2211,WRITE_HEAVY,ADD_COLUMN_DEFAULT,HIGH,2.15,7.28,1,0
MIG-15954,order_items,617359.36,602.89,96893624,5142,WRITE_HEAVY,ALTER_COLUMN_TYPE,CRITICAL,131.41,3239.43,0,1
MIG-15955,order_items,439367.68,429.07,68957181,622,READ_HEAVY,TABLE_REWRITE,MEDIUM,145.27,273.57,0,1
MIG-15956,order_items,231976.96,226.54,36407966,1232,READ_HEAVY,ADD_INDEX_CONCURRENTLY,MEDIUM,0.77,1.4,1,0
MIG-15957,orders,135321.6,132.15,16518204,1986,READ_HEAVY,ADD_INDEX_CONCURRENTLY,HIGH,0.54,2.15,1,0
MIG-15958,order_payments,116705.28,113.97,28054122,367,WRITE_HEAVY,ALTER_COLUMN_TYPE,LOW,37.68,61.12,0,1
MIG-15959,order_items,195696.64,191.11,30714511,4420,MIXED_OLTP,ADD_INDEX_CONCURRENTLY,CRITICAL,0.85,6.42,1,0
MIG-15960,orders,254822.4,248.85,31105743,544,WRITE_HEAVY,ADD_INDEX_LOCKING,MEDIUM,29.2,49.15,0,1
MIG-15961,orders,94556.16,92.34,11542530,240,ANALYTICAL_BATCH,DROP_COLUMN,LOW,0.82,0.83,1,0
MIG-15962,order_items,566773.76,553.49,88953953,934,WRITE_HEAVY,ADD_COLUMN_DEFAULT,MEDIUM,4.4,7.86,1,0
MIG-15963,order_items,364339.2,355.8,57181639,425,WRITE_HEAVY,ADD_INDEX_CONCURRENTLY,LOW,1.51,2.02,1,0
MIG-15964,order_payments,127334.4,124.35,30609860,609,READ_HEAVY,ADD_INDEX_LOCKING,MEDIUM,16.83,27.41,0,1
MIG-15965,orders,261109.76,254.99,31873983,2921,WRITE_HEAVY,DROP_COLUMN,HIGH,1.75,6.03,1,0
MIG-15966,order_payments,77199.36,75.39,18557846,548,READ_HEAVY,TABLE_REWRITE,MEDIUM,61.21,69.99,0,1
MIG-15967,orders,203233.28,198.47,24808322,1862,WRITE_HEAVY,ADD_COLUMN_DEFAULT,HIGH,1.87,7.09,1,0
MIG-15968,order_items,231700.48,226.27,36364125,642,READ_HEAVY,ALTER_COLUMN_TYPE,MEDIUM,67.27,88.72,0,1
MIG-15969,order_payments,122562.56,119.69,29462628,1389,WRITE_HEAVY,ADD_INDEX_CONCURRENTLY,MEDIUM,0.51,1.04,1,0
MIG-15970,order_items,537845.76,525.24,84413977,1067,READ_HEAVY,ADD_INDEX_CONCURRENTLY,MEDIUM,1.96,2.22,1,0
MIG-15971,orders,114452.48,111.77,13971634,1215,WRITE_HEAVY,TABLE_REWRITE,MEDIUM,60.74,173.92,0,1
MIG-15972,order_items,127150.08,124.17,19955401,375,WRITE_HEAVY,ADD_INDEX_CONCURRENTLY,LOW,0.73,0.68,1,0
MIG-15973,customer_sessions,42158.08,41.17,9409355,2380,WRITE_HEAVY,ADD_INDEX_CONCURRENTLY,HIGH,0.32,0.76,1,0
MIG-15974,customer_sessions,25303.04,24.71,5648007,219,MIXED_OLTP,ADD_INDEX_CONCURRENTLY,LOW,0.19,0.23,1,0
MIG-15975,orders,230205.44,224.81,28100879,152,MIXED_OLTP,ADD_INDEX_LOCKING,LOW,24.5,16.62,1,0
MIG-15976,order_payments,57907.2,56.55,13919601,935,WRITE_HEAVY,ADD_INDEX_LOCKING,MEDIUM,11.35,22.41,1,0
MIG-15977,order_items,601722.88,587.62,94439116,2116,WRITE_HEAVY,ALTER_COLUMN_TYPE,HIGH,111.17,912.46,0,1
MIG-15978,orders,264099.84,257.91,32238841,274,WRITE_HEAVY,ADD_INDEX_CONCURRENTLY,LOW,1.04,1.16,1,0
MIG-15979,order_payments,135505.92,132.33,32574474,498,WRITE_HEAVY,ADD_COLUMN_DEFAULT,LOW,1.68,2.07,1,0
MIG-15980,order_items,424151.04,414.21,66568772,628,READ_HEAVY,ADD_COLUMN_DEFAULT,MEDIUM,4.0,4.07,1,0
MIG-15981,order_items,252702.72,246.78,39661668,1148,READ_HEAVY,TABLE_REWRITE,MEDIUM,131.43,185.9,0,1
MIG-15982,order_shipments,85391.36,83.39,22236781,162,ANALYTICAL_BATCH,DROP_COLUMN,LOW,0.61,0.93,1,0
MIG-15983,order_items,476774.4,465.6,74829225,2387,MIXED_OLTP,ADD_COLUMN_DEFAULT,HIGH,3.4,14.6,1,0
MIG-15984,order_payments,143697.92,140.33,34542448,2514,WRITE_HEAVY,ADD_INDEX_CONCURRENTLY,HIGH,0.7,3.04,1,0
MIG-15985,order_items,309391.36,302.14,48557412,114,WRITE_HEAVY,ADD_COLUMN_DEFAULT,LOW,2.38,2.99,1,0
MIG-15986,orders,62146.56,60.69,7586735,960,WRITE_HEAVY,ADD_INDEX_LOCKING,MEDIUM,9.07,17.21,1,0
MIG-15987,order_items,629954.56,615.19,98869292,820,WRITE_HEAVY,ADD_COLUMN_DEFAULT,MEDIUM,4.18,5.85,1,0
MIG-15988,customer_sessions,68413.44,66.81,15270996,4219,READ_HEAVY,DROP_COLUMN,CRITICAL,0.6,4.36,1,0
MIG-15989,order_items,228997.12,223.63,35940664,2232,WRITE_HEAVY,ADD_COLUMN_DEFAULT,HIGH,2.46,10.94,1,0
MIG-15990,orders,209653.76,204.74,25591952,972,WRITE_HEAVY,ADD_INDEX_CONCURRENTLY,MEDIUM,0.76,1.69,1,0
MIG-15991,order_payments,26705.92,26.08,6419877,4604,WRITE_HEAVY,DROP_COLUMN,CRITICAL,0.37,3.16,1,0
MIG-15992,customer_sessions,50319.36,49.14,11232450,700,MIXED_OLTP,ADD_INDEX_LOCKING,MEDIUM,9.3,9.61,1,0
MIG-15993,order_shipments,48527.36,47.39,12637306,1357,WRITE_HEAVY,ADD_INDEX_CONCURRENTLY,MEDIUM,0.36,0.57,1,0
MIG-15994,order_items,311490.56,304.19,48887976,5103,ANALYTICAL_BATCH,DROP_COLUMN,CRITICAL,1.91,26.55,1,0
MIG-15995,order_items,240885.76,235.24,37806104,2187,READ_HEAVY,ALTER_COLUMN_TYPE,HIGH,72.74,621.3,0,1
MIG-15996,order_items,256532.48,250.52,40262462,1408,WRITE_HEAVY,DROP_COLUMN,MEDIUM,1.33,2.3,1,0
MIG-15997,order_shipments,56145.92,54.83,14620843,1911,READ_HEAVY,DROP_COLUMN,HIGH,0.65,0.86,1,0
MIG-15998,order_shipments,39014.4,38.1,10159932,3513,READ_HEAVY,ADD_INDEX_LOCKING,CRITICAL,6.13,90.89,0,1
MIG-15999,order_shipments,57118.72,55.78,14875102,212,READ_HEAVY,ADD_COLUMN_DEFAULT,LOW,0.99,0.53,1,0
MIG-16000,order_items,412651.52,402.98,64765165,1280,READ_HEAVY,ADD_INDEX_CONCURRENTLY,MEDIUM,1.19,2.65,1,0
MIG-16001,orders,206438.4,201.6,25200008,637,WRITE_HEAVY,ADD_COLUMN_DEFAULT,MEDIUM,1.88,4.04,1,0
MIG-16002,order_items,464158.72,453.28,72848797,3761,WRITE_HEAVY,ADD_INDEX_CONCURRENTLY,CRITICAL,1.23,12.89,1,0
MIG-16003,orders,102676.48,100.27,12533710,158,WRITE_HEAVY,DROP_COLUMN,LOW,0.72,0.74,1,0
MIG-16004,orders,57815.04,56.46,7058118,277,MIXED_OLTP,ADD_INDEX_LOCKING,LOW,8.97,12.47,1,0
MIG-16005,order_items,544430.08,531.67,85447231,805,READ_HEAVY,ADD_INDEX_CONCURRENTLY,MEDIUM,1.82,2.51,1,0
MIG-16006,order_payments,131133.44,128.06,31522609,426,MIXED_OLTP,TABLE_REWRITE,LOW,73.65,94.45,0,1
MIG-16007,order_shipments,99624.96,97.29,25944013,2649,ANALYTICAL_BATCH,TABLE_REWRITE,HIGH,51.55,1179.75,0,1
MIG-16008,order_payments,141608.96,138.29,34039692,1384,READ_HEAVY,ADD_INDEX_CONCURRENTLY,MEDIUM,0.62,0.9,1,0
MIG-16009,order_shipments,71004.16,69.34,18490382,2119,MIXED_OLTP,ADD_COLUMN_DEFAULT,HIGH,0.86,1.89,1,0
MIG-16010,order_payments,133765.12,130.63,32155025,2296,READ_HEAVY,ADD_INDEX_CONCURRENTLY,HIGH,0.64,2.31,1,0
MIG-16011,order_payments,80302.08,78.42,19302642,1359,READ_HEAVY,TABLE_REWRITE,MEDIUM,61.71,84.54,0,1
MIG-16012,orders,223293.44,218.06,27258062,2569,READ_HEAVY,DROP_COLUMN,HIGH,1.39,4.32,1,0
MIG-16013,order_items,607733.76,593.49,95382097,479,WRITE_HEAVY,ADD_INDEX_LOCKING,LOW,53.23,62.69,0,1
MIG-16014,orders,225280.0,220.0,27499521,1480,WRITE_HEAVY,TABLE_REWRITE,MEDIUM,114.31,202.41,0,1
MIG-16015,orders,141117.44,137.81,17225664,1613,READ_HEAVY,DROP_COLUMN,HIGH,0.86,2.53,1,0
MIG-16016,orders,132710.4,129.6,16199499,735,WRITE_HEAVY,ALTER_COLUMN_TYPE,MEDIUM,48.75,69.8,0,1
MIG-16017,order_shipments,42608.64,41.61,11097323,384,WRITE_HEAVY,ADD_INDEX_CONCURRENTLY,LOW,0.26,0.36,1,0
MIG-16018,order_payments,70604.8,68.95,16971429,598,MIXED_OLTP,ADD_INDEX_CONCURRENTLY,MEDIUM,0.46,0.39,1,0
MIG-16019,customer_sessions,67276.8,65.7,15016303,585,READ_HEAVY,ADD_COLUMN_DEFAULT,MEDIUM,0.98,0.71,1,0
MIG-16020,customer_sessions,59586.56,58.19,13301604,1706,WRITE_HEAVY,ALTER_COLUMN_TYPE,HIGH,25.45,279.88,0,1
MIG-16021,order_shipments,39157.76,38.24,10197390,571,WRITE_HEAVY,ADD_INDEX_CONCURRENTLY,MEDIUM,0.27,0.32,1,0
MIG-16022,orders,206530.56,201.69,25211448,366,ANALYTICAL_BATCH,ADD_COLUMN_DEFAULT,LOW,2.21,3.49,1,0
MIG-16023,order_shipments,49899.52,48.73,12994942,3689,ANALYTICAL_BATCH,ALTER_COLUMN_TYPE,CRITICAL,25.31,415.81,0,1
MIG-16024,order_shipments,64696.32,63.18,16847886,477,READ_HEAVY,ADD_INDEX_CONCURRENTLY,LOW,0.36,0.39,1,0
MIG-16025,order_shipments,49152.0,48.0,12799976,3254,WRITE_HEAVY,DROP_COLUMN,CRITICAL,0.58,3.03,1,0
MIG-16026,orders,164526.08,160.67,20083992,2184,READ_HEAVY,ADD_INDEX_CONCURRENTLY,HIGH,0.82,1.75,1,0
MIG-16027,orders,210575.36,205.64,25704705,2494,WRITE_HEAVY,ADD_INDEX_CONCURRENTLY,HIGH,1.0,3.82,1,0
MIG-16028,customer_sessions,61501.44,60.06,13728281,860,MIXED_OLTP,ADD_COLUMN_DEFAULT,MEDIUM,0.91,1.7,1,0
MIG-16029,orders,215746.56,210.69,26335929,4790,READ_HEAVY,ADD_INDEX_LOCKING,CRITICAL,29.25,445.07,0,1
MIG-16030,order_items,316497.92,309.08,49674142,5101,MIXED_OLTP,ADD_INDEX_CONCURRENTLY,CRITICAL,0.99,8.36,1,0
MIG-16031,order_items,471050.24,460.01,73930130,2458,READ_HEAVY,ADD_COLUMN_DEFAULT,HIGH,3.56,12.58,1,0
MIG-16032,orders,101949.44,99.56,12445214,2410,MIXED_OLTP,ADD_INDEX_LOCKING,HIGH,14.51,191.15,0,1
MIG-16033,orders,154746.88,151.12,18890567,1075,READ_HEAVY,ADD_COLUMN_DEFAULT,MEDIUM,1.58,2.59,1,0
MIG-16034,customer_sessions,51957.76,50.74,11596739,497,READ_HEAVY,ADD_COLUMN_DEFAULT,LOW,0.67,1.02,1,0
MIG-16035,order_shipments,75376.64,73.61,19628015,4953,READ_HEAVY,ADD_COLUMN_DEFAULT,CRITICAL,1.09,9.3,1,0
MIG-16036,order_shipments,94074.88,91.87,24499113,124,READ_HEAVY,ALTER_COLUMN_TYPE,LOW,33.29,39.1,0,1
MIG-16037,orders,116561.92,113.83,14228753,1272,MIXED_OLTP,ALTER_COLUMN_TYPE,MEDIUM,44.63,79.7,0,1
MIG-16038,orders,236113.92,230.58,28822719,664,READ_HEAVY,ADD_INDEX_CONCURRENTLY,MEDIUM,1.09,1.62,1,0
MIG-16039,order_items,275261.44,268.81,43201064,2805,ANALYTICAL_BATCH,DROP_COLUMN,HIGH,1.9,8.23,1,0
MIG-16040,order_items,399523.84,390.16,62704662,1986,READ_HEAVY,ADD_COLUMN_DEFAULT,HIGH,3.23,7.08,1,0
MIG-16041,orders,232314.88,226.87,28358695,2539,WRITE_HEAVY,ADD_COLUMN_DEFAULT,HIGH,2.08,8.94,1,0
MIG-16042,order_payments,113264.64,110.61,27226708,395,WRITE_HEAVY,ADD_COLUMN_DEFAULT,LOW,1.24,1.44,1,0
MIG-16043,customer_sessions,70000.64,68.36,15625323,855,WRITE_HEAVY,ALTER_COLUMN_TYPE,MEDIUM,29.0,57.95,0,1
MIG-16044,order_items,535244.8,522.7,84005376,485,MIXED_OLTP,ADD_INDEX_LOCKING,LOW,42.99,51.27,0,1
MIG-16045,order_items,257310.72,251.28,40384128,4311,WRITE_HEAVY,DROP_COLUMN,CRITICAL,1.47,13.51,1,0
MIG-16046,order_items,627138.56,612.44,98427870,269,WRITE_HEAVY,ADD_INDEX_CONCURRENTLY,LOW,1.83,1.98,1,0
MIG-16047,orders,256399.36,250.39,31298957,4226,WRITE_HEAVY,DROP_COLUMN,CRITICAL,1.42,14.87,1,0
MIG-16048,orders,144302.08,140.92,17614714,223,MIXED_OLTP,ADD_COLUMN_DEFAULT,LOW,1.74,1.48,1,0
MIG-16049,order_items,139048.96,135.79,21823967,3269,ANALYTICAL_BATCH,ADD_COLUMN_DEFAULT,CRITICAL,1.67,10.52,1,0
MIG-16050,order_items,271319.04,264.96,42583230,1481,MIXED_OLTP,TABLE_REWRITE,MEDIUM,106.86,195.65,0,1
MIG-16051,order_items,546222.08,533.42,85728354,2717,WRITE_HEAVY,TABLE_REWRITE,HIGH,199.48,3070.95,0,1
MIG-16052,order_shipments,97300.48,95.02,25338801,2721,READ_HEAVY,TABLE_REWRITE,HIGH,65.08,454.19,0,1
MIG-16053,orders,233103.36,227.64,28455142,2869,WRITE_HEAVY,ADD_INDEX_LOCKING,HIGH,24.54,204.05,0,1
MIG-16054,orders,136908.8,133.7,16712067,2418,ANALYTICAL_BATCH,DROP_COLUMN,HIGH,1.05,4.68,1,0
MIG-16055,orders,61655.04,60.21,7526485,1484,WRITE_HEAVY,ADD_COLUMN_DEFAULT,MEDIUM,0.77,1.85,1,0
MIG-16056,orders,163635.2,159.8,19974736,5463,ANALYTICAL_BATCH,TABLE_REWRITE,CRITICAL,71.64,3361.5,0,1
MIG-16057,order_items,308940.8,301.7,48486983,1871,MIXED_OLTP,ADD_COLUMN_DEFAULT,HIGH,2.43,6.21,1,0
MIG-16058,order_shipments,28631.04,27.96,7456203,940,MIXED_OLTP,ADD_INDEX_CONCURRENTLY,MEDIUM,0.19,0.35,1,0
MIG-16059,order_shipments,27207.68,26.57,7086432,595,MIXED_OLTP,ADD_INDEX_CONCURRENTLY,MEDIUM,0.19,0.3,1,0
MIG-16060,order_items,193669.12,189.13,30395987,1202,WRITE_HEAVY,ALTER_COLUMN_TYPE,MEDIUM,68.33,90.47,0,1
MIG-16061,order_items,220917.76,215.74,34671717,3277,WRITE_HEAVY,ADD_COLUMN_DEFAULT,CRITICAL,1.99,10.41,1,0
MIG-16062,orders,215879.68,210.82,26352233,2644,READ_HEAVY,ADD_INDEX_LOCKING,HIGH,26.05,201.84,0,1
MIG-16063,order_items,311685.12,304.38,48917981,1304,WRITE_HEAVY,DROP_COLUMN,MEDIUM,1.63,4.2,1,0
MIG-16064,order_items,340193.28,332.22,53391988,2116,MIXED_OLTP,ADD_INDEX_CONCURRENTLY,HIGH,1.18,5.4,1,0
MIG-16065,order_shipments,68065.28,66.47,17725036,352,READ_HEAVY,ALTER_COLUMN_TYPE,LOW,23.88,29.87,0,1
MIG-16066,order_items,610211.84,595.91,95770811,1449,MIXED_OLTP,ALTER_COLUMN_TYPE,MEDIUM,134.12,265.13,0,1
MIG-16067,orders,216473.6,211.4,26424664,2634,MIXED_OLTP,ADD_INDEX_CONCURRENTLY,HIGH,0.9,3.54,1,0
MIG-16068,orders,191969.28,187.47,23434240,276,WRITE_HEAVY,ADD_INDEX_CONCURRENTLY,LOW,0.77,0.99,1,0
MIG-16069,orders,213678.08,208.67,26083467,1405,WRITE_HEAVY,DROP_COLUMN,MEDIUM,1.56,2.4,1,0
MIG-16070,order_shipments,78090.24,76.26,20336718,116,READ_HEAVY,ADD_INDEX_CONCURRENTLY,LOW,0.5,0.27,1,0
MIG-16071,orders,201820.16,197.09,24636730,190,WRITE_HEAVY,ADD_COLUMN_DEFAULT,LOW,2.34,2.44,1,0
MIG-16072,orders,158945.28,155.22,19402992,231,MIXED_OLTP,TABLE_REWRITE,LOW,87.64,103.81,0,1
MIG-16073,orders,174530.56,170.44,21304871,245,MIXED_OLTP,ADD_INDEX_CONCURRENTLY,LOW,0.65,0.58,1,0
MIG-16074,order_shipments,56709.12,55.38,14768215,1172,MIXED_OLTP,ADD_COLUMN_DEFAULT,MEDIUM,0.9,1.54,1,0
MIG-16075,order_items,318525.44,311.06,49991638,4980,READ_HEAVY,ADD_INDEX_CONCURRENTLY,CRITICAL,1.26,11.99,1,0
MIG-16076,order_items,254433.28,248.47,39932213,121,MIXED_OLTP,ADD_COLUMN_DEFAULT,LOW,2.14,3.27,1,0
MIG-16077,order_items,298014.72,291.03,46772269,3648,READ_HEAVY,ADD_COLUMN_DEFAULT,CRITICAL,3.09,18.34,1,0
MIG-16078,orders,143933.44,140.56,17570299,2726,ANALYTICAL_BATCH,ADD_INDEX_CONCURRENTLY,HIGH,0.73,2.75,1,0
MIG-16079,order_shipments,66488.32,64.93,17314595,302,MIXED_OLTP,ADD_INDEX_LOCKING,LOW,12.24,10.31,1,0
MIG-16080,orders,159713.28,155.97,19496627,810,MIXED_OLTP,ADD_INDEX_LOCKING,MEDIUM,23.44,31.66,0,1
MIG-16081,orders,73031.68,71.32,8914621,277,WRITE_HEAVY,ADD_COLUMN_DEFAULT,LOW,1.02,0.95,1,0
MIG-16082,order_items,290150.4,283.35,45537866,2408,MIXED_OLTP,ALTER_COLUMN_TYPE,HIGH,86.42,749.54,0,1
MIG-16083,orders,132362.24,129.26,16157223,2392,WRITE_HEAVY,ADD_INDEX_CONCURRENTLY,HIGH,0.61,2.12,1,0
MIG-16084,orders,205516.8,200.7,25087001,1329,READ_HEAVY,ADD_COLUMN_DEFAULT,MEDIUM,2.17,3.74,1,0
MIG-16085,order_shipments,46039.04,44.96,11990469,495,READ_HEAVY,ALTER_COLUMN_TYPE,LOW,20.78,31.43,0,1
MIG-16086,order_items,118794.24,116.01,18644421,423,WRITE_HEAVY,DROP_COLUMN,LOW,0.96,0.85,1,0
MIG-16087,orders,67809.28,66.22,8277088,1655,WRITE_HEAVY,TABLE_REWRITE,HIGH,46.38,227.01,0,1
MIG-16088,order_items,371189.76,362.49,58256871,268,WRITE_HEAVY,DROP_COLUMN,LOW,2.4,1.99,1,0
MIG-16089,order_payments,49203.2,48.05,11828670,984,MIXED_OLTP,TABLE_REWRITE,MEDIUM,34.23,42.43,0,1
MIG-16090,orders,158556.16,154.84,19354805,2444,MIXED_OLTP,ADD_INDEX_CONCURRENTLY,HIGH,0.6,1.61,1,0
MIG-16091,orders,176158.72,172.03,21503545,2938,ANALYTICAL_BATCH,ADD_INDEX_CONCURRENTLY,HIGH,0.64,3.61,1,0
MIG-16092,order_items,596428.8,582.45,93608470,278,MIXED_OLTP,ADD_COLUMN_DEFAULT,LOW,4.74,4.63,1,0
MIG-16093,order_items,453027.84,442.41,71101973,847,READ_HEAVY,ALTER_COLUMN_TYPE,MEDIUM,99.33,132.57,0,1
MIG-16094,customer_sessions,16343.04,15.96,3646986,1399,MIXED_OLTP,ADD_INDEX_CONCURRENTLY,MEDIUM,0.16,0.17,1,0
MIG-16095,order_items,311183.36,303.89,48839171,2610,READ_HEAVY,ADD_INDEX_CONCURRENTLY,HIGH,1.35,4.57,1,0
MIG-16096,orders,224655.36,219.39,27423338,958,WRITE_HEAVY,TABLE_REWRITE,MEDIUM,116.59,109.2,0,1
MIG-16097,order_items,249159.68,243.32,39105558,1429,ANALYTICAL_BATCH,DROP_COLUMN,MEDIUM,1.82,2.27,1,0
MIG-16098,order_items,592066.56,578.19,92922818,221,ANALYTICAL_BATCH,ADD_COLUMN_DEFAULT,LOW,4.23,5.54,1,0
MIG-16099,orders,166164.48,162.27,20283289,1860,WRITE_HEAVY,ADD_INDEX_CONCURRENTLY,HIGH,0.84,2.15,1,0
MIG-16100,order_items,162396.16,158.59,25488263,1532,MIXED_OLTP,ADD_INDEX_LOCKING,HIGH,17.01,142.03,0,1
MIG-16101,orders,102604.8,100.2,12525104,1622,WRITE_HEAVY,TABLE_REWRITE,HIGH,54.8,260.73,0,1
MIG-16102,order_shipments,93603.84,91.41,24376062,2796,ANALYTICAL_BATCH,ADD_INDEX_LOCKING,HIGH,14.28,209.97,0,1
MIG-16103,order_shipments,100669.44,98.31,26215530,3189,READ_HEAVY,ADD_INDEX_CONCURRENTLY,CRITICAL,0.43,3.14,1,0
MIG-16104,order_items,560087.04,546.96,87904287,4912,WRITE_HEAVY,ADD_COLUMN_DEFAULT,CRITICAL,3.64,39.9,0,1
MIG-16105,customer_sessions,35020.8,34.2,7817744,572,MIXED_OLTP,ADD_COLUMN_DEFAULT,MEDIUM,0.66,0.77,1,0
MIG-16106,customer_sessions,63938.56,62.44,14270993,192,READ_HEAVY,ALTER_COLUMN_TYPE,LOW,30.8,20.49,1,0
MIG-16107,orders,98304.0,96.0,12000146,3876,WRITE_HEAVY,ADD_INDEX_LOCKING,CRITICAL,12.96,274.62,0,1
MIG-16108,order_items,313139.2,305.8,49146305,1822,MIXED_OLTP,ADD_INDEX_LOCKING,HIGH,33.72,303.75,0,1
MIG-16109,order_items,474490.88,463.37,74470618,3315,MIXED_OLTP,ADD_COLUMN_DEFAULT,CRITICAL,4.28,26.45,0,1
MIG-16110,orders,263454.72,257.28,32160336,1488,READ_HEAVY,ADD_INDEX_CONCURRENTLY,MEDIUM,0.92,2.1,1,0
MIG-16111,order_items,341360.64,333.36,53575060,4012,MIXED_OLTP,ADD_INDEX_LOCKING,CRITICAL,36.78,586.33,0,1
MIG-16112,orders,158822.4,155.1,19387583,269,WRITE_HEAVY,DROP_COLUMN,LOW,1.22,1.33,1,0
MIG-16113,customer_sessions,28538.88,27.87,6370426,1254,WRITE_HEAVY,ADD_INDEX_CONCURRENTLY,MEDIUM,0.19,0.46,1,0
MIG-16114,order_items,322785.28,315.22,50661042,1413,MIXED_OLTP,ADD_INDEX_LOCKING,MEDIUM,29.9,44.03,0,1
MIG-16115,order_payments,34170.88,33.37,8214935,219,WRITE_HEAVY,ADD_INDEX_CONCURRENTLY,LOW,0.28,0.31,1,0
MIG-16116,order_items,557803.52,544.73,87545457,281,READ_HEAVY,ADD_INDEX_LOCKING,LOW,45.53,53.11,0,1
MIG-16117,orders,54312.96,53.04,6630033,291,ANALYTICAL_BATCH,ADD_INDEX_LOCKING,LOW,9.3,10.01,1,0
MIG-16118,order_shipments,75130.88,73.37,19564131,204,MIXED_OLTP,ADD_INDEX_CONCURRENTLY,LOW,0.39,0.54,1,0
MIG-16119,orders,109588.48,107.02,13376985,3318,READ_HEAVY,ADD_INDEX_LOCKING,CRITICAL,17.98,284.75,0,1
MIG-16120,orders,154460.16,150.84,18854954,5302,READ_HEAVY,ADD_COLUMN_DEFAULT,CRITICAL,1.85,13.26,1,0
MIG-16121,order_items,260003.84,253.91,40806233,4745,MIXED_OLTP,ADD_COLUMN_DEFAULT,CRITICAL,2.31,18.53,1,0
MIG-16122,order_payments,74557.44,72.81,17922035,4697,MIXED_OLTP,TABLE_REWRITE,CRITICAL,49.56,1263.24,0,1
MIG-16123,order_items,396881.92,387.58,62289008,1976,WRITE_HEAVY,ALTER_COLUMN_TYPE,HIGH,111.07,765.35,0,1
MIG-16124,orders,190904.32,186.43,23304122,4651,READ_HEAVY,ADD_COLUMN_DEFAULT,CRITICAL,1.85,18.95,1,0
MIG-16125,order_items,599961.6,585.9,94163177,154,WRITE_HEAVY,ADD_INDEX_LOCKING,LOW,46.69,59.98,0,1
MIG-16126,orders,122634.24,119.76,14969424,618,WRITE_HEAVY,ADD_COLUMN_DEFAULT,MEDIUM,1.34,2.13,1,0
MIG-16127,orders,178513.92,174.33,21791152,5386,WRITE_HEAVY,ALTER_COLUMN_TYPE,CRITICAL,60.73,1269.64,0,1
MIG-16128,order_items,580065.28,566.47,91039493,728,READ_HEAVY,ADD_COLUMN_DEFAULT,MEDIUM,3.52,4.48,1,0
MIG-16129,orders,113346.56,110.69,13836258,2654,MIXED_OLTP,ADD_COLUMN_DEFAULT,HIGH,1.34,3.96,1,0
MIG-16130,orders,240486.4,234.85,29356349,778,ANALYTICAL_BATCH,ADD_INDEX_CONCURRENTLY,MEDIUM,0.9,1.89,1,0
MIG-16131,order_items,608880.64,594.61,95561962,1152,READ_HEAVY,TABLE_REWRITE,MEDIUM,189.02,416.63,0,1
MIG-16132,order_payments,128163.84,125.16,30807818,1112,READ_HEAVY,ALTER_COLUMN_TYPE,MEDIUM,50.04,65.42,0,1
MIG-16133,orders,175196.16,171.09,21386233,2584,WRITE_HEAVY,ADD_INDEX_CONCURRENTLY,HIGH,0.83,2.91,1,0
MIG-16134,order_items,487372.8,475.95,76491358,1453,WRITE_HEAVY,DROP_COLUMN,MEDIUM,2.91,4.36,1,0
MIG-16135,orders,155555.84,151.91,18988778,925,WRITE_HEAVY,ADD_COLUMN_DEFAULT,MEDIUM,1.69,2.3,1,0
MIG-16136,customer_sessions,52869.12,51.63,11800483,2798,ANALYTICAL_BATCH,ADD_INDEX_CONCURRENTLY,HIGH,0.36,1.57,1,0
MIG-16137,orders,264693.76,258.49,32310799,798,WRITE_HEAVY,ADD_INDEX_CONCURRENTLY,MEDIUM,1.04,1.4,1,0
MIG-16138,orders,104693.76,102.24,12780255,1463,MIXED_OLTP,ALTER_COLUMN_TYPE,MEDIUM,35.75,87.45,0,1
MIG-16139,order_items,523714.56,511.44,82196316,2249,WRITE_HEAVY,ADD_INDEX_CONCURRENTLY,HIGH,1.47,3.52,1,0
MIG-16140,orders,161126.4,157.35,19668295,1344,READ_HEAVY,ADD_COLUMN_DEFAULT,MEDIUM,1.43,3.26,1,0
MIG-16141,orders,88268.8,86.2,10775577,5063,MIXED_OLTP,ALTER_COLUMN_TYPE,CRITICAL,31.63,875.16,0,1
MIG-16142,orders,191488.0,187.0,23375455,1134,ANALYTICAL_BATCH,ADD_INDEX_CONCURRENTLY,MEDIUM,0.78,1.05,1,0
MIG-16143,order_items,523653.12,511.38,82186579,5409,WRITE_HEAVY,ADD_COLUMN_DEFAULT,CRITICAL,3.64,50.41,0,1
MIG-16144,order_items,408217.6,398.65,64069221,2512,ANALYTICAL_BATCH,TABLE_REWRITE,HIGH,161.84,1342.52,0,1
MIG-16145,order_payments,126955.52,123.98,30518064,4513,WRITE_HEAVY,ADD_INDEX_LOCKING,CRITICAL,18.24,462.13,0,1
MIG-16146,order_payments,70461.44,68.81,16937016,1879,MIXED_OLTP,ADD_INDEX_CONCURRENTLY,HIGH,0.43,1.09,1,0
MIG-16147,order_items,586280.96,572.54,92015232,2064,WRITE_HEAVY,ADD_INDEX_CONCURRENTLY,HIGH,1.92,7.36,1,0
MIG-16148,order_shipments,72202.24,70.51,18803714,506,READ_HEAVY,ADD_INDEX_LOCKING,MEDIUM,13.62,16.85,1,0
MIG-16149,order_payments,122849.28,119.97,29530988,1218,MIXED_OLTP,ADD_INDEX_CONCURRENTLY,MEDIUM,0.66,0.78,1,0
MIG-16150,order_shipments,41072.64,40.11,10696478,1106,MIXED_OLTP,DROP_COLUMN,MEDIUM,0.42,0.68,1,0
MIG-16151,order_payments,80076.8,78.2,19248495,1197,MIXED_OLTP,ADD_INDEX_CONCURRENTLY,MEDIUM,0.45,0.67,1,0
MIG-16152,order_items,584140.8,570.45,91679010,351,WRITE_HEAVY,ALTER_COLUMN_TYPE,LOW,136.38,128.21,0,1
MIG-16153,orders,60405.76,58.99,7374179,1871,MIXED_OLTP,ADD_COLUMN_DEFAULT,HIGH,0.92,2.15,1,0
MIG-16154,order_items,323184.64,315.61,50722518,499,WRITE_HEAVY,ADD_COLUMN_DEFAULT,LOW,2.8,2.74,1,0
MIG-16155,orders,221747.2,216.55,27068603,935,WRITE_HEAVY,ADD_INDEX_LOCKING,MEDIUM,24.47,50.51,0,1
MIG-16156,order_items,498565.12,486.88,78248989,379,WRITE_HEAVY,ADD_INDEX_CONCURRENTLY,LOW,1.38,1.5,1,0
MIG-16157,orders,237516.8,231.95,28993816,153,WRITE_HEAVY,DROP_COLUMN,LOW,1.43,1.48,1,0
MIG-16158,orders,212695.04,207.71,25963539,1096,WRITE_HEAVY,TABLE_REWRITE,MEDIUM,92.06,148.39,0,1
MIG-16159,customer_sessions,75438.08,73.67,16838126,4005,MIXED_OLTP,DROP_COLUMN,CRITICAL,0.59,5.17,1,0
MIG-16160,order_payments,86323.2,84.3,20749875,1427,WRITE_HEAVY,ADD_INDEX_CONCURRENTLY,MEDIUM,0.46,0.88,1,0
MIG-16161,order_items,436879.36,426.64,68567476,4906,READ_HEAVY,ALTER_COLUMN_TYPE,CRITICAL,93.6,1370.23,0,1
MIG-16162,order_items,552181.76,539.24,86664166,473,WRITE_HEAVY,ADD_INDEX_CONCURRENTLY,LOW,1.62,2.04,1,0
MIG-16163,order_items,476825.6,465.65,74836966,813,MIXED_OLTP,ADD_COLUMN_DEFAULT,MEDIUM,3.55,6.02,1,0
MIG-16164,order_shipments,26900.48,26.27,7004425,364,WRITE_HEAVY,ADD_INDEX_CONCURRENTLY,LOW,0.18,0.24,1,0
MIG-16165,order_payments,70594.56,68.94,16969497,1133,WRITE_HEAVY,ADD_INDEX_LOCKING,MEDIUM,10.6,16.94,1,0
MIG-16166,order_items,399882.24,390.51,62759854,200,READ_HEAVY,ADD_INDEX_CONCURRENTLY,LOW,1.29,1.11,1,0
MIG-16167,order_items,504197.12,492.38,79132121,231,ANALYTICAL_BATCH,ADD_INDEX_CONCURRENTLY,LOW,1.68,2.36,1,0
MIG-16168,order_items,395223.04,385.96,62028973,2512,ANALYTICAL_BATCH,ADD_COLUMN_DEFAULT,HIGH,2.83,14.3,1,0
MIG-16169,order_payments,119777.28,116.97,28793418,1720,READ_HEAVY,ADD_INDEX_CONCURRENTLY,HIGH,0.66,1.23,1,0
MIG-16170,customer_sessions,68372.48,66.77,15261576,900,ANALYTICAL_BATCH,ADD_INDEX_LOCKING,MEDIUM,10.21,20.02,1,0
MIG-16171,order_items,251514.88,245.62,39475389,4853,READ_HEAVY,ADD_COLUMN_DEFAULT,CRITICAL,2.03,18.27,1,0
MIG-16172,order_items,432650.24,422.51,67903952,2761,ANALYTICAL_BATCH,DROP_COLUMN,HIGH,2.25,10.13,1,0
MIG-16173,order_items,402206.72,392.78,63125940,1089,WRITE_HEAVY,ADD_INDEX_CONCURRENTLY,MEDIUM,1.48,2.58,1,0
MIG-16174,order_items,232007.68,226.57,36412697,1169,WRITE_HEAVY,ALTER_COLUMN_TYPE,MEDIUM,62.7,92.21,0,1
MIG-16175,customer_sessions,45936.64,44.86,10254244,1325,WRITE_HEAVY,ADD_COLUMN_DEFAULT,MEDIUM,0.67,1.32,1,0
MIG-16176,order_payments,92344.32,90.18,22198766,1846,MIXED_OLTP,ADD_COLUMN_DEFAULT,HIGH,1.13,2.84,1,0
MIG-16177,order_items,536514.56,523.94,84204529,1178,WRITE_HEAVY,ADD_INDEX_CONCURRENTLY,MEDIUM,1.65,3.37,1,0
MIG-16178,order_items,352604.16,344.34,55340139,394,WRITE_HEAVY,TABLE_REWRITE,LOW,140.25,134.4,0,1
MIG-16179,order_items,156446.72,152.78,24554194,1317,READ_HEAVY,DROP_COLUMN,MEDIUM,1.29,2.19,1,0
MIG-16180,orders,156938.24,153.26,19156990,1108,ANALYTICAL_BATCH,ADD_INDEX_CONCURRENTLY,MEDIUM,0.72,1.04,1,0
MIG-16181,order_items,547153.92,534.33,85874026,654,READ_HEAVY,ADD_INDEX_CONCURRENTLY,MEDIUM,1.63,2.18,1,0
MIG-16182,order_shipments,65812.48,64.27,17139117,550,MIXED_OLTP,ADD_COLUMN_DEFAULT,MEDIUM,0.9,1.19,1,0
MIG-16183,order_payments,64829.44,63.31,15583318,4536,WRITE_HEAVY,ADD_INDEX_CONCURRENTLY,CRITICAL,0.43,2.17,1,0
MIG-16184,orders,252856.32,246.93,30866215,776,ANALYTICAL_BATCH,DROP_COLUMN,MEDIUM,1.74,2.6,1,0
MIG-16185,order_payments,45271.04,44.21,10882759,867,WRITE_HEAVY,ADD_COLUMN_DEFAULT,MEDIUM,0.65,1.31,1,0
MIG-16186,order_payments,65781.76,64.24,15814076,284,WRITE_HEAVY,ADD_COLUMN_DEFAULT,LOW,0.86,1.33,1,0
MIG-16187,orders,145838.08,142.42,17802636,1246,READ_HEAVY,ADD_INDEX_LOCKING,MEDIUM,15.85,30.96,0,1
MIG-16188,order_items,495554.56,483.94,77776208,2031,WRITE_HEAVY,ADD_COLUMN_DEFAULT,HIGH,3.63,13.13,1,0
MIG-16189,order_items,546017.28,533.22,85695490,4450,MIXED_OLTP,ADD_INDEX_CONCURRENTLY,CRITICAL,1.76,16.36,1,0
MIG-16190,order_shipments,23285.76,22.74,6064906,2246,MIXED_OLTP,ADD_COLUMN_DEFAULT,HIGH,0.48,0.96,1,0
MIG-16191,orders,224337.92,219.08,27384967,121,WRITE_HEAVY,ALTER_COLUMN_TYPE,LOW,66.45,59.3,0,1
MIG-16192,orders,208517.12,203.63,25454267,4728,WRITE_HEAVY,ALTER_COLUMN_TYPE,CRITICAL,60.68,1208.14,0,1
MIG-16193,order_items,576409.6,562.9,90466836,2300,WRITE_HEAVY,ADD_INDEX_LOCKING,HIGH,51.43,312.92,0,1
MIG-16194,orders,248320.0,242.5,30311960,188,WRITE_HEAVY,ALTER_COLUMN_TYPE,LOW,61.89,59.92,0,1
MIG-16195,order_items,515962.88,503.87,80979570,4860,ANALYTICAL_BATCH,ADD_INDEX_CONCURRENTLY,CRITICAL,1.66,15.0,1,0
MIG-16196,order_payments,49408.0,48.25,11877837,1649,READ_HEAVY,ADD_INDEX_CONCURRENTLY,HIGH,0.33,0.58,1,0
MIG-16197,orders,118579.2,115.8,14474530,1894,WRITE_HEAVY,ADD_INDEX_CONCURRENTLY,HIGH,0.68,1.46,1,0
MIG-16198,order_items,597923.84,583.91,93841895,739,WRITE_HEAVY,ADD_INDEX_CONCURRENTLY,MEDIUM,2.0,1.74,1,0
MIG-16199,customer_sessions,52920.32,51.68,11813695,1154,MIXED_OLTP,ALTER_COLUMN_TYPE,MEDIUM,19.63,36.7,0,1
MIG-16200,order_items,392744.96,383.54,61639619,2984,MIXED_OLTP,ADD_INDEX_CONCURRENTLY,HIGH,1.59,7.13,1,0
MIG-16201,order_items,587284.48,573.52,92172464,1340,ANALYTICAL_BATCH,ADD_COLUMN_DEFAULT,MEDIUM,4.55,10.04,1,0
MIG-16202,order_items,565862.4,552.6,88810084,3345,WRITE_HEAVY,ADD_INDEX_CONCURRENTLY,CRITICAL,1.91,9.9,1,0
MIG-16203,orders,210063.36,205.14,25642396,126,READ_HEAVY,ALTER_COLUMN_TYPE,LOW,62.65,69.97,0,1
MIG-16204,orders,244295.68,238.57,29820812,1289,WRITE_HEAVY,ADD_INDEX_LOCKING,MEDIUM,22.98,60.66,0,1
MIG-16205,order_payments,40263.68,39.32,9678447,2367,MIXED_OLTP,ADD_INDEX_LOCKING,HIGH,7.81,60.18,0,1
MIG-16206,order_items,505651.2,493.8,79361061,858,READ_HEAVY,ADD_COLUMN_DEFAULT,MEDIUM,3.6,6.52,1,0
MIG-16207,orders,262737.92,256.58,32072285,1387,MIXED_OLTP,TABLE_REWRITE,MEDIUM,125.83,237.08,0,1
MIG-16208,orders,59985.92,58.58,7322373,1767,WRITE_HEAVY,ALTER_COLUMN_TYPE,HIGH,22.45,289.02,0,1
MIG-16209,order_shipments,36935.68,36.07,9617786,1689,MIXED_OLTP,DROP_COLUMN,HIGH,0.36,1.25,1,0
MIG-16210,orders,224768.0,219.5,27437146,999,WRITE_HEAVY,DROP_COLUMN,MEDIUM,1.18,2.9,1,0
MIG-16211,order_payments,88934.4,86.85,21377358,769,MIXED_OLTP,ADD_COLUMN_DEFAULT,MEDIUM,1.31,2.17,1,0
MIG-16212,order_items,159395.84,155.66,25016086,1848,WRITE_HEAVY,ADD_INDEX_LOCKING,HIGH,22.57,213.57,0,1
MIG-16213,order_items,252979.2,247.05,39704600,1125,MIXED_OLTP,TABLE_REWRITE,MEDIUM,119.08,151.62,0,1
MIG-16214,orders,120832.0,118.0,14749609,1957,WRITE_HEAVY,ADD_COLUMN_DEFAULT,HIGH,1.61,3.14,1,0
MIG-16215,orders,120166.4,117.35,14668693,2377,MIXED_OLTP,ADD_INDEX_CONCURRENTLY,HIGH,0.59,2.05,1,0
MIG-16216,order_items,567654.4,554.35,89091492,1066,MIXED_OLTP,ADD_INDEX_CONCURRENTLY,MEDIUM,1.92,3.42,1,0
MIG-16217,order_payments,105943.04,103.46,25466649,417,READ_HEAVY,TABLE_REWRITE,LOW,72.94,55.91,0,1
MIG-16218,orders,211701.76,206.74,25842766,490,WRITE_HEAVY,ADD_COLUMN_DEFAULT,LOW,1.93,2.66,1,0
MIG-16219,order_items,121692.16,118.84,19099177,1129,WRITE_HEAVY,TABLE_REWRITE,MEDIUM,57.82,162.77,0,1
MIG-16220,order_items,335329.28,327.47,52628472,1930,WRITE_HEAVY,DROP_COLUMN,HIGH,2.13,7.09,1,0
MIG-16221,orders,119449.6,116.65,14581156,2363,READ_HEAVY,ADD_INDEX_CONCURRENTLY,HIGH,0.67,1.84,1,0
MIG-16222,order_items,554362.88,541.37,87005957,4205,WRITE_HEAVY,DROP_COLUMN,CRITICAL,3.17,24.14,1,0
MIG-16223,orders,260136.96,254.04,31754480,951,WRITE_HEAVY,ADD_INDEX_CONCURRENTLY,MEDIUM,1.13,1.77,1,0
MIG-16224,order_items,333168.64,325.36,52290608,2017,WRITE_HEAVY,ADD_COLUMN_DEFAULT,HIGH,2.5,9.68,1,0
MIG-16225,orders,264376.32,258.18,32272636,1617,WRITE_HEAVY,ADD_COLUMN_DEFAULT,HIGH,2.08,6.68,1,0
MIG-16226,order_items,122101.76,119.24,19163095,746,WRITE_HEAVY,DROP_COLUMN,MEDIUM,0.81,1.15,1,0
MIG-16227,order_items,282787.84,276.16,44383271,2386,MIXED_OLTP,ADD_COLUMN_DEFAULT,HIGH,2.55,7.52,1,0
MIG-16228,order_items,514631.68,502.57,80769425,570,WRITE_HEAVY,ADD_COLUMN_DEFAULT,MEDIUM,3.79,5.6,1,0
MIG-16229,order_items,300533.76,293.49,47168070,656,ANALYTICAL_BATCH,ALTER_COLUMN_TYPE,MEDIUM,87.49,137.77,0,1
MIG-16230,order_shipments,94822.4,92.6,24692786,4425,MIXED_OLTP,ADD_INDEX_CONCURRENTLY,CRITICAL,0.46,3.15,1,0
MIG-16231,order_items,227440.64,222.11,35695656,1495,READ_HEAVY,TABLE_REWRITE,MEDIUM,126.33,267.2,0,1
MIG-16232,order_shipments,84428.8,82.45,21986401,166,MIXED_OLTP,ADD_COLUMN_DEFAULT,LOW,1.03,0.77,1,0
MIG-16233,orders,93767.68,91.57,11445960,578,READ_HEAVY,DROP_COLUMN,MEDIUM,0.86,0.6,1,0
MIG-16234,order_items,216412.16,211.34,33965498,3874,READ_HEAVY,ADD_INDEX_CONCURRENTLY,CRITICAL,0.94,4.57,1,0
MIG-16235,orders,147742.72,144.28,18035232,130,WRITE_HEAVY,ADD_INDEX_CONCURRENTLY,LOW,0.62,0.73,1,0
MIG-16236,order_items,602368.0,588.25,94540187,5240,MIXED_OLTP,ADD_INDEX_LOCKING,CRITICAL,43.67,1978.6,0,1
MIG-16237,order_payments,96768.0,94.5,23261102,4968,WRITE_HEAVY,ALTER_COLUMN_TYPE,CRITICAL,30.8,1421.92,0,1
MIG-16238,order_shipments,71106.56,69.44,18516710,616,READ_HEAVY,ADD_COLUMN_DEFAULT,MEDIUM,1.03,1.21,1,0
MIG-16239,order_items,119715.84,116.91,18788346,601,WRITE_HEAVY,ADD_INDEX_CONCURRENTLY,MEDIUM,0.67,0.76,1,0
MIG-16240,order_items,143902.72,140.53,22585831,316,READ_HEAVY,ADD_INDEX_LOCKING,LOW,19.85,16.62,1,0
MIG-16241,orders,63959.04,62.46,7807218,262,READ_HEAVY,ALTER_COLUMN_TYPE,LOW,27.1,29.2,0,1
MIG-16242,orders,230440.96,225.04,28130338,1193,WRITE_HEAVY,DROP_COLUMN,MEDIUM,1.4,2.88,1,0
MIG-16243,order_payments,54999.04,53.71,13221341,2891,WRITE_HEAVY,ADD_INDEX_CONCURRENTLY,HIGH,0.33,1.46,1,0
MIG-16244,orders,121886.72,119.03,14878630,3835,MIXED_OLTP,ADD_COLUMN_DEFAULT,CRITICAL,1.25,11.58,1,0
MIG-16245,orders,184064.0,179.75,22468725,415,WRITE_HEAVY,TABLE_REWRITE,LOW,105.99,117.19,0,1
MIG-16246,customer_sessions,52008.96,50.79,11608942,832,WRITE_HEAVY,ADD_INDEX_CONCURRENTLY,MEDIUM,0.32,0.44,1,0
MIG-16247,customer_sessions,40816.64,39.86,9111624,732,WRITE_HEAVY,ADD_INDEX_CONCURRENTLY,MEDIUM,0.28,0.53,1,0
MIG-16248,order_items,116910.08,114.17,18348316,1470,ANALYTICAL_BATCH,ADD_INDEX_LOCKING,MEDIUM,18.8,38.07,1,0
MIG-16249,order_items,346726.4,338.6,54417808,751,MIXED_OLTP,ADD_COLUMN_DEFAULT,MEDIUM,3.32,3.98,1,0
MIG-16250,order_shipments,79718.4,77.85,20759864,3358,READ_HEAVY,ADD_INDEX_CONCURRENTLY,CRITICAL,0.49,2.21,1,0
MIG-16251,orders,101181.44,98.81,12351461,1092,MIXED_OLTP,DROP_COLUMN,MEDIUM,0.92,1.25,1,0
MIG-16252,order_items,480266.24,469.01,75376998,338,MIXED_OLTP,TABLE_REWRITE,LOW,216.7,164.05,0,1
MIG-16253,order_items,122511.36,119.64,19227378,2229,MIXED_OLTP,ALTER_COLUMN_TYPE,HIGH,40.48,428.27,0,1
MIG-16254,order_shipments,93747.2,91.55,24412968,134,MIXED_OLTP,ADD_INDEX_CONCURRENTLY,LOW,0.57,0.42,1,0
MIG-16255,order_shipments,97228.8,94.95,25320846,3291,MIXED_OLTP,ALTER_COLUMN_TYPE,CRITICAL,34.06,782.61,0,1
MIG-16256,order_payments,26920.96,26.29,6470890,4894,READ_HEAVY,DROP_COLUMN,CRITICAL,0.33,2.36,1,0
MIG-16257,orders,150415.36,146.89,18361097,163,WRITE_HEAVY,ADD_INDEX_CONCURRENTLY,LOW,0.64,0.74,1,0
MIG-16258,order_items,328263.68,320.57,51519577,775,WRITE_HEAVY,ADD_INDEX_CONCURRENTLY,MEDIUM,0.97,1.88,1,0
MIG-16259,orders,235366.4,229.85,28730850,2704,WRITE_HEAVY,TABLE_REWRITE,HIGH,126.05,1498.21,0,1
MIG-16260,order_shipments,63283.2,61.8,16479586,838,READ_HEAVY,ADD_INDEX_CONCURRENTLY,MEDIUM,0.31,0.44,1,0
MIG-16261,orders,184371.2,180.05,22506867,844,ANALYTICAL_BATCH,ADD_INDEX_CONCURRENTLY,MEDIUM,0.68,1.29,1,0
MIG-16262,orders,93941.76,91.74,11467662,5290,MIXED_OLTP,DROP_COLUMN,CRITICAL,0.87,5.59,1,0
MIG-16263,order_payments,35860.48,35.02,8619462,1299,MIXED_OLTP,ADD_INDEX_LOCKING,MEDIUM,7.22,11.38,1,0
MIG-16264,order_items,471992.32,460.93,74078818,1208,MIXED_OLTP,ADD_INDEX_CONCURRENTLY,MEDIUM,1.34,2.42,1,0
MIG-16265,order_shipments,69908.48,68.27,18206601,175,ANALYTICAL_BATCH,ADD_INDEX_LOCKING,LOW,11.39,12.13,1,0
MIG-16266,orders,233246.72,227.78,28472875,784,MIXED_OLTP,ADD_INDEX_LOCKING,MEDIUM,24.78,39.6,0,1
MIG-16267,order_shipments,88494.08,86.42,23045162,4498,WRITE_HEAVY,ADD_INDEX_LOCKING,CRITICAL,15.55,168.41,0,1
MIG-16268,orders,188723.2,184.3,23037952,2758,READ_HEAVY,ADD_INDEX_LOCKING,HIGH,19.55,220.18,0,1
MIG-16269,orders,168232.96,164.29,20535757,2257,READ_HEAVY,ADD_INDEX_CONCURRENTLY,HIGH,0.7,1.72,1,0
MIG-16270,order_items,586403.84,572.66,92034669,397,WRITE_HEAVY,ALTER_COLUMN_TYPE,LOW,145.74,156.05,0,1
MIG-16271,orders,226375.68,221.07,27634131,3815,WRITE_HEAVY,DROP_COLUMN,CRITICAL,1.26,9.64,1,0
MIG-16272,order_items,570101.76,556.74,89476424,865,WRITE_HEAVY,ADD_COLUMN_DEFAULT,MEDIUM,4.48,6.03,1,0
MIG-16273,orders,269414.4,263.1,32887704,1108,WRITE_HEAVY,ADD_INDEX_CONCURRENTLY,MEDIUM,0.86,1.21,1,0
MIG-16274,orders,138403.84,135.16,16894656,1066,WRITE_HEAVY,DROP_COLUMN,MEDIUM,1.15,1.87,1,0
MIG-16275,order_payments,112517.12,109.88,27047718,624,ANALYTICAL_BATCH,ADD_INDEX_CONCURRENTLY,MEDIUM,0.62,0.94,1,0
MIG-16276,orders,201338.88,196.62,24577831,888,WRITE_HEAVY,ADD_COLUMN_DEFAULT,MEDIUM,2.23,3.56,1,0
MIG-16277,order_payments,47482.88,46.37,11415310,1356,MIXED_OLTP,ADD_INDEX_CONCURRENTLY,MEDIUM,0.28,0.64,1,0
MIG-16278,order_payments,102891.52,100.48,24732599,1033,WRITE_HEAVY,DROP_COLUMN,MEDIUM,0.87,0.87,1,0
MIG-16279,orders,143841.28,140.47,17558410,1243,ANALYTICAL_BATCH,ADD_INDEX_CONCURRENTLY,MEDIUM,0.75,1.17,1,0
MIG-16280,order_payments,80609.28,78.72,19378304,2739,MIXED_OLTP,DROP_COLUMN,HIGH,0.84,2.54,1,0
MIG-16281,orders,88995.84,86.91,10863725,786,ANALYTICAL_BATCH,DROP_COLUMN,MEDIUM,0.74,1.31,1,0
MIG-16282,order_items,499046.4,487.35,78323887,3587,READ_HEAVY,ADD_COLUMN_DEFAULT,CRITICAL,3.51,20.4,1,0
MIG-16283,orders,203530.24,198.76,24844406,332,READ_HEAVY,ALTER_COLUMN_TYPE,LOW,49.58,48.88,0,1
MIG-16284,order_shipments,62586.88,61.12,16297467,291,READ_HEAVY,ADD_COLUMN_DEFAULT,LOW,0.76,0.98,1,0
MIG-16285,order_items,195573.76,190.99,30694254,460,READ_HEAVY,ADD_INDEX_LOCKING,LOW,22.23,16.32,1,0
MIG-16286,order_items,402083.84,392.66,63106047,173,MIXED_OLTP,ADD_COLUMN_DEFAULT,LOW,3.86,2.24,1,0
MIG-16287,customer_sessions,20797.44,20.31,4641921,922,WRITE_HEAVY,ADD_INDEX_LOCKING,MEDIUM,4.41,9.11,1,0
MIG-16288,order_items,289832.96,283.04,45489134,548,WRITE_HEAVY,ALTER_COLUMN_TYPE,MEDIUM,65.97,107.77,0,1
MIG-16289,order_shipments,49315.84,48.16,12842929,245,MIXED_OLTP,ADD_COLUMN_DEFAULT,LOW,0.8,0.83,1,0
MIG-16290,order_payments,132464.64,129.36,31842651,1087,WRITE_HEAVY,TABLE_REWRITE,MEDIUM,69.24,115.85,0,1
MIG-16291,customer_sessions,41144.32,40.18,9184093,1298,MIXED_OLTP,ADD_INDEX_CONCURRENTLY,MEDIUM,0.25,0.57,1,0
MIG-16292,order_shipments,68075.52,66.48,17726949,2766,WRITE_HEAVY,ALTER_COLUMN_TYPE,HIGH,32.75,414.89,0,1
MIG-16293,customer_sessions,70768.64,69.11,15796817,501,READ_HEAVY,ADD_COLUMN_DEFAULT,MEDIUM,1.1,1.04,1,0
MIG-16294,orders,143319.04,139.96,17495504,5180,WRITE_HEAVY,ADD_INDEX_CONCURRENTLY,CRITICAL,0.78,5.62,1,0
MIG-16295,order_payments,132495.36,129.39,31850661,374,READ_HEAVY,DROP_COLUMN,LOW,1.1,1.1,1,0
MIG-16296,order_shipments,29747.2,29.05,7747564,701,MIXED_OLTP,ADD_INDEX_CONCURRENTLY,MEDIUM,0.2,0.29,1,0
MIG-16297,order_items,302981.12,295.88,47552295,715,MIXED_OLTP,ALTER_COLUMN_TYPE,MEDIUM,89.5,138.31,0,1
MIG-16298,orders,70103.04,68.46,8557635,2665,WRITE_HEAVY,ADD_INDEX_LOCKING,HIGH,10.17,114.6,0,1
MIG-16299,customer_sessions,50524.16,49.34,11277386,377,WRITE_HEAVY,DROP_COLUMN,LOW,0.55,0.9,1,0
MIG-16300,orders,260884.48,254.77,31846615,3515,MIXED_OLTP,ADD_INDEX_CONCURRENTLY,CRITICAL,0.83,5.83,1,0
MIG-16301,order_items,453734.4,443.1,71213098,2156,WRITE_HEAVY,TABLE_REWRITE,HIGH,164.99,1505.07,0,1
MIG-16302,order_items,437800.96,427.54,68712125,1358,WRITE_HEAVY,ALTER_COLUMN_TYPE,MEDIUM,115.31,165.12,0,1
MIG-16303,orders,110673.92,108.08,13510283,520,READ_HEAVY,ADD_INDEX_LOCKING,MEDIUM,13.6,15.73,1,0
MIG-16304,order_payments,138178.56,134.94,33215874,1011,MIXED_OLTP,ADD_COLUMN_DEFAULT,MEDIUM,1.51,2.51,1,0
MIG-16305,orders,153446.4,149.85,18731439,449,WRITE_HEAVY,ADD_COLUMN_DEFAULT,LOW,1.96,2.12,1,0
MIG-16306,order_payments,58613.76,57.24,14089659,3009,WRITE_HEAVY,ADD_COLUMN_DEFAULT,CRITICAL,1.01,4.25,1,0
MIG-16307,order_shipments,100352.0,98.0,26134319,2319,ANALYTICAL_BATCH,ALTER_COLUMN_TYPE,HIGH,37.19,394.19,0,1
MIG-16308,order_items,333056.0,325.25,52273038,323,ANALYTICAL_BATCH,ADD_COLUMN_DEFAULT,LOW,3.17,3.9,1,0
MIG-16309,order_payments,71137.28,69.47,17099170,225,MIXED_OLTP,ADD_INDEX_CONCURRENTLY,LOW,0.42,0.36,1,0
MIG-16310,orders,56883.2,55.55,6943954,1039,MIXED_OLTP,ADD_INDEX_CONCURRENTLY,MEDIUM,0.34,0.72,1,0
MIG-16311,order_shipments,33218.56,32.44,8651171,2555,ANALYTICAL_BATCH,ADD_COLUMN_DEFAULT,HIGH,0.6,2.52,1,0
MIG-16312,customer_sessions,66539.52,64.98,14852355,783,READ_HEAVY,DROP_COLUMN,MEDIUM,0.53,0.61,1,0
MIG-16313,orders,155914.24,152.26,19032767,2243,MIXED_OLTP,ALTER_COLUMN_TYPE,HIGH,45.27,390.87,0,1
MIG-16314,order_payments,141025.28,137.72,33900392,314,READ_HEAVY,TABLE_REWRITE,LOW,75.75,83.5,0,1
MIG-16315,order_items,157982.72,154.28,24794750,3087,WRITE_HEAVY,ADD_INDEX_CONCURRENTLY,CRITICAL,0.81,3.45,1,0
MIG-16316,order_items,432578.56,422.44,67891418,185,MIXED_OLTP,ADD_INDEX_CONCURRENTLY,LOW,1.7,1.65,1,0
MIG-16317,order_payments,112885.76,110.24,27135543,1150,MIXED_OLTP,ADD_COLUMN_DEFAULT,MEDIUM,1.28,1.48,1,0
MIG-16318,order_items,435281.92,425.08,68315833,4222,WRITE_HEAVY,ADD_INDEX_LOCKING,CRITICAL,40.3,865.52,0,1
MIG-16319,order_items,388157.44,379.06,60920082,2954,READ_HEAVY,ALTER_COLUMN_TYPE,HIGH,101.38,1065.18,0,1
MIG-16320,orders,177059.84,172.91,21614054,1350,MIXED_OLTP,ADD_INDEX_CONCURRENTLY,MEDIUM,0.88,1.37,1,0
MIG-16321,order_items,470558.72,459.53,73853516,3554,WRITE_HEAVY,ADD_INDEX_CONCURRENTLY,CRITICAL,1.72,8.36,1,0
MIG-16322,order_shipments,90030.08,87.92,23446492,498,MIXED_OLTP,ALTER_COLUMN_TYPE,LOW,39.8,40.16,0,1
MIG-16323,orders,123545.6,120.65,15081305,445,WRITE_HEAVY,DROP_COLUMN,LOW,1.08,1.4,1,0
MIG-16324,order_items,351918.08,343.67,55231980,268,READ_HEAVY,ADD_COLUMN_DEFAULT,LOW,3.46,2.86,1,0
MIG-16325,orders,189808.64,185.36,23169558,1120,ANALYTICAL_BATCH,ADD_INDEX_CONCURRENTLY,MEDIUM,0.92,1.72,1,0
MIG-16326,order_shipments,44492.8,43.45,11587064,1919,MIXED_OLTP,ADD_INDEX_CONCURRENTLY,HIGH,0.27,0.62,1,0
MIG-16327,order_items,206960.64,202.11,32481412,577,MIXED_OLTP,ADD_INDEX_CONCURRENTLY,MEDIUM,0.78,0.86,1,0
MIG-16328,order_items,613324.8,598.95,96259669,737,MIXED_OLTP,DROP_COLUMN,MEDIUM,3.2,3.49,1,0
MIG-16329,orders,92221.44,90.06,11257679,2594,READ_HEAVY,ADD_INDEX_LOCKING,HIGH,13.28,96.64,0,1
MIG-16330,order_items,234803.2,229.3,36851380,1070,MIXED_OLTP,ADD_COLUMN_DEFAULT,MEDIUM,2.39,3.7,1,0
MIG-16331,customer_sessions,54251.52,52.98,12109079,276,WRITE_HEAVY,DROP_COLUMN,LOW,0.46,0.68,1,0
MIG-16332,order_items,154613.76,150.99,24266833,980,READ_HEAVY,ADD_INDEX_CONCURRENTLY,MEDIUM,0.83,1.19,1,0
MIG-16333,order_items,132259.84,129.16,20757859,2690,READ_HEAVY,ADD_INDEX_CONCURRENTLY,HIGH,0.51,1.73,1,0
MIG-16334,order_payments,34293.76,33.49,8243591,1196,READ_HEAVY,ADD_INDEX_CONCURRENTLY,MEDIUM,0.2,0.4,1,0
MIG-16335,order_items,178298.88,174.12,27984355,4589,READ_HEAVY,ADD_INDEX_CONCURRENTLY,CRITICAL,0.7,7.1,1,0
MIG-16336,order_items,336199.68,328.32,52764945,4253,READ_HEAVY,TABLE_REWRITE,CRITICAL,163.8,1833.85,0,1
MIG-16337,order_items,542668.8,529.95,85170112,1504,WRITE_HEAVY,ADD_INDEX_CONCURRENTLY,HIGH,1.67,5.15,1,0
MIG-16338,orders,124794.88,121.87,15233241,2000,WRITE_HEAVY,ADD_INDEX_CONCURRENTLY,HIGH,0.71,2.15,1,0
MIG-16339,order_payments,77844.48,76.02,18712904,626,READ_HEAVY,ADD_INDEX_LOCKING,MEDIUM,10.77,12.32,1,0
MIG-16340,order_shipments,68218.88,66.62,17765423,4935,WRITE_HEAVY,ADD_COLUMN_DEFAULT,CRITICAL,0.84,11.62,1,0
MIG-16341,order_shipments,43489.28,42.47,11326319,852,ANALYTICAL_BATCH,ADD_INDEX_CONCURRENTLY,MEDIUM,0.34,0.5,1,0
MIG-16342,order_shipments,54312.96,53.04,14142818,744,WRITE_HEAVY,ADD_INDEX_CONCURRENTLY,MEDIUM,0.28,0.61,1,0
MIG-16343,order_items,314060.8,306.7,49291246,292,MIXED_OLTP,ADD_INDEX_CONCURRENTLY,LOW,1.06,1.63,1,0
MIG-16344,orders,124774.4,121.85,15230855,2219,WRITE_HEAVY,ADD_INDEX_CONCURRENTLY,HIGH,0.66,1.76,1,0
MIG-16345,order_items,315136.0,307.75,49459846,1432,MIXED_OLTP,DROP_COLUMN,MEDIUM,1.5,3.6,1,0
MIG-16346,customer_sessions,15052.8,14.7,3360095,1768,MIXED_OLTP,ADD_COLUMN_DEFAULT,HIGH,0.38,0.66,1,0
MIG-16347,order_payments,132802.56,129.69,31924307,5054,ANALYTICAL_BATCH,ADD_INDEX_CONCURRENTLY,CRITICAL,0.52,8.61,1,0
MIG-16348,order_items,619089.92,604.58,97165090,715,MIXED_OLTP,ADD_INDEX_LOCKING,MEDIUM,56.86,50.53,0,1
MIG-16349,order_payments,129955.84,126.91,31239890,1301,MIXED_OLTP,ADD_INDEX_CONCURRENTLY,MEDIUM,0.57,0.86,1,0
MIG-16350,order_payments,27310.08,26.67,6565377,315,WRITE_HEAVY,ADD_COLUMN_DEFAULT,LOW,0.56,0.5,1,0
MIG-16351,order_shipments,80711.68,78.82,21019127,1039,READ_HEAVY,ADD_INDEX_CONCURRENTLY,MEDIUM,0.42,0.66,1,0
MIG-16352,order_payments,95283.2,93.05,22905284,2557,WRITE_HEAVY,ADD_INDEX_CONCURRENTLY,HIGH,0.48,2.23,1,0
MIG-16353,order_items,163287.04,159.46,25628167,592,MIXED_OLTP,DROP_COLUMN,MEDIUM,1.32,1.1,1,0
MIG-16354,orders,255488.0,249.5,31187196,1297,MIXED_OLTP,ADD_INDEX_CONCURRENTLY,MEDIUM,0.95,1.85,1,0
MIG-16355,order_items,515287.04,503.21,80873587,1245,WRITE_HEAVY,ADD_INDEX_CONCURRENTLY,MEDIUM,1.82,2.7,1,0
MIG-16356,order_items,189675.52,185.23,29768999,698,MIXED_OLTP,ADD_COLUMN_DEFAULT,MEDIUM,1.84,2.65,1,0
MIG-16357,customer_sessions,76523.52,74.73,17082196,134,WRITE_HEAVY,ALTER_COLUMN_TYPE,LOW,29.92,37.97,0,1
MIG-16358,order_items,179814.4,175.6,28222098,1223,MIXED_OLTP,ADD_COLUMN_DEFAULT,MEDIUM,1.77,3.27,1,0
MIG-16359,order_items,349347.84,341.16,54829070,1637,READ_HEAVY,ADD_INDEX_CONCURRENTLY,HIGH,1.38,3.13,1,0
MIG-16360,order_items,196730.88,192.12,30877034,1079,READ_HEAVY,ADD_COLUMN_DEFAULT,MEDIUM,2.23,1.97,1,0
MIG-16361,order_items,192204.8,187.7,30165454,202,MIXED_OLTP,ADD_COLUMN_DEFAULT,LOW,1.83,1.74,1,0
MIG-16362,order_items,614164.48,599.77,96392264,1218,WRITE_HEAVY,ADD_INDEX_CONCURRENTLY,MEDIUM,1.98,3.37,1,0
MIG-16363,orders,175697.92,171.58,21447315,2883,MIXED_OLTP,ADD_COLUMN_DEFAULT,HIGH,1.78,5.23,1,0
MIG-16364,order_shipments,39925.76,38.99,10398178,2762,MIXED_OLTP,ADD_COLUMN_DEFAULT,HIGH,0.65,1.65,1,0
MIG-16365,order_items,515389.44,503.31,80888349,1249,WRITE_HEAVY,TABLE_REWRITE,MEDIUM,167.69,313.85,0,1
MIG-16366,order_items,566394.88,553.12,88894796,1142,READ_HEAVY,ADD_INDEX_LOCKING,MEDIUM,41.76,75.19,0,1
MIG-16367,orders,252108.8,246.2,30775306,1614,WRITE_HEAVY,ADD_INDEX_CONCURRENTLY,HIGH,0.95,3.15,1,0
MIG-16368,order_items,596193.28,582.22,93571782,5374,READ_HEAVY,ADD_INDEX_LOCKING,CRITICAL,49.9,990.14,0,1
MIG-16369,order_payments,135116.8,131.95,32480756,2878,MIXED_OLTP,ADD_COLUMN_DEFAULT,HIGH,1.47,4.91,1,0
MIG-16370,order_shipments,71424.0,69.75,18600939,1593,WRITE_HEAVY,ADD_INDEX_LOCKING,HIGH,11.99,88.84,0,1
MIG-16371,orders,124897.28,121.97,15246599,413,WRITE_HEAVY,DROP_COLUMN,LOW,1.07,1.54,1,0
MIG-16372,customer_sessions,74045.44,72.31,16528174,606,READ_HEAVY,DROP_COLUMN,MEDIUM,0.77,1.08,1,0
MIG-16373,order_payments,41297.92,40.33,9927900,4509,WRITE_HEAVY,ADD_COLUMN_DEFAULT,CRITICAL,0.74,6.62,1,0
MIG-16374,orders,86487.04,84.46,10557595,199,WRITE_HEAVY,ADD_INDEX_LOCKING,LOW,13.84,12.93,1,0
MIG-16375,orders,145111.04,141.71,17713343,626,READ_HEAVY,DROP_COLUMN,MEDIUM,1.1,1.64,1,0
MIG-16376,orders,111892.48,109.27,13658953,1845,READ_HEAVY,DROP_COLUMN,HIGH,0.93,3.02,1,0
MIG-16377,order_shipments,69498.88,67.87,18099828,3800,MIXED_OLTP,ADD_COLUMN_DEFAULT,CRITICAL,0.93,7.36,1,0
MIG-16378,orders,249395.2,243.55,30443151,239,READ_HEAVY,ADD_INDEX_CONCURRENTLY,LOW,0.92,1.16,1,0
MIG-16379,order_items,368107.52,359.48,57773537,3751,READ_HEAVY,ADD_COLUMN_DEFAULT,CRITICAL,3.25,16.57,1,0
MIG-16380,order_payments,92979.2,90.8,22351473,962,READ_HEAVY,ADD_INDEX_CONCURRENTLY,MEDIUM,0.45,0.54,1,0
MIG-16381,order_shipments,53524.48,52.27,13939688,4600,WRITE_HEAVY,ADD_INDEX_CONCURRENTLY,CRITICAL,0.38,3.09,1,0
MIG-16382,order_payments,111400.96,108.79,26777991,4160,READ_HEAVY,ADD_COLUMN_DEFAULT,CRITICAL,1.44,9.74,1,0
MIG-16383,order_payments,38686.72,37.78,9299836,2381,MIXED_OLTP,ADD_COLUMN_DEFAULT,HIGH,0.61,1.52,1,0
MIG-16384,orders,59904.0,58.5,7311926,3962,ANALYTICAL_BATCH,ADD_INDEX_CONCURRENTLY,CRITICAL,0.34,4.4,1,0
MIG-16385,order_shipments,71628.8,69.95,18652911,3693,WRITE_HEAVY,ADD_INDEX_CONCURRENTLY,CRITICAL,0.45,3.51,1,0
MIG-16386,orders,167454.72,163.53,20441720,3370,READ_HEAVY,ADD_COLUMN_DEFAULT,CRITICAL,1.46,11.14,1,0
MIG-16387,orders,139253.76,135.99,16998666,811,READ_HEAVY,TABLE_REWRITE,MEDIUM,74.24,69.74,0,1
MIG-16388,customer_sessions,35880.96,35.04,8009494,692,WRITE_HEAVY,ADD_COLUMN_DEFAULT,MEDIUM,0.52,0.8,1,0
MIG-16389,orders,60610.56,59.19,7398800,307,MIXED_OLTP,ADD_INDEX_LOCKING,LOW,10.67,11.29,1,0
MIG-16390,orders,199680.0,195.0,24375016,1154,WRITE_HEAVY,ADD_COLUMN_DEFAULT,MEDIUM,2.23,2.85,1,0
MIG-16391,order_items,332206.08,324.42,52138870,2768,MIXED_OLTP,ADD_INDEX_CONCURRENTLY,HIGH,1.3,6.34,1,0
MIG-16392,order_items,344494.08,336.42,54066711,217,READ_HEAVY,ADD_INDEX_CONCURRENTLY,LOW,1.26,1.59,1,0
MIG-16393,orders,246763.52,240.98,30123010,3315,WRITE_HEAVY,ADD_COLUMN_DEFAULT,CRITICAL,2.73,17.06,1,0
MIG-16394,order_items,495329.28,483.72,77741378,1315,MIXED_OLTP,ALTER_COLUMN_TYPE,MEDIUM,99.03,230.82,0,1
MIG-16395,order_payments,52910.08,51.67,12719962,390,WRITE_HEAVY,ADD_COLUMN_DEFAULT,LOW,0.94,0.86,1,0
MIG-16396,order_payments,105359.36,102.89,25326395,816,MIXED_OLTP,ADD_COLUMN_DEFAULT,MEDIUM,1.04,2.29,1,0
MIG-16397,orders,78407.68,76.57,9570893,498,MIXED_OLTP,DROP_COLUMN,LOW,0.8,0.8,1,0
MIG-16398,order_items,214845.44,209.81,33719173,356,READ_HEAVY,ADD_INDEX_LOCKING,LOW,28.88,35.58,0,1
MIG-16399,order_shipments,77670.4,75.85,20225623,1249,WRITE_HEAVY,DROP_COLUMN,MEDIUM,0.75,1.14,1,0
MIG-16400,orders,76994.56,75.19,9399041,851,READ_HEAVY,ADD_COLUMN_DEFAULT,MEDIUM,1.22,1.08,1,0
MIG-16401,orders,111124.48,108.52,13565236,2162,READ_HEAVY,TABLE_REWRITE,HIGH,65.81,589.64,0,1
MIG-16402,orders,247787.52,241.98,30247627,849,MIXED_OLTP,ADD_COLUMN_DEFAULT,MEDIUM,2.75,4.4,1,0
MIG-16403,order_items,495728.64,484.11,77803553,2597,READ_HEAVY,ADD_INDEX_CONCURRENTLY,HIGH,1.53,5.21,1,0
MIG-16404,orders,254730.24,248.76,31095406,2722,READ_HEAVY,ALTER_COLUMN_TYPE,HIGH,80.56,450.35,0,1
MIG-16405,order_payments,132270.08,129.17,31796800,444,MIXED_OLTP,TABLE_REWRITE,LOW,65.78,125.07,0,1
MIG-16406,customer_sessions,34498.56,33.69,7701143,232,MIXED_OLTP,TABLE_REWRITE,LOW,29.75,23.05,1,0
MIG-16407,orders,189020.16,184.59,23074190,2652,MIXED_OLTP,ADD_COLUMN_DEFAULT,HIGH,2.29,7.6,1,0
MIG-16408,order_items,310128.64,302.86,48674349,2525,WRITE_HEAVY,ALTER_COLUMN_TYPE,HIGH,80.44,826.98,0,1
MIG-16409,orders,203335.68,198.57,24821816,105,READ_HEAVY,ADD_INDEX_CONCURRENTLY,LOW,0.81,1.05,1,0
MIG-16410,orders,126228.48,123.27,15408339,2692,READ_HEAVY,ALTER_COLUMN_TYPE,HIGH,49.26,249.0,0,1
MIG-16411,order_payments,26777.6,26.15,6437940,631,MIXED_OLTP,ADD_INDEX_LOCKING,MEDIUM,6.15,7.2,1,0
MIG-16412,order_items,163164.16,159.34,25608995,151,MIXED_OLTP,ADD_COLUMN_DEFAULT,LOW,1.56,1.96,1,0
MIG-16413,customer_sessions,64071.68,62.57,14302577,607,MIXED_OLTP,ADD_INDEX_CONCURRENTLY,MEDIUM,0.33,0.47,1,0
MIG-16414,order_items,158044.16,154.34,24804424,2323,WRITE_HEAVY,ADD_INDEX_LOCKING,HIGH,22.32,177.75,0,1
MIG-16415,orders,181739.52,177.48,22184412,531,MIXED_OLTP,ADD_COLUMN_DEFAULT,MEDIUM,1.94,2.57,1,0
MIG-16416,order_items,557383.68,544.32,87480059,1004,MIXED_OLTP,TABLE_REWRITE,MEDIUM,243.36,324.77,0,1
MIG-16417,orders,213073.92,208.08,26009733,385,WRITE_HEAVY,ALTER_COLUMN_TYPE,LOW,54.58,63.36,0,1
MIG-16418,order_shipments,52725.76,51.49,13730277,314,WRITE_HEAVY,ADD_INDEX_LOCKING,LOW,8.03,9.94,1,0
MIG-16419,order_payments,51619.84,50.41,12407801,767,WRITE_HEAVY,ADD_COLUMN_DEFAULT,MEDIUM,0.74,1.37,1,0
MIG-16420,order_items,590807.04,576.96,92725536,833,READ_HEAVY,ADD_INDEX_LOCKING,MEDIUM,51.48,73.14,0,1
MIG-16421,order_items,407009.28,397.47,63878374,2582,READ_HEAVY,ADD_INDEX_LOCKING,HIGH,36.94,456.45,0,1
MIG-16422,order_payments,75192.32,73.43,18076097,2009,WRITE_HEAVY,ADD_COLUMN_DEFAULT,HIGH,1.1,3.81,1,0
MIG-16423,order_payments,139489.28,136.22,33531261,366,READ_HEAVY,ADD_INDEX_CONCURRENTLY,LOW,0.59,1.06,1,0
MIG-16424,orders,96706.56,94.44,11805479,375,MIXED_OLTP,ADD_INDEX_LOCKING,LOW,12.78,12.4,1,0
MIG-16425,orders,146974.72,143.53,17941610,1023,MIXED_OLTP,ADD_INDEX_CONCURRENTLY,MEDIUM,0.65,0.89,1,0
MIG-16426,orders,73185.28,71.47,8933434,3929,MIXED_OLTP,ADD_INDEX_CONCURRENTLY,CRITICAL,0.41,2.87,1,0
MIG-16427,order_items,179138.56,174.94,28115301,559,MIXED_OLTP,ADD_INDEX_CONCURRENTLY,MEDIUM,0.9,0.7,1,0
MIG-16428,order_items,320399.36,312.89,50286296,2616,READ_HEAVY,ADD_COLUMN_DEFAULT,HIGH,3.14,7.0,1,0
MIG-16429,orders,203909.12,199.13,24890829,805,MIXED_OLTP,ADD_COLUMN_DEFAULT,MEDIUM,1.87,3.39,1,0
MIG-16430,order_items,289587.2,282.8,45450409,954,READ_HEAVY,ADD_INDEX_CONCURRENTLY,MEDIUM,1.1,1.58,1,0
MIG-16431,order_items,470589.44,459.56,73857435,527,MIXED_OLTP,DROP_COLUMN,MEDIUM,2.07,3.14,1,0
MIG-16432,orders,227246.08,221.92,27740142,2613,MIXED_OLTP,ALTER_COLUMN_TYPE,HIGH,69.97,376.56,0,1
MIG-16433,order_shipments,91217.92,89.08,23755682,1410,MIXED_OLTP,DROP_COLUMN,MEDIUM,0.79,1.47,1,0
MIG-16434,order_items,137768.96,134.54,21622279,1378,READ_HEAVY,ADD_COLUMN_DEFAULT,MEDIUM,1.8,2.13,1,0
MIG-16435,order_items,514007.04,501.96,80672264,808,WRITE_HEAVY,ADD_INDEX_CONCURRENTLY,MEDIUM,1.37,2.22,1,0
MIG-16436,order_items,190627.84,186.16,29918511,3222,WRITE_HEAVY,ADD_COLUMN_DEFAULT,CRITICAL,1.71,11.63,1,0
MIG-16437,order_items,475054.08,463.92,74559245,594,WRITE_HEAVY,DROP_COLUMN,MEDIUM,2.25,3.32,1,0
MIG-16438,order_shipments,49254.4,48.1,12827909,2070,WRITE_HEAVY,ALTER_COLUMN_TYPE,HIGH,24.67,109.44,0,1
MIG-16439,order_items,479979.52,468.73,75331257,3006,READ_HEAVY,ALTER_COLUMN_TYPE,CRITICAL,121.65,1939.05,0,1
MIG-16440,order_items,225044.48,219.77,35319763,678,WRITE_HEAVY,ADD_COLUMN_DEFAULT,MEDIUM,2.1,3.13,1,0
MIG-16441,order_shipments,71925.76,70.24,18731799,1111,MIXED_OLTP,ADD_INDEX_CONCURRENTLY,MEDIUM,0.34,0.81,1,0
MIG-16442,order_shipments,28846.08,28.17,7511104,116,READ_HEAVY,ADD_INDEX_LOCKING,LOW,5.89,6.73,1,0
MIG-16443,order_shipments,32512.0,31.75,8466503,2431,MIXED_OLTP,TABLE_REWRITE,HIGH,30.64,202.97,0,1
MIG-16444,orders,185057.28,180.72,22590471,5169,READ_HEAVY,TABLE_REWRITE,CRITICAL,105.11,2575.4,0,1
MIG-16445,orders,123637.76,120.74,15092830,5487,WRITE_HEAVY,TABLE_REWRITE,CRITICAL,74.83,1463.89,0,1
MIG-16446,order_payments,110940.16,108.34,26668808,1471,WRITE_HEAVY,ADD_INDEX_CONCURRENTLY,MEDIUM,0.61,0.91,1,0
MIG-16447,order_items,468295.68,457.32,73497914,3721,MIXED_OLTP,ALTER_COLUMN_TYPE,CRITICAL,117.62,1062.7,0,1
MIG-16448,order_payments,101099.52,98.73,24303058,1145,WRITE_HEAVY,ADD_INDEX_CONCURRENTLY,MEDIUM,0.5,0.89,1,0
MIG-16449,order_payments,114145.28,111.47,27439567,1569,MIXED_OLTP,ADD_INDEX_CONCURRENTLY,HIGH,0.49,1.88,1,0
MIG-16450,orders,224757.76,219.49,27436251,738,WRITE_HEAVY,DROP_COLUMN,MEDIUM,1.36,2.26,1,0
MIG-16451,orders,250746.88,244.87,30608428,1279,READ_HEAVY,ADD_INDEX_CONCURRENTLY,MEDIUM,1.13,1.63,1,0
MIG-16452,order_items,156241.92,152.58,24521782,1807,WRITE_HEAVY,ADD_COLUMN_DEFAULT,HIGH,1.65,4.54,1,0
MIG-16453,orders,175564.8,171.45,21431823,804,READ_HEAVY,ADD_INDEX_CONCURRENTLY,MEDIUM,0.68,1.1,1,0
MIG-16454,order_payments,116336.64,113.61,27964772,4026,WRITE_HEAVY,ADD_INDEX_CONCURRENTLY,CRITICAL,0.6,7.05,1,0
MIG-16455,order_payments,52613.12,51.38,12647913,830,MIXED_OLTP,ADD_INDEX_CONCURRENTLY,MEDIUM,0.35,0.51,1,0
MIG-16456,order_items,250746.88,244.87,39353312,4848,WRITE_HEAVY,DROP_COLUMN,CRITICAL,1.36,18.77,1,0
MIG-16457,order_payments,58603.52,57.23,14088573,1407,WRITE_HEAVY,ADD_COLUMN_DEFAULT,MEDIUM,0.78,2.12,1,0
MIG-16458,order_items,410071.04,400.46,64358970,315,WRITE_HEAVY,DROP_COLUMN,LOW,2.19,2.19,1,0
MIG-16459,order_payments,70492.16,68.84,16945712,1075,ANALYTICAL_BATCH,DROP_COLUMN,MEDIUM,0.53,1.03,1,0
MIG-16460,orders,196485.12,191.88,23984557,2597,READ_HEAVY,ADD_INDEX_CONCURRENTLY,HIGH,0.75,3.06,1,0
MIG-16461,order_payments,99737.6,97.4,23974902,2100,READ_HEAVY,ALTER_COLUMN_TYPE,HIGH,31.94,180.09,0,1
MIG-16462,order_payments,105349.12,102.88,25324820,281,READ_HEAVY,ADD_INDEX_CONCURRENTLY,LOW,0.45,0.51,1,0
MIG-16463,orders,104960.0,102.5,12812575,1450,MIXED_OLTP,ALTER_COLUMN_TYPE,MEDIUM,44.45,59.0,0,1
MIG-16464,order_items,510730.24,498.76,80157081,885,WRITE_HEAVY,TABLE_REWRITE,MEDIUM,199.35,386.12,0,1
MIG-16465,order_shipments,73512.96,71.79,19143167,1897,MIXED_OLTP,ALTER_COLUMN_TYPE,HIGH,28.03,193.46,0,1
MIG-16466,orders,78049.28,76.22,9527539,1531,MIXED_OLTP,ADD_COLUMN_DEFAULT,HIGH,1.0,2.99,1,0
MIG-16467,order_payments,50606.08,49.42,12164978,1532,WRITE_HEAVY,ADD_INDEX_LOCKING,HIGH,10.47,58.42,0,1
MIG-16468,customer_sessions,33751.04,32.96,7533898,1268,WRITE_HEAVY,ADD_INDEX_CONCURRENTLY,MEDIUM,0.22,0.33,1,0
MIG-16469,order_shipments,96071.68,93.82,25018496,192,READ_HEAVY,TABLE_REWRITE,LOW,60.34,67.68,0,1
MIG-16470,order_items,283115.52,276.48,44434338,396,WRITE_HEAVY,ADD_INDEX_CONCURRENTLY,LOW,1.2,1.52,1,0
MIG-16471,order_items,124948.48,122.02,19610205,3110,WRITE_HEAVY,DROP_COLUMN,CRITICAL,0.96,6.16,1,0
MIG-16472,customer_sessions,23470.08,22.92,5239410,1295,READ_HEAVY,ADD_COLUMN_DEFAULT,MEDIUM,0.53,0.9,1,0
MIG-16473,order_items,131287.04,128.21,20605917,907,WRITE_HEAVY,ADD_INDEX_LOCKING,MEDIUM,16.3,26.85,0,1
MIG-16474,orders,138250.24,135.01,16876659,2723,MIXED_OLTP,ADD_INDEX_LOCKING,HIGH,19.33,151.34,0,1
MIG-16475,orders,225474.56,220.19,27523141,1331,READ_HEAVY,ADD_COLUMN_DEFAULT,MEDIUM,2.2,2.2,1,0
MIG-16476,order_payments,80588.8,78.7,19372550,1070,READ_HEAVY,ADD_INDEX_CONCURRENTLY,MEDIUM,0.37,0.77,1,0
MIG-16477,order_items,547686.4,534.85,85958524,490,READ_HEAVY,ADD_INDEX_LOCKING,LOW,41.7,67.15,0,1
MIG-16478,orders,59668.48,58.27,7283291,2918,READ_HEAVY,TABLE_REWRITE,HIGH,46.36,241.81,0,1
MIG-16479,order_items,357109.76,348.74,56047551,2550,READ_HEAVY,ADD_INDEX_CONCURRENTLY,HIGH,1.47,3.64,1,0
MIG-16480,order_payments,120924.16,118.09,29067770,992,MIXED_OLTP,ADD_INDEX_LOCKING,MEDIUM,19.33,29.54,0,1
MIG-16481,order_items,462909.44,452.06,72652499,1426,READ_HEAVY,ADD_COLUMN_DEFAULT,MEDIUM,2.98,6.52,1,0
MIG-16482,order_shipments,89169.92,87.08,23221031,1469,READ_HEAVY,ADD_COLUMN_DEFAULT,MEDIUM,0.94,1.8,1,0
MIG-16483,order_payments,59432.96,58.04,14286440,2112,MIXED_OLTP,ADD_INDEX_CONCURRENTLY,HIGH,0.42,1.66,1,0
MIG-16484,customer_sessions,46643.2,45.55,10412251,824,READ_HEAVY,ADD_INDEX_LOCKING,MEDIUM,9.23,12.5,1,0
MIG-16485,order_shipments,74577.92,72.83,19420577,802,WRITE_HEAVY,ADD_INDEX_CONCURRENTLY,MEDIUM,0.35,0.78,1,0
MIG-16486,orders,86415.36,84.39,10549228,1435,WRITE_HEAVY,ALTER_COLUMN_TYPE,MEDIUM,34.25,47.18,0,1
MIG-16487,order_payments,124364.8,121.45,29895233,3385,READ_HEAVY,ADD_INDEX_CONCURRENTLY,CRITICAL,0.59,2.55,1,0
MIG-16488,orders,118046.72,115.28,14409691,503,MIXED_OLTP,DROP_COLUMN,MEDIUM,0.87,1.36,1,0
MIG-16489,customer_sessions,20357.12,19.88,4543625,1000,MIXED_OLTP,ADD_INDEX_CONCURRENTLY,MEDIUM,0.18,0.32,1,0
MIG-16490,orders,218511.36,213.39,26673934,1451,MIXED_OLTP,ADD_INDEX_LOCKING,MEDIUM,25.29,57.33,0,1
MIG-16491,order_payments,111093.76,108.49,26704517,1990,WRITE_HEAVY,ADD_INDEX_CONCURRENTLY,HIGH,0.62,1.46,1,0
MIG-16492,order_shipments,91729.92,89.58,23887482,4261,MIXED_OLTP,ADD_COLUMN_DEFAULT,CRITICAL,1.38,8.93,1,0
MIG-16493,orders,246466.56,240.69,30086018,3268,READ_HEAVY,ADD_COLUMN_DEFAULT,CRITICAL,2.42,16.19,1,0
MIG-16494,order_shipments,41533.44,40.56,10816156,1320,ANALYTICAL_BATCH,DROP_COLUMN,MEDIUM,0.42,0.84,1,0
MIG-16495,orders,191006.72,186.53,23316794,1431,MIXED_OLTP,DROP_COLUMN,MEDIUM,1.39,2.52,1,0
MIG-16496,order_items,630333.44,615.56,98928962,1134,READ_HEAVY,ADD_INDEX_CONCURRENTLY,MEDIUM,2.2,3.6,1,0
MIG-16497,order_items,240517.12,234.88,37748330,1685,MIXED_OLTP,ADD_INDEX_CONCURRENTLY,HIGH,0.78,2.51,1,0
MIG-16498,order_items,358737.92,350.33,56303010,1646,READ_HEAVY,ADD_INDEX_CONCURRENTLY,HIGH,1.04,3.27,1,0
MIG-16499,order_items,584417.28,570.72,91723475,1239,WRITE_HEAVY,ADD_INDEX_CONCURRENTLY,MEDIUM,1.65,5.13,1,0
MIG-16500,order_shipments,26982.4,26.35,7026520,628,READ_HEAVY,ADD_INDEX_CONCURRENTLY,MEDIUM,0.2,0.26,1,0
MIG-16501,order_items,593756.16,579.84,93188241,568,WRITE_HEAVY,ADD_INDEX_CONCURRENTLY,MEDIUM,1.78,2.81,1,0
MIG-16502,order_items,366622.72,358.03,57540603,2835,WRITE_HEAVY,ADD_COLUMN_DEFAULT,HIGH,3.28,13.77,1,0
MIG-16503,order_shipments,92508.16,90.34,24089681,1027,MIXED_OLTP,ADD_INDEX_CONCURRENTLY,MEDIUM,0.5,0.72,1,0
MIG-16504,order_payments,101068.8,98.7,24295496,1095,READ_HEAVY,ADD_COLUMN_DEFAULT,MEDIUM,1.11,2.44,1,0
MIG-16505,orders,197662.72,193.03,24128759,369,MIXED_OLTP,ADD_INDEX_LOCKING,LOW,21.49,20.34,1,0
MIG-16506,customer_sessions,64204.8,62.7,14330994,844,READ_HEAVY,ADD_INDEX_LOCKING,MEDIUM,11.16,12.38,1,0
MIG-16507,orders,64000.0,62.5,7812674,193,MIXED_OLTP,DROP_COLUMN,LOW,0.6,0.65,1,0
MIG-16508,order_items,438681.6,428.4,68849235,2278,MIXED_OLTP,ADD_INDEX_CONCURRENTLY,HIGH,1.45,3.82,1,0
MIG-16509,order_items,591523.84,577.66,92838916,1613,MIXED_OLTP,ADD_COLUMN_DEFAULT,HIGH,4.16,11.01,1,0
MIG-16510,order_payments,141178.88,137.87,33936363,795,READ_HEAVY,ADD_INDEX_CONCURRENTLY,MEDIUM,0.57,0.81,1,0
MIG-16511,orders,263331.84,257.16,32144678,1093,ANALYTICAL_BATCH,DROP_COLUMN,MEDIUM,1.76,3.42,1,0
MIG-16512,orders,192000.0,187.5,23437487,5357,READ_HEAVY,ALTER_COLUMN_TYPE,CRITICAL,46.24,728.51,0,1
MIG-16513,order_payments,102492.16,100.09,24638661,4507,MIXED_OLTP,DROP_COLUMN,CRITICAL,0.77,4.36,1,0
MIG-16514,orders,171345.92,167.33,20916556,2627,READ_HEAVY,TABLE_REWRITE,HIGH,105.93,650.16,0,1
MIG-16515,order_items,428247.04,418.21,67211822,1967,WRITE_HEAVY,ADD_INDEX_CONCURRENTLY,HIGH,1.22,3.58,1,0
MIG-16516,order_payments,99962.88,97.62,24028996,1585,READ_HEAVY,ADD_INDEX_CONCURRENTLY,HIGH,0.55,1.18,1,0
MIG-16517,order_payments,31703.04,30.96,7621358,2064,READ_HEAVY,ADD_INDEX_CONCURRENTLY,HIGH,0.24,0.66,1,0
MIG-16518,orders,68812.8,67.2,8399524,1191,WRITE_HEAVY,ADD_INDEX_CONCURRENTLY,MEDIUM,0.36,0.64,1,0
MIG-16519,order_items,434370.56,424.19,68172742,545,READ_HEAVY,ADD_INDEX_CONCURRENTLY,MEDIUM,1.41,2.02,1,0
MIG-16520,customer_sessions,34611.2,33.8,7724716,446,WRITE_HEAVY,TABLE_REWRITE,LOW,24.36,33.82,0,1
MIG-16521,order_items,270254.08,263.92,42415464,1943,ANALYTICAL_BATCH,ADD_COLUMN_DEFAULT,HIGH,2.88,8.5,1,0
MIG-16522,orders,91934.72,89.78,11222897,2531,READ_HEAVY,TABLE_REWRITE,HIGH,53.74,432.39,0,1
MIG-16523,orders,226334.72,221.03,27628889,5206,WRITE_HEAVY,ALTER_COLUMN_TYPE,CRITICAL,56.76,1602.25,0,1
MIG-16524,order_items,612372.48,598.02,96110608,344,MIXED_OLTP,ADD_INDEX_LOCKING,LOW,42.79,54.81,0,1
MIG-16525,customer_sessions,54835.2,53.55,12239715,671,READ_HEAVY,ALTER_COLUMN_TYPE,MEDIUM,25.85,24.27,1,0
MIG-16526,order_items,602613.76,588.49,94579011,1883,MIXED_OLTP,ADD_INDEX_CONCURRENTLY,HIGH,1.9,6.68,1,0
MIG-16527,orders,244654.08,238.92,29864872,4170,READ_HEAVY,ALTER_COLUMN_TYPE,CRITICAL,71.8,1412.2,0,1
MIG-16528,order_items,227164.16,221.84,35652085,5447,WRITE_HEAVY,DROP_COLUMN,CRITICAL,1.35,17.86,1,0
MIG-16529,orders,83107.84,81.16,10145199,1176,WRITE_HEAVY,DROP_COLUMN,MEDIUM,0.69,1.39,1,0
MIG-16530,orders,95948.8,93.7,11712843,4541,MIXED_OLTP,DROP_COLUMN,CRITICAL,0.67,8.55,1,0
MIG-16531,customer_sessions,20541.44,20.06,4585415,5007,MIXED_OLTP,ALTER_COLUMN_TYPE,CRITICAL,10.69,343.36,0,1
MIG-16532,order_payments,96460.8,94.2,23186920,3353,MIXED_OLTP,TABLE_REWRITE,CRITICAL,52.73,1305.63,0,1
MIG-16533,orders,111667.2,109.05,13631551,1621,WRITE_HEAVY,ADD_INDEX_CONCURRENTLY,HIGH,0.66,1.83,1,0
MIG-16534,order_items,585840.64,572.11,91946252,2375,MIXED_OLTP,ADD_INDEX_CONCURRENTLY,HIGH,1.61,5.83,1,0
MIG-16535,orders,184832.0,180.5,22562009,336,READ_HEAVY,ADD_INDEX_CONCURRENTLY,LOW,0.86,0.7,1,0
MIG-16536,orders,128696.32,125.68,15709485,757,MIXED_OLTP,ADD_INDEX_LOCKING,MEDIUM,19.32,20.29,1,0
MIG-16537,order_items,622858.24,608.26,97755891,350,WRITE_HEAVY,ADD_INDEX_CONCURRENTLY,LOW,1.85,2.61,1,0
MIG-16538,order_items,606627.84,592.41,95208754,653,MIXED_OLTP,DROP_COLUMN,MEDIUM,3.3,4.38,1,0
MIG-16539,order_payments,119910.4,117.1,28824118,3493,ANALYTICAL_BATCH,ADD_COLUMN_DEFAULT,CRITICAL,1.22,9.86,1,0
MIG-16540,order_shipments,84101.12,82.13,21900367,2840,WRITE_HEAVY,ALTER_COLUMN_TYPE,HIGH,27.35,294.13,0,1
MIG-16541,orders,265308.16,259.09,32386293,530,MIXED_OLTP,ALTER_COLUMN_TYPE,MEDIUM,58.91,77.63,0,1
MIG-16542,customer_sessions,53073.92,51.83,11846569,2336,READ_HEAVY,ADD_COLUMN_DEFAULT,HIGH,0.85,2.14,1,0
MIG-16543,order_items,568862.72,555.53,89281607,1344,WRITE_HEAVY,ADD_COLUMN_DEFAULT,MEDIUM,4.37,7.62,1,0
MIG-16544,orders,63488.0,62.0,7750348,1212,WRITE_HEAVY,ALTER_COLUMN_TYPE,MEDIUM,22.99,40.19,0,1
MIG-16545,order_shipments,64389.12,62.88,16767750,2160,MIXED_OLTP,ADD_INDEX_CONCURRENTLY,HIGH,0.38,1.14,1,0
MIG-16546,orders,160296.96,156.54,19567941,814,WRITE_HEAVY,ADD_COLUMN_DEFAULT,MEDIUM,1.8,3.41,1,0
MIG-16547,order_items,134154.24,131.01,21055632,1591,WRITE_HEAVY,TABLE_REWRITE,HIGH,80.79,526.14,0,1
MIG-16548,order_payments,37038.08,36.17,8904217,1686,MIXED_OLTP,DROP_COLUMN,HIGH,0.42,0.9,1,0
MIG-16549,orders,53985.28,52.72,6589650,1078,READ_HEAVY,TABLE_REWRITE,MEDIUM,47.02,71.42,0,1
MIG-16550,order_shipments,42823.68,41.82,11150724,1028,MIXED_OLTP,ADD_COLUMN_DEFAULT,MEDIUM,0.65,1.51,1,0
MIG-16551,orders,60989.44,59.56,7444803,876,READ_HEAVY,DROP_COLUMN,MEDIUM,0.52,0.63,1,0
MIG-16552,order_shipments,53534.72,52.28,13940249,3731,READ_HEAVY,TABLE_REWRITE,CRITICAL,46.98,758.43,0,1
MIG-16553,orders,228915.2,223.55,27944153,580,MIXED_OLTP,ADD_INDEX_LOCKING,MEDIUM,26.4,39.73,0,1
MIG-16554,orders,184924.16,180.59,22573404,1684,WRITE_HEAVY,ALTER_COLUMN_TYPE,HIGH,59.03,733.86,0,1
MIG-16555,order_items,462428.16,451.59,72576982,1930,WRITE_HEAVY,ALTER_COLUMN_TYPE,HIGH,105.23,1232.37,0,1
MIG-16556,order_shipments,21043.2,20.55,5480544,469,READ_HEAVY,ADD_INDEX_CONCURRENTLY,LOW,0.18,0.23,1,0
MIG-16557,orders,234844.16,229.34,28667211,826,ANALYTICAL_BATCH,ADD_INDEX_CONCURRENTLY,MEDIUM,1.07,1.67,1,0
MIG-16558,order_shipments,30556.16,29.84,7957712,615,READ_HEAVY,ADD_INDEX_LOCKING,MEDIUM,6.12,10.69,1,0
MIG-16559,orders,116090.88,113.37,14171573,329,ANALYTICAL_BATCH,ALTER_COLUMN_TYPE,LOW,42.83,56.19,0,1
MIG-16560,order_items,381399.04,372.46,59860305,626,MIXED_OLTP,ADD_INDEX_LOCKING,MEDIUM,40.12,33.06,0,1
MIG-16561,order_items,594657.28,580.72,93329467,2105,READ_HEAVY,ADD_COLUMN_DEFAULT,HIGH,3.85,13.18,1,0
MIG-16562,orders,269926.4,263.6,32950027,2591,READ_HEAVY,DROP_COLUMN,HIGH,1.74,6.37,1,0
MIG-16563,customer_sessions,64829.44,63.31,14470313,606,WRITE_HEAVY,DROP_COLUMN,MEDIUM,0.71,0.68,1,0
MIG-16564,order_items,491079.68,479.57,77074452,1422,READ_HEAVY,ADD_COLUMN_DEFAULT,MEDIUM,4.08,6.72,1,0
MIG-16565,order_payments,89845.76,87.74,21597251,1135,WRITE_HEAVY,DROP_COLUMN,MEDIUM,0.83,1.12,1,0
MIG-16566,order_items,458219.52,447.48,71915814,5285,READ_HEAVY,TABLE_REWRITE,CRITICAL,184.7,5600.0,0,1
MIG-16567,order_items,189224.96,184.79,29698358,4821,WRITE_HEAVY,ADD_COLUMN_DEFAULT,CRITICAL,2.05,21.69,1,0
MIG-16568,order_items,253614.08,247.67,39804885,2948,ANALYTICAL_BATCH,ADD_INDEX_CONCURRENTLY,HIGH,1.04,4.64,1,0
MIG-16569,order_shipments,100106.24,97.76,26068285,1007,READ_HEAVY,ADD_COLUMN_DEFAULT,MEDIUM,1.18,1.9,1,0
MIG-16570,order_payments,143984.64,140.61,34612912,3040,READ_HEAVY,ADD_INDEX_CONCURRENTLY,CRITICAL,0.77,3.05,1,0
MIG-16571,order_items,281374.72,274.78,44160763,1595,READ_HEAVY,DROP_COLUMN,HIGH,1.47,3.37,1,0
MIG-16572,order_items,239093.76,233.49,37524934,173,WRITE_HEAVY,ALTER_COLUMN_TYPE,LOW,61.68,70.54,0,1
MIG-16573,order_items,233144.32,227.68,36590964,603,READ_HEAVY,DROP_COLUMN,MEDIUM,1.36,1.53,1,0
MIG-16574,order_items,364922.88,356.37,57274015,1307,MIXED_OLTP,ALTER_COLUMN_TYPE,MEDIUM,86.32,148.43,0,1
MIG-16575,order_items,230174.72,224.78,36125092,2916,READ_HEAVY,ADD_INDEX_LOCKING,HIGH,21.76,247.43,0,1
MIG-16576,order_items,449372.16,438.84,70528227,1121,READ_HEAVY,ADD_COLUMN_DEFAULT,MEDIUM,3.83,5.18,1,0
MIG-16577,order_payments,35584.0,34.75,8554810,689,MIXED_OLTP,ADD_COLUMN_DEFAULT,MEDIUM,0.61,0.83,1,0
MIG-16578,customer_sessions,21022.72,20.53,4692952,1479,WRITE_HEAVY,ADD_COLUMN_DEFAULT,MEDIUM,0.34,0.97,1,0
MIG-16579,customer_sessions,32204.8,31.45,7187853,807,MIXED_OLTP,ADD_COLUMN_DEFAULT,MEDIUM,0.6,0.74,1,0
MIG-16580,order_shipments,82913.28,80.97,21592773,2823,WRITE_HEAVY,ADD_INDEX_CONCURRENTLY,HIGH,0.39,1.42,1,0
MIG-16581,order_items,281538.56,274.94,44186452,1187,MIXED_OLTP,ADD_INDEX_LOCKING,MEDIUM,34.85,66.44,0,1
MIG-16582,order_payments,83036.16,81.09,19959523,937,ANALYTICAL_BATCH,ADD_INDEX_CONCURRENTLY,MEDIUM,0.52,0.85,1,0
MIG-16583,orders,194385.92,189.83,23728795,2687,MIXED_OLTP,ADD_INDEX_CONCURRENTLY,HIGH,0.94,3.01,1,0
MIG-16584,order_items,521646.08,509.42,81871733,4659,WRITE_HEAVY,ADD_COLUMN_DEFAULT,CRITICAL,3.3,39.13,0,1
MIG-16585,orders,117084.16,114.34,14291943,464,READ_HEAVY,TABLE_REWRITE,LOW,59.39,106.06,0,1
MIG-16586,orders,210831.36,205.89,25736174,1107,MIXED_OLTP,ADD_COLUMN_DEFAULT,MEDIUM,2.02,3.97,1,0
MIG-16587,customer_sessions,32788.48,32.02,7319370,895,READ_HEAVY,ADD_INDEX_LOCKING,MEDIUM,5.51,5.71,1,0
MIG-16588,order_shipments,71884.8,70.2,18720470,594,READ_HEAVY,ADD_COLUMN_DEFAULT,MEDIUM,0.84,1.25,1,0
MIG-16589,order_items,347381.76,339.24,54521291,5480,READ_HEAVY,ADD_INDEX_CONCURRENTLY,CRITICAL,1.08,10.64,1,0
MIG-16590,orders,254105.6,248.15,31018951,4950,WRITE_HEAVY,ADD_INDEX_CONCURRENTLY,CRITICAL,1.14,10.23,1,0
MIG-16591,order_payments,144281.6,140.9,34684289,603,READ_HEAVY,ADD_INDEX_CONCURRENTLY,MEDIUM,0.68,0.54,1,0
MIG-16592,order_items,514211.84,502.16,80703971,1106,WRITE_HEAVY,ADD_COLUMN_DEFAULT,MEDIUM,3.61,5.4,1,0
MIG-16593,order_shipments,94361.6,92.15,24574029,430,READ_HEAVY,ADD_COLUMN_DEFAULT,LOW,1.2,0.9,1,0
MIG-16594,customer_sessions,23142.4,22.6,5165661,2549,READ_HEAVY,DROP_COLUMN,HIGH,0.32,1.27,1,0
MIG-16595,order_items,452454.4,441.85,71011580,208,WRITE_HEAVY,ADD_INDEX_CONCURRENTLY,LOW,1.35,1.6,1,0
MIG-16596,orders,93030.4,90.85,11355934,638,WRITE_HEAVY,ADD_INDEX_CONCURRENTLY,MEDIUM,0.54,0.73,1,0
MIG-16597,orders,110417.92,107.83,13478149,474,ANALYTICAL_BATCH,ADD_INDEX_CONCURRENTLY,LOW,0.53,0.66,1,0
MIG-16598,orders,164792.32,160.93,20116227,2055,READ_HEAVY,ALTER_COLUMN_TYPE,HIGH,42.77,359.15,0,1
MIG-16599,order_items,497623.04,485.96,78100968,5172,READ_HEAVY,ADD_COLUMN_DEFAULT,CRITICAL,3.94,40.17,0,1
MIG-16600,orders,208732.16,203.84,25480340,286,MIXED_OLTP,DROP_COLUMN,LOW,1.23,1.1,1,0
MIG-16601,orders,241459.2,235.8,29475402,2643,READ_HEAVY,ADD_INDEX_LOCKING,HIGH,25.24,181.56,0,1
MIG-16602,orders,172851.2,168.8,21100421,1864,READ_HEAVY,ADD_INDEX_CONCURRENTLY,HIGH,0.89,1.85,1,0
MIG-16603,orders,254044.16,248.09,31011251,341,READ_HEAVY,ADD_INDEX_CONCURRENTLY,LOW,0.84,0.96,1,0
MIG-16604,order_payments,132997.12,129.88,31971191,4400,WRITE_HEAVY,DROP_COLUMN,CRITICAL,1.0,11.32,1,0
MIG-16605,orders,236953.6,231.4,28924552,1821,READ_HEAVY,ALTER_COLUMN_TYPE,HIGH,72.38,483.73,0,1
MIG-16606,order_shipments,37468.16,36.59,9757634,1181,WRITE_HEAVY,ALTER_COLUMN_TYPE,MEDIUM,18.92,20.0,1,0
MIG-16607,orders,166696.96,162.79,20349095,2192,ANALYTICAL_BATCH,ADD_COLUMN_DEFAULT,HIGH,2.06,7.53,1,0
MIG-16608,orders,211998.72,207.03,25878388,1153,READ_HEAVY,ADD_INDEX_CONCURRENTLY,MEDIUM,0.91,1.31,1,0
MIG-16609,orders,265052.16,258.84,32354767,113,WRITE_HEAVY,ADD_COLUMN_DEFAULT,LOW,2.06,2.2,1,0
MIG-16610,order_payments,28016.64,27.36,6735441,622,READ_HEAVY,ADD_INDEX_CONCURRENTLY,MEDIUM,0.17,0.32,1,0
MIG-16611,orders,121507.84,118.66,14832092,2564,WRITE_HEAVY,TABLE_REWRITE,HIGH,74.7,621.39,0,1
MIG-16612,order_items,291368.96,284.54,45730370,5489,READ_HEAVY,ADD_INDEX_CONCURRENTLY,CRITICAL,1.23,8.66,1,0
MIG-16613,orders,112967.68,110.32,13790433,615,MIXED_OLTP,ADD_INDEX_CONCURRENTLY,MEDIUM,0.62,0.64,1,0
MIG-16614,customer_sessions,67072.0,65.5,14970909,525,MIXED_OLTP,ADD_INDEX_CONCURRENTLY,MEDIUM,0.41,0.41,1,0
MIG-16615,orders,59125.76,57.74,7216928,203,MIXED_OLTP,ALTER_COLUMN_TYPE,LOW,25.82,30.9,0,1
MIG-16616,order_items,300195.84,293.16,47114214,3106,READ_HEAVY,ADD_COLUMN_DEFAULT,CRITICAL,3.04,12.3,1,0
MIG-16617,order_shipments,77465.6,75.65,20172387,745,READ_HEAVY,ADD_INDEX_CONCURRENTLY,MEDIUM,0.49,0.61,1,0
MIG-16618,orders,139120.64,135.86,16981972,4730,WRITE_HEAVY,ADD_COLUMN_DEFAULT,CRITICAL,1.72,19.22,1,0
MIG-16619,orders,81018.88,79.12,9889716,415,READ_HEAVY,ADD_INDEX_CONCURRENTLY,LOW,0.37,0.5,1,0
MIG-16620,order_shipments,69099.52,67.48,17994413,352,READ_HEAVY,ADD_INDEX_CONCURRENTLY,LOW,0.44,0.47,1,0
MIG-16621,orders,164741.12,160.88,20110476,900,WRITE_HEAVY,TABLE_REWRITE,MEDIUM,90.01,127.28,0,1
MIG-16622,orders,266321.92,260.08,32509648,654,WRITE_HEAVY,DROP_COLUMN,MEDIUM,1.89,2.22,1,0
MIG-16623,order_items,501002.24,489.26,78630623,1034,WRITE_HEAVY,DROP_COLUMN,MEDIUM,2.31,5.53,1,0
MIG-16624,orders,267274.24,261.01,32626751,5412,WRITE_HEAVY,ADD_COLUMN_DEFAULT,CRITICAL,2.22,31.62,0,1
MIG-16625,order_shipments,33884.16,33.09,8825217,708,WRITE_HEAVY,ADD_COLUMN_DEFAULT,MEDIUM,0.59,0.83,1,0
MIG-16626,order_items,507740.16,495.84,79689195,317,READ_HEAVY,ADD_INDEX_LOCKING,LOW,48.99,49.11,0,1
MIG-16627,order_items,399390.72,390.03,62682695,2001,READ_HEAVY,ADD_INDEX_CONCURRENTLY,HIGH,1.24,3.42,1,0
MIG-16628,orders,206745.6,201.9,25237756,857,READ_HEAVY,DROP_COLUMN,MEDIUM,1.52,2.19,1,0
MIG-16629,order_payments,82636.8,80.7,19865482,2267,WRITE_HEAVY,DROP_COLUMN,HIGH,0.62,2.28,1,0
MIG-16630,order_payments,52070.4,50.85,12516855,1753,READ_HEAVY,ADD_COLUMN_DEFAULT,HIGH,0.83,2.14,1,0
MIG-16631,orders,59269.12,57.88,7234889,3485,MIXED_OLTP,ADD_INDEX_CONCURRENTLY,CRITICAL,0.39,3.16,1,0
MIG-16632,order_shipments,87961.6,85.9,22907026,541,WRITE_HEAVY,ALTER_COLUMN_TYPE,MEDIUM,35.11,46.15,0,1
MIG-16633,order_items,535203.84,522.66,83999476,1189,WRITE_HEAVY,TABLE_REWRITE,MEDIUM,202.07,280.38,0,1
MIG-16634,order_payments,46100.48,45.02,11081144,1408,READ_HEAVY,ADD_INDEX_CONCURRENTLY,MEDIUM,0.35,0.5,1,0
MIG-16635,orders,191856.64,187.36,23419884,949,WRITE_HEAVY,ADD_INDEX_CONCURRENTLY,MEDIUM,0.83,1.78,1,0
MIG-16636,orders,212326.4,207.35,25918809,1120,WRITE_HEAVY,DROP_COLUMN,MEDIUM,1.27,2.52,1,0
MIG-16637,order_payments,93429.76,91.24,22459599,493,READ_HEAVY,ADD_INDEX_LOCKING,LOW,14.54,12.66,1,0
MIG-16638,order_payments,64634.88,63.12,15536192,1259,READ_HEAVY,ADD_COLUMN_DEFAULT,MEDIUM,1.02,1.45,1,0
MIG-16639,order_items,569344.0,556.0,89356618,3616,MIXED_OLTP,TABLE_REWRITE,CRITICAL,180.69,6167.59,0,1
MIG-16640,orders,191252.48,186.77,23345897,4939,MIXED_OLTP,ALTER_COLUMN_TYPE,CRITICAL,64.33,1778.71,0,1
MIG-16641,order_shipments,78172.16,76.34,20356698,258,READ_HEAVY,ADD_INDEX_CONCURRENTLY,LOW,0.45,0.44,1,0
MIG-16642,orders,193392.64,188.86,23607092,5397,READ_HEAVY,ADD_INDEX_CONCURRENTLY,CRITICAL,0.81,10.11,1,0
MIG-16643,order_items,486942.72,475.53,76424382,2886,ANALYTICAL_BATCH,ADD_INDEX_CONCURRENTLY,HIGH,1.45,6.55,1,0
MIG-16644,order_items,189552.64,185.11,29750438,116,READ_HEAVY,ALTER_COLUMN_TYPE,LOW,59.38,47.2,0,1
MIG-16645,orders,253214.72,247.28,30910048,5214,ANALYTICAL_BATCH,DROP_COLUMN,CRITICAL,1.81,11.17,1,0
MIG-16646,orders,112373.76,109.74,13716891,3600,MIXED_OLTP,TABLE_REWRITE,CRITICAL,54.95,1644.91,0,1
MIG-16647,orders,234188.8,228.7,28586883,2226,WRITE_HEAVY,ADD_INDEX_LOCKING,HIGH,28.96,232.77,0,1
MIG-16648,order_shipments,92528.64,90.36,24097098,2623,WRITE_HEAVY,ADD_INDEX_LOCKING,HIGH,13.7,153.11,0,1
MIG-16649,order_items,450785.28,440.22,70749112,623,WRITE_HEAVY,ADD_INDEX_CONCURRENTLY,MEDIUM,1.68,2.11,1,0
MIG-16650,order_payments,98304.0,96.0,23631061,515,MIXED_OLTP,ADD_INDEX_CONCURRENTLY,MEDIUM,0.57,0.73,1,0
MIG-16651,customer_sessions,21370.88,20.87,4770294,2113,WRITE_HEAVY,TABLE_REWRITE,HIGH,18.05,304.55,0,1
MIG-16652,order_payments,78888.96,77.04,18963171,1081,MIXED_OLTP,ADD_COLUMN_DEFAULT,MEDIUM,1.19,1.65,1,0
MIG-16653,order_items,430356.48,420.27,67543195,1087,READ_HEAVY,TABLE_REWRITE,MEDIUM,146.31,258.54,0,1
MIG-16654,order_items,156938.24,153.26,24631411,2928,MIXED_OLTP,ADD_COLUMN_DEFAULT,HIGH,1.45,7.14,1,0
MIG-16655,order_items,172216.32,168.18,27028422,1881,MIXED_OLTP,DROP_COLUMN,HIGH,1.05,4.76,1,0
MIG-16656,order_items,627415.04,612.71,98471981,2568,WRITE_HEAVY,DROP_COLUMN,HIGH,3.18,13.98,1,0
MIG-16657,customer_sessions,35768.32,34.93,7984171,176,WRITE_HEAVY,ADD_INDEX_CONCURRENTLY,LOW,0.21,0.27,1,0
MIG-16658,order_payments,68526.08,66.92,16472295,949,READ_HEAVY,ADD_COLUMN_DEFAULT,MEDIUM,0.84,1.56,1,0
MIG-16659,order_items,244500.48,238.77,38373861,312,MIXED_OLTP,TABLE_REWRITE,LOW,115.05,112.25,0,1
MIG-16660,order_items,448092.16,437.59,70327601,2144,MIXED_OLTP,ADD_COLUMN_DEFAULT,HIGH,3.93,10.18,1,0
MIG-16661,order_shipments,57671.68,56.32,15018439,676,READ_HEAVY,ADD_COLUMN_DEFAULT,MEDIUM,0.88,1.2,1,0
MIG-16662,orders,223979.52,218.73,27341635,3476,MIXED_OLTP,ADD_INDEX_LOCKING,CRITICAL,25.07,394.25,0,1
MIG-16663,order_shipments,60938.24,59.51,15869888,2811,READ_HEAVY,ADD_INDEX_LOCKING,HIGH,8.55,157.63,0,1
MIG-16664,orders,52561.92,51.33,6416231,1450,WRITE_HEAVY,ALTER_COLUMN_TYPE,MEDIUM,21.66,46.94,0,1
MIG-16665,order_payments,84449.28,82.47,20301396,1611,MIXED_OLTP,ADD_COLUMN_DEFAULT,HIGH,1.0,2.91,1,0
MIG-16666,order_shipments,23009.28,22.47,5992045,732,READ_HEAVY,ADD_COLUMN_DEFAULT,MEDIUM,0.52,0.73,1,0
MIG-16667,order_items,541388.8,528.7,84969696,494,MIXED_OLTP,ADD_COLUMN_DEFAULT,LOW,4.47,4.0,1,0
MIG-16668,orders,74291.2,72.55,9068768,146,READ_HEAVY,TABLE_REWRITE,LOW,52.43,47.32,0,1
MIG-16669,order_shipments,36423.68,35.57,9486206,1037,READ_HEAVY,TABLE_REWRITE,MEDIUM,25.42,53.73,0,1
MIG-16670,order_items,352071.68,343.82,55257184,3723,WRITE_HEAVY,DROP_COLUMN,CRITICAL,2.03,19.04,1,0
MIG-16671,order_items,215418.88,210.37,33809908,1483,READ_HEAVY,ADD_INDEX_CONCURRENTLY,MEDIUM,0.97,1.85,1,0
MIG-16672,order_items,392980.48,383.77,61676816,2617,WRITE_HEAVY,ALTER_COLUMN_TYPE,HIGH,94.12,758.1,0,1
MIG-16673,order_items,352450.56,344.19,55316572,400,MIXED_OLTP,ADD_INDEX_CONCURRENTLY,LOW,1.18,1.53,1,0
MIG-16674,order_payments,140748.8,137.45,33832651,565,WRITE_HEAVY,ADD_INDEX_CONCURRENTLY,MEDIUM,0.72,1.13,1,0
MIG-16675,orders,68700.16,67.09,8386086,1729,WRITE_HEAVY,ADD_COLUMN_DEFAULT,HIGH,1.09,2.77,1,0
MIG-16676,order_items,412334.08,402.67,64715295,2692,READ_HEAVY,DROP_COLUMN,HIGH,2.02,6.82,1,0
MIG-16677,order_shipments,78182.4,76.35,20360631,3568,READ_HEAVY,ADD_INDEX_CONCURRENTLY,CRITICAL,0.42,2.64,1,0
MIG-16678,orders,77383.68,75.57,9445929,2151,READ_HEAVY,ADD_COLUMN_DEFAULT,HIGH,1.15,2.73,1,0
MIG-16679,order_items,443166.72,432.78,69553432,606,MIXED_OLTP,ADD_INDEX_LOCKING,MEDIUM,35.49,61.8,0,1
MIG-16680,order_payments,130170.88,127.12,31290084,108,MIXED_OLTP,DROP_COLUMN,LOW,1.11,0.98,1,0
MIG-16681,order_shipments,83752.96,81.79,21811201,1229,READ_HEAVY,ADD_INDEX_CONCURRENTLY,MEDIUM,0.37,0.56,1,0
MIG-16682,order_items,597329.92,583.33,93748825,3443,READ_HEAVY,ADD_INDEX_CONCURRENTLY,CRITICAL,1.58,11.71,1,0
MIG-16683,order_shipments,78202.88,76.37,20364651,668,WRITE_HEAVY,ADD_INDEX_LOCKING,MEDIUM,11.26,18.85,1,0
MIG-16684,orders,136294.4,133.1,16637644,1343,READ_HEAVY,ADD_INDEX_CONCURRENTLY,MEDIUM,0.53,1.29,1,0
MIG-16685,order_items,589731.84,575.91,92556562,1214,MIXED_OLTP,ADD_INDEX_CONCURRENTLY,MEDIUM,1.59,3.47,1,0
MIG-16686,customer_sessions,28876.8,28.2,6445137,185,READ_HEAVY,TABLE_REWRITE,LOW,23.5,22.05,1,0
MIG-16687,order_shipments,66846.72,65.28,17407969,2789,ANALYTICAL_BATCH,DROP_COLUMN,HIGH,0.53,2.54,1,0
MIG-16688,order_items,509839.36,497.89,80018293,1470,WRITE_HEAVY,ADD_COLUMN_DEFAULT,MEDIUM,3.52,9.99,1,0
MIG-16689,order_items,564869.12,551.63,88654774,4029,MIXED_OLTP,DROP_COLUMN,CRITICAL,2.6,19.33,1,0
MIG-16690,order_items,587714.56,573.94,92239912,954,MIXED_OLTP,DROP_COLUMN,MEDIUM,2.59,4.46,1,0
MIG-16691,orders,67942.4,66.35,8294342,2491,MIXED_OLTP,ADD_COLUMN_DEFAULT,HIGH,0.95,2.38,1,0
MIG-16692,order_shipments,78653.44,76.81,20482878,158,MIXED_OLTP,DROP_COLUMN,LOW,0.79,0.89,1,0
MIG-16693,order_shipments,35358.72,34.53,9208652,458,WRITE_HEAVY,ADD_INDEX_LOCKING,LOW,6.84,7.32,1,0
MIG-16694,order_items,516792.32,504.68,81108674,625,MIXED_OLTP,ADD_INDEX_CONCURRENTLY,MEDIUM,1.82,1.91,1,0
MIG-16695,orders,204134.4,199.35,24918622,401,READ_HEAVY,ADD_COLUMN_DEFAULT,LOW,1.74,2.07,1,0
MIG-16696,order_items,208281.6,203.4,32689541,4442,READ_HEAVY,ADD_COLUMN_DEFAULT,CRITICAL,2.44,12.97,1,0
MIG-16697,orders,233359.36,227.89,28486414,1696,WRITE_HEAVY,ADD_INDEX_LOCKING,HIGH,24.06,222.12,0,1
MIG-16698,order_payments,81950.72,80.03,19699517,941,WRITE_HEAVY,ADD_INDEX_LOCKING,MEDIUM,12.43,19.71,1,0
MIG-16699,order_items,395366.4,386.1,62052348,792,ANALYTICAL_BATCH,ADD_INDEX_LOCKING,MEDIUM,41.13,55.87,0,1
MIG-16700,orders,264007.68,257.82,32227901,1437,WRITE_HEAVY,ADD_COLUMN_DEFAULT,MEDIUM,2.23,5.32,1,0
MIG-16701,order_items,453570.56,442.94,71186672,2303,READ_HEAVY,DROP_COLUMN,HIGH,2.17,5.23,1,0
MIG-16702,customer_sessions,52305.92,51.08,11675309,247,WRITE_HEAVY,ADD_INDEX_LOCKING,LOW,8.46,10.69,1,0
MIG-16703,orders,52858.88,51.62,6452594,764,READ_HEAVY,ADD_COLUMN_DEFAULT,MEDIUM,0.77,1.02,1,0
MIG-16704,order_items,217497.6,212.4,34136401,157,MIXED_OLTP,TABLE_REWRITE,LOW,87.84,111.46,0,1
MIG-16705,order_items,128399.36,125.39,20151799,4264,ANALYTICAL_BATCH,ADD_COLUMN_DEFAULT,CRITICAL,1.31,11.51,1,0
MIG-16706,orders,122880.0,120.0,14999435,1009,READ_HEAVY,ADD_COLUMN_DEFAULT,MEDIUM,1.25,2.15,1,0
MIG-16707,order_items,292485.12,285.63,45905176,2929,WRITE_HEAVY,ALTER_COLUMN_TYPE,HIGH,79.57,823.45,0,1
MIG-16708,order_items,388392.96,379.29,60956735,4620,WRITE_HEAVY,ADD_INDEX_LOCKING,CRITICAL,35.49,821.69,0,1
MIG-16709,orders,201717.76,196.99,24623748,953,WRITE_HEAVY,ADD_COLUMN_DEFAULT,MEDIUM,1.86,2.83,1,0
MIG-16710,orders,88821.76,86.74,10842319,248,READ_HEAVY,ADD_COLUMN_DEFAULT,LOW,1.0,1.28,1,0
MIG-16711,order_shipments,68331.52,66.73,17795735,761,ANALYTICAL_BATCH,DROP_COLUMN,MEDIUM,0.56,0.84,1,0
MIG-16712,order_items,587939.84,574.16,92275078,2470,WRITE_HEAVY,ADD_COLUMN_DEFAULT,HIGH,3.51,16.31,1,0
MIG-16713,order_items,210165.76,205.24,32985636,646,READ_HEAVY,DROP_COLUMN,MEDIUM,1.47,2.63,1,0
MIG-16714,order_items,454840.32,444.18,71386130,102,MIXED_OLTP,ADD_INDEX_LOCKING,LOW,33.86,50.84,0,1
MIG-16715,order_shipments,22210.56,21.69,5784725,460,READ_HEAVY,ADD_INDEX_CONCURRENTLY,LOW,0.2,0.27,1,0
MIG-16716,order_payments,90255.36,88.14,21697051,1550,MIXED_OLTP,DROP_COLUMN,HIGH,0.66,2.37,1,0
MIG-16717,order_shipments,79933.44,78.06,20817247,1844,READ_HEAVY,ADD_INDEX_CONCURRENTLY,HIGH,0.4,1.1,1,0
MIG-16718,order_items,132259.84,129.16,20757384,323,WRITE_HEAVY,ADD_INDEX_LOCKING,LOW,19.24,23.4,1,0
MIG-16719,order_items,286894.08,280.17,45026896,1790,READ_HEAVY,ADD_INDEX_CONCURRENTLY,HIGH,1.07,2.56,1,0
MIG-16720,order_items,567797.76,554.49,89114515,1170,READ_HEAVY,ADD_COLUMN_DEFAULT,MEDIUM,3.63,5.02,1,0
MIG-16721,order_items,231055.36,225.64,36263863,320,MIXED_OLTP,ADD_INDEX_CONCURRENTLY,LOW,0.84,1.07,1,0
MIG-16722,order_items,487761.92,476.33,76552838,575,WRITE_HEAVY,ADD_COLUMN_DEFAULT,MEDIUM,4.03,3.68,1,0
MIG-16723,orders,184565.76,180.24,22530433,2192,READ_HEAVY,DROP_COLUMN,HIGH,1.09,3.4,1,0
MIG-16724,order_items,199168.0,194.5,31258700,2745,ANALYTICAL_BATCH,ADD_COLUMN_DEFAULT,HIGH,1.92,11.2,1,0
MIG-16725,order_items,497479.68,485.82,78078308,885,READ_HEAVY,ADD_COLUMN_DEFAULT,MEDIUM,4.5,6.56,1,0
MIG-16726,orders,166840.32,162.93,20366186,1177,WRITE_HEAVY,TABLE_REWRITE,MEDIUM,85.82,156.11,0,1
MIG-16727,orders,73932.8,72.2,9024696,1078,ANALYTICAL_BATCH,ADD_INDEX_CONCURRENTLY,MEDIUM,0.47,1.03,1,0
MIG-16728,order_payments,140369.92,137.08,33741896,960,WRITE_HEAVY,ADD_COLUMN_DEFAULT,MEDIUM,1.71,2.88,1,0
MIG-16729,order_items,368588.8,359.95,57848924,1069,MIXED_OLTP,ADD_COLUMN_DEFAULT,MEDIUM,3.53,5.76,1,0
MIG-16730,order_shipments,80230.4,78.35,20893746,987,WRITE_HEAVY,ADD_INDEX_LOCKING,MEDIUM,12.36,19.25,1,0
MIG-16731,order_items,227041.28,221.72,35633721,568,MIXED_OLTP,ADD_INDEX_CONCURRENTLY,MEDIUM,0.79,1.94,1,0
MIG-16732,order_shipments,29808.64,29.11,7763157,274,WRITE_HEAVY,ADD_COLUMN_DEFAULT,LOW,0.62,0.69,1,0
MIG-16733,order_payments,115435.52,112.73,27749635,914,READ_HEAVY,ALTER_COLUMN_TYPE,MEDIUM,38.63,56.35,0,1
MIG-16734,orders,198195.2,193.55,24193252,411,ANALYTICAL_BATCH,ADD_COLUMN_DEFAULT,LOW,1.67,1.96,1,0
MIG-16735,customer_sessions,32020.48,31.27,7147150,2581,READ_HEAVY,ALTER_COLUMN_TYPE,HIGH,19.13,127.09,0,1
MIG-16736,orders,214220.8,209.2,26149652,1073,WRITE_HEAVY,ADD_INDEX_CONCURRENTLY,MEDIUM,0.84,1.59,1,0
MIG-16737,order_items,375316.48,366.52,58904373,2072,WRITE_HEAVY,ADD_INDEX_CONCURRENTLY,HIGH,1.43,3.52,1,0
MIG-16738,order_payments,68392.96,66.79,16439600,352,WRITE_HEAVY,DROP_COLUMN,LOW,0.74,0.7,1,0
MIG-16739,order_items,520796.16,508.59,81738237,1497,WRITE_HEAVY,ADD_INDEX_CONCURRENTLY,MEDIUM,1.4,4.14,1,0
MIG-16740,order_items,433008.64,422.86,67959402,434,READ_HEAVY,ADD_COLUMN_DEFAULT,LOW,3.52,4.15,1,0
MIG-16741,order_items,376483.84,367.66,59088737,194,READ_HEAVY,ADD_INDEX_CONCURRENTLY,LOW,1.32,1.4,1,0
MIG-16742,orders,220149.76,214.99,26873891,1920,ANALYTICAL_BATCH,ADD_COLUMN_DEFAULT,HIGH,1.81,9.39,1,0
MIG-16743,orders,169656.32,165.68,20710365,298,MIXED_OLTP,TABLE_REWRITE,LOW,74.26,58.9,0,1
MIG-16744,orders,256737.28,250.72,31340429,364,ANALYTICAL_BATCH,TABLE_REWRITE,LOW,123.03,163.75,0,1
MIG-16745,orders,230092.8,224.7,28087503,1173,READ_HEAVY,ADD_COLUMN_DEFAULT,MEDIUM,2.19,3.52,1,0
MIG-16746,order_items,299550.72,292.53,47013193,1283,READ_HEAVY,ADD_INDEX_CONCURRENTLY,MEDIUM,1.19,2.35,1,0
MIG-16747,order_items,354631.68,346.32,55658459,4369,READ_HEAVY,ALTER_COLUMN_TYPE,CRITICAL,76.69,2028.3,0,1
MIG-16748,order_items,608768.0,594.5,95543978,5060,READ_HEAVY,DROP_COLUMN,CRITICAL,2.94,17.93,1,0
MIG-16749,order_payments,133877.76,130.74,32181886,539,WRITE_HEAVY,DROP_COLUMN,MEDIUM,1.12,1.68,1,0
MIG-16750,orders,91443.2,89.3,11162009,717,MIXED_OLTP,ADD_INDEX_LOCKING,MEDIUM,15.24,19.97,1,0
MIG-16751,orders,109824.0,107.25,13406203,1013,MIXED_OLTP,ADD_COLUMN_DEFAULT,MEDIUM,1.08,2.86,1,0
MIG-16752,order_payments,70287.36,68.64,16895310,1022,WRITE_HEAVY,ADD_COLUMN_DEFAULT,MEDIUM,1.07,1.87,1,0
MIG-16753,order_shipments,91412.48,89.27,23804739,1466,READ_HEAVY,ALTER_COLUMN_TYPE,MEDIUM,39.86,58.53,0,1
MIG-16754,order_items,593326.08,579.42,93120802,363,WRITE_HEAVY,ADD_COLUMN_DEFAULT,LOW,4.41,3.61,1,0
MIG-16755,orders,226621.44,221.31,27663186,262,READ_HEAVY,ADD_INDEX_LOCKING,LOW,28.18,29.32,0,1
MIG-16756,order_payments,59658.24,58.26,14340403,334,READ_HEAVY,ALTER_COLUMN_TYPE,LOW,21.35,32.68,0,1
MIG-16757,order_shipments,92006.4,89.85,23960599,616,MIXED_OLTP,ADD_COLUMN_DEFAULT,MEDIUM,1.1,1.84,1,0
MIG-16758,order_items,131655.68,128.57,20663371,891,READ_HEAVY,ALTER_COLUMN_TYPE,MEDIUM,38.54,50.81,0,1
MIG-16759,orders,142673.92,139.33,17415693,3053,READ_HEAVY,ADD_COLUMN_DEFAULT,CRITICAL,1.49,10.84,1,0
MIG-16760,orders,132679.68,129.57,16195973,650,MIXED_OLTP,TABLE_REWRITE,MEDIUM,65.69,92.27,0,1
MIG-16761,order_items,390922.24,381.76,61354408,2118,ANALYTICAL_BATCH,ADD_COLUMN_DEFAULT,HIGH,3.06,14.29,1,0
MIG-16762,order_shipments,64931.84,63.41,16909836,505,MIXED_OLTP,ADD_INDEX_CONCURRENTLY,MEDIUM,0.32,0.41,1,0
MIG-16763,order_payments,53626.88,52.37,12891649,174,READ_HEAVY,ADD_INDEX_LOCKING,LOW,10.19,5.73,1,0
MIG-16764,order_items,220262.4,215.1,34569011,2841,READ_HEAVY,TABLE_REWRITE,HIGH,121.86,775.17,0,1
MIG-16765,order_items,529408.0,517.0,83088893,1334,MIXED_OLTP,ADD_INDEX_LOCKING,MEDIUM,43.19,61.68,0,1
MIG-16766,order_shipments,24750.08,24.17,6445850,4421,MIXED_OLTP,ADD_INDEX_LOCKING,CRITICAL,6.08,138.8,0,1
MIG-16767,order_items,369274.88,360.62,57956169,5380,ANALYTICAL_BATCH,TABLE_REWRITE,CRITICAL,166.7,5617.72,0,1
MIG-16768,order_shipments,34324.48,33.52,8939562,112,READ_HEAVY,DROP_COLUMN,LOW,0.33,0.42,1,0
MIG-16769,order_items,279613.44,273.06,43884945,476,MIXED_OLTP,ALTER_COLUMN_TYPE,LOW,83.64,84.41,0,1
MIG-16770,order_items,257802.24,251.76,40460847,996,WRITE_HEAVY,ADD_INDEX_CONCURRENTLY,MEDIUM,0.9,1.76,1,0
MIG-16771,order_items,480358.4,469.1,75390300,3936,WRITE_HEAVY,ADD_INDEX_CONCURRENTLY,CRITICAL,1.71,11.56,1,0
MIG-16772,order_items,350033.92,341.83,54937668,416,WRITE_HEAVY,ADD_INDEX_CONCURRENTLY,LOW,1.24,1.4,1,0
MIG-16773,customer_sessions,33648.64,32.86,7511962,2182,WRITE_HEAVY,TABLE_REWRITE,HIGH,27.78,431.06,0,1
MIG-16774,order_items,543744.0,531.0,85339511,1101,READ_HEAVY,ADD_INDEX_CONCURRENTLY,MEDIUM,1.57,2.57,1,0
MIG-16775,order_items,158965.76,155.24,24949406,815,READ_HEAVY,ADD_COLUMN_DEFAULT,MEDIUM,1.91,2.23,1,0
MIG-16776,order_items,510208.0,498.25,80075212,309,MIXED_OLTP,ADD_INDEX_CONCURRENTLY,LOW,1.72,1.96,1,0
MIG-16777,order_items,242841.6,237.15,38113333,1693,READ_HEAVY,ADD_INDEX_CONCURRENTLY,HIGH,0.96,2.7,1,0
MIG-16778,order_items,588472.32,574.68,92359557,1822,WRITE_HEAVY,DROP_COLUMN,HIGH,3.32,5.26,1,0
MIG-16779,order_payments,27289.6,26.65,6560101,323,MIXED_OLTP,ADD_INDEX_CONCURRENTLY,LOW,0.24,0.2,1,0
MIG-16780,order_items,401981.44,392.56,63089730,1443,WRITE_HEAVY,ALTER_COLUMN_TYPE,MEDIUM,92.84,155.48,0,1
MIG-16781,order_items,435834.88,425.62,68403463,686,WRITE_HEAVY,ALTER_COLUMN_TYPE,MEDIUM,113.31,132.71,0,1
MIG-16782,order_items,412631.04,402.96,64761326,1078,ANALYTICAL_BATCH,DROP_COLUMN,MEDIUM,2.05,3.55,1,0
MIG-16783,orders,229416.96,224.04,28005412,1589,WRITE_HEAVY,ADD_COLUMN_DEFAULT,HIGH,2.42,6.85,1,0
MIG-16784,order_payments,40058.88,39.12,9630323,1006,WRITE_HEAVY,ALTER_COLUMN_TYPE,MEDIUM,17.24,32.47,0,1
MIG-16785,order_items,329154.56,321.44,51660036,5123,READ_HEAVY,ADD_COLUMN_DEFAULT,CRITICAL,3.27,18.55,1,0
MIG-16786,order_items,560455.68,547.32,87962678,235,READ_HEAVY,ADD_INDEX_CONCURRENTLY,LOW,1.94,2.54,1,0
MIG-16787,order_payments,133099.52,129.98,31995576,4996,READ_HEAVY,ADD_COLUMN_DEFAULT,CRITICAL,1.77,7.59,1,0
MIG-16788,order_payments,86333.44,84.31,20752318,3982,MIXED_OLTP,ADD_COLUMN_DEFAULT,CRITICAL,1.19,9.44,1,0
MIG-16789,order_shipments,64716.8,63.2,16852084,2889,READ_HEAVY,DROP_COLUMN,HIGH,0.53,1.77,1,0
MIG-16790,order_items,508938.24,497.01,79876583,4571,READ_HEAVY,ADD_COLUMN_DEFAULT,CRITICAL,3.77,25.74,0,1
MIG-16791,order_items,517038.08,504.92,81148441,827,MIXED_OLTP,ADD_INDEX_LOCKING,MEDIUM,43.49,73.11,0,1
MIG-16792,order_payments,133027.84,129.91,31976741,1897,WRITE_HEAVY,DROP_COLUMN,HIGH,1.12,1.91,1,0
MIG-16793,order_items,550195.2,537.3,86352449,448,READ_HEAVY,ADD_INDEX_CONCURRENTLY,LOW,1.84,2.09,1,0
MIG-16794,order_items,328570.88,320.87,51568288,980,WRITE_HEAVY,ADD_COLUMN_DEFAULT,MEDIUM,2.41,5.63,1,0
MIG-16795,order_items,450027.52,439.48,70630019,898,WRITE_HEAVY,ADD_INDEX_LOCKING,MEDIUM,37.63,82.79,0,1
MIG-16796,order_payments,84520.96,82.54,20317175,4466,ANALYTICAL_BATCH,ADD_INDEX_CONCURRENTLY,CRITICAL,0.49,3.96,1,0
MIG-16797,orders,75243.52,73.48,9184959,3181,MIXED_OLTP,ADD_INDEX_CONCURRENTLY,CRITICAL,0.4,2.95,1,0
MIG-16798,order_items,538757.12,526.13,84556154,683,WRITE_HEAVY,ADD_INDEX_LOCKING,MEDIUM,39.96,82.4,0,1
MIG-16799,orders,182251.52,177.98,22247615,4144,READ_HEAVY,ADD_COLUMN_DEFAULT,CRITICAL,1.7,14.8,1,0
MIG-16800,order_items,144619.52,141.23,22698421,1936,WRITE_HEAVY,ADD_INDEX_CONCURRENTLY,HIGH,0.62,2.21,1,0
MIG-16801,order_payments,107714.56,105.19,25893806,2330,MIXED_OLTP,ADD_COLUMN_DEFAULT,HIGH,1.43,5.32,1,0
MIG-16802,order_items,260792.32,254.68,40931183,239,READ_HEAVY,DROP_COLUMN,LOW,1.81,2.45,1,0
MIG-16803,order_items,150435.84,146.91,23610481,932,ANALYTICAL_BATCH,ADD_INDEX_CONCURRENTLY,MEDIUM,0.66,1.17,1,0
MIG-16804,order_shipments,68741.12,67.13,17902320,1279,WRITE_HEAVY,ADD_INDEX_LOCKING,MEDIUM,10.32,18.16,1,0
MIG-16805,order_payments,114350.08,111.67,27487609,2678,WRITE_HEAVY,ADD_COLUMN_DEFAULT,HIGH,1.54,5.78,1,0
MIG-16806,order_items,381655.04,372.71,59900027,792,ANALYTICAL_BATCH,ADD_INDEX_CONCURRENTLY,MEDIUM,1.26,1.93,1,0
MIG-16807,customer_sessions,14704.64,14.36,3281335,2027,MIXED_OLTP,ALTER_COLUMN_TYPE,HIGH,10.4,76.55,0,1
MIG-16808,order_items,412416.0,402.75,64727501,4599,WRITE_HEAVY,DROP_COLUMN,CRITICAL,2.22,18.91,1,0
MIG-16809,order_payments,27412.48,26.77,6590341,1421,READ_HEAVY,TABLE_REWRITE,MEDIUM,25.49,33.12,0,1
MIG-16810,orders,254054.4,248.1,31013024,2316,MIXED_OLTP,ADD_INDEX_CONCURRENTLY,HIGH,1.1,3.48,1,0
MIG-16811,orders,108277.76,105.74,13217239,574,MIXED_OLTP,ADD_COLUMN_DEFAULT,MEDIUM,1.17,1.34,1,0
MIG-16812,order_items,564213.76,550.99,88551534,2394,READ_HEAVY,DROP_COLUMN,HIGH,2.26,8.99,1,0
MIG-16813,orders,51834.88,50.62,6326950,1220,MIXED_OLTP,ALTER_COLUMN_TYPE,MEDIUM,24.72,29.81,0,1
MIG-16814,order_items,164864.0,161.0,25874537,5341,ANALYTICAL_BATCH,ADD_INDEX_LOCKING,CRITICAL,22.05,433.4,0,1
MIG-16815,orders,148992.0,145.5,18188024,2893,READ_HEAVY,DROP_COLUMN,HIGH,1.28,4.68,1,0
MIG-16816,order_items,506204.16,494.34,79447197,2535,WRITE_HEAVY,ADD_INDEX_LOCKING,HIGH,37.01,502.09,0,1
MIG-16817,orders,257628.16,251.59,31449165,1053,READ_HEAVY,ADD_INDEX_CONCURRENTLY,MEDIUM,1.04,2.3,1,0
MIG-16818,orders,164413.44,160.56,20069560,667,MIXED_OLTP,ADD_INDEX_LOCKING,MEDIUM,18.5,30.3,0,1
MIG-16819,customer_sessions,37263.36,36.39,8318634,5196,READ_HEAVY,DROP_COLUMN,CRITICAL,0.42,2.71,1,0
MIG-16820,order_payments,31959.04,31.21,7683170,4191,WRITE_HEAVY,ADD_INDEX_CONCURRENTLY,CRITICAL,0.21,2.51,1,0
MIG-16821,customer_sessions,51988.48,50.77,11605416,4729,MIXED_OLTP,ADD_INDEX_CONCURRENTLY,CRITICAL,0.32,2.42,1,0
MIG-16822,order_items,310824.96,303.54,48783544,2602,READ_HEAVY,ADD_INDEX_CONCURRENTLY,HIGH,1.29,3.0,1,0
MIG-16823,orders,250234.88,244.37,30546604,1521,ANALYTICAL_BATCH,ADD_INDEX_CONCURRENTLY,HIGH,0.91,3.37,1,0
MIG-16824,order_items,362444.8,353.95,56884797,249,READ_HEAVY,ADD_INDEX_CONCURRENTLY,LOW,1.36,1.41,1,0
MIG-16825,order_items,509736.96,497.79,80001205,2506,MIXED_OLTP,ADD_INDEX_CONCURRENTLY,HIGH,1.9,3.74,1,0
MIG-16826,orders,236759.04,231.21,28901684,973,READ_HEAVY,DROP_COLUMN,MEDIUM,1.74,2.71,1,0
MIG-16827,order_shipments,26583.04,25.96,6922796,4641,WRITE_HEAVY,ADD_COLUMN_DEFAULT,CRITICAL,0.52,4.79,1,0
MIG-16828,order_items,342210.56,334.19,53708550,324,READ_HEAVY,ADD_INDEX_CONCURRENTLY,LOW,1.44,1.17,1,0
MIG-16829,order_payments,133693.44,130.56,32139062,3000,WRITE_HEAVY,DROP_COLUMN,CRITICAL,1.19,6.97,1,0
MIG-16830,order_items,333752.32,325.93,52380879,805,MIXED_OLTP,ADD_INDEX_CONCURRENTLY,MEDIUM,0.99,1.12,1,0
MIG-16831,order_items,406364.16,396.84,63777496,263,MIXED_OLTP,ADD_COLUMN_DEFAULT,LOW,3.08,3.94,1,0
MIG-16832,orders,242268.16,236.59,29573806,2077,WRITE_HEAVY,TABLE_REWRITE,HIGH,93.9,786.04,0,1
MIG-16833,customer_sessions,29337.6,28.65,6549347,1558,READ_HEAVY,ADD_INDEX_LOCKING,HIGH,6.62,48.75,0,1
MIG-16834,order_items,576378.88,562.87,90461114,1527,ANALYTICAL_BATCH,DROP_COLUMN,HIGH,3.28,6.8,1,0
MIG-16835,orders,136970.24,133.76,16719767,1939,WRITE_HEAVY,DROP_COLUMN,HIGH,0.88,3.35,1,0
MIG-16836,orders,180326.4,176.1,22011899,1351,ANALYTICAL_BATCH,ADD_INDEX_CONCURRENTLY,MEDIUM,0.67,1.63,1,0
MIG-16837,order_items,283985.92,277.33,44571198,494,WRITE_HEAVY,ADD_COLUMN_DEFAULT,LOW,2.49,2.8,1,0
MIG-16838,customer_sessions,48343.04,47.21,10790514,5091,WRITE_HEAVY,ADD_COLUMN_DEFAULT,CRITICAL,0.84,5.69,1,0
MIG-16839,order_shipments,22517.76,21.99,5864573,5350,READ_HEAVY,ADD_COLUMN_DEFAULT,CRITICAL,0.46,3.14,1,0
MIG-16840,order_payments,34447.36,33.64,8279487,2889,WRITE_HEAVY,TABLE_REWRITE,HIGH,33.47,219.76,0,1
MIG-16841,customer_sessions,41093.12,40.13,9172007,373,MIXED_OLTP,ADD_INDEX_LOCKING,LOW,7.41,9.11,1,0
MIG-16842,order_payments,66754.56,65.19,16046615,1684,MIXED_OLTP,DROP_COLUMN,HIGH,0.55,1.76,1,0
MIG-16843,order_items,432496.64,422.36,67879136,866,MIXED_OLTP,ADD_INDEX_LOCKING,MEDIUM,36.5,64.99,0,1
MIG-16844,order_items,134256.64,131.11,21070723,4840,MIXED_OLTP,ADD_INDEX_LOCKING,CRITICAL,20.83,433.24,0,1
MIG-16845,orders,86241.28,84.22,10527054,258,MIXED_OLTP,ADD_COLUMN_DEFAULT,LOW,1.01,1.44,1,0
MIG-16846,orders,95508.48,93.27,11658981,207,MIXED_OLTP,ALTER_COLUMN_TYPE,LOW,38.94,35.44,0,1
MIG-16847,order_items,342026.24,334.01,53679833,115,MIXED_OLTP,DROP_COLUMN,LOW,1.63,1.18,1,0
MIG-16848,orders,103751.68,101.32,12664538,2007,MIXED_OLTP,ADD_INDEX_LOCKING,HIGH,15.29,185.3,0,1
MIG-16849,customer_sessions,23214.08,22.67,5182342,2007,READ_HEAVY,ADD_INDEX_CONCURRENTLY,HIGH,0.21,0.55,1,0
MIG-16850,customer_sessions,52889.6,51.65,11805060,2720,READ_HEAVY,ADD_COLUMN_DEFAULT,HIGH,0.69,2.66,1,0
MIG-16851,order_items,498595.84,486.91,78253630,1284,READ_HEAVY,ADD_COLUMN_DEFAULT,MEDIUM,3.32,6.11,1,0
MIG-16852,order_payments,108728.32,106.18,26135720,3282,READ_HEAVY,ADD_INDEX_CONCURRENTLY,CRITICAL,0.6,3.5,1,0
MIG-16853,order_items,257218.56,251.19,40370587,1019,WRITE_HEAVY,DROP_COLUMN,MEDIUM,1.47,3.77,1,0
MIG-16854,orders,238141.44,232.56,29070010,461,READ_HEAVY,TABLE_REWRITE,LOW,94.26,139.89,0,1
MIG-16855,order_items,430448.64,420.36,67557596,2215,READ_HEAVY,ADD_INDEX_LOCKING,HIGH,33.96,278.38,0,1
MIG-16856,orders,185108.48,180.77,22596000,1456,WRITE_HEAVY,ADD_INDEX_CONCURRENTLY,MEDIUM,0.73,2.0,1,0
MIG-16857,order_items,224542.72,219.28,35240724,591,MIXED_OLTP,ADD_INDEX_CONCURRENTLY,MEDIUM,0.87,0.97,1,0
MIG-16858,orders,102727.68,100.32,12539747,822,MIXED_OLTP,ADD_COLUMN_DEFAULT,MEDIUM,1.48,2.0,1,0
MIG-16859,orders,154163.2,150.55,18818255,2878,WRITE_HEAVY,ADD_INDEX_CONCURRENTLY,HIGH,0.8,2.42,1,0
MIG-16860,orders,101754.88,99.37,12421167,386,ANALYTICAL_BATCH,ADD_INDEX_CONCURRENTLY,LOW,0.62,0.9,1,0
MIG-16861,order_shipments,75499.52,73.73,19662479,783,ANALYTICAL_BATCH,ADD_INDEX_CONCURRENTLY,MEDIUM,0.47,0.54,1,0
MIG-16862,orders,117401.6,114.65,14330971,1391,MIXED_OLTP,ADD_COLUMN_DEFAULT,MEDIUM,1.22,2.04,1,0
MIG-16863,order_items,193095.68,188.57,30305208,2074,WRITE_HEAVY,ADD_INDEX_CONCURRENTLY,HIGH,0.83,3.49,1,0
MIG-16864,order_items,192931.84,188.41,30280722,1292,READ_HEAVY,ADD_INDEX_CONCURRENTLY,MEDIUM,0.7,1.27,1,0
MIG-16865,order_items,180346.88,176.12,28305450,830,READ_HEAVY,ALTER_COLUMN_TYPE,MEDIUM,58.2,57.86,0,1
MIG-16866,order_items,341637.12,333.63,53619756,838,MIXED_OLTP,TABLE_REWRITE,MEDIUM,137.98,213.24,0,1
MIG-16867,orders,49827.84,48.66,6082080,828,READ_HEAVY,ADD_INDEX_LOCKING,MEDIUM,10.09,10.31,1,0
MIG-16868,order_items,394608.64,385.36,61932155,865,MIXED_OLTP,ADD_INDEX_CONCURRENTLY,MEDIUM,1.17,3.05,1,0
MIG-16869,order_items,268636.16,262.34,42162536,2398,MIXED_OLTP,ADD_INDEX_CONCURRENTLY,HIGH,1.01,2.28,1,0
MIG-16870,order_payments,92815.36,90.64,22311390,1309,ANALYTICAL_BATCH,DROP_COLUMN,MEDIUM,0.75,1.78,1,0
MIG-16871,order_items,597452.8,583.45,93769458,1127,READ_HEAVY,ADD_INDEX_LOCKING,MEDIUM,49.9,100.84,0,1
MIG-16872,order_items,563200.0,550.0,88392856,525,ANALYTICAL_BATCH,DROP_COLUMN,MEDIUM,2.59,4.39,1,0
MIG-16873,order_items,412180.48,402.52,64690817,1098,MIXED_OLTP,ADD_INDEX_LOCKING,MEDIUM,36.87,55.66,0,1
MIG-16874,orders,141619.2,138.3,17287898,2147,WRITE_HEAVY,ADD_COLUMN_DEFAULT,HIGH,1.69,6.57,1,0
MIG-16875,order_items,475105.28,463.97,74567376,1602,MIXED_OLTP,TABLE_REWRITE,HIGH,179.68,942.13,0,1
MIG-16876,orders,253337.6,247.4,30924761,1995,WRITE_HEAVY,ADD_INDEX_LOCKING,HIGH,31.06,382.58,0,1
MIG-16877,order_items,367339.52,358.73,57653312,1469,WRITE_HEAVY,ADD_INDEX_CONCURRENTLY,MEDIUM,1.37,2.08,1,0
MIG-16878,order_payments,38522.88,37.62,9260062,848,ANALYTICAL_BATCH,ADD_COLUMN_DEFAULT,MEDIUM,0.62,1.15,1,0
MIG-16879,orders,218603.52,213.48,26684381,1213,READ_HEAVY,DROP_COLUMN,MEDIUM,1.39,2.61,1,0
MIG-16880,orders,51466.24,50.26,6282937,699,READ_HEAVY,ADD_INDEX_CONCURRENTLY,MEDIUM,0.33,0.42,1,0
MIG-16881,order_payments,118231.04,115.46,28421588,5206,ANALYTICAL_BATCH,ADD_COLUMN_DEFAULT,CRITICAL,1.24,14.06,1,0
MIG-16882,order_items,158515.2,154.8,24878244,425,READ_HEAVY,DROP_COLUMN,LOW,1.03,1.24,1,0
MIG-16883,order_shipments,27279.36,26.64,7102918,659,WRITE_HEAVY,DROP_COLUMN,MEDIUM,0.31,0.65,1,0
MIG-16884,customer_sessions,64768.0,63.25,14456578,2536,WRITE_HEAVY,ALTER_COLUMN_TYPE,HIGH,31.14,339.71,0,1
MIG-16885,customer_sessions,58818.56,57.44,13129112,1432,READ_HEAVY,ADD_INDEX_CONCURRENTLY,MEDIUM,0.37,0.43,1,0
MIG-16886,order_items,404684.8,395.2,63514153,5261,WRITE_HEAVY,TABLE_REWRITE,CRITICAL,178.6,8517.46,0,1
MIG-16887,orders,230656.0,225.25,28155800,388,WRITE_HEAVY,ADD_COLUMN_DEFAULT,LOW,1.82,2.84,1,0
MIG-16888,order_items,554076.16,541.09,86960849,4824,MIXED_OLTP,TABLE_REWRITE,CRITICAL,209.65,3644.42,0,1
MIG-16889,order_items,350812.16,342.59,55058492,2251,WRITE_HEAVY,ADD_INDEX_CONCURRENTLY,HIGH,1.17,4.58,1,0
MIG-16890,order_items,628869.12,614.13,98700193,1723,READ_HEAVY,ADD_COLUMN_DEFAULT,HIGH,5.09,9.34,1,0
MIG-16891,order_items,299233.28,292.22,46963975,523,WRITE_HEAVY,TABLE_REWRITE,MEDIUM,122.9,166.5,0,1
MIG-16892,orders,87091.2,85.05,10630709,793,READ_HEAVY,ADD_INDEX_CONCURRENTLY,MEDIUM,0.56,0.6,1,0
MIG-16893,orders,236267.52,230.73,28841363,201,READ_HEAVY,ALTER_COLUMN_TYPE,LOW,57.38,69.73,0,1
MIG-16894,orders,141066.24,137.76,17220397,2870,READ_HEAVY,ADD_COLUMN_DEFAULT,HIGH,1.4,6.4,1,0
MIG-16895,orders,242575.36,236.89,29611490,435,WRITE_HEAVY,ADD_COLUMN_DEFAULT,LOW,1.89,2.93,1,0
MIG-16896,customer_sessions,18278.4,17.85,4080795,824,WRITE_HEAVY,DROP_COLUMN,MEDIUM,0.22,0.38,1,0
MIG-16897,orders,73717.76,71.99,8998407,879,WRITE_HEAVY,ADD_INDEX_CONCURRENTLY,MEDIUM,0.36,0.91,1,0
MIG-16898,order_items,135475.2,132.3,21262085,4858,WRITE_HEAVY,DROP_COLUMN,CRITICAL,1.15,9.61,1,0
MIG-16899,customer_sessions,53176.32,51.93,11868957,1178,READ_HEAVY,ADD_INDEX_CONCURRENTLY,MEDIUM,0.31,0.45,1,0
MIG-16900,order_items,544010.24,531.26,85380998,1386,WRITE_HEAVY,ADD_INDEX_LOCKING,MEDIUM,50.48,89.9,0,1
MIG-16901,order_items,322498.56,314.94,50615523,2596,WRITE_HEAVY,DROP_COLUMN,HIGH,1.9,6.15,1,0
MIG-16902,order_payments,37488.64,36.61,9012028,4729,WRITE_HEAVY,ADD_INDEX_CONCURRENTLY,CRITICAL,0.29,3.1,1,0
MIG-16903,order_items,307435.52,300.23,48250975,2663,MIXED_OLTP,ADD_INDEX_CONCURRENTLY,HIGH,1.15,4.51,1,0
MIG-16904,order_items,294318.08,287.42,46191736,1393,READ_HEAVY,DROP_COLUMN,MEDIUM,1.99,3.83,1,0
MIG-16905,order_shipments,71802.88,70.12,18698993,252,READ_HEAVY,ADD_INDEX_CONCURRENTLY,LOW,0.42,0.42,1,0
MIG-16906,order_payments,104755.2,102.3,25181966,200,READ_HEAVY,DROP_COLUMN,LOW,0.87,1.15,1,0
MIG-16907,order_shipments,26972.16,26.34,7025312,1409,READ_HEAVY,TABLE_REWRITE,MEDIUM,24.62,33.46,0,1
MIG-16908,customer_sessions,41441.28,40.47,9250545,661,WRITE_HEAVY,ADD_INDEX_CONCURRENTLY,MEDIUM,0.31,0.3,1,0
MIG-16909,order_items,446289.92,435.83,70043676,792,READ_HEAVY,ADD_COLUMN_DEFAULT,MEDIUM,4.19,3.31,1,0
MIG-16910,order_payments,57640.96,56.29,13855202,636,READ_HEAVY,TABLE_REWRITE,MEDIUM,48.27,32.76,0,1
MIG-16911,order_items,324782.08,317.17,50973503,1336,READ_HEAVY,TABLE_REWRITE,MEDIUM,115.81,141.94,0,1
MIG-16912,order_payments,100147.2,97.8,24074414,2875,WRITE_HEAVY,ADD_INDEX_CONCURRENTLY,HIGH,0.45,2.44,1,0
MIG-16913,order_payments,74895.36,73.14,18002676,269,ANALYTICAL_BATCH,ADD_INDEX_LOCKING,LOW,12.52,16.3,1,0
MIG-16914,order_payments,30320.64,29.61,7288795,3248,MIXED_OLTP,ADD_INDEX_CONCURRENTLY,CRITICAL,0.27,1.17,1,0
MIG-16915,order_shipments,36894.72,36.03,9608505,1851,WRITE_HEAVY,ADD_INDEX_LOCKING,HIGH,6.11,50.92,0,1
MIG-16916,order_items,515215.36,503.14,80862554,1078,ANALYTICAL_BATCH,ADD_COLUMN_DEFAULT,MEDIUM,4.32,4.65,1,0
MIG-16917,order_payments,56391.68,55.07,13556917,843,WRITE_HEAVY,ADD_INDEX_CONCURRENTLY,MEDIUM,0.31,0.55,1,0
MIG-16918,orders,230021.12,224.63,28078209,4875,WRITE_HEAVY,ADD_COLUMN_DEFAULT,CRITICAL,2.33,13.47,1,0
MIG-16919,order_items,355655.68,347.32,55819533,4998,WRITE_HEAVY,ADD_INDEX_CONCURRENTLY,CRITICAL,1.35,12.82,1,0
MIG-16920,order_payments,83281.92,81.33,20020128,936,ANALYTICAL_BATCH,ADD_COLUMN_DEFAULT,MEDIUM,1.05,1.56,1,0
MIG-16921,order_payments,118937.6,116.15,28590867,345,WRITE_HEAVY,ADD_COLUMN_DEFAULT,LOW,1.14,1.75,1,0
MIG-16922,order_items,312504.32,305.18,49046774,3159,MIXED_OLTP,TABLE_REWRITE,CRITICAL,139.71,3456.18,0,1
MIG-16923,order_items,237762.56,232.19,37316927,1705,READ_HEAVY,ADD_COLUMN_DEFAULT,HIGH,2.44,6.16,1,0
MIG-16924,order_items,168898.56,164.94,26507622,2003,READ_HEAVY,DROP_COLUMN,HIGH,1.21,4.22,1,0
MIG-16925,orders,197765.12,193.13,24141566,623,READ_HEAVY,ADD_INDEX_CONCURRENTLY,MEDIUM,0.92,0.82,1,0
MIG-16926,orders,153098.24,149.51,18688448,1522,WRITE_HEAVY,TABLE_REWRITE,HIGH,75.29,647.11,0,1
MIG-16927,order_shipments,85565.44,83.56,22283188,1187,MIXED_OLTP,ADD_COLUMN_DEFAULT,MEDIUM,1.24,1.7,1,0
MIG-16928,order_items,350894.08,342.67,55071651,523,READ_HEAVY,ADD_INDEX_CONCURRENTLY,MEDIUM,1.2,1.43,1,0
MIG-16929,customer_sessions,41093.12,40.13,9173273,1859,READ_HEAVY,DROP_COLUMN,HIGH,0.45,1.28,1,0
MIG-16930,orders,115251.2,112.55,14069006,1221,WRITE_HEAVY,ADD_COLUMN_DEFAULT,MEDIUM,1.43,2.89,1,0
MIG-16931,order_payments,50513.92,49.33,12143522,708,MIXED_OLTP,ADD_INDEX_CONCURRENTLY,MEDIUM,0.35,0.37,1,0
MIG-16932,order_items,543272.96,530.54,85265392,1841,MIXED_OLTP,ADD_COLUMN_DEFAULT,HIGH,4.15,11.37,1,0
MIG-16933,order_payments,38031.36,37.14,9142087,2624,READ_HEAVY,ADD_COLUMN_DEFAULT,HIGH,0.67,1.19,1,0
MIG-16934,order_items,580270.08,566.67,91072345,3055,READ_HEAVY,ADD_INDEX_CONCURRENTLY,CRITICAL,2.0,9.44,1,0
MIG-16935,order_payments,29849.6,29.15,7174983,822,WRITE_HEAVY,ADD_INDEX_LOCKING,MEDIUM,5.97,10.5,1,0
MIG-16936,order_shipments,61747.2,60.3,16080650,1036,WRITE_HEAVY,ADD_INDEX_CONCURRENTLY,MEDIUM,0.35,0.48,1,0
MIG-16937,order_items,144793.6,141.4,22724613,568,WRITE_HEAVY,ADD_INDEX_CONCURRENTLY,MEDIUM,0.69,0.55,1,0
MIG-16938,orders,221593.6,216.4,27049392,1152,MIXED_OLTP,ADD_INDEX_CONCURRENTLY,MEDIUM,0.99,2.11,1,0
MIG-16939,orders,95928.32,93.68,11710406,269,WRITE_HEAVY,ADD_COLUMN_DEFAULT,LOW,1.38,1.12,1,0
MIG-16940,order_payments,94423.04,92.21,22698570,810,WRITE_HEAVY,ADD_INDEX_CONCURRENTLY,MEDIUM,0.52,0.75,1,0
MIG-16941,order_items,587663.36,573.89,92232134,1069,WRITE_HEAVY,ADD_INDEX_CONCURRENTLY,MEDIUM,1.52,3.28,1,0
MIG-16942,order_items,449771.52,439.23,70589973,538,WRITE_HEAVY,ADD_INDEX_CONCURRENTLY,MEDIUM,1.34,1.93,1,0
MIG-16943,order_items,206714.88,201.87,32443917,340,READ_HEAVY,TABLE_REWRITE,LOW,111.88,109.85,0,1
MIG-16944,order_items,525854.72,513.53,82530899,963,MIXED_OLTP,ADD_INDEX_CONCURRENTLY,MEDIUM,1.41,2.7,1,0
MIG-16945,order_payments,79513.6,77.65,19114612,123,READ_HEAVY,ADD_INDEX_CONCURRENTLY,LOW,0.48,0.37,1,0
MIG-16946,order_payments,28200.96,27.54,6779490,2678,READ_HEAVY,DROP_COLUMN,HIGH,0.31,0.91,1,0
MIG-16947,order_payments,84940.8,82.95,20418831,953,READ_HEAVY,ADD_COLUMN_DEFAULT,MEDIUM,0.95,1.38,1,0
MIG-16948,order_payments,123965.44,121.06,29799558,3171,READ_HEAVY,ADD_INDEX_CONCURRENTLY,CRITICAL,0.71,3.37,1,0
MIG-16949,order_shipments,54097.92,52.83,14087084,859,MIXED_OLTP,ALTER_COLUMN_TYPE,MEDIUM,20.67,39.44,0,1
MIG-16950,order_items,506112.0,494.25,79432672,2617,MIXED_OLTP,DROP_COLUMN,HIGH,2.15,7.48,1,0
MIG-16951,customer_sessions,59852.8,58.45,13359572,4122,MIXED_OLTP,ADD_COLUMN_DEFAULT,CRITICAL,0.73,5.5,1,0
MIG-16952,orders,150210.56,146.69,18336632,3968,MIXED_OLTP,ADD_COLUMN_DEFAULT,CRITICAL,1.68,13.28,1,0
MIG-16953,order_items,281528.32,274.93,44185889,3104,MIXED_OLTP,ADD_INDEX_LOCKING,CRITICAL,28.33,510.4,0,1
MIG-16954,order_payments,113674.24,111.01,27324352,564,READ_HEAVY,ADD_INDEX_CONCURRENTLY,MEDIUM,0.47,0.56,1,0
MIG-16955,order_items,305080.32,297.93,47882391,795,READ_HEAVY,TABLE_REWRITE,MEDIUM,133.64,189.31,0,1
MIG-16956,orders,86773.76,84.74,10592351,1906,MIXED_OLTP,ADD_INDEX_CONCURRENTLY,HIGH,0.54,1.77,1,0
MIG-16957,order_items,280279.04,273.71,43989907,1143,WRITE_HEAVY,ADD_COLUMN_DEFAULT,MEDIUM,2.88,4.4,1,0
MIG-16958,order_items,567224.32,553.93,89023974,2205,READ_HEAVY,ADD_INDEX_CONCURRENTLY,HIGH,2.04,4.12,1,0
MIG-16959,order_shipments,41932.8,40.95,10921204,1688,ANALYTICAL_BATCH,DROP_COLUMN,HIGH,0.48,1.7,1,0
MIG-16960,order_items,235950.08,230.42,37031803,360,READ_HEAVY,ALTER_COLUMN_TYPE,LOW,72.48,72.26,0,1
MIG-16961,orders,78663.68,76.82,9602341,483,WRITE_HEAVY,DROP_COLUMN,LOW,0.69,0.97,1,0
MIG-16962,order_items,143165.44,139.81,22469405,2787,READ_HEAVY,ADD_INDEX_CONCURRENTLY,HIGH,0.63,2.17,1,0
MIG-16963,order_items,618752.0,604.25,97112080,2990,WRITE_HEAVY,ADD_INDEX_LOCKING,HIGH,60.66,435.95,0,1
MIG-16964,orders,167874.56,163.94,20492974,2220,READ_HEAVY,TABLE_REWRITE,HIGH,73.51,487.83,0,1
MIG-16965,order_items,491253.76,479.74,77101201,2040,READ_HEAVY,ADD_INDEX_CONCURRENTLY,HIGH,1.77,3.06,1,0
MIG-16966,order_items,513617.92,501.58,80610849,555,READ_HEAVY,ADD_INDEX_CONCURRENTLY,MEDIUM,1.34,2.38,1,0
MIG-16967,orders,127078.4,124.1,15512558,372,READ_HEAVY,ADD_COLUMN_DEFAULT,LOW,1.36,1.28,1,0
MIG-16968,order_items,527001.6,514.65,82711378,940,WRITE_HEAVY,ADD_INDEX_LOCKING,MEDIUM,41.67,62.81,0,1
MIG-16969,order_items,610908.16,596.59,95880223,1135,READ_HEAVY,ADD_INDEX_CONCURRENTLY,MEDIUM,2.13,2.73,1,0
MIG-16970,order_payments,115496.96,112.79,27762741,1951,WRITE_HEAVY,ADD_INDEX_CONCURRENTLY,HIGH,0.67,1.7,1,0
MIG-16971,order_items,482007.04,470.71,75650383,1750,READ_HEAVY,DROP_COLUMN,HIGH,2.66,6.42,1,0
MIG-16972,orders,144752.64,141.36,17670312,4725,READ_HEAVY,ADD_INDEX_LOCKING,CRITICAL,21.37,401.61,0,1
MIG-16973,customer_sessions,68608.0,67.0,15315009,888,WRITE_HEAVY,ADD_INDEX_CONCURRENTLY,MEDIUM,0.38,0.57,1,0
MIG-16974,order_items,160532.48,156.77,25195827,1028,ANALYTICAL_BATCH,DROP_COLUMN,MEDIUM,1.32,1.28,1,0
MIG-16975,orders,214968.32,209.93,26241460,1480,READ_HEAVY,ADD_INDEX_LOCKING,MEDIUM,20.29,50.87,0,1
MIG-16976,order_shipments,48455.68,47.32,12619060,781,WRITE_HEAVY,ADD_INDEX_CONCURRENTLY,MEDIUM,0.35,0.62,1,0
MIG-16977,orders,174336.0,170.25,21281295,151,READ_HEAVY,ADD_COLUMN_DEFAULT,LOW,1.66,2.03,1,0
MIG-16978,order_payments,133611.52,130.48,32117356,1211,WRITE_HEAVY,ADD_COLUMN_DEFAULT,MEDIUM,1.25,2.5,1,0
MIG-16979,order_payments,99112.96,96.79,23824563,1075,WRITE_HEAVY,ADD_INDEX_LOCKING,MEDIUM,16.01,26.45,0,1
MIG-16980,customer_sessions,15984.64,15.61,3568374,259,ANALYTICAL_BATCH,DROP_COLUMN,LOW,0.21,0.3,1,0
MIG-16981,customer_sessions,60948.48,59.52,13605509,2398,MIXED_OLTP,ALTER_COLUMN_TYPE,HIGH,24.14,247.15,0,1
MIG-16982,orders,254638.08,248.67,31083661,2884,MIXED_OLTP,ADD_COLUMN_DEFAULT,HIGH,2.11,7.35,1,0
MIG-16983,order_payments,103546.88,101.12,24889944,167,READ_HEAVY,ADD_INDEX_CONCURRENTLY,LOW,0.55,0.53,1,0
MIG-16984,order_items,559267.84,546.16,87775026,2686,ANALYTICAL_BATCH,ADD_COLUMN_DEFAULT,HIGH,3.64,20.03,1,0
MIG-16985,order_items,540620.8,527.95,84848956,314,MIXED_OLTP,ADD_COLUMN_DEFAULT,LOW,3.66,5.02,1,0
MIG-16986,order_items,559196.16,546.09,87764674,1305,WRITE_HEAVY,DROP_COLUMN,MEDIUM,2.52,5.94,1,0
MIG-16987,orders,125265.92,122.33,15290710,2876,WRITE_HEAVY,TABLE_REWRITE,HIGH,81.33,682.89,0,1
MIG-16988,orders,154030.08,150.42,18802415,659,READ_HEAVY,ADD_COLUMN_DEFAULT,MEDIUM,1.63,1.97,1,0
MIG-16989,orders,236728.32,231.18,28896904,1673,WRITE_HEAVY,DROP_COLUMN,HIGH,1.58,5.62,1,0
MIG-16990,orders,250521.6,244.65,30580761,503,READ_HEAVY,ADD_INDEX_CONCURRENTLY,MEDIUM,0.97,1.25,1,0
MIG-16991,orders,81633.28,79.72,9964720,689,WRITE_HEAVY,DROP_COLUMN,MEDIUM,0.59,1.23,1,0
MIG-16992,order_shipments,33484.8,32.7,8721099,846,MIXED_OLTP,ADD_INDEX_LOCKING,MEDIUM,7.24,10.06,1,0
MIG-16993,order_items,293683.2,286.8,46093197,755,WRITE_HEAVY,ADD_INDEX_LOCKING,MEDIUM,26.8,51.71,0,1
MIG-16994,order_payments,118906.88,116.12,28584577,429,MIXED_OLTP,TABLE_REWRITE,LOW,58.8,90.52,0,1
MIG-16995,order_shipments,91002.88,88.87,23699592,1250,READ_HEAVY,TABLE_REWRITE,MEDIUM,65.07,82.1,0,1
MIG-16996,order_payments,96143.36,93.89,23110916,851,WRITE_HEAVY,ADD_COLUMN_DEFAULT,MEDIUM,1.25,2.77,1,0
MIG-16997,order_items,173148.16,169.09,27174722,1077,MIXED_OLTP,ALTER_COLUMN_TYPE,MEDIUM,61.04,91.59,0,1
MIG-16998,order_shipments,43622.4,42.6,11360961,812,READ_HEAVY,ADD_INDEX_LOCKING,MEDIUM,7.66,7.81,1,0
MIG-16999,order_payments,129300.48,126.27,31082262,2255,MIXED_OLTP,ADD_COLUMN_DEFAULT,HIGH,1.5,3.47,1,0
MIG-17000,order_payments,68259.84,66.66,16409583,3726,MIXED_OLTP,ADD_INDEX_CONCURRENTLY,CRITICAL,0.43,3.75,1,0
MIG-17001,order_shipments,26961.92,26.33,7020636,2688,WRITE_HEAVY,TABLE_REWRITE,HIGH,29.32,250.1,0,1
MIG-17002,order_items,270581.76,264.24,42467545,3569,WRITE_HEAVY,TABLE_REWRITE,CRITICAL,146.26,2369.96,0,1
MIG-17003,order_items,531025.92,518.58,83343214,1478,WRITE_HEAVY,ADD_COLUMN_DEFAULT,MEDIUM,3.87,7.16,1,0
MIG-17004,order_shipments,59361.28,57.97,15459157,2898,WRITE_HEAVY,ADD_COLUMN_DEFAULT,HIGH,0.93,2.87,1,0
MIG-17005,order_items,203233.28,198.47,31897394,1793,ANALYTICAL_BATCH,ADD_INDEX_CONCURRENTLY,HIGH,0.87,2.93,1,0
MIG-17006,order_shipments,44359.68,43.32,11552859,2356,MIXED_OLTP,ADD_INDEX_CONCURRENTLY,HIGH,0.25,1.08,1,0
MIG-17007,orders,260065.28,253.97,31746694,2718,READ_HEAVY,ADD_INDEX_LOCKING,HIGH,28.06,305.36,0,1
MIG-17008,orders,144691.2,141.3,17662852,5109,MIXED_OLTP,ADD_COLUMN_DEFAULT,CRITICAL,1.87,17.78,1,0
MIG-17009,order_items,342599.68,334.57,53769539,870,ANALYTICAL_BATCH,DROP_COLUMN,MEDIUM,2.21,3.06,1,0
MIG-17010,orders,83005.44,81.06,10132879,4368,WRITE_HEAVY,ADD_COLUMN_DEFAULT,CRITICAL,1.0,6.52,1,0
MIG-17011,customer_sessions,33986.56,33.19,7585581,645,WRITE_HEAVY,DROP_COLUMN,MEDIUM,0.35,0.6,1,0
MIG-17012,orders,229345.28,223.97,27996525,200,MIXED_OLTP,ADD_INDEX_LOCKING,LOW,26.19,28.41,0,1
MIG-17013,order_payments,120821.76,117.99,29042530,202,MIXED_OLTP,ALTER_COLUMN_TYPE,LOW,45.54,43.8,0,1
MIG-17014,orders,145479.68,142.07,17758467,785,WRITE_HEAVY,ADD_COLUMN_DEFAULT,MEDIUM,1.54,2.85,1,0
MIG-17015,customer_sessions,71987.2,70.3,16068592,259,READ_HEAVY,ADD_COLUMN_DEFAULT,LOW,1.01,1.04,1,0
MIG-17016,order_items,310937.6,303.65,48800972,375,WRITE_HEAVY,ADD_INDEX_CONCURRENTLY,LOW,0.94,1.32,1,0
MIG-17017,orders,240332.8,234.7,29336898,1399,READ_HEAVY,ALTER_COLUMN_TYPE,MEDIUM,64.56,138.82,0,1
MIG-17018,orders,56135.68,54.82,6852269,2372,READ_HEAVY,ALTER_COLUMN_TYPE,HIGH,19.93,132.83,0,1
MIG-17019,order_items,293888.0,287.0,46125653,291,WRITE_HEAVY,ADD_COLUMN_DEFAULT,LOW,3.07,3.09,1,0
MIG-17020,customer_sessions,69498.88,67.87,15512986,1202,MIXED_OLTP,ADD_INDEX_CONCURRENTLY,MEDIUM,0.35,0.92,1,0
MIG-17021,customer_sessions,72478.72,70.78,16178857,2421,READ_HEAVY,DROP_COLUMN,HIGH,0.76,1.87,1,0
MIG-17022,order_items,505077.76,493.24,79270347,2169,MIXED_OLTP,ADD_INDEX_LOCKING,HIGH,50.92,447.42,0,1
MIG-17023,order_items,460400.64,449.61,72259131,1549,READ_HEAVY,ADD_INDEX_LOCKING,HIGH,39.91,176.54,0,1
MIG-17024,orders,229529.6,224.15,28018632,1041,READ_HEAVY,ADD_INDEX_CONCURRENTLY,MEDIUM,1.05,1.53,1,0
MIG-17025,order_items,479856.64,468.61,75312213,3160,WRITE_HEAVY,TABLE_REWRITE,CRITICAL,170.34,2572.89,0,1
MIG-17026,order_items,245893.12,240.13,38591897,4526,WRITE_HEAVY,ADD_COLUMN_DEFAULT,CRITICAL,2.65,21.76,1,0
MIG-17027,orders,152279.04,148.71,18588396,1438,MIXED_OLTP,DROP_COLUMN,MEDIUM,1.19,2.48,1,0
MIG-17028,order_items,455680.0,445.0,71517104,419,READ_HEAVY,ADD_INDEX_CONCURRENTLY,LOW,1.37,1.77,1,0
MIG-17029,order_shipments,67184.64,65.61,17496539,1338,WRITE_HEAVY,ADD_INDEX_CONCURRENTLY,MEDIUM,0.39,0.7,1,0
MIG-17030,orders,244920.32,239.18,29897635,4154,ANALYTICAL_BATCH,ADD_INDEX_CONCURRENTLY,CRITICAL,0.81,8.54,1,0
MIG-17031,orders,153958.4,150.35,18793805,2234,MIXED_OLTP,ADD_COLUMN_DEFAULT,HIGH,1.46,6.15,1,0
MIG-17032,orders,88524.8,86.45,10805659,4313,WRITE_HEAVY,TABLE_REWRITE,CRITICAL,58.59,2561.36,0,1
MIG-17033,orders,96614.4,94.35,11793715,3500,WRITE_HEAVY,ADD_INDEX_LOCKING,CRITICAL,13.05,373.52,0,1
MIG-17034,orders,236288.0,230.75,28843527,2971,READ_HEAVY,TABLE_REWRITE,HIGH,126.2,988.73,0,1
MIG-17035,order_items,119193.6,116.4,18706397,116,WRITE_HEAVY,DROP_COLUMN,LOW,1.02,1.0,1,0
MIG-17036,orders,241387.52,235.73,29466519,496,ANALYTICAL_BATCH,ADD_INDEX_CONCURRENTLY,LOW,0.98,1.36,1,0
MIG-17037,order_payments,33280.0,32.5,8000936,490,READ_HEAVY,DROP_COLUMN,LOW,0.39,0.62,1,0
MIG-17038,order_shipments,50913.28,49.72,13259822,1440,WRITE_HEAVY,DROP_COLUMN,MEDIUM,0.59,1.0,1,0
MIG-17039,customer_sessions,65955.84,64.41,14722537,102,READ_HEAVY,ALTER_COLUMN_TYPE,LOW,23.41,25.34,0,1
MIG-17040,order_payments,75458.56,73.69,18139322,1454,WRITE_HEAVY,ADD_COLUMN_DEFAULT,MEDIUM,1.13,2.34,1,0
MIG-17041,orders,231045.12,225.63,28203401,1856,READ_HEAVY,ADD_INDEX_CONCURRENTLY,HIGH,0.88,2.0,1,0
MIG-17042,orders,71331.84,69.66,8708068,204,WRITE_HEAVY,ADD_INDEX_LOCKING,LOW,12.07,10.11,1,0
MIG-17043,orders,162293.76,158.49,19811640,2525,MIXED_OLTP,ADD_INDEX_LOCKING,HIGH,23.54,257.5,0,1
MIG-17044,customer_sessions,51916.8,50.7,11587625,3994,MIXED_OLTP,ADD_COLUMN_DEFAULT,CRITICAL,0.86,4.84,1,0
MIG-17045,customer_sessions,71802.88,70.12,16028507,475,ANALYTICAL_BATCH,ADD_INDEX_CONCURRENTLY,LOW,0.38,0.47,1,0
MIG-17046,order_items,163010.56,159.19,25583333,298,WRITE_HEAVY,ADD_COLUMN_DEFAULT,LOW,2.01,1.89,1,0
MIG-17047,order_items,289433.6,282.65,45426655,617,READ_HEAVY,ALTER_COLUMN_TYPE,MEDIUM,73.6,58.66,0,1
MIG-17048,order_items,454973.44,444.31,71407195,3598,MIXED_OLTP,ADD_COLUMN_DEFAULT,CRITICAL,3.99,33.45,0,1
MIG-17049,orders,265891.84,259.66,32458112,2660,READ_HEAVY,ADD_INDEX_LOCKING,HIGH,33.85,265.93,0,1
MIG-17050,customer_sessions,69058.56,67.44,15415150,330,READ_HEAVY,ADD_INDEX_CONCURRENTLY,LOW,0.38,0.36,1,0
MIG-17051,orders,236380.16,230.84,28855366,1997,ANALYTICAL_BATCH,ADD_COLUMN_DEFAULT,HIGH,2.41,9.27,1,0
MIG-17052,order_items,381603.84,372.66,59891784,1829,MIXED_OLTP,ADD_COLUMN_DEFAULT,HIGH,3.07,9.52,1,0
MIG-17053,order_items,405923.84,396.41,63708228,1179,MIXED_OLTP,ADD_INDEX_CONCURRENTLY,MEDIUM,1.17,2.86,1,0
MIG-17054,orders,239052.8,233.45,29181662,1899,READ_HEAVY,ADD_COLUMN_DEFAULT,HIGH,2.56,7.8,1,0
MIG-17055,order_items,563496.96,550.29,88439672,596,READ_HEAVY,ADD_INDEX_LOCKING,MEDIUM,53.23,49.65,0,1
MIG-17056,order_shipments,84971.52,82.98,22129130,1056,READ_HEAVY,ADD_COLUMN_DEFAULT,MEDIUM,1.11,2.09,1,0
MIG-17057,orders,230205.44,224.81,28101424,5162,READ_HEAVY,ADD_INDEX_CONCURRENTLY,CRITICAL,0.78,4.43,1,0
MIG-17058,order_items,568657.92,555.33,89250018,808,WRITE_HEAVY,ADD_INDEX_LOCKING,MEDIUM,42.6,69.16,0,1
MIG-17059,order_items,173414.4,169.35,27216336,2560,MIXED_OLTP,ADD_COLUMN_DEFAULT,HIGH,1.81,6.74,1,0
MIG-17060,orders,113879.04,111.21,13901263,2169,READ_HEAVY,ADD_COLUMN_DEFAULT,HIGH,1.41,3.4,1,0
MIG-17061,orders,265052.16,258.84,32355065,1455,READ_HEAVY,ADD_INDEX_LOCKING,MEDIUM,33.53,53.41,0,1
MIG-17062,orders,169646.08,165.67,20708956,2410,MIXED_OLTP,ADD_COLUMN_DEFAULT,HIGH,1.61,6.26,1,0
MIG-17063,orders,88186.88,86.12,10764524,300,MIXED_OLTP,ADD_COLUMN_DEFAULT,LOW,1.05,1.5,1,0
MIG-17064,order_items,374312.96,365.54,58747506,727,WRITE_HEAVY,ADD_INDEX_CONCURRENTLY,MEDIUM,1.13,1.63,1,0
MIG-17065,order_shipments,71997.44,70.31,18748938,1387,READ_HEAVY,ADD_COLUMN_DEFAULT,MEDIUM,1.13,1.57,1,0
MIG-17066,order_payments,125849.6,122.9,30252793,3114,READ_HEAVY,ADD_INDEX_CONCURRENTLY,CRITICAL,0.52,2.73,1,0
MIG-17067,customer_sessions,66734.08,65.17,14895344,4350,WRITE_HEAVY,ALTER_COLUMN_TYPE,CRITICAL,28.51,887.97,0,1
MIG-17068,order_items,140103.68,136.82,21988560,766,WRITE_HEAVY,ADD_INDEX_CONCURRENTLY,MEDIUM,0.61,0.63,1,0
MIG-17069,order_payments,80957.44,79.06,19461519,1012,READ_HEAVY,ADD_INDEX_LOCKING,MEDIUM,11.33,21.9,1,0
MIG-17070,order_payments,29091.84,28.41,6992388,5458,MIXED_OLTP,ADD_INDEX_LOCKING,CRITICAL,5.42,115.6,0,1
MIG-17071,orders,245596.16,239.84,29980215,1641,ANALYTICAL_BATCH,ADD_COLUMN_DEFAULT,HIGH,2.67,4.26,1,0
MIG-17072,order_items,204441.6,199.65,32086392,120,READ_HEAVY,ADD_INDEX_CONCURRENTLY,LOW,0.98,0.71,1,0
MIG-17073,order_items,437186.56,426.94,68614850,1314,READ_HEAVY,ADD_INDEX_CONCURRENTLY,MEDIUM,1.28,2.92,1,0
MIG-17074,order_payments,94986.24,92.76,22833809,1198,WRITE_HEAVY,ADD_INDEX_CONCURRENTLY,MEDIUM,0.58,0.82,1,0
MIG-17075,order_items,437524.48,427.27,68667884,912,ANALYTICAL_BATCH,ALTER_COLUMN_TYPE,MEDIUM,115.21,188.1,0,1
MIG-17076,orders,173772.8,169.7,21212248,722,MIXED_OLTP,ADD_INDEX_CONCURRENTLY,MEDIUM,0.84,1.23,1,0
MIG-17077,customer_sessions,60497.92,59.08,13504476,2400,ANALYTICAL_BATCH,ADD_COLUMN_DEFAULT,HIGH,0.95,3.24,1,0
MIG-17078,orders,187637.76,183.24,22904969,1885,READ_HEAVY,ADD_INDEX_CONCURRENTLY,HIGH,0.87,1.81,1,0
MIG-17079,customer_sessions,20162.56,19.69,4500323,1150,WRITE_HEAVY,DROP_COLUMN,MEDIUM,0.24,0.42,1,0
MIG-17080,order_shipments,48855.04,47.71,12722187,2107,READ_HEAVY,ADD_COLUMN_DEFAULT,HIGH,0.76,1.71,1,0
MIG-17081,order_shipments,63764.48,62.27,16606418,1274,READ_HEAVY,ADD_COLUMN_DEFAULT,MEDIUM,0.95,1.46,1,0
MIG-17082,order_payments,65587.2,64.05,15765685,2487,WRITE_HEAVY,ADD_INDEX_CONCURRENTLY,HIGH,0.46,1.36,1,0
MIG-17083,orders,217323.52,212.23,26528933,330,WRITE_HEAVY,ALTER_COLUMN_TYPE,LOW,53.48,44.15,0,1
MIG-17084,order_items,278753.28,272.22,43749714,597,WRITE_HEAVY,ADD_COLUMN_DEFAULT,MEDIUM,2.36,4.32,1,0
MIG-17085,order_payments,125911.04,122.96,30266104,1119,READ_HEAVY,ADD_INDEX_CONCURRENTLY,MEDIUM,0.63,1.09,1,0
MIG-17086,order_payments,44206.08,43.17,10625931,1198,ANALYTICAL_BATCH,ADD_INDEX_LOCKING,MEDIUM,7.87,15.28,1,0
MIG-17087,orders,219330.56,214.19,26773599,2281,MIXED_OLTP,ADD_INDEX_LOCKING,HIGH,28.6,352.03,0,1
MIG-17088,orders,89733.12,87.63,10953566,1092,MIXED_OLTP,ADD_COLUMN_DEFAULT,MEDIUM,0.98,1.51,1,0
MIG-17089,order_items,387194.88,378.12,60769237,1113,WRITE_HEAVY,TABLE_REWRITE,MEDIUM,141.91,259.46,0,1
MIG-17090,order_items,280104.96,273.54,43962474,733,MIXED_OLTP,ADD_INDEX_CONCURRENTLY,MEDIUM,0.9,1.38,1,0
MIG-17091,order_items,443617.28,433.22,69624089,2166,READ_HEAVY,ALTER_COLUMN_TYPE,HIGH,120.44,459.54,0,1
MIG-17092,order_shipments,36075.52,35.23,9395192,1689,WRITE_HEAVY,ALTER_COLUMN_TYPE,HIGH,14.78,171.89,0,1
MIG-17093,order_payments,121917.44,119.06,29307800,2664,READ_HEAVY,ADD_COLUMN_DEFAULT,HIGH,1.43,3.89,1,0
MIG-17094,order_payments,95344.64,93.11,22919215,3364,WRITE_HEAVY,ADD_COLUMN_DEFAULT,CRITICAL,1.38,7.84,1,0
MIG-17095,orders,260884.48,254.77,31846375,2715,MIXED_OLTP,ADD_INDEX_CONCURRENTLY,HIGH,1.05,5.6,1,0
MIG-17096,order_items,482027.52,470.73,75653396,354,MIXED_OLTP,ADD_INDEX_CONCURRENTLY,LOW,1.49,1.83,1,0
MIG-17097,order_items,428165.12,418.13,67199038,2275,WRITE_HEAVY,ADD_COLUMN_DEFAULT,HIGH,4.0,7.39,1,0
MIG-17098,orders,232550.4,227.1,28387284,1004,READ_HEAVY,ALTER_COLUMN_TYPE,MEDIUM,55.51,80.77,0,1
MIG-17099,orders,97740.8,95.45,11931429,1719,READ_HEAVY,ADD_INDEX_CONCURRENTLY,HIGH,0.6,1.09,1,0
MIG-17100,order_items,441241.6,430.9,69252139,4629,WRITE_HEAVY,ADD_COLUMN_DEFAULT,CRITICAL,3.75,48.28,0,1
MIG-17101,orders,135505.92,132.33,16540903,873,READ_HEAVY,ADD_INDEX_CONCURRENTLY,MEDIUM,0.55,0.82,1,0
MIG-17102,order_items,498554.88,486.87,78247069,1283,MIXED_OLTP,ADD_INDEX_CONCURRENTLY,MEDIUM,1.59,2.59,1,0
MIG-17103,orders,54568.96,53.29,6660674,435,MIXED_OLTP,ADD_COLUMN_DEFAULT,LOW,0.71,0.63,1,0
MIG-17104,orders,143759.36,140.39,17548226,5293,WRITE_HEAVY,TABLE_REWRITE,CRITICAL,81.59,2607.31,0,1
MIG-17105,orders,193300.48,188.77,23595951,1416,READ_HEAVY,ADD_INDEX_CONCURRENTLY,MEDIUM,0.69,1.6,1,0
MIG-17106,order_items,352419.84,344.16,55311786,2642,WRITE_HEAVY,ADD_INDEX_CONCURRENTLY,HIGH,1.14,6.65,1,0
MIG-17107,order_items,237506.56,231.94,37275699,206,WRITE_HEAVY,ADD_INDEX_CONCURRENTLY,LOW,0.82,0.88,1,0
MIG-17108,order_items,354334.72,346.03,55612289,209,WRITE_HEAVY,ADD_COLUMN_DEFAULT,LOW,2.45,3.55,1,0
MIG-17109,orders,237096.96,231.54,28943102,476,WRITE_HEAVY,ADD_COLUMN_DEFAULT,LOW,2.13,2.57,1,0
MIG-17110,customer_sessions,27678.72,27.03,6178481,2945,WRITE_HEAVY,ADD_INDEX_CONCURRENTLY,HIGH,0.17,1.16,1,0
MIG-17111,order_items,304179.2,297.05,47740945,210,READ_HEAVY,ADD_INDEX_CONCURRENTLY,LOW,1.01,1.81,1,0
MIG-17112,order_payments,145274.88,141.87,34921663,4620,MIXED_OLTP,ADD_COLUMN_DEFAULT,CRITICAL,1.48,13.02,1,0
MIG-17113,order_items,585789.44,572.06,91938190,2878,WRITE_HEAVY,ADD_INDEX_CONCURRENTLY,HIGH,1.9,8.45,1,0
MIG-17114,order_shipments,21248.0,20.75,5533716,5119,WRITE_HEAVY,ADD_INDEX_LOCKING,CRITICAL,4.96,187.52,0,1
MIG-17115,order_shipments,62423.04,60.96,16255170,1435,ANALYTICAL_BATCH,ADD_INDEX_LOCKING,MEDIUM,9.29,15.06,1,0
MIG-17116,order_items,148449.28,144.97,23298455,851,MIXED_OLTP,ADD_COLUMN_DEFAULT,MEDIUM,1.49,2.36,1,0
MIG-17117,order_payments,137318.4,134.1,33008461,301,WRITE_HEAVY,DROP_COLUMN,LOW,1.13,1.0,1,0
MIG-17118,orders,146810.88,143.37,17921712,1098,READ_HEAVY,ADD_COLUMN_DEFAULT,MEDIUM,1.86,2.94,1,0
MIG-17119,order_payments,76759.04,74.96,18450985,1450,WRITE_HEAVY,ADD_INDEX_CONCURRENTLY,MEDIUM,0.45,0.82,1,0
MIG-17120,order_items,255549.44,249.56,40108628,493,ANALYTICAL_BATCH,DROP_COLUMN,LOW,1.54,2.29,1,0
MIG-17121,orders,174960.64,170.86,21358112,4373,READ_HEAVY,ADD_INDEX_LOCKING,CRITICAL,18.74,586.69,0,1
MIG-17122,customer_sessions,23685.12,23.13,5287981,441,WRITE_HEAVY,ADD_COLUMN_DEFAULT,LOW,0.51,0.53,1,0
MIG-17123,order_shipments,84705.28,82.72,22057428,878,MIXED_OLTP,ADD_INDEX_CONCURRENTLY,MEDIUM,0.41,0.85,1,0
MIG-17124,orders,157798.4,154.1,19262679,2405,MIXED_OLTP,ADD_INDEX_CONCURRENTLY,HIGH,0.73,2.69,1,0
MIG-17125,customer_sessions,50882.56,49.69,11357065,1310,WRITE_HEAVY,ADD_COLUMN_DEFAULT,MEDIUM,0.86,1.5,1,0
MIG-17126,order_items,548628.48,535.77,86105184,1387,WRITE_HEAVY,ADD_COLUMN_DEFAULT,MEDIUM,3.74,9.86,1,0
MIG-17127,order_items,210237.44,205.31,32997050,3271,READ_HEAVY,ADD_INDEX_LOCKING,CRITICAL,27.91,467.08,0,1
MIG-17128,order_shipments,32962.56,32.19,8583954,129,WRITE_HEAVY,ADD_INDEX_CONCURRENTLY,LOW,0.2,0.2,1,0
MIG-17129,order_items,331857.92,324.08,52084935,716,WRITE_HEAVY,ADD_INDEX_LOCKING,MEDIUM,36.71,39.43,0,1
MIG-17130,order_items,520407.04,508.21,81676387,140,MIXED_OLTP,TABLE_REWRITE,LOW,189.45,225.9,0,1
MIG-17131,order_payments,33638.4,32.85,8086111,185,MIXED_OLTP,ADD_INDEX_CONCURRENTLY,LOW,0.26,0.21,1,0
MIG-17132,orders,225034.24,219.76,27469595,1448,MIXED_OLTP,ADD_COLUMN_DEFAULT,MEDIUM,2.45,5.4,1,0
MIG-17133,order_items,373125.12,364.38,58561284,2433,MIXED_OLTP,ADD_COLUMN_DEFAULT,HIGH,3.69,11.38,1,0
MIG-17134,order_items,404613.12,395.13,63502839,597,READ_HEAVY,DROP_COLUMN,MEDIUM,2.15,2.06,1,0
MIG-17135,order_payments,94238.72,92.03,22654315,1208,READ_HEAVY,ALTER_COLUMN_TYPE,MEDIUM,29.71,33.39,0,1
MIG-17136,orders,61573.12,60.13,7516519,475,MIXED_OLTP,ALTER_COLUMN_TYPE,LOW,23.84,30.5,0,1
MIG-17137,orders,104396.8,101.95,12743811,5093,WRITE_HEAVY,ADD_COLUMN_DEFAULT,CRITICAL,1.52,14.34,1,0
MIG-17138,order_payments,117114.88,114.37,28152566,1355,WRITE_HEAVY,ADD_INDEX_LOCKING,MEDIUM,18.53,28.85,0,1
MIG-17139,orders,140339.2,137.05,17131239,1399,WRITE_HEAVY,ADD_COLUMN_DEFAULT,MEDIUM,1.29,3.12,1,0
MIG-17140,order_items,403968.0,394.5,63401875,400,MIXED_OLTP,ADD_INDEX_LOCKING,LOW,38.46,30.95,0,1
MIG-17141,order_payments,139827.2,136.55,33612216,450,READ_HEAVY,ALTER_COLUMN_TYPE,LOW,40.3,47.83,0,1
MIG-17142,order_payments,32163.84,31.41,7732626,418,READ_HEAVY,ADD_INDEX_LOCKING,LOW,7.07,8.58,1,0
MIG-17143,orders,148613.12,145.13,18141369,372,READ_HEAVY,ADD_INDEX_CONCURRENTLY,LOW,0.58,1.03,1,0
MIG-17144,order_shipments,48394.24,47.26,12603521,699,MIXED_OLTP,ADD_INDEX_CONCURRENTLY,MEDIUM,0.29,0.42,1,0
MIG-17145,order_payments,39372.8,38.45,9465743,1414,WRITE_HEAVY,ADD_INDEX_LOCKING,MEDIUM,7.15,15.84,1,0
MIG-17146,order_items,605388.8,591.2,95014342,1634,READ_HEAVY,ADD_INDEX_CONCURRENTLY,HIGH,1.55,4.99,1,0
MIG-17147,order_payments,141813.76,138.49,34090036,210,MIXED_OLTP,ADD_COLUMN_DEFAULT,LOW,1.3,1.69,1,0
MIG-17148,order_payments,63938.56,62.44,15370858,1222,MIXED_OLTP,DROP_COLUMN,MEDIUM,0.68,1.11,1,0
MIG-17149,order_items,603289.6,589.15,94684045,1225,READ_HEAVY,ADD_INDEX_LOCKING,MEDIUM,47.43,105.74,0,1
MIG-17150,order_items,132843.52,129.73,20849062,1383,WRITE_HEAVY,ADD_INDEX_LOCKING,MEDIUM,17.68,36.79,0,1
MIG-17151,order_payments,144138.24,140.76,34649804,130,ANALYTICAL_BATCH,ADD_INDEX_CONCURRENTLY,LOW,0.56,0.63,1,0
MIG-17152,customer_sessions,68259.84,66.66,15237421,415,READ_HEAVY,DROP_COLUMN,LOW,0.72,0.91,1,0
MIG-17153,order_items,225300.48,220.02,35360747,150,MIXED_OLTP,ADD_INDEX_LOCKING,LOW,25.16,26.97,0,1
MIG-17154,order_shipments,68157.44,66.56,17750218,1108,MIXED_OLTP,ADD_INDEX_CONCURRENTLY,MEDIUM,0.35,0.5,1,0
MIG-17155,order_payments,122265.6,119.4,29391021,190,MIXED_OLTP,ADD_COLUMN_DEFAULT,LOW,1.17,1.4,1,0
MIG-17156,order_shipments,44912.64,43.86,11696857,1068,WRITE_HEAVY,DROP_COLUMN,MEDIUM,0.52,1.16,1,0
MIG-17157,customer_sessions,37160.96,36.29,8294025,602,READ_HEAVY,ADD_COLUMN_DEFAULT,MEDIUM,0.53,0.95,1,0
MIG-17158,orders,188272.64,183.86,22982264,534,WRITE_HEAVY,ADD_COLUMN_DEFAULT,MEDIUM,1.78,2.28,1,0
MIG-17159,orders,81684.48,79.77,9971539,486,WRITE_HEAVY,ADD_INDEX_CONCURRENTLY,LOW,0.43,0.67,1,0
MIG-17160,order_items,175697.92,171.58,27575059,1011,WRITE_HEAVY,ADD_INDEX_LOCKING,MEDIUM,20.5,34.24,0,1
MIG-17161,order_items,243609.6,237.9,38234227,966,READ_HEAVY,ADD_INDEX_CONCURRENTLY,MEDIUM,0.86,1.18,1,0
MIG-17162,order_items,497244.16,485.59,78042039,3981,READ_HEAVY,ADD_COLUMN_DEFAULT,CRITICAL,3.24,28.54,0,1
MIG-17163,order_payments,70543.36,68.89,16958057,462,READ_HEAVY,ADD_COLUMN_DEFAULT,LOW,0.86,0.84,1,0
MIG-17164,customer_sessions,47063.04,45.96,10505958,413,WRITE_HEAVY,ADD_INDEX_CONCURRENTLY,LOW,0.32,0.3,1,0
MIG-17165,order_items,215562.24,210.51,33831495,2214,WRITE_HEAVY,ADD_COLUMN_DEFAULT,HIGH,2.42,7.53,1,0
MIG-17166,order_payments,49879.04,48.71,11990243,622,READ_HEAVY,ADD_INDEX_CONCURRENTLY,MEDIUM,0.31,0.43,1,0
MIG-17167,orders,193024.0,188.5,23562183,379,MIXED_OLTP,ADD_INDEX_CONCURRENTLY,LOW,0.75,1.06,1,0
MIG-17168,order_items,170618.88,166.62,26778395,3509,WRITE_HEAVY,ADD_COLUMN_DEFAULT,CRITICAL,1.89,10.83,1,0
MIG-17169,orders,196864.0,192.25,24031699,821,MIXED_OLTP,ADD_COLUMN_DEFAULT,MEDIUM,2.19,2.98,1,0
MIG-17170,order_items,321484.8,313.95,50456850,2491,WRITE_HEAVY,ADD_COLUMN_DEFAULT,HIGH,2.39,6.47,1,0
MIG-17171,order_items,461127.68,450.32,72372944,480,READ_HEAVY,ADD_INDEX_CONCURRENTLY,LOW,1.4,1.05,1,0
MIG-17172,order_payments,72355.84,70.66,17393808,721,MIXED_OLTP,ADD_COLUMN_DEFAULT,MEDIUM,0.91,1.18,1,0
MIG-17173,order_items,551331.84,538.41,86530226,534,READ_HEAVY,ADD_INDEX_CONCURRENTLY,MEDIUM,1.71,2.42,1,0
MIG-17174,order_items,143360.0,140.0,22500049,2136,READ_HEAVY,ADD_INDEX_CONCURRENTLY,HIGH,0.77,1.98,1,0
MIG-17175,orders,246732.8,240.95,30119027,1197,ANALYTICAL_BATCH,ADD_INDEX_CONCURRENTLY,MEDIUM,0.95,1.76,1,0
MIG-17176,orders,108574.72,106.03,13253851,1157,WRITE_HEAVY,ADD_INDEX_CONCURRENTLY,MEDIUM,0.47,0.65,1,0
MIG-17177,customer_sessions,17080.32,16.68,3812607,5375,WRITE_HEAVY,ADD_COLUMN_DEFAULT,CRITICAL,0.31,4.13,1,0
MIG-17178,customer_sessions,50616.32,49.43,11298623,3519,ANALYTICAL_BATCH,TABLE_REWRITE,CRITICAL,37.01,1413.42,0,1
MIG-17179,order_items,230471.68,225.07,36172692,415,MIXED_OLTP,ADD_INDEX_CONCURRENTLY,LOW,1.06,1.14,1,0
MIG-17180,orders,150722.56,147.19,18398484,1273,READ_HEAVY,ADD_INDEX_LOCKING,MEDIUM,20.92,36.37,0,1
MIG-17181,order_items,528762.88,516.37,82987450,2741,WRITE_HEAVY,ADD_INDEX_CONCURRENTLY,HIGH,1.45,9.15,1,0
MIG-17182,order_payments,121456.64,118.61,29196546,2853,WRITE_HEAVY,ADD_COLUMN_DEFAULT,HIGH,1.55,6.06,1,0
MIG-17183,order_items,424540.16,414.59,66631234,3747,MIXED_OLTP,ADD_COLUMN_DEFAULT,CRITICAL,2.86,18.83,1,0
MIG-17184,orders,265441.28,259.22,32402541,1964,MIXED_OLTP,ADD_INDEX_CONCURRENTLY,HIGH,0.94,2.79,1,0
MIG-17185,order_items,354027.52,345.73,55563838,2177,WRITE_HEAVY,DROP_COLUMN,HIGH,1.68,6.22,1,0
MIG-17186,orders,57866.24,56.51,7063486,239,WRITE_HEAVY,ADD_INDEX_CONCURRENTLY,LOW,0.41,0.54,1,0
MIG-17187,order_items,537589.76,524.99,84373437,636,MIXED_OLTP,ADD_INDEX_LOCKING,MEDIUM,43.91,53.87,0,1
MIG-17188,orders,98099.2,95.8,11974934,829,READ_HEAVY,DROP_COLUMN,MEDIUM,0.93,1.04,1,0
MIG-17189,order_payments,47738.88,46.62,11475677,2064,ANALYTICAL_BATCH,ADD_INDEX_LOCKING,HIGH,7.64,121.43,0,1
MIG-17190,order_items,150824.96,147.29,23670803,1258,READ_HEAVY,ADD_INDEX_CONCURRENTLY,MEDIUM,0.65,1.08,1,0
MIG-17191,orders,121681.92,118.83,14853298,508,WRITE_HEAVY,ADD_COLUMN_DEFAULT,MEDIUM,1.51,1.89,1,0
MIG-17192,order_items,283013.12,276.38,44418876,1250,WRITE_HEAVY,ADD_INDEX_LOCKING,MEDIUM,28.64,52.48,0,1
MIG-17193,order_items,270950.4,264.6,42524494,4946,READ_HEAVY,ADD_COLUMN_DEFAULT,CRITICAL,2.49,18.75,1,0
MIG-17194,order_payments,97689.6,95.4,23483956,632,WRITE_HEAVY,DROP_COLUMN,MEDIUM,0.82,1.18,1,0
MIG-17195,customer_sessions,62822.4,61.35,14022207,2929,WRITE_HEAVY,ADD_COLUMN_DEFAULT,HIGH,0.79,4.03,1,0
MIG-17196,orders,256573.44,250.56,31319701,2585,WRITE_HEAVY,DROP_COLUMN,HIGH,1.36,6.28,1,0
MIG-17197,order_shipments,26234.88,25.62,6831481,1200,WRITE_HEAVY,DROP_COLUMN,MEDIUM,0.33,0.49,1,0
MIG-17198,order_payments,44636.16,43.59,10730996,1266,MIXED_OLTP,ADD_INDEX_CONCURRENTLY,MEDIUM,0.33,0.7,1,0
MIG-17199,order_payments,97290.24,95.01,23387464,1310,WRITE_HEAVY,ALTER_COLUMN_TYPE,MEDIUM,32.79,66.42,0,1
MIG-17200,order_items,165335.04,161.46,25948983,2103,READ_HEAVY,ADD_INDEX_LOCKING,HIGH,22.03,100.95,0,1
MIG-17201,order_items,306042.88,298.87,48031907,305,MIXED_OLTP,ADD_INDEX_CONCURRENTLY,LOW,1.04,1.46,1,0
MIG-17202,orders,187289.6,182.9,22862910,4526,WRITE_HEAVY,ADD_INDEX_CONCURRENTLY,CRITICAL,0.85,8.26,1,0
MIG-17203,customer_sessions,64686.08,63.17,14439848,1787,READ_HEAVY,ADD_INDEX_LOCKING,HIGH,11.84,101.86,0,1
MIG-17204,order_items,226990.08,221.67,35625542,561,MIXED_OLTP,DROP_COLUMN,MEDIUM,1.38,1.95,1,0
MIG-17205,order_items,459427.84,448.66,72106830,388,READ_HEAVY,TABLE_REWRITE,LOW,161.82,202.07,0,1
MIG-17206,order_items,448020.48,437.52,70315442,199,READ_HEAVY,DROP_COLUMN,LOW,2.64,1.84,1,0
MIG-17207,orders,239288.32,233.68,29209635,219,MIXED_OLTP,ADD_INDEX_CONCURRENTLY,LOW,0.8,1.02,1,0
MIG-17208,orders,118548.48,115.77,14471182,141,ANALYTICAL_BATCH,ADD_INDEX_CONCURRENTLY,LOW,0.54,0.64,1,0
MIG-17209,order_items,501811.2,490.05,78757441,283,MIXED_OLTP,ADD_COLUMN_DEFAULT,LOW,4.07,3.07,1,0
MIG-17210,order_items,502794.24,491.01,78911989,4421,READ_HEAVY,ADD_COLUMN_DEFAULT,CRITICAL,3.77,24.92,1,0
MIG-17211,order_payments,55285.76,53.99,13288802,2851,READ_HEAVY,TABLE_REWRITE,HIGH,37.17,554.82,0,1
MIG-17212,order_payments,101048.32,98.68,24289345,2237,READ_HEAVY,ADD_INDEX_LOCKING,HIGH,15.84,179.55,0,1
MIG-17213,order_items,463134.72,452.28,72688129,872,WRITE_HEAVY,ALTER_COLUMN_TYPE,MEDIUM,112.66,188.6,0,1
MIG-17214,order_shipments,41195.52,40.23,10727653,2691,READ_HEAVY,ADD_INDEX_LOCKING,HIGH,7.8,60.12,0,1
MIG-17215,orders,149084.16,145.59,18198599,3723,MIXED_OLTP,DROP_COLUMN,CRITICAL,1.09,8.92,1,0
MIG-17216,order_payments,78837.76,76.99,18950398,511,WRITE_HEAVY,DROP_COLUMN,MEDIUM,0.72,0.98,1,0
MIG-17217,order_payments,119296.0,116.5,28677075,1547,MIXED_OLTP,DROP_COLUMN,HIGH,0.84,2.06,1,0
MIG-17218,orders,49305.6,48.15,6018663,5111,ANALYTICAL_BATCH,ADD_COLUMN_DEFAULT,CRITICAL,0.73,9.66,1,0
MIG-17219,orders,159969.28,156.22,19527718,4753,WRITE_HEAVY,ALTER_COLUMN_TYPE,CRITICAL,44.02,854.91,0,1
MIG-17220,orders,89927.68,87.82,10977201,680,WRITE_HEAVY,ADD_INDEX_CONCURRENTLY,MEDIUM,0.57,0.79,1,0
MIG-17221,orders,192225.28,187.72,23464733,3538,ANALYTICAL_BATCH,ALTER_COLUMN_TYPE,CRITICAL,54.54,1481.91,0,1
MIG-17222,order_items,465827.84,454.91,73109877,1336,WRITE_HEAVY,DROP_COLUMN,MEDIUM,2.76,5.83,1,0
MIG-17223,orders,159989.76,156.24,19530415,1139,MIXED_OLTP,ADD_COLUMN_DEFAULT,MEDIUM,1.8,4.34,1,0
MIG-17224,order_payments,91566.08,89.42,22010450,982,WRITE_HEAVY,ADD_INDEX_CONCURRENTLY,MEDIUM,0.52,1.08,1,0
MIG-17225,orders,118835.2,116.05,14506571,866,WRITE_HEAVY,ADD_INDEX_CONCURRENTLY,MEDIUM,0.63,0.85,1,0
MIG-17226,orders,118456.32,115.68,14459712,881,WRITE_HEAVY,DROP_COLUMN,MEDIUM,1.08,1.16,1,0
MIG-17227,order_items,499240.96,487.54,78354481,415,WRITE_HEAVY,ADD_INDEX_CONCURRENTLY,LOW,1.54,2.49,1,0
MIG-17228,orders,78284.8,76.45,9556746,178,ANALYTICAL_BATCH,ADD_INDEX_CONCURRENTLY,LOW,0.42,0.62,1,0
MIG-17229,customer_sessions,64102.4,62.6,14309647,2834,WRITE_HEAVY,ADD_INDEX_CONCURRENTLY,HIGH,0.34,1.01,1,0
MIG-17230,order_items,452741.12,442.13,71056067,3595,WRITE_HEAVY,ADD_COLUMN_DEFAULT,CRITICAL,3.38,33.57,0,1
MIG-17231,orders,244787.2,239.05,29880816,3589,MIXED_OLTP,TABLE_REWRITE,CRITICAL,108.2,1920.66,0,1
MIG-17232,orders,106690.56,104.19,13023906,877,ANALYTICAL_BATCH,DROP_COLUMN,MEDIUM,0.75,1.28,1,0
MIG-17233,order_items,375920.64,367.11,59000503,4980,READ_HEAVY,ADD_COLUMN_DEFAULT,CRITICAL,3.19,32.33,0,1
MIG-17234,order_items,134809.6,131.65,21158150,505,MIXED_OLTP,TABLE_REWRITE,MEDIUM,67.76,109.43,0,1
MIG-17235,order_payments,135946.24,132.76,32680189,652,WRITE_HEAVY,ADD_COLUMN_DEFAULT,MEDIUM,1.74,2.33,1,0
MIG-17236,order_items,463257.6,452.4,72706708,875,MIXED_OLTP,TABLE_REWRITE,MEDIUM,170.51,246.99,0,1
MIG-17237,order_items,436152.32,425.93,68452895,640,MIXED_OLTP,TABLE_REWRITE,MEDIUM,189.29,179.53,0,1
MIG-17238,order_items,492830.72,481.28,77347825,2075,MIXED_OLTP,DROP_COLUMN,HIGH,2.68,9.12,1,0
MIG-17239,order_shipments,42014.72,41.03,10941503,928,READ_HEAVY,ADD_COLUMN_DEFAULT,MEDIUM,0.56,1.17,1,0
MIG-17240,order_items,426342.4,416.35,66912681,4546,ANALYTICAL_BATCH,ALTER_COLUMN_TYPE,CRITICAL,83.85,2759.28,0,1
MIG-17241,orders,226304.0,221.0,27624891,229,READ_HEAVY,ADD_COLUMN_DEFAULT,LOW,2.16,2.63,1,0
MIG-17242,order_payments,37437.44,36.56,9000480,315,MIXED_OLTP,ADD_COLUMN_DEFAULT,LOW,0.53,0.81,1,0
MIG-17243,order_shipments,97955.84,95.66,25510444,1487,MIXED_OLTP,ADD_INDEX_CONCURRENTLY,MEDIUM,0.41,0.79,1,0
MIG-17244,order_items,574986.24,561.51,90242831,961,WRITE_HEAVY,ADD_INDEX_CONCURRENTLY,MEDIUM,1.48,1.77,1,0
MIG-17245,customer_sessions,76462.08,74.67,17067471,5009,ANALYTICAL_BATCH,ADD_INDEX_CONCURRENTLY,CRITICAL,0.5,4.1,1,0
MIG-17246,order_shipments,85483.52,83.48,22260327,773,MIXED_OLTP,ALTER_COLUMN_TYPE,MEDIUM,27.67,63.36,0,1
MIG-17247,orders,114247.68,111.57,13946399,1390,MIXED_OLTP,ADD_INDEX_CONCURRENTLY,MEDIUM,0.52,0.93,1,0
MIG-17248,order_payments,96296.96,94.04,23148797,2352,READ_HEAVY,ADD_COLUMN_DEFAULT,HIGH,1.24,3.04,1,0
MIG-17249,order_items,176701.44,172.56,27733156,635,MIXED_OLTP,ADD_COLUMN_DEFAULT,MEDIUM,1.62,1.51,1,0
MIG-17250,order_items,503910.4,492.1,79087505,1406,WRITE_HEAVY,ADD_COLUMN_DEFAULT,MEDIUM,4.25,5.05,1,0
MIG-17251,order_items,193976.32,189.43,30444812,1213,ANALYTICAL_BATCH,ALTER_COLUMN_TYPE,MEDIUM,48.9,99.09,0,1
MIG-17252,order_shipments,90327.04,88.21,23523396,842,WRITE_HEAVY,ALTER_COLUMN_TYPE,MEDIUM,33.31,65.06,0,1
MIG-17253,order_items,238837.76,233.24,37485113,2406,READ_HEAVY,DROP_COLUMN,HIGH,1.36,6.02,1,0
MIG-17254,order_items,197478.4,192.85,30993364,2920,WRITE_HEAVY,DROP_COLUMN,HIGH,1.13,3.57,1,0
MIG-17255,orders,64839.68,63.32,7914417,599,MIXED_OLTP,ADD_INDEX_LOCKING,MEDIUM,11.58,8.57,1,0
MIG-17256,order_items,481822.72,470.53,75620575,1558,READ_HEAVY,ADD_COLUMN_DEFAULT,HIGH,3.32,8.52,1,0
MIG-17257,order_shipments,33873.92,33.08,8822001,2690,MIXED_OLTP,ADD_COLUMN_DEFAULT,HIGH,0.48,2.21,1,0
MIG-17258,order_payments,50309.12,49.13,12092832,788,MIXED_OLTP,ADD_INDEX_CONCURRENTLY,MEDIUM,0.27,0.59,1,0
MIG-17259,orders,86681.6,84.65,10581808,1353,READ_HEAVY,ADD_INDEX_CONCURRENTLY,MEDIUM,0.45,0.83,1,0
MIG-17260,order_shipments,43796.48,42.77,11405174,1270,MIXED_OLTP,TABLE_REWRITE,MEDIUM,28.68,48.78,0,1
MIG-17261,order_shipments,96501.76,94.24,25130166,1414,MIXED_OLTP,ADD_INDEX_LOCKING,MEDIUM,14.18,19.78,1,0
MIG-17262,order_items,365834.24,357.26,57416355,1259,READ_HEAVY,ADD_COLUMN_DEFAULT,MEDIUM,3.62,5.33,1,0
MIG-17263,orders,106854.4,104.35,13043704,1439,WRITE_HEAVY,ADD_INDEX_CONCURRENTLY,MEDIUM,0.61,1.44,1,0
MIG-17264,order_items,202629.12,197.88,31801651,1119,WRITE_HEAVY,ADD_INDEX_LOCKING,MEDIUM,26.04,54.2,0,1
MIG-17265,orders,53329.92,52.08,6510338,1661,WRITE_HEAVY,TABLE_REWRITE,HIGH,37.57,344.24,0,1
MIG-17266,order_items,303063.04,295.96,47564404,709,READ_HEAVY,TABLE_REWRITE,MEDIUM,144.66,308.85,0,1
MIG-17267,order_items,171489.28,167.47,26914979,5205,READ_HEAVY,ADD_INDEX_LOCKING,CRITICAL,19.37,302.71,0,1
MIG-17268,order_shipments,20674.56,20.19,5383459,791,READ_HEAVY,DROP_COLUMN,MEDIUM,0.32,0.43,1,0
MIG-17269,order_items,167833.6,163.9,26341356,1445,ANALYTICAL_BATCH,ADD_INDEX_CONCURRENTLY,MEDIUM,0.63,1.32,1,0
MIG-17270,order_shipments,44851.2,43.8,11680064,2810,WRITE_HEAVY,ADD_INDEX_CONCURRENTLY,HIGH,0.27,1.18,1,0
MIG-17271,order_shipments,80711.68,78.82,21018655,1190,MIXED_OLTP,ADD_INDEX_CONCURRENTLY,MEDIUM,0.51,0.76,1,0
MIG-17272,orders,63969.28,62.47,7808628,3340,MIXED_OLTP,DROP_COLUMN,CRITICAL,0.53,4.97,1,0
MIG-17273,orders,199260.16,194.59,24324195,683,MIXED_OLTP,ALTER_COLUMN_TYPE,MEDIUM,60.15,65.92,0,1
MIG-17274,order_payments,100966.4,98.6,24271624,1243,READ_HEAVY,ALTER_COLUMN_TYPE,MEDIUM,40.12,53.28,0,1
MIG-17275,order_payments,132290.56,129.19,31801317,900,WRITE_HEAVY,ADD_COLUMN_DEFAULT,MEDIUM,1.7,2.87,1,0
MIG-17276,order_items,209643.52,204.73,32902947,901,MIXED_OLTP,ADD_COLUMN_DEFAULT,MEDIUM,2.15,2.58,1,0
MIG-17277,order_payments,121784.32,118.93,29274909,1635,MIXED_OLTP,ADD_COLUMN_DEFAULT,HIGH,1.27,2.31,1,0
MIG-17278,order_items,561039.36,547.89,88054082,2188,MIXED_OLTP,ADD_COLUMN_DEFAULT,HIGH,4.52,15.37,1,0
MIG-17279,order_payments,143616.0,140.25,34522742,101,WRITE_HEAVY,ADD_INDEX_LOCKING,LOW,15.59,13.39,1,0
MIG-17280,order_payments,123494.4,120.6,29686221,1712,READ_HEAVY,ADD_INDEX_LOCKING,HIGH,15.53,49.63,0,1
MIG-17281,orders,76523.52,74.73,9341741,2880,READ_HEAVY,ALTER_COLUMN_TYPE,HIGH,30.07,237.64,0,1
MIG-17282,orders,258641.92,252.58,31572483,1254,READ_HEAVY,ADD_COLUMN_DEFAULT,MEDIUM,2.85,3.52,1,0
MIG-17283,orders,229416.96,224.04,28004785,1472,MIXED_OLTP,DROP_COLUMN,MEDIUM,1.38,2.78,1,0
MIG-17284,customer_sessions,28037.12,27.38,6257482,5278,WRITE_HEAVY,TABLE_REWRITE,CRITICAL,22.3,969.44,0,1
MIG-17285,order_shipments,32133.12,31.38,8368263,2878,WRITE_HEAVY,DROP_COLUMN,HIGH,0.32,2.29,1,0
MIG-17286,order_payments,138813.44,135.56,33368727,907,WRITE_HEAVY,ADD_INDEX_CONCURRENTLY,MEDIUM,0.57,0.63,1,0
MIG-17287,orders,83589.12,81.63,10203862,753,WRITE_HEAVY,ADD_COLUMN_DEFAULT,MEDIUM,1.01,2.15,1,0
MIG-17288,order_items,515747.84,503.66,80945374,2527,WRITE_HEAVY,ADD_INDEX_CONCURRENTLY,HIGH,1.68,6.33,1,0
MIG-17289,orders,138792.96,135.54,16941999,4552,WRITE_HEAVY,ADD_INDEX_CONCURRENTLY,CRITICAL,0.71,8.14,1,0
MIG-17290,order_items,488243.2,476.8,76628226,932,READ_HEAVY,ADD_COLUMN_DEFAULT,MEDIUM,4.06,4.48,1,0
MIG-17291,orders,69468.16,67.84,8479987,4249,MIXED_OLTP,ADD_INDEX_LOCKING,CRITICAL,9.42,201.1,0,1
MIG-17292,order_shipments,78571.52,76.73,20461259,700,MIXED_OLTP,ADD_INDEX_CONCURRENTLY,MEDIUM,0.4,0.6,1,0
MIG-17293,orders,162375.68,158.57,19821607,996,WRITE_HEAVY,ADD_COLUMN_DEFAULT,MEDIUM,1.86,3.07,1,0
MIG-17294,order_items,579368.96,565.79,90930649,2946,WRITE_HEAVY,ADD_COLUMN_DEFAULT,HIGH,3.46,18.29,1,0
MIG-17295,customer_sessions,26490.88,25.87,5912937,271,MIXED_OLTP,ALTER_COLUMN_TYPE,LOW,16.15,13.24,1,0
MIG-17296,order_payments,39720.96,38.79,9549455,306,READ_HEAVY,ADD_INDEX_CONCURRENTLY,LOW,0.3,0.21,1,0
MIG-17297,orders,92549.12,90.38,11297948,2911,WRITE_HEAVY,ADD_INDEX_CONCURRENTLY,HIGH,0.45,2.01,1,0
MIG-17298,order_shipments,24944.64,24.36,6497227,1353,READ_HEAVY,DROP_COLUMN,MEDIUM,0.31,0.51,1,0
MIG-17299,order_items,620544.0,606.0,97392193,416,ANALYTICAL_BATCH,ADD_COLUMN_DEFAULT,LOW,5.16,6.95,1,0
MIG-17300,order_items,178094.08,173.92,27951386,102,READ_HEAVY,ADD_INDEX_CONCURRENTLY,LOW,0.77,0.93,1,0
MIG-17301,order_payments,50688.0,49.5,12184507,1346,ANALYTICAL_BATCH,ADD_INDEX_LOCKING,MEDIUM,7.29,21.47,1,0
MIG-17302,order_shipments,85585.92,83.58,22289212,576,WRITE_HEAVY,ADD_COLUMN_DEFAULT,MEDIUM,0.95,1.72,1,0
MIG-17303,order_items,242032.64,236.36,37987106,534,WRITE_HEAVY,ADD_COLUMN_DEFAULT,MEDIUM,2.55,2.15,1,0
MIG-17304,order_items,229416.96,224.04,36005760,3882,WRITE_HEAVY,DROP_COLUMN,CRITICAL,1.25,12.85,1,0
MIG-17305,order_items,461660.16,450.84,72457092,2117,MIXED_OLTP,ADD_INDEX_CONCURRENTLY,HIGH,1.74,5.51,1,0
MIG-17306,orders,137349.12,134.13,16766661,1681,READ_HEAVY,ADD_INDEX_CONCURRENTLY,HIGH,0.61,1.48,1,0
MIG-17307,order_payments,126720.0,123.75,30461799,339,READ_HEAVY,ADD_COLUMN_DEFAULT,LOW,1.64,1.85,1,0
MIG-17308,orders,190330.88,185.87,23233272,468,ANALYTICAL_BATCH,ADD_INDEX_CONCURRENTLY,LOW,0.77,1.17,1,0
MIG-17309,order_items,263434.24,257.26,41345392,4646,READ_HEAVY,ADD_INDEX_CONCURRENTLY,CRITICAL,1.05,9.27,1,0
MIG-17310,order_items,423270.4,413.35,66431785,2941,WRITE_HEAVY,ADD_COLUMN_DEFAULT,HIGH,2.82,20.79,1,0
MIG-17311,orders,240803.84,235.16,29394463,2842,MIXED_OLTP,ADD_COLUMN_DEFAULT,HIGH,2.1,11.48,1,0
MIG-17312,order_items,302796.8,295.7,47523119,1315,WRITE_HEAVY,ALTER_COLUMN_TYPE,MEDIUM,70.26,91.04,0,1
MIG-17313,order_items,494776.32,483.18,77654128,667,READ_HEAVY,DROP_COLUMN,MEDIUM,2.23,2.94,1,0
MIG-17314,order_items,329297.92,321.58,51682471,1138,MIXED_OLTP,TABLE_REWRITE,MEDIUM,115.53,195.49,0,1
MIG-17315,orders,169267.2,165.3,20662981,590,READ_HEAVY,ADD_COLUMN_DEFAULT,MEDIUM,2.05,2.57,1,0
MIG-17316,order_shipments,79288.32,77.43,20647920,2658,WRITE_HEAVY,ADD_COLUMN_DEFAULT,HIGH,1.19,4.13,1,0
MIG-17317,customer_sessions,18237.44,17.81,4071594,1393,READ_HEAVY,ADD_COLUMN_DEFAULT,MEDIUM,0.37,0.54,1,0
MIG-17318,order_items,349480.96,341.29,54850911,619,WRITE_HEAVY,ADD_INDEX_CONCURRENTLY,MEDIUM,1.19,1.56,1,0
MIG-17319,order_items,163829.76,159.99,25712294,302,WRITE_HEAVY,ADD_INDEX_CONCURRENTLY,LOW,0.78,0.75,1,0
MIG-17320,orders,209510.4,204.6,25575149,1691,READ_HEAVY,ADD_INDEX_CONCURRENTLY,HIGH,1.01,2.39,1,0
MIG-17321,orders,183592.96,179.29,22410769,2308,WRITE_HEAVY,ADD_INDEX_LOCKING,HIGH,23.72,142.03,0,1
MIG-17322,order_items,283412.48,276.77,44481302,951,WRITE_HEAVY,ADD_COLUMN_DEFAULT,MEDIUM,2.63,3.72,1,0
MIG-17323,customer_sessions,19261.44,18.81,4298453,5225,READ_HEAVY,ADD_INDEX_CONCURRENTLY,CRITICAL,0.14,0.89,1,0
MIG-17324,order_payments,137543.68,134.32,33063110,772,READ_HEAVY,ADD_INDEX_LOCKING,MEDIUM,18.37,20.11,1,0
MIG-17325,order_items,277258.24,270.76,43515301,4874,READ_HEAVY,ADD_INDEX_CONCURRENTLY,CRITICAL,1.25,6.85,1,0
MIG-17326,customer_sessions,32102.4,31.35,7165425,2486,ANALYTICAL_BATCH,ALTER_COLUMN_TYPE,HIGH,19.12,122.88,0,1
MIG-17327,order_items,166819.84,162.91,26181402,4826,WRITE_HEAVY,ALTER_COLUMN_TYPE,CRITICAL,45.43,1183.86,0,1
MIG-17328,orders,176855.04,172.71,21588536,2941,WRITE_HEAVY,ADD_COLUMN_DEFAULT,HIGH,1.53,6.95,1,0
MIG-17329,order_items,251791.36,245.89,39517929,686,MIXED_OLTP,ADD_INDEX_CONCURRENTLY,MEDIUM,1.17,1.34,1,0
MIG-17330,orders,235581.44,230.06,28757033,513,WRITE_HEAVY,TABLE_REWRITE,MEDIUM,110.38,155.33,0,1
MIG-17331,order_shipments,75059.2,73.3,19547762,2432,ANALYTICAL_BATCH,ADD_INDEX_LOCKING,HIGH,12.27,143.43,0,1
MIG-17332,order_items,116705.28,113.97,18317107,1683,MIXED_OLTP,TABLE_REWRITE,HIGH,67.99,350.05,0,1
MIG-17333,order_payments,94392.32,92.18,22691428,950,READ_HEAVY,ADD_INDEX_CONCURRENTLY,MEDIUM,0.52,0.75,1,0
MIG-17334,order_items,234332.16,228.84,36778608,2281,WRITE_HEAVY,DROP_COLUMN,HIGH,1.65,6.89,1,0
MIG-17335,order_shipments,19701.76,19.24,5131929,1111,READ_HEAVY,ADD_INDEX_CONCURRENTLY,MEDIUM,0.14,0.22,1,0
MIG-17336,order_items,434339.84,424.16,68168740,512,MIXED_OLTP,ADD_COLUMN_DEFAULT,MEDIUM,3.91,4.21,1,0
MIG-17337,order_items,220446.72,215.28,34598063,330,WRITE_HEAVY,ADD_INDEX_CONCURRENTLY,LOW,0.98,0.95,1,0
MIG-17338,orders,248135.68,242.32,30290166,2668,MIXED_OLTP,ADD_INDEX_LOCKING,HIGH,22.25,163.97,0,1
MIG-17339,order_shipments,65986.56,64.44,17185024,1539,MIXED_OLTP,ADD_COLUMN_DEFAULT,HIGH,1.08,2.1,1,0
MIG-17340,order_items,222648.32,217.43,34943993,2092,MIXED_OLTP,ADD_INDEX_LOCKING,HIGH,27.29,228.12,0,1
MIG-17341,orders,265717.76,259.49,32436440,843,WRITE_HEAVY,ADD_INDEX_CONCURRENTLY,MEDIUM,0.87,1.51,1,0
MIG-17342,order_shipments,63754.24,62.26,16603137,840,MIXED_OLTP,TABLE_REWRITE,MEDIUM,46.26,65.27,0,1
MIG-17343,orders,85749.76,83.74,10467748,957,MIXED_OLTP,ADD_COLUMN_DEFAULT,MEDIUM,1.07,1.71,1,0
MIG-17344,order_items,381634.56,372.69,59896615,156,WRITE_HEAVY,TABLE_REWRITE,LOW,167.85,167.99,0,1
MIG-17345,order_items,609802.24,595.51,95707273,300,MIXED_OLTP,DROP_COLUMN,LOW,3.27,2.57,1,0
MIG-17346,order_items,333619.2,325.8,52361028,1615,WRITE_HEAVY,ADD_INDEX_CONCURRENTLY,HIGH,1.33,3.87,1,0
MIG-17347,order_items,334202.88,326.37,52452986,1649,ANALYTICAL_BATCH,ADD_INDEX_LOCKING,HIGH,31.43,294.18,0,1
MIG-17348,orders,151142.4,147.6,18450421,4341,WRITE_HEAVY,DROP_COLUMN,CRITICAL,1.14,10.32,1,0
MIG-17349,orders,111104.0,108.5,13562795,459,WRITE_HEAVY,ADD_INDEX_CONCURRENTLY,LOW,0.65,0.78,1,0
MIG-17350,orders,84940.8,82.95,10368157,2561,MIXED_OLTP,ADD_INDEX_CONCURRENTLY,HIGH,0.52,1.64,1,0
MIG-17351,orders,177203.2,173.05,21631047,834,WRITE_HEAVY,TABLE_REWRITE,MEDIUM,102.44,189.37,0,1
MIG-17352,customer_sessions,72017.92,70.33,16076482,845,WRITE_HEAVY,TABLE_REWRITE,MEDIUM,46.04,91.56,0,1
MIG-17353,order_items,494397.44,482.81,77594109,2234,WRITE_HEAVY,DROP_COLUMN,HIGH,2.85,9.15,1,0
MIG-17354,order_items,164331.52,160.48,25791180,3086,MIXED_OLTP,ADD_INDEX_CONCURRENTLY,CRITICAL,0.72,4.33,1,0
MIG-17355,order_items,321566.72,314.03,50468767,1163,WRITE_HEAVY,ADD_COLUMN_DEFAULT,MEDIUM,2.49,4.02,1,0
MIG-17356,order_payments,27258.88,26.62,6552521,1700,READ_HEAVY,ADD_INDEX_CONCURRENTLY,HIGH,0.24,0.46,1,0
MIG-17357,orders,117268.48,114.52,14314390,1219,READ_HEAVY,DROP_COLUMN,MEDIUM,0.9,1.02,1,0
MIG-17358,orders,197212.16,192.59,24073168,873,READ_HEAVY,ADD_COLUMN_DEFAULT,MEDIUM,2.1,2.75,1,0
MIG-17359,order_payments,61399.04,59.96,14758747,251,READ_HEAVY,ADD_COLUMN_DEFAULT,LOW,0.84,0.6,1,0
MIG-17360,order_items,548495.36,535.64,86085223,276,WRITE_HEAVY,ADD_INDEX_LOCKING,LOW,47.64,53.94,0,1
MIG-17361,order_payments,83814.4,81.85,20148665,1693,ANALYTICAL_BATCH,TABLE_REWRITE,HIGH,65.08,438.63,0,1
MIG-17362,order_shipments,73932.8,72.2,19254032,195,MIXED_OLTP,ADD_INDEX_CONCURRENTLY,LOW,0.49,0.43,1,0
MIG-17363,order_shipments,91740.16,89.59,23891488,1810,ANALYTICAL_BATCH,ADD_COLUMN_DEFAULT,HIGH,1.06,3.83,1,0
MIG-17364,orders,200181.76,195.49,24435878,5118,MIXED_OLTP,ADD_COLUMN_DEFAULT,CRITICAL,2.32,17.95,1,0
MIG-17365,orders,247623.68,241.82,30227807,1747,MIXED_OLTP,ADD_INDEX_CONCURRENTLY,HIGH,1.0,2.32,1,0
MIG-17366,orders,227880.96,222.54,27817764,628,ANALYTICAL_BATCH,ADD_COLUMN_DEFAULT,MEDIUM,2.42,4.04,1,0
MIG-17367,order_payments,94566.4,92.35,22731450,197,READ_HEAVY,ADD_INDEX_CONCURRENTLY,LOW,0.4,0.72,1,0
MIG-17368,order_shipments,43089.92,42.08,11220234,924,ANALYTICAL_BATCH,ADD_INDEX_CONCURRENTLY,MEDIUM,0.28,0.5,1,0
MIG-17369,customer_sessions,33566.72,32.78,7493250,341,WRITE_HEAVY,ADD_INDEX_LOCKING,LOW,6.15,11.16,1,0
MIG-17370,orders,242759.68,237.07,29633939,923,WRITE_HEAVY,ADD_COLUMN_DEFAULT,MEDIUM,1.89,4.11,1,0
MIG-17371,order_shipments,22896.64,22.36,5963899,1035,READ_HEAVY,ADD_INDEX_LOCKING,MEDIUM,4.3,7.12,1,0
MIG-17372,order_items,600555.52,586.48,94256384,2276,READ_HEAVY,ADD_INDEX_CONCURRENTLY,HIGH,1.52,6.73,1,0
MIG-17373,order_shipments,45557.76,44.49,11864491,668,READ_HEAVY,DROP_COLUMN,MEDIUM,0.5,0.59,1,0
MIG-17374,order_items,496015.36,484.39,77848555,507,READ_HEAVY,DROP_COLUMN,MEDIUM,2.39,2.49,1,0
MIG-17375,orders,122152.96,119.29,14910803,4703,READ_HEAVY,ALTER_COLUMN_TYPE,CRITICAL,46.02,1117.76,0,1
MIG-17376,orders,260003.84,253.91,31739137,5359,MIXED_OLTP,ADD_INDEX_CONCURRENTLY,CRITICAL,0.89,8.39,1,0
MIG-17377,customer_sessions,16691.2,16.3,3725226,1595,WRITE_HEAVY,DROP_COLUMN,HIGH,0.23,0.59,1,0
MIG-17378,order_items,297031.68,290.07,46618829,1418,WRITE_HEAVY,ALTER_COLUMN_TYPE,MEDIUM,73.67,121.38,0,1
MIG-17379,order_items,562380.8,549.2,88264344,2864,MIXED_OLTP,ADD_INDEX_CONCURRENTLY,HIGH,1.48,6.11,1,0
MIG-17380,order_items,256122.88,250.12,40198579,415,READ_HEAVY,ADD_INDEX_CONCURRENTLY,LOW,0.97,0.74,1,0
MIG-17381,order_items,256931.84,250.91,40325177,4415,MIXED_OLTP,ADD_COLUMN_DEFAULT,CRITICAL,2.29,19.94,1,0
MIG-17382,customer_sessions,72314.88,70.62,16142026,839,WRITE_HEAVY,TABLE_REWRITE,MEDIUM,52.92,120.43,0,1
MIG-17383,orders,232867.84,227.41,28425720,2385,WRITE_HEAVY,ADD_INDEX_CONCURRENTLY,HIGH,1.07,3.21,1,0
MIG-17384,orders,72550.4,70.85,8855822,511,ANALYTICAL_BATCH,ADD_INDEX_CONCURRENTLY,MEDIUM,0.34,0.52,1,0
MIG-17385,order_payments,96133.12,93.88,23109181,1928,WRITE_HEAVY,TABLE_REWRITE,HIGH,60.14,518.44,0,1
MIG-17386,order_items,229980.16,224.59,36095010,2090,MIXED_OLTP,ADD_COLUMN_DEFAULT,HIGH,2.39,5.55,1,0
MIG-17387,orders,96737.28,94.47,11808733,2267,WRITE_HEAVY,ADD_INDEX_CONCURRENTLY,HIGH,0.6,2.28,1,0
MIG-17388,orders,185272.32,180.93,22615907,772,READ_HEAVY,DROP_COLUMN,MEDIUM,1.14,1.14,1,0
MIG-17389,orders,76554.24,74.76,9344386,2139,MIXED_OLTP,ADD_INDEX_CONCURRENTLY,HIGH,0.46,1.87,1,0
MIG-17390,orders,153057.28,149.47,18684033,1225,READ_HEAVY,ADD_COLUMN_DEFAULT,MEDIUM,1.9,1.93,1,0
MIG-17391,orders,105738.24,103.26,12907186,2926,WRITE_HEAVY,ADD_INDEX_CONCURRENTLY,HIGH,0.64,2.33,1,0
MIG-17392,orders,238028.8,232.45,29055906,1322,MIXED_OLTP,DROP_COLUMN,MEDIUM,1.37,2.26,1,0
MIG-17393,order_payments,93061.12,90.88,22369433,576,WRITE_HEAVY,DROP_COLUMN,MEDIUM,0.91,1.19,1,0
MIG-17394,order_shipments,36270.08,35.42,9446350,2383,WRITE_HEAVY,ADD_INDEX_CONCURRENTLY,HIGH,0.22,1.12,1,0
MIG-17395,order_shipments,95272.96,93.04,24811658,283,READ_HEAVY,ADD_COLUMN_DEFAULT,LOW,1.39,1.54,1,0
MIG-17396,order_items,539381.76,526.74,84654618,2283,READ_HEAVY,TABLE_REWRITE,HIGH,205.69,1204.94,0,1
MIG-17397,order_items,251607.04,245.71,39488670,416,READ_HEAVY,ADD_COLUMN_DEFAULT,LOW,2.3,2.52,1,0
MIG-17398,customer_sessions,76339.2,74.55,17039133,1990,READ_HEAVY,TABLE_REWRITE,HIGH,41.75,474.43,0,1
MIG-17399,order_payments,58705.92,57.33,14110880,1044,READ_HEAVY,TABLE_REWRITE,MEDIUM,41.54,65.78,0,1
MIG-17400,order_items,265717.76,259.49,41704092,2830,WRITE_HEAVY,ADD_INDEX_CONCURRENTLY,HIGH,1.11,5.31,1,0
MIG-17401,orders,134522.88,131.37,16421010,326,MIXED_OLTP,DROP_COLUMN,LOW,0.95,1.07,1,0
MIG-17402,order_items,199741.44,195.06,31349222,1055,WRITE_HEAVY,ALTER_COLUMN_TYPE,MEDIUM,68.96,127.04,0,1
MIG-17403,order_items,469258.24,458.26,73648307,464,ANALYTICAL_BATCH,ADD_INDEX_LOCKING,LOW,36.79,54.82,0,1
MIG-17404,order_items,402329.6,392.9,63144323,3072,READ_HEAVY,ADD_INDEX_LOCKING,CRITICAL,44.1,396.74,0,1
MIG-17405,orders,246988.8,241.2,30150487,250,READ_HEAVY,ADD_INDEX_CONCURRENTLY,LOW,1.05,1.29,1,0
MIG-17406,customer_sessions,29880.32,29.18,6668603,992,MIXED_OLTP,ALTER_COLUMN_TYPE,MEDIUM,13.44,26.6,0,1
MIG-17407,order_items,202547.2,197.8,31788701,100,READ_HEAVY,ADD_INDEX_CONCURRENTLY,LOW,0.86,0.86,1,0
MIG-17408,order_items,299776.0,292.75,47048494,2211,READ_HEAVY,DROP_COLUMN,HIGH,1.78,6.26,1,0
MIG-17409,orders,81469.44,79.56,9944934,1425,ANALYTICAL_BATCH,ALTER_COLUMN_TYPE,MEDIUM,37.24,69.13,0,1
MIG-17410,order_payments,139980.8,136.7,33649149,1288,MIXED_OLTP,ADD_COLUMN_DEFAULT,MEDIUM,1.71,2.83,1,0
MIG-17411,order_payments,112578.56,109.94,27062464,113,READ_HEAVY,DROP_COLUMN,LOW,0.99,0.93,1,0
MIG-17412,orders,225259.52,219.98,27497174,1376,MIXED_OLTP,DROP_COLUMN,MEDIUM,1.58,2.39,1,0
MIG-17413,order_items,500746.24,489.01,78591533,418,READ_HEAVY,TABLE_REWRITE,LOW,158.52,186.53,0,1
MIG-17414,order_payments,55715.84,54.41,13393192,1377,MIXED_OLTP,ADD_COLUMN_DEFAULT,MEDIUM,0.74,1.37,1,0
MIG-17415,order_shipments,30095.36,29.39,7838183,155,WRITE_HEAVY,DROP_COLUMN,LOW,0.31,0.51,1,0
MIG-17416,orders,144138.24,140.76,17594706,5242,WRITE_HEAVY,ADD_INDEX_CONCURRENTLY,CRITICAL,0.62,4.32,1,0
MIG-17417,order_shipments,87193.6,85.15,22706813,520,READ_HEAVY,ADD_INDEX_CONCURRENTLY,MEDIUM,0.45,0.5,1,0
MIG-17418,order_items,285265.92,278.58,44771741,1552,WRITE_HEAVY,ADD_INDEX_CONCURRENTLY,HIGH,1.27,2.68,1,0
MIG-17419,orders,51271.68,50.07,6258199,854,MIXED_OLTP,ADD_COLUMN_DEFAULT,MEDIUM,0.92,1.24,1,0
MIG-17420,orders,195143.68,190.57,23821638,1315,WRITE_HEAVY,ADD_COLUMN_DEFAULT,MEDIUM,1.89,3.28,1,0
MIG-17421,orders,93399.04,91.21,11401702,2796,WRITE_HEAVY,ADD_INDEX_CONCURRENTLY,HIGH,0.51,2.64,1,0
MIG-17422,orders,169216.0,165.25,20656549,2450,MIXED_OLTP,ADD_INDEX_CONCURRENTLY,HIGH,0.66,3.1,1,0
MIG-17423,order_items,122368.0,119.5,19205284,1555,READ_HEAVY,ADD_INDEX_CONCURRENTLY,HIGH,0.65,1.74,1,0
MIG-17424,order_payments,87592.96,85.54,21054875,2811,ANALYTICAL_BATCH,ALTER_COLUMN_TYPE,HIGH,32.1,383.8,0,1
MIG-17425,orders,136212.48,133.02,16627429,205,WRITE_HEAVY,ADD_INDEX_CONCURRENTLY,LOW,0.72,0.66,1,0
MIG-17426,customer_sessions,71137.28,69.47,15877932,4861,WRITE_HEAVY,ADD_COLUMN_DEFAULT,CRITICAL,1.14,9.53,1,0
MIG-17427,orders,208803.84,203.91,25488972,779,WRITE_HEAVY,ADD_INDEX_LOCKING,MEDIUM,22.02,43.6,0,1
MIG-17428,order_items,133283.84,130.16,20918280,4414,READ_HEAVY,ALTER_COLUMN_TYPE,CRITICAL,46.18,1328.21,0,1
MIG-17429,customer_sessions,65269.76,63.74,14569122,1642,WRITE_HEAVY,DROP_COLUMN,HIGH,0.58,1.91,1,0
MIG-17430,order_shipments,84060.16,82.09,21890513,1497,MIXED_OLTP,ADD_INDEX_CONCURRENTLY,MEDIUM,0.39,0.9,1,0
MIG-17431,order_items,457072.64,446.36,71736173,592,WRITE_HEAVY,ADD_INDEX_CONCURRENTLY,MEDIUM,1.23,1.96,1,0
MIG-17432,order_payments,137963.52,134.73,33163745,5389,ANALYTICAL_BATCH,ADD_INDEX_CONCURRENTLY,CRITICAL,0.57,9.08,1,0
MIG-17433,orders,226816.0,221.5,27687845,463,READ_HEAVY,ADD_INDEX_LOCKING,LOW,21.28,36.47,0,1
MIG-17434,orders,97566.72,95.28,11910263,650,MIXED_OLTP,ADD_INDEX_CONCURRENTLY,MEDIUM,0.44,0.96,1,0
MIG-17435,order_items,311603.2,304.3,48905216,2542,WRITE_HEAVY,ADD_COLUMN_DEFAULT,HIGH,2.71,11.58,1,0
MIG-17436,orders,126545.92,123.58,15447927,843,WRITE_HEAVY,ADD_INDEX_CONCURRENTLY,MEDIUM,0.71,0.94,1,0
MIG-17437,order_items,375265.28,366.47,58897533,811,READ_HEAVY,ADD_COLUMN_DEFAULT,MEDIUM,3.62,3.86,1,0
MIG-17438,orders,260096.0,254.0,31750267,1991,READ_HEAVY,ADD_COLUMN_DEFAULT,HIGH,2.34,7.05,1,0
MIG-17439,order_shipments,69488.64,67.86,18096924,3595,READ_HEAVY,ADD_COLUMN_DEFAULT,CRITICAL,0.79,4.69,1,0
MIG-17440,order_shipments,44390.4,43.35,11559483,1461,WRITE_HEAVY,ADD_INDEX_CONCURRENTLY,MEDIUM,0.29,0.65,1,0
MIG-17441,order_shipments,96522.24,94.26,25136783,3107,WRITE_HEAVY,ADD_COLUMN_DEFAULT,CRITICAL,1.06,6.91,1,0
MIG-17442,order_payments,110520.32,107.93,26567818,241,ANALYTICAL_BATCH,ADD_INDEX_CONCURRENTLY,LOW,0.62,0.6,1,0
MIG-17443,orders,108001.28,105.47,13184174,858,WRITE_HEAVY,ADD_COLUMN_DEFAULT,MEDIUM,1.22,1.7,1,0
MIG-17444,orders,249661.44,243.81,30475844,267,WRITE_HEAVY,DROP_COLUMN,LOW,1.43,1.56,1,0
MIG-17445,order_payments,67860.48,66.27,16313331,801,READ_HEAVY,ADD_COLUMN_DEFAULT,MEDIUM,0.81,1.4,1,0
MIG-17446,order_items,381102.08,372.17,59813113,2495,WRITE_HEAVY,ADD_INDEX_CONCURRENTLY,HIGH,1.35,6.01,1,0
MIG-17447,order_items,362014.72,353.53,56817050,1417,READ_HEAVY,DROP_COLUMN,MEDIUM,2.37,3.26,1,0
MIG-17448,order_items,591370.24,577.51,92814100,1166,READ_HEAVY,ADD_COLUMN_DEFAULT,MEDIUM,4.2,4.08,1,0
MIG-17449,order_items,251791.36,245.89,39518732,1830,READ_HEAVY,ADD_COLUMN_DEFAULT,HIGH,2.58,3.82,1,0
MIG-17450,orders,122869.76,119.99,14999282,2995,MIXED_OLTP,ADD_INDEX_CONCURRENTLY,HIGH,0.66,1.54,1,0
MIG-17451,order_items,455393.28,444.72,71472974,2107,WRITE_HEAVY,TABLE_REWRITE,HIGH,186.92,1944.38,0,1
MIG-17452,order_items,572262.4,558.85,89815871,1965,WRITE_HEAVY,ADD_COLUMN_DEFAULT,HIGH,4.17,16.43,1,0
MIG-17453,order_items,173977.6,169.9,27305611,4705,MIXED_OLTP,ADD_COLUMN_DEFAULT,CRITICAL,1.67,13.07,1,0
MIG-17454,customer_sessions,27873.28,27.22,6222322,2962,WRITE_HEAVY,ADD_INDEX_CONCURRENTLY,HIGH,0.2,1.13,1,0
MIG-17455,order_items,603965.44,589.81,94790793,3802,WRITE_HEAVY,DROP_COLUMN,CRITICAL,3.27,18.79,1,0
MIG-17456,order_payments,119746.56,116.94,28786156,3501,READ_HEAVY,ADD_INDEX_CONCURRENTLY,CRITICAL,0.67,2.6,1,0
MIG-17457,order_shipments,47134.72,46.03,12275106,4954,MIXED_OLTP,ADD_INDEX_LOCKING,CRITICAL,8.75,267.42,0,1
MIG-17458,orders,128256.0,125.25,15656139,290,WRITE_HEAVY,ADD_INDEX_CONCURRENTLY,LOW,0.68,0.65,1,0
MIG-17459,order_payments,82882.56,80.94,19922575,1226,ANALYTICAL_BATCH,ADD_INDEX_CONCURRENTLY,MEDIUM,0.49,0.84,1,0
MIG-17460,order_items,462428.16,451.59,72577759,953,WRITE_HEAVY,ADD_INDEX_LOCKING,MEDIUM,45.24,77.14,0,1
MIG-17461,order_items,404234.24,394.76,63444329,114,ANALYTICAL_BATCH,ADD_COLUMN_DEFAULT,LOW,2.98,3.62,1,0
MIG-17462,orders,220815.36,215.64,26955238,861,WRITE_HEAVY,ADD_INDEX_CONCURRENTLY,MEDIUM,0.85,1.42,1,0
MIG-17463,order_shipments,22927.36,22.39,5970002,1355,MIXED_OLTP,ADD_INDEX_LOCKING,MEDIUM,5.47,10.38,1,0
MIG-17464,customer_sessions,67174.4,65.6,14994186,1436,READ_HEAVY,TABLE_REWRITE,MEDIUM,50.18,69.75,0,1
MIG-17465,orders,61992.96,60.54,7567386,2045,MIXED_OLTP,ADD_COLUMN_DEFAULT,HIGH,0.93,2.45,1,0
MIG-17466,orders,244008.96,238.29,29786295,1193,READ_HEAVY,DROP_COLUMN,MEDIUM,1.29,2.61,1,0
MIG-17467,orders,58716.16,57.34,7167869,3239,MIXED_OLTP,ADD_COLUMN_DEFAULT,CRITICAL,0.73,3.25,1,0
MIG-17468,order_payments,41943.04,40.96,10081574,1825,MIXED_OLTP,DROP_COLUMN,HIGH,0.39,1.13,1,0
MIG-17469,order_items,207677.44,202.81,32594934,2547,READ_HEAVY,ADD_INDEX_LOCKING,HIGH,19.86,122.49,0,1
MIG-17470,orders,98488.32,96.18,12022371,116,WRITE_HEAVY,DROP_COLUMN,LOW,0.74,0.79,1,0
MIG-17471,order_shipments,51752.96,50.54,13478060,4867,WRITE_HEAVY,ADD_COLUMN_DEFAULT,CRITICAL,0.72,9.73,1,0
MIG-17472,order_items,452976.64,442.36,71094042,485,ANALYTICAL_BATCH,ADD_INDEX_CONCURRENTLY,LOW,1.45,2.19,1,0
MIG-17473,order_items,575354.88,561.87,90300873,1606,ANALYTICAL_BATCH,ADD_COLUMN_DEFAULT,HIGH,4.58,10.58,1,0
MIG-17474,order_items,385382.4,376.35,60484727,332,WRITE_HEAVY,DROP_COLUMN,LOW,2.28,2.21,1,0
MIG-17475,order_items,389498.88,380.37,61131669,241,WRITE_HEAVY,DROP_COLUMN,LOW,2.37,1.89,1,0
MIG-17476,order_items,279480.32,272.93,43863712,1143,WRITE_HEAVY,ADD_INDEX_CONCURRENTLY,MEDIUM,0.87,1.94,1,0
MIG-17477,orders,226252.8,220.95,27618371,2843,WRITE_HEAVY,ADD_COLUMN_DEFAULT,HIGH,1.89,10.04,1,0
MIG-17478,order_items,171714.56,167.69,26949384,3201,WRITE_HEAVY,ADD_INDEX_LOCKING,CRITICAL,23.79,299.72,0,1
MIG-17479,order_shipments,43407.36,42.39,11303828,2504,MIXED_OLTP,ADD_INDEX_CONCURRENTLY,HIGH,0.32,0.9,1,0
MIG-17480,order_items,164741.12,160.88,25855494,1774,WRITE_HEAVY,ALTER_COLUMN_TYPE,HIGH,59.54,277.29,0,1
MIG-17481,order_shipments,36198.4,35.35,9426305,1033,MIXED_OLTP,ADD_COLUMN_DEFAULT,MEDIUM,0.71,0.9,1,0
MIG-17482,order_items,417433.6,407.65,65514430,4105,ANALYTICAL_BATCH,ADD_INDEX_LOCKING,CRITICAL,36.97,988.4,0,1
MIG-17483,order_payments,41717.76,40.74,10027659,1004,WRITE_HEAVY,ADD_COLUMN_DEFAULT,MEDIUM,0.6,1.45,1,0
MIG-17484,orders,71403.52,69.73,8716680,4914,READ_HEAVY,ADD_COLUMN_DEFAULT,CRITICAL,1.1,7.26,1,0
MIG-17485,order_payments,125573.12,122.63,30186231,2412,READ_HEAVY,TABLE_REWRITE,HIGH,71.98,824.94,0,1
MIG-17486,orders,75315.2,73.55,9194076,846,WRITE_HEAVY,DROP_COLUMN,MEDIUM,0.61,1.11,1,0
MIG-17487,orders,183644.16,179.34,22417440,1153,MIXED_OLTP,ADD_INDEX_CONCURRENTLY,MEDIUM,0.92,1.49,1,0
MIG-17488,orders,127006.72,124.03,15504301,2395,READ_HEAVY,TABLE_REWRITE,HIGH,67.15,865.65,0,1
MIG-17489,orders,247418.88,241.62,30201912,3172,WRITE_HEAVY,ADD_COLUMN_DEFAULT,CRITICAL,2.37,11.89,1,0
MIG-17490,customer_sessions,59985.92,58.58,13388720,2420,MIXED_OLTP,ADD_INDEX_LOCKING,HIGH,10.63,143.0,0,1
MIG-17491,customer_sessions,18165.76,17.74,4055795,3835,WRITE_HEAVY,ADD_INDEX_CONCURRENTLY,CRITICAL,0.15,1.31,1,0
MIG-17492,order_payments,133908.48,130.77,32189481,3365,WRITE_HEAVY,ALTER_COLUMN_TYPE,CRITICAL,43.55,842.74,0,1
MIG-17493,orders,140697.6,137.4,17175270,1026,ANALYTICAL_BATCH,TABLE_REWRITE,MEDIUM,73.47,185.13,0,1
MIG-17494,order_shipments,43171.84,42.16,11241712,1016,WRITE_HEAVY,ADD_COLUMN_DEFAULT,MEDIUM,0.78,1.68,1,0
MIG-17495,order_payments,107233.28,104.72,25776122,2595,WRITE_HEAVY,ADD_INDEX_CONCURRENTLY,HIGH,0.54,2.29,1,0
MIG-17496,order_items,485232.64,473.86,76155887,932,WRITE_HEAVY,DROP_COLUMN,MEDIUM,2.16,3.53,1,0
MIG-17497,order_items,271196.16,264.84,42563312,2614,WRITE_HEAVY,ADD_INDEX_CONCURRENTLY,HIGH,1.21,2.95,1,0
MIG-17498,order_payments,68751.36,67.14,16527708,782,READ_HEAVY,ADD_COLUMN_DEFAULT,MEDIUM,0.98,0.91,1,0
MIG-17499,orders,83732.48,81.77,10220923,2408,MIXED_OLTP,DROP_COLUMN,HIGH,0.6,2.84,1,0
MIG-17500,order_items,420966.4,411.1,66068928,1462,READ_HEAVY,ADD_INDEX_CONCURRENTLY,MEDIUM,1.64,3.14,1,0
MIG-17501,order_payments,141271.04,137.96,33958980,2379,READ_HEAVY,TABLE_REWRITE,HIGH,81.35,465.2,0,1
MIG-17502,orders,141301.76,137.99,17248860,1181,WRITE_HEAVY,ADD_INDEX_LOCKING,MEDIUM,17.18,30.42,0,1
MIG-17503,order_items,628828.16,614.09,98692700,867,READ_HEAVY,ADD_COLUMN_DEFAULT,MEDIUM,4.62,8.0,1,0
MIG-17504,order_items,205731.84,200.91,32289582,370,ANALYTICAL_BATCH,ADD_COLUMN_DEFAULT,LOW,1.95,1.67,1,0
MIG-17505,order_payments,121999.36,119.14,29327664,2752,MIXED_OLTP,ALTER_COLUMN_TYPE,HIGH,34.31,489.28,0,1
MIG-17506,customer_sessions,74209.28,72.47,16564758,1373,MIXED_OLTP,ADD_COLUMN_DEFAULT,MEDIUM,0.94,1.11,1,0
MIG-17507,order_shipments,75499.52,73.73,19661974,1416,WRITE_HEAVY,TABLE_REWRITE,MEDIUM,45.43,85.49,0,1
MIG-17508,order_items,171110.4,167.1,26855429,1960,READ_HEAVY,ADD_INDEX_CONCURRENTLY,HIGH,0.86,1.96,1,0
MIG-17509,order_items,283217.92,276.58,44449849,1346,MIXED_OLTP,ADD_INDEX_CONCURRENTLY,MEDIUM,0.89,1.78,1,0
MIG-17510,order_items,158904.32,155.18,24938930,848,MIXED_OLTP,ADD_COLUMN_DEFAULT,MEDIUM,1.58,2.89,1,0
MIG-17511,order_items,425246.72,415.28,66741597,1371,MIXED_OLTP,ADD_INDEX_CONCURRENTLY,MEDIUM,1.32,2.72,1,0
MIG-17512,orders,269926.4,263.6,32950017,505,READ_HEAVY,ADD_COLUMN_DEFAULT,MEDIUM,2.89,2.88,1,0
MIG-17513,order_payments,71526.4,69.85,17192932,1408,WRITE_HEAVY,ADD_COLUMN_DEFAULT,MEDIUM,0.91,1.65,1,0
MIG-17514,order_payments,46141.44,45.06,11092817,716,WRITE_HEAVY,ADD_INDEX_CONCURRENTLY,MEDIUM,0.34,0.42,1,0
MIG-17515,order_items,253327.36,247.39,39759855,702,WRITE_HEAVY,ADD_INDEX_CONCURRENTLY,MEDIUM,0.93,1.66,1,0
MIG-17516,order_shipments,65771.52,64.23,17129322,1059,READ_HEAVY,ADD_INDEX_CONCURRENTLY,MEDIUM,0.37,0.56,1,0
MIG-17517,order_payments,94791.68,92.57,22786099,1013,WRITE_HEAVY,ADD_INDEX_CONCURRENTLY,MEDIUM,0.48,0.92,1,0
MIG-17518,order_items,233297.92,227.83,36615487,657,READ_HEAVY,ADD_INDEX_CONCURRENTLY,MEDIUM,1.06,1.61,1,0
MIG-17519,orders,215193.6,210.15,26269027,1034,READ_HEAVY,ADD_INDEX_CONCURRENTLY,MEDIUM,0.82,1.14,1,0
MIG-17520,orders,68618.24,67.01,8376331,1301,READ_HEAVY,TABLE_REWRITE,MEDIUM,43.94,67.49,0,1
MIG-17521,order_items,436234.24,426.01,68466262,985,READ_HEAVY,ADD_INDEX_CONCURRENTLY,MEDIUM,1.2,2.02,1,0
MIG-17522,order_items,334387.2,326.55,52481614,4452,WRITE_HEAVY,ADD_INDEX_CONCURRENTLY,CRITICAL,1.36,12.88,1,0
MIG-17523,orders,77281.28,75.47,9433725,1348,READ_HEAVY,TABLE_REWRITE,MEDIUM,56.55,89.07,0,1
MIG-17524,orders,189470.72,185.03,23128388,1769,ANALYTICAL_BATCH,ADD_INDEX_LOCKING,HIGH,25.09,175.35,0,1
MIG-17525,orders,198021.12,193.38,24172334,825,READ_HEAVY,ADD_INDEX_CONCURRENTLY,MEDIUM,0.73,1.16,1,0
MIG-17526,order_payments,79339.52,77.48,19072584,1394,MIXED_OLTP,ALTER_COLUMN_TYPE,MEDIUM,32.97,52.76,0,1
MIG-17527,order_payments,122234.88,119.37,29382193,1741,READ_HEAVY,ALTER_COLUMN_TYPE,HIGH,42.33,194.55,0,1
MIG-17528,order_items,377548.8,368.7,59254643,201,READ_HEAVY,ADD_INDEX_LOCKING,LOW,34.03,49.27,0,1
MIG-17529,orders,112353.28,109.72,13715370,3685,READ_HEAVY,DROP_COLUMN,CRITICAL,0.84,5.47,1,0
MIG-17530,orders,260075.52,253.98,31747234,1324,MIXED_OLTP,DROP_COLUMN,MEDIUM,1.73,4.05,1,0
MIG-17531,orders,257955.84,251.91,31489189,157,MIXED_OLTP,TABLE_REWRITE,LOW,107.94,183.32,0,1
MIG-17532,order_items,164034.56,160.19,25745332,874,READ_HEAVY,ADD_COLUMN_DEFAULT,MEDIUM,1.71,2.16,1,0
MIG-17533,orders,258406.4,252.35,31544194,2107,MIXED_OLTP,ADD_INDEX_LOCKING,HIGH,31.47,229.67,0,1
MIG-17534,order_items,514908.16,502.84,80814072,132,MIXED_OLTP,ADD_INDEX_CONCURRENTLY,LOW,1.5,1.57,1,0
MIG-17535,customer_sessions,21217.28,20.72,4735675,616,MIXED_OLTP,ADD_INDEX_LOCKING,MEDIUM,5.13,5.01,1,0
MIG-17536,order_items,382709.76,373.74,60065347,3940,WRITE_HEAVY,TABLE_REWRITE,CRITICAL,166.67,4890.33,0,1
MIG-17537,order_shipments,21329.92,20.83,5554948,587,WRITE_HEAVY,ADD_INDEX_CONCURRENTLY,MEDIUM,0.19,0.25,1,0
MIG-17538,orders,179394.56,175.19,21899140,491,MIXED_OLTP,ADD_INDEX_CONCURRENTLY,LOW,0.81,0.83,1,0
MIG-17539,orders,255559.68,249.57,31196066,280,MIXED_OLTP,ADD_INDEX_LOCKING,LOW,26.15,36.8,0,1
MIG-17540,customer_sessions,38092.8,37.2,8502220,1510,ANALYTICAL_BATCH,ADD_INDEX_LOCKING,HIGH,8.68,85.29,0,1
MIG-17541,order_items,377190.4,368.35,59198639,1101,WRITE_HEAVY,ADD_INDEX_LOCKING,MEDIUM,34.35,74.51,0,1
MIG-17542,order_items,232130.56,226.69,36432386,2632,MIXED_OLTP,TABLE_REWRITE,HIGH,108.91,1139.99,0,1
MIG-17543,customer_sessions,49233.92,48.08,10989625,4519,MIXED_OLTP,ADD_INDEX_CONCURRENTLY,CRITICAL,0.31,2.36,1,0
MIG-17544,order_items,528896.0,516.5,83008548,328,MIXED_OLTP,DROP_COLUMN,LOW,2.95,3.26,1,0
MIG-17545,order_items,225781.76,220.49,35435920,136,MIXED_OLTP,DROP_COLUMN,LOW,1.43,1.5,1,0
MIG-17546,order_items,400343.04,390.96,62832427,1229,WRITE_HEAVY,ADD_INDEX_CONCURRENTLY,MEDIUM,1.47,3.29,1,0
MIG-17547,orders,127590.4,124.6,15575368,1471,MIXED_OLTP,ADD_INDEX_CONCURRENTLY,MEDIUM,0.63,1.25,1,0
MIG-17548,orders,214568.96,209.54,26192546,245,READ_HEAVY,DROP_COLUMN,LOW,1.52,1.21,1,0
MIG-17549,orders,204431.36,199.64,24955043,621,WRITE_HEAVY,DROP_COLUMN,MEDIUM,1.28,1.73,1,0
MIG-17550,order_shipments,76390.4,74.6,19893856,1820,WRITE_HEAVY,DROP_COLUMN,HIGH,0.68,2.27,1,0
MIG-17551,order_payments,71884.8,70.2,17280730,364,MIXED_OLTP,ADD_COLUMN_DEFAULT,LOW,1.05,1.14,1,0
MIG-17552,orders,181698.56,177.44,22180541,4606,WRITE_HEAVY,DROP_COLUMN,CRITICAL,1.4,12.91,1,0
MIG-17553,orders,193157.12,188.63,23579299,5221,READ_HEAVY,ADD_COLUMN_DEFAULT,CRITICAL,1.63,11.71,1,0
MIG-17554,order_payments,108195.84,105.66,26007442,906,READ_HEAVY,ADD_INDEX_CONCURRENTLY,MEDIUM,0.54,0.74,1,0
MIG-17555,order_shipments,66150.4,64.6,17225537,5211,ANALYTICAL_BATCH,DROP_COLUMN,CRITICAL,0.53,4.36,1,0
MIG-17556,orders,240875.52,235.23,29403728,1913,MIXED_OLTP,DROP_COLUMN,HIGH,1.32,3.69,1,0
MIG-17557,order_items,243087.36,237.39,38152684,1012,WRITE_HEAVY,ADD_INDEX_LOCKING,MEDIUM,30.04,49.03,0,1
MIG-17558,order_shipments,23060.48,22.52,6005426,1158,WRITE_HEAVY,ADD_COLUMN_DEFAULT,MEDIUM,0.5,0.66,1,0
MIG-17559,order_shipments,98263.04,95.96,25590074,210,WRITE_HEAVY,ADD_INDEX_LOCKING,LOW,12.36,13.53,1,0
MIG-17560,order_shipments,23470.08,22.92,6111848,868,WRITE_HEAVY,ALTER_COLUMN_TYPE,MEDIUM,14.9,16.7,1,0
MIG-17561,orders,248872.96,243.04,30379802,2741,MIXED_OLTP,ADD_COLUMN_DEFAULT,HIGH,2.33,8.69,1,0
MIG-17562,orders,184576.0,180.25,22531693,1077,READ_HEAVY,ADD_COLUMN_DEFAULT,MEDIUM,1.74,2.52,1,0
MIG-17563,order_items,588851.2,575.05,92417971,1112,WRITE_HEAVY,ALTER_COLUMN_TYPE,MEDIUM,131.29,194.35,0,1
MIG-17564,orders,174110.72,170.03,21253756,2435,MIXED_OLTP,ADD_COLUMN_DEFAULT,HIGH,1.9,6.5,1,0
MIG-17565,order_shipments,86528.0,84.5,22533788,4977,WRITE_HEAVY,ADD_INDEX_LOCKING,CRITICAL,10.63,328.25,0,1
MIG-17566,orders,208691.2,203.8,25474837,488,WRITE_HEAVY,DROP_COLUMN,LOW,1.52,1.53,1,0
MIG-17567,order_items,385699.84,376.66,60534082,899,READ_HEAVY,ADD_COLUMN_DEFAULT,MEDIUM,3.66,5.31,1,0
MIG-17568,order_shipments,48568.32,47.43,12647789,241,WRITE_HEAVY,ALTER_COLUMN_TYPE,LOW,24.75,24.68,1,0
MIG-17569,customer_sessions,14520.32,14.18,3241169,5283,WRITE_HEAVY,ADD_INDEX_CONCURRENTLY,CRITICAL,0.12,1.74,1,0
MIG-17570,order_payments,56688.64,55.36,13626071,979,ANALYTICAL_BATCH,ADD_INDEX_CONCURRENTLY,MEDIUM,0.31,0.62,1,0
MIG-17571,customer_sessions,75735.04,73.96,16905442,471,MIXED_OLTP,ADD_INDEX_CONCURRENTLY,LOW,0.43,0.51,1,0
MIG-17572,orders,110080.0,107.5,13437469,2822,MIXED_OLTP,ALTER_COLUMN_TYPE,HIGH,39.17,541.13,0,1
MIG-17573,order_items,502712.32,490.93,78900047,1237,MIXED_OLTP,ADD_COLUMN_DEFAULT,MEDIUM,3.17,5.51,1,0
MIG-17574,orders,161628.16,157.84,19729435,388,WRITE_HEAVY,DROP_COLUMN,LOW,1.06,0.98,1,0
MIG-17575,customer_sessions,34242.56,33.44,7642607,5356,MIXED_OLTP,ADD_INDEX_CONCURRENTLY,CRITICAL,0.27,2.76,1,0
MIG-17576,order_shipments,100638.72,98.28,26207618,1910,READ_HEAVY,ADD_COLUMN_DEFAULT,HIGH,1.12,3.19,1,0
MIG-17577,orders,59545.6,58.15,7268308,281,WRITE_HEAVY,ADD_COLUMN_DEFAULT,LOW,0.74,0.98,1,0
MIG-17578,orders,177899.52,173.73,21716081,4364,WRITE_HEAVY,ADD_INDEX_CONCURRENTLY,CRITICAL,0.68,4.92,1,0
MIG-17579,order_items,352880.64,344.61,55382975,177,READ_HEAVY,ADD_COLUMN_DEFAULT,LOW,3.33,3.91,1,0
MIG-17580,orders,66078.72,64.53,8066213,306,WRITE_HEAVY,ADD_INDEX_CONCURRENTLY,LOW,0.4,0.53,1,0
MIG-17581,order_shipments,36188.16,35.34,9424478,1155,WRITE_HEAVY,ADD_INDEX_CONCURRENTLY,MEDIUM,0.21,0.42,1,0
MIG-17582,orders,202711.04,197.96,24744533,301,WRITE_HEAVY,ADD_COLUMN_DEFAULT,LOW,2.28,2.37,1,0
MIG-17583,order_payments,39598.08,38.67,9519864,1153,READ_HEAVY,DROP_COLUMN,MEDIUM,0.41,0.63,1,0
MIG-17584,order_items,528097.28,515.72,82883033,601,WRITE_HEAVY,ADD_INDEX_CONCURRENTLY,MEDIUM,1.68,2.99,1,0
MIG-17585,order_items,437278.72,427.03,68629940,296,READ_HEAVY,ADD_COLUMN_DEFAULT,LOW,3.56,3.57,1,0
MIG-17586,orders,71464.96,69.79,8723155,5323,WRITE_HEAVY,ADD_COLUMN_DEFAULT,CRITICAL,1.06,10.59,1,0
MIG-17587,customer_sessions,32839.68,32.07,7330130,760,READ_HEAVY,TABLE_REWRITE,MEDIUM,29.7,47.14,0,1
MIG-17588,order_items,185487.36,181.14,29111406,955,WRITE_HEAVY,DROP_COLUMN,MEDIUM,1.11,1.61,1,0
MIG-17589,order_items,526325.76,513.99,82605704,1124,READ_HEAVY,TABLE_REWRITE,MEDIUM,206.78,228.28,0,1
MIG-17590,order_items,389744.64,380.61,61169729,2438,READ_HEAVY,ADD_COLUMN_DEFAULT,HIGH,2.78,6.77,1,0
MIG-17591,order_shipments,18667.52,18.23,4861126,172,MIXED_OLTP,ADD_INDEX_LOCKING,LOW,5.14,5.6,1,0
MIG-17592,order_shipments,63467.52,61.98,16526718,145,WRITE_HEAVY,ADD_INDEX_CONCURRENTLY,LOW,0.36,0.3,1,0
MIG-17593,order_shipments,58480.64,57.11,15228559,4883,READ_HEAVY,DROP_COLUMN,CRITICAL,0.47,4.26,1,0
MIG-17594,order_items,446576.64,436.11,70089188,313,MIXED_OLTP,ADD_COLUMN_DEFAULT,LOW,3.84,4.72,1,0
MIG-17595,order_shipments,21319.68,20.82,5552631,5267,WRITE_HEAVY,ADD_INDEX_LOCKING,CRITICAL,4.18,89.54,0,1
MIG-17596,orders,56985.6,55.65,6956496,1490,READ_HEAVY,ALTER_COLUMN_TYPE,MEDIUM,20.29,45.45,0,1
MIG-17597,order_payments,68485.12,66.88,16461801,1749,READ_HEAVY,ADD_INDEX_LOCKING,HIGH,9.75,102.72,0,1
MIG-17598,order_items,470036.48,459.02,73771585,244,MIXED_OLTP,ADD_INDEX_CONCURRENTLY,LOW,1.42,1.51,1,0
MIG-17599,order_items,458700.8,447.95,71991205,5050,READ_HEAVY,DROP_COLUMN,CRITICAL,1.99,17.24,1,0
MIG-17600,customer_sessions,32286.72,31.53,7206995,794,ANALYTICAL_BATCH,ADD_INDEX_LOCKING,MEDIUM,7.79,8.07,1,0
MIG-17601,customer_sessions,28272.64,27.61,6311372,179,MIXED_OLTP,ADD_INDEX_CONCURRENTLY,LOW,0.19,0.26,1,0
MIG-17602,order_items,467251.2,456.3,73333173,1734,READ_HEAVY,ADD_INDEX_CONCURRENTLY,HIGH,1.67,3.26,1,0
MIG-17603,order_items,128675.84,125.66,20196131,300,WRITE_HEAVY,DROP_COLUMN,LOW,0.98,1.39,1,0
MIG-17604,order_shipments,64614.4,63.1,16826519,881,READ_HEAVY,ADD_COLUMN_DEFAULT,MEDIUM,0.82,0.78,1,0
MIG-17605,customer_sessions,41697.28,40.72,9307020,1429,WRITE_HEAVY,ADD_INDEX_CONCURRENTLY,MEDIUM,0.27,0.41,1,0
MIG-17606,order_payments,55265.28,53.97,13285700,485,READ_HEAVY,ALTER_COLUMN_TYPE,LOW,22.81,20.01,1,0
MIG-17607,orders,164229.12,160.38,20048048,582,WRITE_HEAVY,TABLE_REWRITE,MEDIUM,73.53,123.26,0,1
MIG-17608,order_items,226764.8,221.45,35590580,1403,MIXED_OLTP,ADD_COLUMN_DEFAULT,MEDIUM,2.22,5.17,1,0
MIG-17609,order_shipments,65239.04,63.71,16989346,589,MIXED_OLTP,TABLE_REWRITE,MEDIUM,48.15,62.47,0,1
MIG-17610,order_payments,44472.32,43.43,10690446,1218,ANALYTICAL_BATCH,ALTER_COLUMN_TYPE,MEDIUM,23.56,47.47,0,1
MIG-17611,order_payments,75233.28,73.47,18083955,2938,WRITE_HEAVY,DROP_COLUMN,HIGH,0.64,2.69,1,0
MIG-17612,order_payments,87777.28,85.72,21100278,845,MIXED_OLTP,ADD_INDEX_LOCKING,MEDIUM,15.08,16.16,1,0
MIG-17613,order_items,131051.52,127.98,20567783,658,MIXED_OLTP,TABLE_REWRITE,MEDIUM,71.17,109.54,0,1
MIG-17614,order_items,429875.2,419.8,67468096,565,MIXED_OLTP,ADD_INDEX_LOCKING,MEDIUM,45.77,57.1,0,1
MIG-17615,order_shipments,80670.72,78.78,21006810,842,MIXED_OLTP,ADD_COLUMN_DEFAULT,MEDIUM,0.95,1.36,1,0
MIG-17616,orders,260618.24,254.51,31813986,480,WRITE_HEAVY,ADD_INDEX_CONCURRENTLY,LOW,1.14,1.29,1,0
MIG-17617,order_payments,50964.48,49.77,12250038,958,MIXED_OLTP,ADD_COLUMN_DEFAULT,MEDIUM,0.74,1.5,1,0
MIG-17618,order_payments,51630.08,50.42,12410426,267,READ_HEAVY,ADD_INDEX_CONCURRENTLY,LOW,0.36,0.37,1,0
MIG-17619,order_shipments,43714.56,42.69,11384345,1510,MIXED_OLTP,ADD_INDEX_CONCURRENTLY,HIGH,0.29,0.46,1,0
MIG-17620,order_items,574412.8,560.95,90151887,366,WRITE_HEAVY,ADD_COLUMN_DEFAULT,LOW,3.73,5.11,1,0
MIG-17621,order_payments,75366.4,73.6,18117486,175,WRITE_HEAVY,ADD_COLUMN_DEFAULT,LOW,0.95,0.64,1,0
MIG-17622,orders,115906.56,113.19,14148432,1189,WRITE_HEAVY,ADD_INDEX_CONCURRENTLY,MEDIUM,0.56,0.87,1,0
MIG-17623,orders,213094.4,208.1,26011881,1328,READ_HEAVY,ALTER_COLUMN_TYPE,MEDIUM,54.28,77.44,0,1
MIG-17624,order_items,134297.6,131.15,21077204,2661,READ_HEAVY,ADD_INDEX_CONCURRENTLY,HIGH,0.76,2.21,1,0
MIG-17625,orders,170536.96,166.54,20817991,2278,MIXED_OLTP,DROP_COLUMN,HIGH,1.19,3.43,1,0
MIG-17626,customer_sessions,43376.64,42.36,9682735,4625,WRITE_HEAVY,DROP_COLUMN,CRITICAL,0.5,4.35,1,0
MIG-17627,order_shipments,70256.64,68.61,18296937,893,WRITE_HEAVY,TABLE_REWRITE,MEDIUM,41.83,77.28,0,1
MIG-17628,orders,210862.08,205.92,25739691,383,WRITE_HEAVY,ADD_INDEX_CONCURRENTLY,LOW,0.83,0.85,1,0
MIG-17629,order_shipments,45383.68,44.32,11819749,4704,WRITE_HEAVY,ADD_INDEX_CONCURRENTLY,CRITICAL,0.27,2.2,1,0
MIG-17630,order_items,443136.0,432.75,69549792,1782,READ_HEAVY,DROP_COLUMN,HIGH,2.57,7.04,1,0
MIG-17631,order_payments,89446.4,87.35,21500666,229,MIXED_OLTP,DROP_COLUMN,LOW,0.74,0.86,1,0
MIG-17632,order_shipments,29542.4,28.85,7693704,410,ANALYTICAL_BATCH,ADD_INDEX_LOCKING,LOW,5.34,6.87,1,0
MIG-17633,order_items,569743.36,556.39,89419822,938,WRITE_HEAVY,ADD_INDEX_CONCURRENTLY,MEDIUM,1.44,1.99,1,0
MIG-17634,orders,216053.76,210.99,26373934,735,WRITE_HEAVY,ADD_COLUMN_DEFAULT,MEDIUM,2.11,4.06,1,0
MIG-17635,orders,253009.92,247.08,30884661,1493,MIXED_OLTP,ADD_INDEX_CONCURRENTLY,MEDIUM,0.95,1.9,1,0
MIG-17636,order_items,486481.92,475.08,76352771,1367,WRITE_HEAVY,ADD_INDEX_LOCKING,MEDIUM,48.57,51.77,0,1
MIG-17637,customer_sessions,30126.08,29.42,6725214,4935,MIXED_OLTP,ADD_COLUMN_DEFAULT,CRITICAL,0.52,4.71,1,0
MIG-17638,order_items,336885.76,328.99,52872624,921,READ_HEAVY,ADD_INDEX_CONCURRENTLY,MEDIUM,1.14,1.81,1,0
MIG-17639,order_items,314347.52,306.98,49336342,2330,MIXED_OLTP,DROP_COLUMN,HIGH,2.0,6.88,1,0
MIG-17640,orders,57077.76,55.74,6967192,478,WRITE_HEAVY,ADD_INDEX_CONCURRENTLY,LOW,0.38,0.41,1,0
MIG-17641,order_shipments,52480.0,51.25,13667840,2290,ANALYTICAL_BATCH,ADD_INDEX_CONCURRENTLY,HIGH,0.34,1.74,1,0
MIG-17642,order_items,293038.08,286.17,45991125,5062,ANALYTICAL_BATCH,ADD_INDEX_CONCURRENTLY,CRITICAL,0.94,12.53,1,0
MIG-17643,order_payments,27095.04,26.46,6513005,437,WRITE_HEAVY,ALTER_COLUMN_TYPE,LOW,13.8,24.08,1,0
MIG-17644,order_payments,128112.64,125.11,30797149,1304,READ_HEAVY,DROP_COLUMN,MEDIUM,0.9,1.78,1,0
MIG-17645,orders,80977.92,79.08,9884609,1100,READ_HEAVY,ADD_COLUMN_DEFAULT,MEDIUM,1.03,1.37,1,0
MIG-17646,orders,159959.04,156.21,19525708,845,WRITE_HEAVY,ADD_COLUMN_DEFAULT,MEDIUM,2.04,3.4,1,0
MIG-17647,order_items,519659.52,507.48,81558903,2008,ANALYTICAL_BATCH,TABLE_REWRITE,HIGH,161.8,2583.84,0,1
MIG-17648,order_items,426659.84,416.66,66962990,2716,WRITE_HEAVY,ADD_INDEX_CONCURRENTLY,HIGH,1.48,8.08,1,0
MIG-17649,order_payments,46909.44,45.81,11277315,2126,WRITE_HEAVY,ADD_INDEX_CONCURRENTLY,HIGH,0.31,1.26,1,0
MIG-17650,order_shipments,69713.92,68.08,18153360,747,WRITE_HEAVY,ALTER_COLUMN_TYPE,MEDIUM,26.88,28.74,0,1
MIG-17651,orders,216719.36,211.64,26455116,1775,READ_HEAVY,ADD_COLUMN_DEFAULT,HIGH,2.3,6.73,1,0
MIG-17652,order_items,555827.2,542.8,87235925,2423,MIXED_OLTP,TABLE_REWRITE,HIGH,199.97,1753.47,0,1
MIG-17653,orders,119633.92,116.83,14603651,483,READ_HEAVY,DROP_COLUMN,LOW,0.88,1.2,1,0
MIG-17654,orders,56657.92,55.33,6915877,3946,MIXED_OLTP,ADD_INDEX_LOCKING,CRITICAL,8.79,267.62,0,1
MIG-17655,order_payments,99461.12,97.13,23908908,360,WRITE_HEAVY,DROP_COLUMN,LOW,0.75,0.85,1,0
MIG-17656,order_payments,53667.84,52.41,12902133,223,MIXED_OLTP,ADD_INDEX_CONCURRENTLY,LOW,0.34,0.22,1,0
MIG-17657,order_payments,120176.64,117.36,28889778,2097,READ_HEAVY,ALTER_COLUMN_TYPE,HIGH,38.53,346.52,0,1
MIG-17658,orders,199526.4,194.85,24356806,263,READ_HEAVY,ADD_COLUMN_DEFAULT,LOW,1.83,1.54,1,0
MIG-17659,order_items,513730.56,501.69,80628135,243,READ_HEAVY,ADD_INDEX_CONCURRENTLY,LOW,1.72,1.76,1,0
MIG-17660,order_items,614031.36,599.64,96370027,438,ANALYTICAL_BATCH,ADD_INDEX_CONCURRENTLY,LOW,2.18,2.31,1,0
MIG-17661,customer_sessions,52049.92,50.83,11617482,5267,MIXED_OLTP,ADD_COLUMN_DEFAULT,CRITICAL,0.76,5.76,1,0
MIG-17662,order_payments,134963.2,131.8,32444230,207,MIXED_OLTP,ADD_INDEX_CONCURRENTLY,LOW,0.6,0.68,1,0
MIG-17663,customer_sessions,55746.56,54.44,12443264,860,READ_HEAVY,ADD_INDEX_CONCURRENTLY,MEDIUM,0.39,0.35,1,0
MIG-17664,orders,89354.24,87.26,10907097,519,WRITE_HEAVY,ADD_INDEX_CONCURRENTLY,MEDIUM,0.45,0.56,1,0
MIG-17665,order_items,527206.4,514.85,82743962,1256,READ_HEAVY,ALTER_COLUMN_TYPE,MEDIUM,113.18,206.23,0,1
MIG-17666,order_payments,109731.84,107.16,26378520,1207,MIXED_OLTP,DROP_COLUMN,MEDIUM,0.76,1.12,1,0
MIG-17667,order_items,619397.12,604.88,97213121,5088,MIXED_OLTP,ADD_COLUMN_DEFAULT,CRITICAL,4.24,39.07,0,1
MIG-17668,order_items,240322.56,234.69,37717991,2339,READ_HEAVY,ADD_INDEX_CONCURRENTLY,HIGH,0.97,1.69,1,0
MIG-17669,order_items,286617.6,279.9,44983166,5274,WRITE_HEAVY,ADD_INDEX_LOCKING,CRITICAL,29.43,727.59,0,1
MIG-17670,customer_sessions,67328.0,65.75,15029470,1711,WRITE_HEAVY,ADD_INDEX_LOCKING,HIGH,9.35,92.02,0,1
MIG-17671,orders,63057.92,61.58,7698019,873,WRITE_HEAVY,ADD_INDEX_CONCURRENTLY,MEDIUM,0.44,0.9,1,0
MIG-17672,customer_sessions,55183.36,53.89,12318076,279,MIXED_OLTP,TABLE_REWRITE,LOW,45.19,43.39,0,1
MIG-17673,order_items,391045.12,381.88,61373560,1265,ANALYTICAL_BATCH,ADD_INDEX_CONCURRENTLY,MEDIUM,1.1,2.9,1,0
MIG-17674,order_items,201820.16,197.09,31674571,719,READ_HEAVY,ADD_INDEX_CONCURRENTLY,MEDIUM,0.81,0.89,1,0
MIG-17675,order_items,199905.28,195.22,31374858,1990,MIXED_OLTP,ADD_COLUMN_DEFAULT,HIGH,1.93,6.34,1,0
MIG-17676,orders,228352.0,223.0,27875335,137,MIXED_OLTP,TABLE_REWRITE,LOW,92.43,144.75,0,1
MIG-17677,customer_sessions,15329.28,14.97,3422410,2916,WRITE_HEAVY,ALTER_COLUMN_TYPE,HIGH,7.98,98.08,0,1
MIG-17678,order_shipments,80373.76,78.49,20931775,953,WRITE_HEAVY,DROP_COLUMN,MEDIUM,0.71,1.11,1,0
MIG-17679,customer_sessions,61603.84,60.16,13750408,511,WRITE_HEAVY,ADD_COLUMN_DEFAULT,MEDIUM,0.9,1.19,1,0
MIG-17680,customer_sessions,56248.32,54.93,12555391,3588,ANALYTICAL_BATCH,ADD_COLUMN_DEFAULT,CRITICAL,0.94,7.7,1,0
MIG-17681,order_payments,75683.84,73.91,18194108,1070,WRITE_HEAVY,ADD_COLUMN_DEFAULT,MEDIUM,0.83,2.77,1,0
MIG-17682,order_items,129300.48,126.27,20293975,296,READ_HEAVY,ADD_COLUMN_DEFAULT,LOW,1.57,1.5,1,0
MIG-17683,order_shipments,84930.56,82.94,22118376,1009,READ_HEAVY,ALTER_COLUMN_TYPE,MEDIUM,27.12,55.82,0,1
MIG-17684,orders,76953.6,75.15,9394094,562,MIXED_OLTP,DROP_COLUMN,MEDIUM,0.81,0.85,1,0
MIG-17685,order_shipments,41717.76,40.74,10865009,1377,WRITE_HEAVY,ADD_COLUMN_DEFAULT,MEDIUM,0.56,2.04,1,0
MIG-17686,order_items,603320.32,589.18,94689417,5073,ANALYTICAL_BATCH,TABLE_REWRITE,CRITICAL,212.57,4985.48,0,1
MIG-17687,order_payments,62791.68,61.32,15093597,3540,WRITE_HEAVY,ADD_INDEX_CONCURRENTLY,CRITICAL,0.42,2.57,1,0
MIG-17688,order_items,246364.16,240.59,38666271,2049,ANALYTICAL_BATCH,ADD_INDEX_CONCURRENTLY,HIGH,1.11,3.59,1,0
MIG-17689,order_items,617041.92,602.58,96843014,1630,READ_HEAVY,ADD_COLUMN_DEFAULT,HIGH,5.02,11.67,1,0
MIG-17690,orders,68157.44,66.56,8320169,627,READ_HEAVY,TABLE_REWRITE,MEDIUM,40.17,75.19,0,1
MIG-17691,order_items,197621.76,192.99,31015921,5116,MIXED_OLTP,ADD_INDEX_CONCURRENTLY,CRITICAL,0.76,7.98,1,0
MIG-17692,order_items,340899.84,332.91,53503718,613,READ_HEAVY,ADD_INDEX_CONCURRENTLY,MEDIUM,1.18,1.7,1,0
MIG-17693,orders,223375.36,218.14,27267174,240,WRITE_HEAVY,ADD_COLUMN_DEFAULT,LOW,2.29,1.48,1,0
MIG-17694,orders,244756.48,239.02,29877691,5483,MIXED_OLTP,TABLE_REWRITE,CRITICAL,135.96,4583.65,0,1
MIG-17695,order_items,504668.16,492.84,79206493,824,READ_HEAVY,ADD_COLUMN_DEFAULT,MEDIUM,4.16,5.16,1,0
MIG-17696,order_items,618485.76,603.99,97070177,374,READ_HEAVY,DROP_COLUMN,LOW,3.07,3.74,1,0
MIG-17697,order_shipments,19824.64,19.36,5163876,1657,MIXED_OLTP,ALTER_COLUMN_TYPE,HIGH,12.38,102.26,0,1
MIG-17698,orders,186173.44,181.81,22726676,1373,MIXED_OLTP,DROP_COLUMN,MEDIUM,1.38,1.77,1,0
MIG-17699,order_items,174735.36,170.64,27424042,468,READ_HEAVY,ADD_INDEX_CONCURRENTLY,LOW,0.82,0.99,1,0
MIG-17700,orders,250511.36,244.64,30579793,1412,WRITE_HEAVY,ADD_INDEX_CONCURRENTLY,MEDIUM,1.15,1.48,1,0
MIG-17701,order_items,597391.36,583.39,93759883,1132,WRITE_HEAVY,ADD_INDEX_CONCURRENTLY,MEDIUM,1.46,3.33,1,0
MIG-17702,order_items,271083.52,264.73,42545285,1472,READ_HEAVY,ADD_INDEX_LOCKING,MEDIUM,30.19,57.5,0,1
MIG-17703,order_items,541870.08,529.17,85044391,376,WRITE_HEAVY,ADD_INDEX_LOCKING,LOW,42.84,66.08,0,1
MIG-17704,order_items,439971.84,429.66,69052321,876,WRITE_HEAVY,ADD_INDEX_CONCURRENTLY,MEDIUM,1.26,2.19,1,0
MIG-17705,order_items,166553.6,162.65,26139591,1397,MIXED_OLTP,ADD_COLUMN_DEFAULT,MEDIUM,1.73,3.91,1,0
MIG-17706,orders,182476.8,178.2,22274740,773,WRITE_HEAVY,ADD_INDEX_CONCURRENTLY,MEDIUM,0.85,1.16,1,0
MIG-17707,order_items,618424.32,603.93,97060620,1343,WRITE_HEAVY,ADD_COLUMN_DEFAULT,MEDIUM,4.02,7.17,1,0
MIG-17708,order_items,273694.72,267.28,42955617,472,MIXED_OLTP,ADD_COLUMN_DEFAULT,LOW,2.35,2.6,1,0
MIG-17709,order_payments,26757.12,26.13,6432854,951,MIXED_OLTP,TABLE_REWRITE,MEDIUM,25.59,35.11,0,1
MIG-17710,order_items,618803.2,604.3,97120125,732,MIXED_OLTP,ADD_COLUMN_DEFAULT,MEDIUM,3.68,3.79,1,0
MIG-17711,order_payments,76226.56,74.44,18322722,659,READ_HEAVY,ADD_INDEX_CONCURRENTLY,MEDIUM,0.42,0.65,1,0
MIG-17712,order_items,337090.56,329.19,52905554,2306,READ_HEAVY,ADD_COLUMN_DEFAULT,HIGH,2.89,9.07,1,0
MIG-17713,orders,206766.08,201.92,25240527,1172,ANALYTICAL_BATCH,ALTER_COLUMN_TYPE,MEDIUM,56.47,101.86,0,1
MIG-17714,orders,182835.2,178.55,22318405,336,WRITE_HEAVY,ADD_COLUMN_DEFAULT,LOW,1.88,2.36,1,0
MIG-17715,orders,115947.52,113.23,14153638,360,WRITE_HEAVY,ADD_INDEX_LOCKING,LOW,16.28,13.79,1,0
MIG-17716,order_items,166287.36,162.39,26098208,1538,WRITE_HEAVY,ADD_COLUMN_DEFAULT,HIGH,1.72,5.36,1,0
MIG-17717,order_shipments,87060.48,85.02,22671030,547,MIXED_OLTP,DROP_COLUMN,MEDIUM,0.69,1.12,1,0
MIG-17718,order_payments,84541.44,82.56,20321262,1894,WRITE_HEAVY,ADD_COLUMN_DEFAULT,HIGH,1.19,2.49,1,0
MIG-17719,order_items,461752.32,450.93,72470417,2849,READ_HEAVY,ALTER_COLUMN_TYPE,HIGH,106.93,1441.84,0,1
MIG-17720,orders,239482.88,233.87,29233626,301,READ_HEAVY,DROP_COLUMN,LOW,1.53,2.13,1,0
MIG-17721,order_shipments,19906.56,19.44,5182803,835,ANALYTICAL_BATCH,ADD_COLUMN_DEFAULT,MEDIUM,0.33,0.59,1,0
MIG-17722,orders,239237.12,233.63,29203402,4663,WRITE_HEAVY,ADD_INDEX_LOCKING,CRITICAL,27.67,607.9,0,1
MIG-17723,order_items,502681.6,490.9,78895416,928,READ_HEAVY,ADD_INDEX_CONCURRENTLY,MEDIUM,1.67,2.82,1,0
MIG-17724,order_shipments,96962.56,94.69,25251349,643,ANALYTICAL_BATCH,ADD_INDEX_CONCURRENTLY,MEDIUM,0.56,0.99,1,0
MIG-17725,order_items,235243.52,229.73,36920855,1013,WRITE_HEAVY,ADD_INDEX_CONCURRENTLY,MEDIUM,0.97,1.99,1,0
MIG-17726,orders,120463.36,117.64,14705403,1197,READ_HEAVY,DROP_COLUMN,MEDIUM,0.95,1.57,1,0
MIG-17727,orders,195461.12,190.88,23859926,2868,WRITE_HEAVY,ALTER_COLUMN_TYPE,HIGH,49.05,962.88,0,1
MIG-17728,order_items,592486.4,578.6,92989232,247,WRITE_HEAVY,DROP_COLUMN,LOW,3.27,3.62,1,0
MIG-17729,orders,268718.08,262.42,32802072,670,WRITE_HEAVY,ADD_COLUMN_DEFAULT,MEDIUM,2.94,2.58,1,0
MIG-17730,order_payments,76554.24,74.76,18402044,1365,WRITE_HEAVY,ADD_INDEX_CONCURRENTLY,MEDIUM,0.47,1.11,1,0
MIG-17731,order_items,392980.48,383.77,61677603,3921,WRITE_HEAVY,TABLE_REWRITE,CRITICAL,169.8,4683.04,0,1
MIG-17732,order_items,202711.04,197.96,31814631,163,MIXED_OLTP,ADD_INDEX_CONCURRENTLY,LOW,0.77,0.86,1,0
MIG-17733,orders,202649.6,197.9,24737334,2252,READ_HEAVY,ADD_INDEX_CONCURRENTLY,HIGH,0.87,2.05,1,0
MIG-17734,order_shipments,87889.92,85.83,22887201,123,READ_HEAVY,ALTER_COLUMN_TYPE,LOW,32.33,40.2,0,1
MIG-17735,order_items,526868.48,514.52,82690594,2987,MIXED_OLTP,ALTER_COLUMN_TYPE,HIGH,133.24,1247.66,0,1
MIG-17736,order_payments,68055.04,66.46,16360279,1279,ANALYTICAL_BATCH,ADD_INDEX_CONCURRENTLY,MEDIUM,0.33,0.47,1,0
MIG-17737,order_items,611829.76,597.49,96024385,939,WRITE_HEAVY,ADD_COLUMN_DEFAULT,MEDIUM,4.37,7.45,1,0
MIG-17738,orders,75765.76,73.99,9249357,4363,WRITE_HEAVY,ADD_INDEX_LOCKING,CRITICAL,9.96,318.3,0,1
MIG-17739,order_items,369623.04,360.96,58011571,2097,WRITE_HEAVY,ADD_INDEX_CONCURRENTLY,HIGH,1.52,6.18,1,0
MIG-17740,order_items,400916.48,391.52,62922367,287,MIXED_OLTP,TABLE_REWRITE,LOW,161.47,187.27,0,1
MIG-17741,order_items,391577.6,382.4,61457622,5337,MIXED_OLTP,ADD_COLUMN_DEFAULT,CRITICAL,3.59,30.19,0,1
MIG-17742,order_shipments,81295.36,79.39,21170440,1226,READ_HEAVY,ADD_COLUMN_DEFAULT,MEDIUM,0.98,1.04,1,0
MIG-17743,order_shipments,68997.12,67.38,17967516,2492,WRITE_HEAVY,ADD_INDEX_CONCURRENTLY,HIGH,0.47,1.04,1,0
MIG-17744,order_payments,35860.48,35.02,8621327,2965,READ_HEAVY,ADD_INDEX_CONCURRENTLY,HIGH,0.26,0.87,1,0
MIG-17745,order_items,207513.6,202.65,32567983,1745,MIXED_OLTP,ADD_INDEX_CONCURRENTLY,HIGH,0.82,2.23,1,0
MIG-17746,order_items,389376.0,380.25,61111360,1408,WRITE_HEAVY,ADD_COLUMN_DEFAULT,MEDIUM,2.77,7.25,1,0
MIG-17747,order_items,473139.2,462.05,74258355,1763,WRITE_HEAVY,TABLE_REWRITE,HIGH,198.65,1721.24,0,1
MIG-17748,orders,162877.44,159.06,19882712,1889,WRITE_HEAVY,ADD_COLUMN_DEFAULT,HIGH,1.82,6.62,1,0
MIG-17749,order_shipments,47923.2,46.8,12478968,1144,MIXED_OLTP,ADD_COLUMN_DEFAULT,MEDIUM,0.79,0.99,1,0
MIG-17750,order_shipments,22671.36,22.14,5904506,3341,ANALYTICAL_BATCH,ADD_COLUMN_DEFAULT,CRITICAL,0.43,3.39,1,0
MIG-17751,orders,222976.0,217.75,27218784,967,WRITE_HEAVY,ADD_INDEX_CONCURRENTLY,MEDIUM,0.85,1.51,1,0
MIG-17752,order_shipments,59668.48,58.27,15539395,836,ANALYTICAL_BATCH,DROP_COLUMN,MEDIUM,0.65,0.92,1,0
MIG-17753,order_shipments,63119.36,61.64,16437845,1513,READ_HEAVY,ADD_COLUMN_DEFAULT,HIGH,0.89,2.34,1,0
MIG-17754,order_items,356710.4,348.35,55985609,173,MIXED_OLTP,ADD_COLUMN_DEFAULT,LOW,3.53,3.85,1,0
MIG-17755,order_shipments,40437.76,39.49,10531460,2172,MIXED_OLTP,DROP_COLUMN,HIGH,0.36,2.01,1,0
MIG-17756,orders,110284.8,107.7,13462083,584,READ_HEAVY,ADD_COLUMN_DEFAULT,MEDIUM,1.38,2.69,1,0
MIG-17757,orders,63201.28,61.72,7714521,1439,WRITE_HEAVY,ADD_INDEX_LOCKING,MEDIUM,8.8,26.33,0,1
MIG-17758,order_items,479877.12,468.63,75315520,2143,WRITE_HEAVY,DROP_COLUMN,HIGH,2.58,6.9,1,0
MIG-17759,order_items,254996.48,249.02,40021702,4868,MIXED_OLTP,ADD_INDEX_CONCURRENTLY,CRITICAL,0.91,8.45,1,0
MIG-17760,order_items,268769.28,262.47,42183469,1806,READ_HEAVY,ADD_INDEX_CONCURRENTLY,HIGH,1.15,2.48,1,0
MIG-17761,customer_sessions,78428.16,76.59,17506401,323,WRITE_HEAVY,ADD_INDEX_CONCURRENTLY,LOW,0.48,0.43,1,0
MIG-17762,orders,134492.16,131.34,16416939,613,READ_HEAVY,ALTER_COLUMN_TYPE,MEDIUM,43.4,48.5,0,1
MIG-17763,orders,162109.44,158.31,19788824,1792,WRITE_HEAVY,ALTER_COLUMN_TYPE,HIGH,43.49,417.11,0,1
MIG-17764,order_items,314142.72,306.78,49304321,4710,WRITE_HEAVY,TABLE_REWRITE,CRITICAL,119.31,3342.19,0,1
MIG-17765,orders,113336.32,110.68,13835160,2003,MIXED_OLTP,ADD_INDEX_LOCKING,HIGH,12.82,80.64,0,1
MIG-17766,order_payments,27320.32,26.68,6568501,1482,READ_HEAVY,ALTER_COLUMN_TYPE,MEDIUM,16.09,25.69,0,1
MIG-17767,order_items,555888.64,542.86,87245794,1496,WRITE_HEAVY,ADD_COLUMN_DEFAULT,MEDIUM,4.23,6.75,1,0
MIG-17768,customer_sessions,44861.44,43.81,10013412,631,READ_HEAVY,DROP_COLUMN,MEDIUM,0.54,0.53,1,0
MIG-17769,order_payments,112875.52,110.23,27132840,1159,ANALYTICAL_BATCH,ADD_COLUMN_DEFAULT,MEDIUM,1.35,2.71,1,0
MIG-17770,orders,261191.68,255.07,31883730,413,WRITE_HEAVY,ALTER_COLUMN_TYPE,LOW,66.67,93.47,0,1
MIG-17771,orders,49776.64,48.61,6076446,210,WRITE_HEAVY,TABLE_REWRITE,LOW,45.13,42.01,0,1
MIG-17772,orders,198461.44,193.81,24226069,2762,READ_HEAVY,ADD_INDEX_LOCKING,HIGH,21.78,168.68,0,1
MIG-17773,customer_sessions,21985.28,21.47,4908426,1237,WRITE_HEAVY,ADD_INDEX_LOCKING,MEDIUM,4.82,10.74,1,0
MIG-17774,order_payments,81489.92,79.58,19589393,824,WRITE_HEAVY,ALTER_COLUMN_TYPE,MEDIUM,35.32,51.75,0,1
MIG-17775,order_items,551710.72,538.78,86589348,3228,WRITE_HEAVY,ADD_INDEX_CONCURRENTLY,CRITICAL,1.77,14.91,1,0
MIG-17776,orders,64962.56,63.44,7930387,943,WRITE_HEAVY,ADD_COLUMN_DEFAULT,MEDIUM,0.9,1.32,1,0
MIG-17777,order_shipments,100515.84,98.16,26175651,2055,READ_HEAVY,ADD_INDEX_LOCKING,HIGH,12.28,126.65,0,1
MIG-17778,orders,177623.04,173.46,21682567,2291,WRITE_HEAVY,DROP_COLUMN,HIGH,1.27,4.74,1,0
MIG-17779,order_payments,73943.04,72.21,17775811,1843,READ_HEAVY,ADD_COLUMN_DEFAULT,HIGH,1.15,3.69,1,0
MIG-17780,order_payments,28958.72,28.28,6961895,1967,MIXED_OLTP,ADD_COLUMN_DEFAULT,HIGH,0.59,1.47,1,0
MIG-17781,orders,178944.0,174.75,21844223,2844,WRITE_HEAVY,ADD_INDEX_CONCURRENTLY,HIGH,0.72,3.38,1,0
MIG-17782,order_items,370094.08,361.42,58086127,1342,WRITE_HEAVY,TABLE_REWRITE,MEDIUM,178.53,263.58,0,1
MIG-17783,orders,96778.24,94.51,11813559,2602,ANALYTICAL_BATCH,ADD_INDEX_LOCKING,HIGH,15.05,94.42,0,1
MIG-17784,order_items,367810.56,359.19,57726250,3881,READ_HEAVY,DROP_COLUMN,CRITICAL,1.97,13.89,1,0
MIG-17785,customer_sessions,15165.44,14.81,3384165,997,MIXED_OLTP,ADD_INDEX_CONCURRENTLY,MEDIUM,0.13,0.23,1,0
MIG-17786,order_payments,146370.56,142.94,35184955,1939,READ_HEAVY,ADD_INDEX_CONCURRENTLY,HIGH,0.59,1.91,1,0
MIG-17787,order_shipments,45977.6,44.9,11973671,263,ANALYTICAL_BATCH,ADD_COLUMN_DEFAULT,LOW,0.79,0.78,1,0
MIG-17788,order_items,362526.72,354.03,56897993,1017,WRITE_HEAVY,ADD_INDEX_CONCURRENTLY,MEDIUM,1.5,1.91,1,0
MIG-17789,orders,222730.24,217.51,27189010,443,WRITE_HEAVY,ADD_INDEX_CONCURRENTLY,LOW,1.0,1.16,1,0
MIG-17790,order_payments,112025.6,109.4,26928016,2693,MIXED_OLTP,ADD_INDEX_CONCURRENTLY,HIGH,0.61,1.79,1,0
MIG-17791,order_items,573265.92,559.83,89973282,695,WRITE_HEAVY,ADD_INDEX_CONCURRENTLY,MEDIUM,1.72,2.73,1,0
MIG-17792,orders,257361.92,251.33,31415794,1445,READ_HEAVY,ADD_INDEX_CONCURRENTLY,MEDIUM,0.94,2.02,1,0
MIG-17793,order_items,212326.4,207.35,33323404,574,WRITE_HEAVY,ADD_INDEX_LOCKING,MEDIUM,25.67,42.1,0,1
MIG-17794,order_items,316170.24,308.76,49622387,1571,WRITE_HEAVY,DROP_COLUMN,HIGH,1.56,6.17,1,0
MIG-17795,order_payments,108912.64,106.36,26180329,5129,MIXED_OLTP,ADD_COLUMN_DEFAULT,CRITICAL,1.4,13.71,1,0
MIG-17796,orders,59115.52,57.73,7215655,213,READ_HEAVY,TABLE_REWRITE,LOW,38.32,46.22,0,1
MIG-17797,order_shipments,77895.68,76.07,20286009,442,READ_HEAVY,ADD_COLUMN_DEFAULT,LOW,0.85,1.08,1,0
MIG-17798,order_items,117207.04,114.46,18395558,1603,WRITE_HEAVY,ALTER_COLUMN_TYPE,HIGH,38.01,253.32,0,1
MIG-17799,orders,251330.56,245.44,30680388,743,WRITE_HEAVY,ADD_INDEX_CONCURRENTLY,MEDIUM,0.94,1.33,1,0
MIG-17800,orders,207994.88,203.12,25390575,1325,MIXED_OLTP,ADD_INDEX_CONCURRENTLY,MEDIUM,1.0,1.85,1,0
MIG-17801,order_shipments,65341.44,63.81,17014782,1792,WRITE_HEAVY,ADD_COLUMN_DEFAULT,HIGH,1.05,2.81,1,0
MIG-17802,order_items,336046.08,328.17,52740978,4298,READ_HEAVY,TABLE_REWRITE,CRITICAL,136.19,1650.36,0,1
MIG-17803,order_items,624599.04,609.96,98030006,1221,READ_HEAVY,ALTER_COLUMN_TYPE,MEDIUM,145.2,187.36,0,1
MIG-17804,orders,212060.16,207.09,25885816,848,WRITE_HEAVY,ADD_COLUMN_DEFAULT,MEDIUM,1.85,2.89,1,0
MIG-17805,order_payments,123340.8,120.45,29650037,157,WRITE_HEAVY,ALTER_COLUMN_TYPE,LOW,43.46,32.75,0,1
MIG-17806,order_payments,125511.68,122.57,30171087,5083,MIXED_OLTP,ADD_INDEX_CONCURRENTLY,CRITICAL,0.64,7.22,1,0
MIG-17807,order_items,125972.48,123.02,19771869,2432,READ_HEAVY,DROP_COLUMN,HIGH,0.99,3.13,1,0
MIG-17808,customer_sessions,17868.8,17.45,3987455,1412,WRITE_HEAVY,ADD_INDEX_CONCURRENTLY,MEDIUM,0.17,0.36,1,0
MIG-17809,orders,93030.4,90.85,11355854,4753,ANALYTICAL_BATCH,DROP_COLUMN,CRITICAL,0.85,8.68,1,0
MIG-17810,orders,194078.72,189.53,23690875,1244,WRITE_HEAVY,ADD_INDEX_CONCURRENTLY,MEDIUM,0.67,1.61,1,0
MIG-17811,order_items,436705.28,426.47,68539884,2432,MIXED_OLTP,DROP_COLUMN,HIGH,2.75,5.7,1,0
MIG-17812,order_payments,65576.96,64.04,15764710,2505,WRITE_HEAVY,ADD_COLUMN_DEFAULT,HIGH,1.01,3.84,1,0
MIG-17813,orders,264366.08,258.17,32270966,2140,READ_HEAVY,DROP_COLUMN,HIGH,1.55,5.31,1,0
MIG-17814,order_items,162744.32,158.93,25541638,2890,READ_HEAVY,ADD_INDEX_CONCURRENTLY,HIGH,0.72,1.5,1,0
MIG-17815,order_items,515553.28,503.47,80914329,426,WRITE_HEAVY,ADD_COLUMN_DEFAULT,LOW,4.01,4.29,1,0
MIG-17816,order_items,362864.64,354.36,56951046,196,MIXED_OLTP,ADD_COLUMN_DEFAULT,LOW,3.28,2.71,1,0
MIG-17817,order_payments,76800.0,75.0,18462424,471,WRITE_HEAVY,ADD_INDEX_CONCURRENTLY,LOW,0.5,0.58,1,0
MIG-17818,customer_sessions,15984.64,15.61,3568135,3584,READ_HEAVY,ADD_COLUMN_DEFAULT,CRITICAL,0.31,2.22,1,0
MIG-17819,order_items,490301.44,478.81,76951770,1205,MIXED_OLTP,ADD_INDEX_CONCURRENTLY,MEDIUM,1.49,3.14,1,0
MIG-17820,order_items,512890.88,500.87,80497616,1420,READ_HEAVY,ADD_COLUMN_DEFAULT,MEDIUM,3.8,4.01,1,0
MIG-17821,order_items,279296.0,272.75,43835557,267,READ_HEAVY,ADD_COLUMN_DEFAULT,LOW,2.38,2.77,1,0
MIG-17822,order_items,381491.2,372.55,59873992,684,WRITE_HEAVY,ADD_COLUMN_DEFAULT,MEDIUM,3.48,3.01,1,0
MIG-17823,orders,183285.76,178.99,22373937,1495,WRITE_HEAVY,ADD_COLUMN_DEFAULT,MEDIUM,1.62,4.18,1,0
MIG-17824,customer_sessions,38051.84,37.16,8494091,1293,ANALYTICAL_BATCH,ADD_INDEX_CONCURRENTLY,MEDIUM,0.24,0.39,1,0
MIG-17825,orders,185313.28,180.97,22620714,949,READ_HEAVY,ADD_INDEX_CONCURRENTLY,MEDIUM,0.66,1.29,1,0
MIG-17826,order_payments,78632.96,76.79,18902859,496,READ_HEAVY,DROP_COLUMN,LOW,0.77,0.6,1,0
MIG-17827,orders,243363.84,237.66,29707886,146,READ_HEAVY,ALTER_COLUMN_TYPE,LOW,70.76,55.08,0,1
MIG-17828,order_shipments,78028.8,76.2,20319885,4318,READ_HEAVY,ADD_INDEX_CONCURRENTLY,CRITICAL,0.51,3.65,1,0
MIG-17829,orders,73594.88,71.87,8983499,1773,WRITE_HEAVY,ADD_INDEX_CONCURRENTLY,HIGH,0.46,1.23,1,0
MIG-17830,customer_sessions,65925.12,64.38,14714285,1777,WRITE_HEAVY,ADD_INDEX_LOCKING,HIGH,12.14,67.01,0,1
MIG-17831,order_payments,67061.76,65.49,16120162,3869,READ_HEAVY,ADD_COLUMN_DEFAULT,CRITICAL,1.06,7.09,1,0
MIG-17832,orders,256081.92,250.08,31260347,1074,WRITE_HEAVY,ADD_INDEX_CONCURRENTLY,MEDIUM,1.12,1.48,1,0
MIG-17833,order_payments,98908.16,96.59,23777092,1756,WRITE_HEAVY,ADD_INDEX_CONCURRENTLY,HIGH,0.44,0.96,1,0
MIG-17834,order_items,128921.6,125.9,20233814,1020,READ_HEAVY,TABLE_REWRITE,MEDIUM,75.57,128.66,0,1
MIG-17835,order_items,493690.88,482.12,77483379,411,READ_HEAVY,ADD_COLUMN_DEFAULT,LOW,4.24,4.24,1,0
MIG-17836,orders,78069.76,76.24,9529827,646,READ_HEAVY,ADD_INDEX_CONCURRENTLY,MEDIUM,0.37,0.89,1,0
MIG-17837,order_payments,131727.36,128.64,31665303,3035,MIXED_OLTP,ADD_COLUMN_DEFAULT,CRITICAL,1.71,9.38,1,0
MIG-17838,order_payments,140236.8,136.95,33711912,1246,READ_HEAVY,ADD_INDEX_CONCURRENTLY,MEDIUM,0.73,1.12,1,0
MIG-17839,order_items,473507.84,462.41,74315724,905,WRITE_HEAVY,ADD_INDEX_CONCURRENTLY,MEDIUM,1.6,1.66,1,0
MIG-17840,order_shipments,62627.84,61.16,16310051,1785,MIXED_OLTP,TABLE_REWRITE,HIGH,42.21,300.57,0,1
MIG-17841,orders,182323.2,178.05,22255701,451,READ_HEAVY,ADD_COLUMN_DEFAULT,LOW,1.86,2.33,1,0
MIG-17842,orders,144005.12,140.63,17579089,2140,READ_HEAVY,DROP_COLUMN,HIGH,1.0,2.83,1,0
MIG-17843,order_items,157829.12,154.13,24770205,1676,MIXED_OLTP,ALTER_COLUMN_TYPE,HIGH,41.12,528.45,0,1
MIG-17844,orders,254597.12,248.63,31078774,808,WRITE_HEAVY,ADD_INDEX_CONCURRENTLY,MEDIUM,1.16,1.51,1,0
MIG-17845,orders,121958.4,119.1,14888036,330,READ_HEAVY,ADD_INDEX_CONCURRENTLY,LOW,0.6,0.83,1,0
MIG-17846,order_items,276152.32,269.68,43340669,791,WRITE_HEAVY,ADD_INDEX_CONCURRENTLY,MEDIUM,1.11,1.48,1,0
MIG-17847,orders,91473.92,89.33,11165768,2900,WRITE_HEAVY,ADD_INDEX_LOCKING,HIGH,13.81,199.29,0,1
MIG-17848,orders,268656.64,262.36,32795022,4568,READ_HEAVY,ADD_COLUMN_DEFAULT,CRITICAL,2.15,12.52,1,0
MIG-17849,order_payments,139550.72,136.28,33545855,1607,WRITE_HEAVY,ADD_COLUMN_DEFAULT,HIGH,1.44,4.36,1,0
MIG-17850,order_items,295024.64,288.11,46304021,238,WRITE_HEAVY,ADD_INDEX_CONCURRENTLY,LOW,1.26,1.43,1,0
MIG-17851,order_shipments,39997.44,39.06,10416116,849,READ_HEAVY,ADD_INDEX_CONCURRENTLY,MEDIUM,0.26,0.34,1,0
MIG-17852,order_items,530339.84,517.91,83234931,1718,WRITE_HEAVY,ADD_COLUMN_DEFAULT,HIGH,3.85,9.1,1,0
MIG-17853,order_items,332800.0,325.0,52231414,1556,READ_HEAVY,ADD_INDEX_CONCURRENTLY,HIGH,1.3,2.3,1,0
MIG-17854,orders,263208.96,257.04,32130277,144,WRITE_HEAVY,ADD_INDEX_LOCKING,LOW,28.22,29.96,0,1
MIG-17855,order_payments,134594.56,131.44,32355041,372,READ_HEAVY,TABLE_REWRITE,LOW,69.26,85.65,0,1
MIG-17856,orders,217128.96,212.04,26505186,199,READ_HEAVY,TABLE_REWRITE,LOW,104.6,91.23,0,1
MIG-17857,orders,69038.08,67.42,8427955,917,READ_HEAVY,ADD_COLUMN_DEFAULT,MEDIUM,1.02,1.37,1,0
MIG-17858,order_shipments,76666.88,74.87,19965959,1714,MIXED_OLTP,ADD_INDEX_CONCURRENTLY,HIGH,0.42,1.1,1,0
MIG-17859,order_payments,144906.24,141.51,34832926,5368,ANALYTICAL_BATCH,ADD_COLUMN_DEFAULT,CRITICAL,1.85,21.44,1,0
MIG-17860,order_items,307343.36,300.14,48236695,494,WRITE_HEAVY,ADD_INDEX_CONCURRENTLY,LOW,1.28,1.78,1,0
MIG-17861,orders,244142.08,238.42,29802363,1191,READ_HEAVY,TABLE_REWRITE,MEDIUM,115.93,164.37,0,1
MIG-17862,orders,139427.84,136.16,17019829,831,MIXED_OLTP,DROP_COLUMN,MEDIUM,1.21,1.33,1,0
MIG-17863,order_items,615987.2,601.55,96677244,1101,READ_HEAVY,ADD_INDEX_CONCURRENTLY,MEDIUM,1.5,2.9,1,0
MIG-17864,order_payments,104929.28,102.47,25223431,254,ANALYTICAL_BATCH,ADD_INDEX_LOCKING,LOW,13.31,17.48,1,0
MIG-17865,order_items,164495.36,160.64,25816539,1410,MIXED_OLTP,ADD_INDEX_CONCURRENTLY,MEDIUM,0.72,1.52,1,0
MIG-17866,orders,155105.28,151.47,18934234,1105,MIXED_OLTP,ADD_INDEX_LOCKING,MEDIUM,20.93,22.15,1,0
MIG-17867,orders,60149.76,58.74,7342676,1694,WRITE_HEAVY,ADD_COLUMN_DEFAULT,HIGH,0.73,3.55,1,0
MIG-17868,order_items,318586.88,311.12,50001133,1645,WRITE_HEAVY,ALTER_COLUMN_TYPE,HIGH,82.1,394.93,0,1
MIG-17869,order_payments,136294.4,133.1,32762978,2675,READ_HEAVY,TABLE_REWRITE,HIGH,79.45,584.07,0,1
MIG-17870,orders,100515.84,98.16,12269459,1227,READ_HEAVY,ADD_COLUMN_DEFAULT,MEDIUM,1.09,1.81,1,0
MIG-17871,orders,259399.68,253.32,31665330,1229,MIXED_OLTP,DROP_COLUMN,MEDIUM,1.41,1.97,1,0
MIG-17872,orders,71249.92,69.58,8697922,833,ANALYTICAL_BATCH,ADD_INDEX_CONCURRENTLY,MEDIUM,0.38,0.82,1,0
MIG-17873,orders,196198.4,191.6,23949911,369,WRITE_HEAVY,ADD_INDEX_LOCKING,LOW,24.83,25.82,0,1
MIG-17874,order_items,613079.04,598.71,96220530,208,READ_HEAVY,ADD_COLUMN_DEFAULT,LOW,3.77,3.94,1,0
MIG-17875,orders,193843.2,189.3,23662146,1138,MIXED_OLTP,TABLE_REWRITE,MEDIUM,93.55,195.42,0,1
MIG-17876,order_items,578662.4,565.1,90819320,3821,MIXED_OLTP,ALTER_COLUMN_TYPE,CRITICAL,100.35,2748.47,0,1
MIG-17877,order_payments,145356.8,141.95,34941677,3310,MIXED_OLTP,ADD_INDEX_CONCURRENTLY,CRITICAL,0.72,3.87,1,0
MIG-17878,customer_sessions,55746.56,54.44,12442545,2748,READ_HEAVY,ADD_INDEX_CONCURRENTLY,HIGH,0.34,1.03,1,0
MIG-17879,customer_sessions,64798.72,63.28,14464599,2721,ANALYTICAL_BATCH,DROP_COLUMN,HIGH,0.72,2.35,1,0
MIG-17880,orders,56227.84,54.91,6863600,2675,READ_HEAVY,ADD_COLUMN_DEFAULT,HIGH,0.91,3.19,1,0
MIG-17881,orders,143667.2,140.3,17537380,2452,WRITE_HEAVY,ADD_INDEX_CONCURRENTLY,HIGH,0.7,3.07,1,0
MIG-17882,order_items,263464.96,257.29,41349493,2458,WRITE_HEAVY,ADD_COLUMN_DEFAULT,HIGH,2.69,8.5,1,0
MIG-17883,order_payments,125368.32,122.43,30136537,1271,READ_HEAVY,ADD_COLUMN_DEFAULT,MEDIUM,1.36,2.7,1,0
MIG-17884,orders,199024.64,194.36,24294606,4408,MIXED_OLTP,ADD_COLUMN_DEFAULT,CRITICAL,2.29,17.48,1,0
MIG-17885,order_items,431779.84,421.66,67767552,2814,READ_HEAVY,ADD_INDEX_CONCURRENTLY,HIGH,1.17,3.77,1,0
MIG-17886,orders,255201.28,249.22,31152084,1266,READ_HEAVY,ADD_INDEX_CONCURRENTLY,MEDIUM,1.07,1.63,1,0
MIG-17887,orders,68812.8,67.2,8399430,1042,READ_HEAVY,ADD_INDEX_CONCURRENTLY,MEDIUM,0.4,0.83,1,0
MIG-17888,order_payments,140902.4,137.6,33870628,2380,MIXED_OLTP,ADD_INDEX_LOCKING,HIGH,16.85,157.43,0,1
MIG-17889,order_payments,38696.96,37.79,9302023,5392,WRITE_HEAVY,ADD_COLUMN_DEFAULT,CRITICAL,0.65,6.21,1,0
MIG-17890,order_items,293785.6,286.9,46108421,1004,READ_HEAVY,ADD_COLUMN_DEFAULT,MEDIUM,2.32,4.41,1,0
MIG-17891,order_shipments,70707.2,69.05,18413911,609,WRITE_HEAVY,TABLE_REWRITE,MEDIUM,45.57,62.21,0,1
MIG-17892,orders,124682.24,121.76,15219857,1343,READ_HEAVY,ALTER_COLUMN_TYPE,MEDIUM,38.53,61.36,0,1
MIG-17893,orders,200120.32,195.43,24428479,504,READ_HEAVY,ADD_INDEX_CONCURRENTLY,MEDIUM,0.76,0.76,1,0
MIG-17894,order_items,514877.44,502.81,80808908,747,READ_HEAVY,ADD_INDEX_LOCKING,MEDIUM,40.52,50.75,0,1
MIG-17895,order_payments,125890.56,122.94,30260967,231,READ_HEAVY,ADD_INDEX_CONCURRENTLY,LOW,0.55,0.49,1,0
MIG-17896,order_items,207247.36,202.39,32526839,525,ANALYTICAL_BATCH,ADD_INDEX_LOCKING,MEDIUM,24.78,24.2,1,0
MIG-17897,orders,89425.92,87.33,10916070,716,ANALYTICAL_BATCH,ADD_INDEX_CONCURRENTLY,MEDIUM,0.53,0.62,1,0
MIG-17898,customer_sessions,17715.2,17.3,3953322,1764,WRITE_HEAVY,ADD_INDEX_CONCURRENTLY,HIGH,0.14,0.49,1,0
MIG-17899,order_items,368015.36,359.39,57758998,1053,WRITE_HEAVY,TABLE_REWRITE,MEDIUM,150.33,263.74,0,1
MIG-17900,order_items,185671.68,181.32,29140223,1380,WRITE_HEAVY,DROP_COLUMN,MEDIUM,1.45,2.33,1,0
MIG-17901,order_items,279111.68,272.57,43806356,780,WRITE_HEAVY,ADD_COLUMN_DEFAULT,MEDIUM,2.43,4.2,1,0
MIG-17902,customer_sessions,68556.8,66.95,15302254,2086,WRITE_HEAVY,ALTER_COLUMN_TYPE,HIGH,27.01,299.77,0,1
MIG-17903,order_payments,140277.76,136.99,33721377,1188,MIXED_OLTP,ADD_INDEX_CONCURRENTLY,MEDIUM,0.63,0.91,1,0
MIG-17904,customer_sessions,67368.96,65.79,15037893,1174,ANALYTICAL_BATCH,ADD_INDEX_CONCURRENTLY,MEDIUM,0.37,0.98,1,0
MIG-17905,orders,49295.36,48.14,6017506,478,WRITE_HEAVY,ADD_COLUMN_DEFAULT,LOW,0.79,0.99,1,0
MIG-17906,order_items,407838.72,398.28,64009963,309,MIXED_OLTP,ADD_INDEX_LOCKING,LOW,38.98,40.0,0,1
MIG-17907,order_shipments,32256.0,31.5,8399858,4923,MIXED_OLTP,DROP_COLUMN,CRITICAL,0.41,4.26,1,0
MIG-17908,order_items,308613.12,301.38,48435499,1345,READ_HEAVY,ADD_COLUMN_DEFAULT,MEDIUM,2.65,5.46,1,0
MIG-17909,order_items,335534.08,327.67,52661434,920,MIXED_OLTP,ADD_COLUMN_DEFAULT,MEDIUM,2.35,4.79,1,0
MIG-17910,customer_sessions,75171.84,73.41,16778346,434,ANALYTICAL_BATCH,ADD_COLUMN_DEFAULT,LOW,0.98,1.24,1,0
MIG-17911,orders,189327.36,184.89,23110945,1485,ANALYTICAL_BATCH,ADD_COLUMN_DEFAULT,MEDIUM,1.95,4.3,1,0
MIG-17912,order_items,252825.6,246.9,39680059,1679,MIXED_OLTP,ADD_INDEX_CONCURRENTLY,HIGH,1.08,2.02,1,0
MIG-17913,order_shipments,71751.68,70.07,18684368,2656,READ_HEAVY,ADD_INDEX_CONCURRENTLY,HIGH,0.48,1.67,1,0
MIG-17914,order_shipments,97382.4,95.1,25360294,4558,WRITE_HEAVY,ADD_INDEX_LOCKING,CRITICAL,12.03,439.24,0,1
MIG-17915,customer_sessions,18155.52,17.73,4051891,1310,ANALYTICAL_BATCH,ADD_INDEX_LOCKING,MEDIUM,4.68,8.74,1,0
MIG-17916,order_shipments,86118.4,84.1,22425333,1049,WRITE_HEAVY,ADD_COLUMN_DEFAULT,MEDIUM,0.94,1.41,1,0
MIG-17917,orders,97126.4,94.85,11856234,3511,READ_HEAVY,ADD_COLUMN_DEFAULT,CRITICAL,1.02,6.49,1,0
MIG-17918,customer_sessions,24217.6,23.65,5404754,928,WRITE_HEAVY,DROP_COLUMN,MEDIUM,0.29,0.57,1,0
MIG-17919,order_items,578590.72,565.03,90808220,2530,READ_HEAVY,ADD_INDEX_CONCURRENTLY,HIGH,1.56,5.91,1,0
MIG-17920,order_payments,26849.28,26.22,6453264,2844,WRITE_HEAVY,DROP_COLUMN,HIGH,0.33,1.37,1,0
MIG-17921,order_items,497162.24,485.51,78027944,128,MIXED_OLTP,ADD_COLUMN_DEFAULT,LOW,3.39,3.91,1,0
MIG-17922,order_shipments,25671.68,25.07,6684133,3469,READ_HEAVY,ADD_COLUMN_DEFAULT,CRITICAL,0.43,1.63,1,0
MIG-17923,order_items,433633.28,423.47,68057618,735,READ_HEAVY,ADD_INDEX_CONCURRENTLY,MEDIUM,1.17,1.51,1,0
MIG-17924,order_shipments,69928.96,68.29,18211373,2387,READ_HEAVY,TABLE_REWRITE,HIGH,40.93,298.03,0,1
MIG-17925,orders,239984.64,234.36,29294953,516,READ_HEAVY,ADD_INDEX_CONCURRENTLY,MEDIUM,1.1,0.91,1,0
MIG-17926,orders,231096.32,225.68,28210375,1452,MIXED_OLTP,ADD_INDEX_CONCURRENTLY,MEDIUM,1.07,1.34,1,0
MIG-17927,order_items,468295.68,457.32,73498311,1205,ANALYTICAL_BATCH,ADD_COLUMN_DEFAULT,MEDIUM,3.26,5.27,1,0
MIG-17928,orders,133324.8,130.2,16274784,1405,MIXED_OLTP,ADD_INDEX_LOCKING,MEDIUM,16.34,45.44,0,1
MIG-17929,order_payments,46561.28,45.47,11192485,3052,READ_HEAVY,ADD_INDEX_LOCKING,CRITICAL,8.61,108.34,0,1
MIG-17930,orders,189757.44,185.31,23163439,209,MIXED_OLTP,ADD_COLUMN_DEFAULT,LOW,1.66,1.71,1,0
MIG-17931,order_items,371169.28,362.47,58254553,949,READ_HEAVY,ADD_COLUMN_DEFAULT,MEDIUM,2.88,5.75,1,0
MIG-17932,orders,66396.16,64.84,8104441,408,READ_HEAVY,ADD_COLUMN_DEFAULT,LOW,1.06,0.85,1,0
MIG-17933,orders,260505.6,254.4,31800171,2473,MIXED_OLTP,ADD_INDEX_CONCURRENTLY,HIGH,0.93,2.84,1,0
MIG-17934,order_items,276961.28,270.47,43467981,917,READ_HEAVY,ADD_INDEX_CONCURRENTLY,MEDIUM,1.22,1.34,1,0
MIG-17935,order_items,115793.92,113.08,18173401,804,READ_HEAVY,ADD_COLUMN_DEFAULT,MEDIUM,1.59,2.47,1,0
MIG-17936,orders,248596.48,242.77,30345638,1995,MIXED_OLTP,DROP_COLUMN,HIGH,1.55,4.9,1,0
MIG-17937,orders,176783.36,172.64,21580373,2050,WRITE_HEAVY,DROP_COLUMN,HIGH,1.41,4.0,1,0
MIG-17938,orders,211292.16,206.34,25792638,4723,MIXED_OLTP,TABLE_REWRITE,CRITICAL,91.81,2743.53,0,1
MIG-17939,order_items,193474.56,188.94,30365965,5170,READ_HEAVY,ADD_COLUMN_DEFAULT,CRITICAL,1.88,17.89,1,0
MIG-17940,orders,138639.36,135.39,16924353,976,READ_HEAVY,DROP_COLUMN,MEDIUM,1.17,1.11,1,0
MIG-17941,order_items,447600.64,437.11,70249959,2852,MIXED_OLTP,TABLE_REWRITE,HIGH,150.85,2442.53,0,1
MIG-17942,order_payments,56688.64,55.36,13627783,219,WRITE_HEAVY,ADD_INDEX_CONCURRENTLY,LOW,0.36,0.28,1,0
MIG-17943,order_items,476733.44,465.56,74821414,443,WRITE_HEAVY,ADD_COLUMN_DEFAULT,LOW,4.22,5.56,1,0
MIG-17944,order_items,235253.76,229.74,36922808,500,READ_HEAVY,ADD_INDEX_LOCKING,MEDIUM,24.6,34.41,0,1
MIG-17945,orders,95406.08,93.17,11646451,1249,WRITE_HEAVY,DROP_COLUMN,MEDIUM,0.82,1.42,1,0
MIG-17946,customer_sessions,15083.52,14.73,3367394,1449,WRITE_HEAVY,ALTER_COLUMN_TYPE,MEDIUM,10.53,20.57,1,0
MIG-17947,order_items,260177.92,254.08,40834446,777,MIXED_OLTP,DROP_COLUMN,MEDIUM,1.38,2.34,1,0
MIG-17948,orders,103731.2,101.3,12661893,2522,WRITE_HEAVY,TABLE_REWRITE,HIGH,62.81,453.04,0,1
MIG-17949,order_shipments,81827.84,79.91,21310101,3186,READ_HEAVY,ADD_INDEX_CONCURRENTLY,CRITICAL,0.52,2.52,1,0
MIG-17950,order_payments,94883.84,92.66,22807645,440,WRITE_HEAVY,ADD_INDEX_LOCKING,LOW,14.44,21.09,1,0
MIG-17951,order_items,206458.88,201.62,32403783,988,WRITE_HEAVY,ADD_INDEX_CONCURRENTLY,MEDIUM,0.99,2.01,1,0
MIG-17952,order_shipments,65556.48,64.02,17071553,269,READ_HEAVY,ADD_INDEX_CONCURRENTLY,LOW,0.37,0.52,1,0
MIG-17953,orders,99020.8,96.7,12086976,469,ANALYTICAL_BATCH,ADD_INDEX_CONCURRENTLY,LOW,0.57,0.4,1,0
MIG-17954,order_shipments,53729.28,52.47,13990849,5313,READ_HEAVY,DROP_COLUMN,CRITICAL,0.6,3.57,1,0
MIG-17955,order_payments,133038.08,129.92,31980392,189,WRITE_HEAVY,ADD_INDEX_CONCURRENTLY,LOW,0.72,0.78,1,0
MIG-17956,order_items,485898.24,474.51,76259753,1459,READ_HEAVY,ADD_INDEX_CONCURRENTLY,MEDIUM,1.47,2.68,1,0
MIG-17957,orders,193167.36,188.64,23579700,709,READ_HEAVY,DROP_COLUMN,MEDIUM,1.22,1.46,1,0
MIG-17958,orders,111411.2,108.8,13600053,1312,READ_HEAVY,ADD_COLUMN_DEFAULT,MEDIUM,1.29,2.06,1,0
MIG-17959,customer_sessions,22374.4,21.85,4993975,1279,WRITE_HEAVY,ADD_COLUMN_DEFAULT,MEDIUM,0.47,1.09,1,0
MIG-17960,orders,215695.36,210.64,26329622,4259,WRITE_HEAVY,ADD_COLUMN_DEFAULT,CRITICAL,1.98,19.29,1,0
MIG-17961,orders,174755.84,170.66,21333040,2387,READ_HEAVY,ALTER_COLUMN_TYPE,HIGH,48.88,509.78,0,1
MIG-17962,order_payments,101232.64,98.86,24335492,894,READ_HEAVY,ADD_INDEX_LOCKING,MEDIUM,15.12,18.57,1,0
MIG-17963,order_payments,143452.16,140.09,34483263,2106,MIXED_OLTP,ADD_COLUMN_DEFAULT,HIGH,1.74,5.85,1,0
MIG-17964,orders,126197.76,123.24,15404664,4287,READ_HEAVY,ALTER_COLUMN_TYPE,CRITICAL,38.76,693.9,0,1
MIG-17965,order_shipments,84848.64,82.86,22096146,1362,MIXED_OLTP,ALTER_COLUMN_TYPE,MEDIUM,31.74,54.55,0,1
MIG-17966,order_items,403159.04,393.71,63275504,2224,READ_HEAVY,ADD_COLUMN_DEFAULT,HIGH,3.22,11.81,1,0
MIG-17967,order_shipments,37949.44,37.06,9881614,2373,READ_HEAVY,ADD_INDEX_CONCURRENTLY,HIGH,0.25,0.92,1,0
MIG-17968,orders,60846.08,59.42,7427984,2561,READ_HEAVY,ADD_INDEX_CONCURRENTLY,HIGH,0.37,0.94,1,0
MIG-17969,orders,185405.44,181.06,22632294,468,WRITE_HEAVY,DROP_COLUMN,LOW,1.35,1.07,1,0
MIG-17970,order_items,268288.0,262.0,42106907,2790,ANALYTICAL_BATCH,TABLE_REWRITE,HIGH,131.83,999.48,0,1
MIG-17971,orders,202977.28,198.22,24777915,2052,WRITE_HEAVY,ADD_INDEX_CONCURRENTLY,HIGH,0.97,2.88,1,0
MIG-17972,order_items,476334.08,465.17,74758900,2795,READ_HEAVY,ADD_COLUMN_DEFAULT,HIGH,3.93,9.3,1,0
MIG-17973,orders,149893.12,146.38,18297432,277,READ_HEAVY,ADD_INDEX_CONCURRENTLY,LOW,0.61,0.76,1,0
MIG-17974,order_payments,90890.24,88.76,21848236,137,MIXED_OLTP,ADD_COLUMN_DEFAULT,LOW,1.0,0.85,1,0
MIG-17975,order_shipments,70400.0,68.75,18333412,1611,WRITE_HEAVY,ALTER_COLUMN_TYPE,HIGH,23.9,352.55,0,1
MIG-17976,order_shipments,57303.04,55.96,14921866,1808,MIXED_OLTP,ADD_INDEX_LOCKING,HIGH,10.31,61.55,0,1
MIG-17977,customer_sessions,70932.48,69.27,15834136,3919,WRITE_HEAVY,TABLE_REWRITE,CRITICAL,42.26,1055.96,0,1
MIG-17978,order_shipments,24729.6,24.15,6440186,900,WRITE_HEAVY,ADD_COLUMN_DEFAULT,MEDIUM,0.43,0.84,1,0
MIG-17979,order_items,620369.92,605.83,97365270,679,MIXED_OLTP,DROP_COLUMN,MEDIUM,2.65,3.67,1,0
MIG-17980,order_items,131952.64,128.86,20709523,1767,WRITE_HEAVY,ALTER_COLUMN_TYPE,HIGH,45.19,413.28,0,1
MIG-17981,order_shipments,35696.64,34.86,9294881,1549,READ_HEAVY,DROP_COLUMN,HIGH,0.41,1.18,1,0
MIG-17982,customer_sessions,60026.88,58.62,13399633,1411,READ_HEAVY,TABLE_REWRITE,MEDIUM,49.52,78.81,0,1
MIG-17983,customer_sessions,19814.4,19.35,4423427,1883,ANALYTICAL_BATCH,ADD_INDEX_CONCURRENTLY,HIGH,0.15,0.61,1,0
MIG-17984,order_payments,58030.08,56.67,13950575,1149,MIXED_OLTP,ADD_INDEX_CONCURRENTLY,MEDIUM,0.38,0.48,1,0
MIG-17985,orders,83210.24,81.26,10157370,990,WRITE_HEAVY,ADD_INDEX_CONCURRENTLY,MEDIUM,0.52,0.82,1,0
MIG-17986,customer_sessions,61020.16,59.59,13619430,244,MIXED_OLTP,ALTER_COLUMN_TYPE,LOW,23.61,26.33,0,1
MIG-17987,customer_sessions,51681.28,50.47,11536640,747,WRITE_HEAVY,ADD_INDEX_CONCURRENTLY,MEDIUM,0.3,0.55,1,0
MIG-17988,order_payments,34344.96,33.54,8256984,1596,READ_HEAVY,ADD_INDEX_LOCKING,HIGH,5.66,38.58,0,1
MIG-17989,order_shipments,56596.48,55.27,14738899,609,MIXED_OLTP,ADD_COLUMN_DEFAULT,MEDIUM,0.92,1.04,1,0
MIG-17990,order_items,222300.16,217.09,34888737,4693,MIXED_OLTP,DROP_COLUMN,CRITICAL,1.58,13.78,1,0
MIG-17991,customer_sessions,76769.28,74.97,17134859,951,MIXED_OLTP,ADD_INDEX_LOCKING,MEDIUM,13.46,19.6,1,0
MIG-17992,orders,73021.44,71.31,8913784,2951,MIXED_OLTP,ADD_COLUMN_DEFAULT,HIGH,1.15,3.31,1,0
MIG-17993,order_shipments,68034.56,66.44,17717991,647,READ_HEAVY,ADD_INDEX_CONCURRENTLY,MEDIUM,0.44,0.55,1,0
MIG-17994,orders,155729.92,152.08,19009875,1430,ANALYTICAL_BATCH,DROP_COLUMN,MEDIUM,0.99,1.94,1,0
MIG-17995,order_items,413030.4,403.35,64824844,585,WRITE_HEAVY,TABLE_REWRITE,MEDIUM,178.0,260.12,0,1
MIG-17996,orders,260710.4,254.6,31825306,4832,READ_HEAVY,ADD_INDEX_CONCURRENTLY,CRITICAL,0.98,11.5,1,0
MIG-17997,order_items,290826.24,284.01,45643832,5400,MIXED_OLTP,ADD_INDEX_CONCURRENTLY,CRITICAL,1.1,9.16,1,0
MIG-17998,orders,214763.52,209.73,26216692,653,WRITE_HEAVY,ALTER_COLUMN_TYPE,MEDIUM,58.03,73.62,0,1
MIG-17999,customer_sessions,43202.56,42.19,9643517,975,READ_HEAVY,ADD_INDEX_CONCURRENTLY,MEDIUM,0.32,0.43,1,0
